Dealer Order #,Dealer ID,Dealer Name,State,Order Date,Requested Ship Date,SKU,Class,Size,Trim,Qty,Wholesale Price,Fulfilled (Y/N),Shipped
DO-20004,D-131,Copperline Cycles,MA,09/08/2025,10/06/2025,RW-9835,Road,M,Base,12,1367,Y,09/28/2025
DO-20012,D-136,Capitol Cyclery,GA,09/08/2025,10/03/2025,RW-2984,Road,M,Carbon,3,2879,Y,10/03/2025
DO-20022,D-117,Mesa Verde Cycling,FL,09/08/2025,10/05/2025,RW-9304,MTB,S,Carbon,6,3527,Y,09/27/2025
DO-20027,D-132,Bayside Bicycle Co,PA,09/08/2025,09/27/2025,RW-9324,MTB,M,Base,1,1655,Y,09/23/2025
DO-20033,D-117,Mesa Verde Cycling,FL,09/08/2025,09/25/2025,RW-9901,MTB,L,Base,2,1655,Y,09/29/2025
DO-20001,D-124,Foothills Bicycles,WA,09/09/2025,09/24/2025,RW-3980,Road,S,Carbon,11,2879,Y,09/19/2025
DO-20006,D-102,Ridgeback Bikes,CO,09/09/2025,09/26/2025,RW-9835,Road,M,Base,10,1367,Y,10/01/2025
DO-20010,D-143,Overlook Bikes,OR,09/09/2025,10/02/2025,RW-2984,Road,M,Carbon,4,2879,Y,09/28/2025
DO-20015,D-102,Ridgeback Bikes,CO,09/09/2025,09/24/2025,RW-7298,Road,L,Base,12,1367,Y,09/20/2025
DO-20017,D-122,Evergreen Cycle Shop,CO,09/09/2025,10/07/2025,RW-7298,Road,L,Base,3,1367,Y,10/07/2025
DO-20026,D-102,Ridgeback Bikes,CO,09/09/2025,10/05/2025,RW-9324,MTB,M,Base,5,1655,Y,09/22/2025
DO-20032,D-116,Timberline Bikes,GA,09/09/2025,10/02/2025,RW-9901,MTB,L,Base,8,1655,Y,10/02/2025
DO-20018,D-102,Ridgeback Bikes,CO,09/10/2025,09/27/2025,RW-1378,Road,L,Carbon,7,2879,Y,10/03/2025
DO-20019,D-108,Canyon Edge Bikes,NC,09/10/2025,09/24/2025,RW-1378,Road,L,Carbon,6,2879,Y,09/18/2025
DO-20024,D-131,Copperline Cycles,MA,09/10/2025,10/02/2025,RW-9324,MTB,M,Base,9,1655,Y,10/01/2025
DO-20025,D-112,Riverbend Bike Shop,PA,09/10/2025,10/04/2025,RW-9324,MTB,M,Base,11,1655,Y,10/06/2025
DO-20029,D-144,Cedar Ridge Cycles,WA,09/10/2025,09/26/2025,RW-4418,MTB,M,Carbon,4,3527,Y,09/24/2025
DO-20002,D-114,Coastal Ride Co,MI,09/11/2025,10/01/2025,RW-3980,Road,S,Carbon,7,2879,Y,09/21/2025
DO-20009,D-124,Foothills Bicycles,WA,09/11/2025,10/03/2025,RW-9835,Road,M,Base,2,1367,Y,10/01/2025
DO-20013,D-141,Basin Bike Shop,CA,09/11/2025,10/09/2025,RW-2984,Road,M,Carbon,6,2879,Y,09/26/2025
DO-20023,D-130,Big Sky Bikes,NY,09/11/2025,10/05/2025,RW-9304,MTB,S,Carbon,1,3527,Y,10/06/2025
DO-20034,D-135,Elk Creek Cycles,MN,09/11/2025,09/25/2025,RW-9901,MTB,L,Base,1,1655,Y,09/20/2025
DO-20035,D-114,Coastal Ride Co,MI,09/11/2025,10/08/2025,RW-6416,MTB,L,Carbon,10,3527,Y,09/25/2025
DO-20007,D-123,Metro Velo,OR,09/12/2025,10/04/2025,RW-9835,Road,M,Base,4,1367,Y,10/03/2025
DO-20014,D-125,Switchback Cycles,UT,09/12/2025,10/10/2025,RW-2984,Road,M,Carbon,5,2879,Y,09/23/2025
DO-20021,D-141,Basin Bike Shop,CA,09/12/2025,10/02/2025,RW-9304,MTB,S,Carbon,9,3527,Y,09/24/2025
DO-20011,D-119,Pinecrest Bikes,MT,09/13/2025,10/08/2025,RW-2984,Road,M,Carbon,7,2879,Y,10/11/2025
DO-20016,D-143,Overlook Bikes,OR,09/13/2025,09/27/2025,RW-7298,Road,L,Base,4,1367,Y,09/30/2025
DO-20030,D-122,Evergreen Cycle Shop,CO,09/13/2025,10/07/2025,RW-4418,MTB,M,Carbon,4,3527,Y,10/08/2025
DO-20031,D-110,Bluegrass Bicycles,NY,09/13/2025,09/27/2025,RW-4418,MTB,M,Carbon,2,3527,Y,10/05/2025
DO-20003,D-129,Blue Ridge Cyclery,VT,09/14/2025,10/10/2025,RW-3980,Road,S,Carbon,4,2879,Y,10/13/2025
DO-20005,D-133,Rimrock Cyclery,IL,09/14/2025,10/01/2025,RW-9835,Road,M,Base,3,1367,Y,09/24/2025
DO-20008,D-118,Lakeshore Cyclery,ID,09/14/2025,10/04/2025,RW-9835,Road,M,Base,3,1367,Y,10/10/2025
DO-20020,D-139,Tidewater Bicycles,MT,09/14/2025,09/28/2025,RW-9304,MTB,S,Carbon,5,3527,Y,09/22/2025
DO-20028,D-123,Metro Velo,OR,09/14/2025,10/04/2025,RW-4418,MTB,M,Carbon,2,3527,Y,10/13/2025
DO-20039,D-120,Stone Bridge Cycles,NM,09/15/2025,10/04/2025,RW-3980,Road,S,Carbon,3,2879,Y,10/01/2025
DO-20055,D-135,Elk Creek Cycles,MN,09/15/2025,10/07/2025,RW-9304,MTB,S,Carbon,4,3527,Y,09/27/2025
DO-20060,D-122,Evergreen Cycle Shop,CO,09/15/2025,10/08/2025,RW-4418,MTB,M,Carbon,12,3527,Y,09/25/2025
DO-20040,D-102,Ridgeback Bikes,CO,09/16/2025,10/08/2025,RW-9835,Road,M,Base,4,1367,Y,10/05/2025
DO-20047,D-113,Granite Peak Cycles,IL,09/16/2025,10/02/2025,RW-7298,Road,L,Base,4,1367,Y,09/26/2025
DO-20050,D-120,Stone Bridge Cycles,NM,09/16/2025,10/02/2025,RW-7298,Road,L,Base,9,1367,Y,10/03/2025
DO-20058,D-135,Elk Creek Cycles,MN,09/16/2025,10/13/2025,RW-9324,MTB,M,Base,12,1655,Y,09/25/2025
DO-20044,D-105,Trailhead Bicycle Co,UT,09/17/2025,10/04/2025,RW-2984,Road,M,Carbon,2,2879,Y,10/02/2025
DO-20059,D-107,Iron Horse Cycles,TX,09/17/2025,10/14/2025,RW-9324,MTB,M,Base,8,1655,Y,10/02/2025
DO-20036,D-136,Capitol Cyclery,GA,09/18/2025,10/10/2025,RW-3980,Road,S,Carbon,9,2879,Y,10/03/2025
DO-20037,D-115,Alpine Wheels,MN,09/18/2025,10/15/2025,RW-3980,Road,S,Carbon,3,2879,Y,09/30/2025
DO-20052,D-126,Harbor Bikes,AZ,09/18/2025,10/15/2025,RW-1378,Road,L,Carbon,4,2879,Y,09/25/2025
DO-20053,D-123,Metro Velo,OR,09/18/2025,10/09/2025,RW-9304,MTB,S,Carbon,12,3527,Y,10/07/2025
DO-20062,D-133,Rimrock Cyclery,IL,09/18/2025,10/08/2025,RW-9901,MTB,L,Base,9,1655,Y,10/01/2025
DO-20038,D-114,Coastal Ride Co,MI,09/19/2025,10/05/2025,RW-3980,Road,S,Carbon,7,2879,Y,10/11/2025
DO-20041,D-132,Bayside Bicycle Co,PA,09/19/2025,10/08/2025,RW-9835,Road,M,Base,11,1367,Y,10/05/2025
DO-20043,D-129,Blue Ridge Cyclery,VT,09/19/2025,10/17/2025,RW-9835,Road,M,Base,1,1367,Y,09/28/2025
DO-20051,D-114,Coastal Ride Co,MI,09/19/2025,10/14/2025,RW-1378,Road,L,Carbon,9,2879,Y,10/17/2025
DO-20063,D-107,Iron Horse Cycles,TX,09/19/2025,10/14/2025,RW-6416,MTB,L,Carbon,10,3527,Y,09/28/2025
DO-20046,D-131,Copperline Cycles,MA,09/20/2025,10/09/2025,RW-2984,Road,M,Carbon,5,2879,Y,10/15/2025
DO-20056,D-136,Capitol Cyclery,GA,09/20/2025,10/14/2025,RW-9324,MTB,M,Base,10,1655,Y,10/13/2025
DO-20057,D-103,Cascade Cyclery,OR,09/20/2025,10/18/2025,RW-9324,MTB,M,Base,10,1655,Y,10/18/2025
DO-20061,D-124,Foothills Bicycles,WA,09/20/2025,10/18/2025,RW-4418,MTB,M,Carbon,2,3527,Y,09/29/2025
DO-20042,D-123,Metro Velo,OR,09/21/2025,10/06/2025,RW-9835,Road,M,Base,11,1367,Y,10/08/2025
DO-20045,D-128,Sierra Bike Works,NC,09/21/2025,10/06/2025,RW-2984,Road,M,Carbon,12,2879,Y,10/15/2025
DO-20048,D-141,Basin Bike Shop,CA,09/21/2025,10/11/2025,RW-7298,Road,L,Base,6,1367,Y,10/16/2025
DO-20049,D-115,Alpine Wheels,MN,09/21/2025,10/13/2025,RW-7298,Road,L,Base,5,1367,Y,10/06/2025
DO-20054,D-135,Elk Creek Cycles,MN,09/21/2025,10/13/2025,RW-9304,MTB,S,Carbon,2,3527,Y,10/03/2025
DO-20065,D-119,Pinecrest Bikes,MT,09/22/2025,10/08/2025,RW-3980,Road,S,Carbon,10,2879,Y,10/09/2025
DO-20067,D-119,Pinecrest Bikes,MT,09/22/2025,10/16/2025,RW-3980,Road,S,Carbon,7,2879,Y,10/02/2025
DO-20068,D-125,Switchback Cycles,UT,09/22/2025,10/07/2025,RW-9835,Road,M,Base,4,1367,Y,10/10/2025
DO-20071,D-133,Rimrock Cyclery,IL,09/22/2025,10/14/2025,RW-9835,Road,M,Base,3,1367,Y,10/15/2025
DO-20082,D-131,Copperline Cycles,MA,09/22/2025,10/19/2025,RW-7298,Road,L,Base,1,1367,Y,10/15/2025
DO-20092,D-119,Pinecrest Bikes,MT,09/22/2025,10/16/2025,RW-4418,MTB,M,Carbon,7,3527,Y,10/02/2025
DO-20094,D-116,Timberline Bikes,GA,09/22/2025,10/11/2025,RW-9901,MTB,L,Base,9,1655,Y,10/03/2025
DO-20097,D-102,Ridgeback Bikes,CO,09/22/2025,10/16/2025,RW-6416,MTB,L,Carbon,3,3527,Y,10/08/2025
DO-20080,D-112,Riverbend Bike Shop,PA,09/23/2025,10/18/2025,RW-7298,Road,L,Base,5,1367,Y,10/19/2025
DO-20084,D-128,Sierra Bike Works,NC,09/23/2025,10/09/2025,RW-1378,Road,L,Carbon,7,2879,Y,10/12/2025
DO-20088,D-116,Timberline Bikes,GA,09/23/2025,10/21/2025,RW-9324,MTB,M,Base,7,1655,Y,10/21/2025
DO-20090,D-123,Metro Velo,OR,09/23/2025,10/19/2025,RW-9324,MTB,M,Base,7,1655,Y,10/12/2025
DO-20095,D-118,Lakeshore Cyclery,ID,09/23/2025,10/16/2025,RW-9901,MTB,L,Base,2,1655,Y,10/17/2025
DO-20075,D-123,Metro Velo,OR,09/24/2025,10/19/2025,RW-2984,Road,M,Carbon,4,2879,Y,10/19/2025
DO-20078,D-114,Coastal Ride Co,MI,09/24/2025,10/18/2025,RW-7298,Road,L,Base,2,1367,Y,10/16/2025
DO-20087,D-115,Alpine Wheels,MN,09/24/2025,10/10/2025,RW-9304,MTB,S,Carbon,6,3527,Y,10/19/2025
DO-20093,D-124,Foothills Bicycles,WA,09/24/2025,10/10/2025,RW-4418,MTB,M,Carbon,4,3527,Y,10/18/2025
DO-20069,D-103,Cascade Cyclery,OR,09/25/2025,10/15/2025,RW-9835,Road,M,Base,4,1367,Y,10/23/2025
DO-20073,D-136,Capitol Cyclery,GA,09/25/2025,10/20/2025,RW-2984,Road,M,Carbon,2,2879,Y,10/15/2025
DO-20083,D-114,Coastal Ride Co,MI,09/25/2025,10/17/2025,RW-1378,Road,L,Carbon,3,2879,Y,10/09/2025
DO-20089,D-126,Harbor Bikes,AZ,09/25/2025,10/18/2025,RW-9324,MTB,M,Base,5,1655,Y,10/22/2025
DO-20096,D-143,Overlook Bikes,OR,09/25/2025,10/16/2025,RW-9901,MTB,L,Base,1,1655,Y,10/05/2025
DO-20077,D-131,Copperline Cycles,MA,09/26/2025,10/18/2025,RW-7298,Road,L,Base,8,1367,Y,10/23/2025
DO-20079,D-106,Velo Republic,AZ,09/26/2025,10/19/2025,RW-7298,Road,L,Base,7,1367,Y,10/11/2025
DO-20081,D-136,Capitol Cyclery,GA,09/26/2025,10/20/2025,RW-7298,Road,L,Base,2,1367,Y,10/14/2025
DO-20085,D-145,Frontier Bicycle Works,UT,09/26/2025,10/22/2025,RW-1378,Road,L,Carbon,2,2879,Y,10/07/2025
DO-20064,D-107,Iron Horse Cycles,TX,09/27/2025,10/20/2025,RW-3980,Road,S,Carbon,4,2879,Y,10/06/2025
DO-20070,D-141,Basin Bike Shop,CA,09/27/2025,10/17/2025,RW-9835,Road,M,Base,7,1367,Y,10/04/2025
DO-20086,D-129,Blue Ridge Cyclery,VT,09/27/2025,10/20/2025,RW-9304,MTB,S,Carbon,11,3527,Y,10/24/2025
DO-20091,D-123,Metro Velo,OR,09/27/2025,10/23/2025,RW-9324,MTB,M,Base,4,1655,Y,10/24/2025
DO-20066,D-141,Basin Bike Shop,CA,09/28/2025,10/25/2025,RW-3980,Road,S,Carbon,2,2879,Y,10/07/2025
DO-20072,D-133,Rimrock Cyclery,IL,09/28/2025,10/18/2025,RW-9835,Road,M,Base,4,1367,Y,10/07/2025
DO-20074,D-129,Blue Ridge Cyclery,VT,09/28/2025,10/23/2025,RW-2984,Road,M,Carbon,7,2879,Y,10/09/2025
DO-20076,D-145,Frontier Bicycle Works,UT,09/28/2025,10/15/2025,RW-2984,Road,M,Carbon,8,2879,Y,10/26/2025
DO-20098,D-109,Northstar Cycle Works,VT,09/28/2025,10/14/2025,RW-6416,MTB,L,Carbon,10,3527,Y,10/24/2025
DO-20103,D-137,Driftwood Bikes,FL,09/29/2025,10/13/2025,RW-9835,Road,M,Base,7,1367,Y,10/20/2025
DO-20107,D-107,Iron Horse Cycles,TX,09/29/2025,10/17/2025,RW-2984,Road,M,Carbon,3,2879,Y,10/10/2025
DO-20111,D-136,Capitol Cyclery,GA,09/29/2025,10/15/2025,RW-2984,Road,M,Carbon,1,2879,Y,10/08/2025
DO-20114,D-141,Basin Bike Shop,CA,09/29/2025,10/25/2025,RW-7298,Road,L,Base,3,1367,Y,10/21/2025
DO-20117,D-103,Cascade Cyclery,OR,09/29/2025,10/21/2025,RW-1378,Road,L,Carbon,9,2879,Y,10/07/2025
DO-20119,D-143,Overlook Bikes,OR,09/29/2025,10/27/2025,RW-9304,MTB,S,Carbon,8,3527,Y,10/28/2025
DO-20127,D-123,Metro Velo,OR,09/29/2025,10/13/2025,RW-4418,MTB,M,Carbon,3,3527,Y,10/20/2025
DO-20100,D-101,Summit Cycles,CA,09/30/2025,10/17/2025,RW-3980,Road,S,Carbon,11,2879,Y,10/27/2025
DO-20105,D-143,Overlook Bikes,OR,09/30/2025,10/17/2025,RW-9835,Road,M,Base,1,1367,Y,10/18/2025
DO-20121,D-128,Sierra Bike Works,NC,09/30/2025,10/25/2025,RW-9304,MTB,S,Carbon,3,3527,Y,10/12/2025
DO-20122,D-124,Foothills Bicycles,WA,09/30/2025,10/23/2025,RW-9304,MTB,S,Carbon,4,3527,Y,10/20/2025
DO-20125,D-116,Timberline Bikes,GA,09/30/2025,10/24/2025,RW-9324,MTB,M,Base,7,1655,Y,10/18/2025
DO-20126,D-122,Evergreen Cycle Shop,CO,09/30/2025,10/18/2025,RW-4418,MTB,M,Carbon,6,3527,Y,10/13/2025
DO-20131,D-118,Lakeshore Cyclery,ID,09/30/2025,10/15/2025,RW-9901,MTB,L,Base,7,1655,Y,10/09/2025
DO-20104,D-117,Mesa Verde Cycling,FL,10/01/2025,10/20/2025,RW-9835,Road,M,Base,3,1367,Y,10/11/2025
DO-20116,D-103,Cascade Cyclery,OR,10/01/2025,10/24/2025,RW-1378,Road,L,Carbon,2,2879,Y,10/25/2025
DO-20123,D-136,Capitol Cyclery,GA,10/01/2025,10/19/2025,RW-9324,MTB,M,Base,9,1655,Y,10/15/2025
DO-20130,D-127,Prairie Wind Cycling,TX,10/01/2025,10/18/2025,RW-9901,MTB,L,Base,5,1655,Y,10/17/2025
DO-20134,D-102,Ridgeback Bikes,CO,10/01/2025,10/23/2025,RW-6416,MTB,L,Carbon,1,3527,Y,10/14/2025
DO-20099,D-131,Copperline Cycles,MA,10/02/2025,10/24/2025,RW-3980,Road,S,Carbon,6,2879,Y,10/19/2025
DO-20102,D-124,Foothills Bicycles,WA,10/02/2025,10/23/2025,RW-9835,Road,M,Base,12,1367,Y,10/12/2025
DO-20108,D-144,Cedar Ridge Cycles,WA,10/02/2025,10/27/2025,RW-2984,Road,M,Carbon,11,2879,Y,10/15/2025
DO-20129,D-130,Big Sky Bikes,NY,10/02/2025,10/29/2025,RW-9901,MTB,L,Base,3,1655,Y,10/15/2025
DO-20132,D-145,Frontier Bicycle Works,UT,10/02/2025,10/19/2025,RW-9901,MTB,L,Base,1,1655,Y,10/21/2025
DO-20109,D-143,Overlook Bikes,OR,10/03/2025,10/21/2025,RW-2984,Road,M,Carbon,3,2879,Y,10/15/2025
DO-20113,D-131,Copperline Cycles,MA,10/03/2025,10/18/2025,RW-7298,Road,L,Base,10,1367,Y,10/17/2025
DO-20128,D-143,Overlook Bikes,OR,10/03/2025,10/18/2025,RW-4418,MTB,M,Carbon,5,3527,Y,10/19/2025
DO-20110,D-122,Evergreen Cycle Shop,CO,10/04/2025,10/22/2025,RW-2984,Road,M,Carbon,5,2879,Y,10/28/2025
DO-20118,D-108,Canyon Edge Bikes,NC,10/04/2025,10/26/2025,RW-9304,MTB,S,Carbon,4,3527,Y,10/21/2025
DO-20120,D-120,Stone Bridge Cycles,NM,10/04/2025,10/21/2025,RW-9304,MTB,S,Carbon,4,3527,Y,10/12/2025
DO-20124,D-105,Trailhead Bicycle Co,UT,10/04/2025,10/26/2025,RW-9324,MTB,M,Base,7,1655,Y,11/01/2025
DO-20133,D-116,Timberline Bikes,GA,10/04/2025,10/27/2025,RW-6416,MTB,L,Carbon,10,3527,Y,10/26/2025
DO-20101,D-129,Blue Ridge Cyclery,VT,10/05/2025,10/24/2025,RW-3980,Road,S,Carbon,5,2879,Y,11/01/2025
DO-20106,D-137,Driftwood Bikes,FL,10/05/2025,10/31/2025,RW-2984,Road,M,Carbon,7,2879,Y,10/19/2025
DO-20112,D-135,Elk Creek Cycles,MN,10/05/2025,10/24/2025,RW-7298,Road,L,Base,4,1367,Y,10/14/2025
DO-20115,D-106,Velo Republic,AZ,10/05/2025,11/02/2025,RW-7298,Road,L,Base,4,1367,Y,10/31/2025
DO-20146,D-141,Basin Bike Shop,CA,10/06/2025,10/20/2025,RW-2984,Road,M,Carbon,5,2879,Y,10/30/2025
DO-20147,D-143,Overlook Bikes,OR,10/06/2025,10/31/2025,RW-2984,Road,M,Carbon,2,2879,Y,10/16/2025
DO-20150,D-114,Coastal Ride Co,MI,10/06/2025,10/24/2025,RW-1378,Road,L,Carbon,11,2879,Y,10/23/2025
DO-20163,D-142,Wildflower Cyclery,CO,10/06/2025,10/29/2025,RW-6416,MTB,L,Carbon,8,3527,Y,10/22/2025
DO-20142,D-123,Metro Velo,OR,10/07/2025,10/27/2025,RW-9835,Road,M,Base,8,1367,Y,10/14/2025
DO-20151,D-122,Evergreen Cycle Shop,CO,10/07/2025,11/02/2025,RW-1378,Road,L,Carbon,6,2879,Y,10/26/2025
DO-20137,D-101,Summit Cycles,CA,10/08/2025,11/05/2025,RW-3980,Road,S,Carbon,2,2879,Y,10/30/2025
DO-20139,D-103,Cascade Cyclery,OR,10/08/2025,11/02/2025,RW-3980,Road,S,Carbon,2,2879,Y,10/15/2025
DO-20145,D-123,Metro Velo,OR,10/08/2025,10/28/2025,RW-2984,Road,M,Carbon,10,2879,Y,10/22/2025
DO-20158,D-131,Copperline Cycles,MA,10/08/2025,10/31/2025,RW-4418,MTB,M,Carbon,9,3527,Y,10/29/2025
DO-20143,D-141,Basin Bike Shop,CA,10/09/2025,11/06/2025,RW-9835,Road,M,Base,5,1367,Y,10/16/2025
DO-20144,D-145,Frontier Bicycle Works,UT,10/09/2025,11/04/2025,RW-9835,Road,M,Base,1,1367,Y,11/02/2025
DO-20156,D-103,Cascade Cyclery,OR,10/09/2025,10/25/2025,RW-9324,MTB,M,Base,12,1655,Y,11/07/2025
DO-20135,D-126,Harbor Bikes,AZ,10/10/2025,10/31/2025,RW-3980,Road,S,Carbon,3,2879,Y,10/21/2025
DO-20140,D-118,Lakeshore Cyclery,ID,10/10/2025,11/04/2025,RW-9835,Road,M,Base,6,1367,Y,10/25/2025
DO-20148,D-129,Blue Ridge Cyclery,VT,10/10/2025,10/30/2025,RW-7298,Road,L,Base,7,1367,Y,10/24/2025
DO-20154,D-117,Mesa Verde Cycling,FL,10/10/2025,11/05/2025,RW-9324,MTB,M,Base,4,1655,Y,10/25/2025
DO-20155,D-111,High Desert Cyclery,MA,10/10/2025,11/04/2025,RW-9324,MTB,M,Base,7,1655,Y,10/24/2025
DO-20159,D-107,Iron Horse Cycles,TX,10/10/2025,10/30/2025,RW-4418,MTB,M,Carbon,7,3527,Y,10/23/2025
DO-20160,D-130,Big Sky Bikes,NY,10/10/2025,10/27/2025,RW-9901,MTB,L,Base,5,1655,Y,10/26/2025
DO-20141,D-115,Alpine Wheels,MN,10/11/2025,10/28/2025,RW-9835,Road,M,Base,7,1367,Y,11/08/2025
DO-20149,D-143,Overlook Bikes,OR,10/11/2025,10/29/2025,RW-7298,Road,L,Base,9,1367,Y,10/25/2025
DO-20152,D-124,Foothills Bicycles,WA,10/11/2025,10/25/2025,RW-9304,MTB,S,Carbon,6,3527,Y,10/28/2025
DO-20153,D-110,Bluegrass Bicycles,NY,10/11/2025,10/28/2025,RW-9304,MTB,S,Carbon,8,3527,Y,11/05/2025
DO-20157,D-123,Metro Velo,OR,10/11/2025,11/03/2025,RW-9324,MTB,M,Base,8,1655,Y,11/08/2025
DO-20161,D-143,Overlook Bikes,OR,10/11/2025,10/30/2025,RW-9901,MTB,L,Base,5,1655,Y,11/09/2025
DO-20136,D-122,Evergreen Cycle Shop,CO,10/12/2025,11/04/2025,RW-3980,Road,S,Carbon,8,2879,Y,11/08/2025
DO-20138,D-120,Stone Bridge Cycles,NM,10/12/2025,11/05/2025,RW-3980,Road,S,Carbon,12,2879,Y,11/03/2025
DO-20162,D-124,Foothills Bicycles,WA,10/12/2025,11/04/2025,RW-9901,MTB,L,Base,2,1655,Y,11/08/2025
DO-20180,D-108,Canyon Edge Bikes,NC,10/13/2025,10/27/2025,RW-1378,Road,L,Carbon,1,2879,Y,11/05/2025
DO-20189,D-131,Copperline Cycles,MA,10/13/2025,11/04/2025,RW-4418,MTB,M,Carbon,4,3527,Y,10/23/2025
DO-20170,D-107,Iron Horse Cycles,TX,10/14/2025,10/30/2025,RW-9835,Road,M,Base,10,1367,Y,11/03/2025
DO-20178,D-135,Elk Creek Cycles,MN,10/14/2025,11/07/2025,RW-7298,Road,L,Base,1,1367,Y,11/06/2025
DO-20179,D-124,Foothills Bicycles,WA,10/14/2025,10/28/2025,RW-1378,Road,L,Carbon,12,2879,Y,10/26/2025
DO-20183,D-144,Cedar Ridge Cycles,WA,10/14/2025,11/03/2025,RW-9324,MTB,M,Base,4,1655,Y,11/11/2025
DO-20164,D-124,Foothills Bicycles,WA,10/15/2025,11/04/2025,RW-3980,Road,S,Carbon,3,2879,Y,10/23/2025
DO-20165,D-125,Switchback Cycles,UT,10/15/2025,10/30/2025,RW-3980,Road,S,Carbon,5,2879,Y,10/31/2025
DO-20168,D-139,Tidewater Bicycles,MT,10/15/2025,11/02/2025,RW-3980,Road,S,Carbon,4,2879,Y,10/31/2025
DO-20175,D-123,Metro Velo,OR,10/15/2025,11/09/2025,RW-2984,Road,M,Carbon,7,2879,Y,11/01/2025
DO-20191,D-120,Stone Bridge Cycles,NM,10/15/2025,11/01/2025,RW-6416,MTB,L,Carbon,3,3527,Y,11/04/2025
DO-20177,D-139,Tidewater Bicycles,MT,10/16/2025,11/09/2025,RW-7298,Road,L,Base,6,1367,Y,10/30/2025
DO-20184,D-129,Blue Ridge Cyclery,VT,10/16/2025,11/03/2025,RW-9324,MTB,M,Base,6,1655,Y,11/01/2025
DO-20187,D-136,Capitol Cyclery,GA,10/16/2025,11/11/2025,RW-9324,MTB,M,Base,4,1655,Y,11/11/2025
DO-20174,D-116,Timberline Bikes,GA,10/17/2025,11/06/2025,RW-2984,Road,M,Carbon,10,2879,Y,11/11/2025
DO-20190,D-138,Ironwood Cycle Co,ID,10/17/2025,11/09/2025,RW-9901,MTB,L,Base,9,1655,Y,11/07/2025
DO-20166,D-124,Foothills Bicycles,WA,10/18/2025,11/02/2025,RW-3980,Road,S,Carbon,9,2879,Y,11/04/2025
DO-20169,D-101,Summit Cycles,CA,10/18/2025,11/08/2025,RW-9835,Road,M,Base,6,1367,Y,10/31/2025
DO-20172,D-122,Evergreen Cycle Shop,CO,10/18/2025,11/02/2025,RW-9835,Road,M,Base,9,1367,Y,11/12/2025
DO-20181,D-125,Switchback Cycles,UT,10/18/2025,11/02/2025,RW-9304,MTB,S,Carbon,9,3527,Y,10/26/2025
DO-20185,D-118,Lakeshore Cyclery,ID,10/18/2025,11/12/2025,RW-9324,MTB,M,Base,9,1655,Y,10/26/2025
DO-20167,D-119,Pinecrest Bikes,MT,10/19/2025,11/13/2025,RW-3980,Road,S,Carbon,2,2879,Y,11/12/2025
DO-20171,D-102,Ridgeback Bikes,CO,10/19/2025,11/13/2025,RW-9835,Road,M,Base,7,1367,Y,11/14/2025
DO-20173,D-122,Evergreen Cycle Shop,CO,10/19/2025,11/04/2025,RW-2984,Road,M,Carbon,6,2879,Y,11/10/2025
DO-20176,D-132,Bayside Bicycle Co,PA,10/19/2025,11/02/2025,RW-7298,Road,L,Base,6,1367,Y,11/12/2025
DO-20182,D-129,Blue Ridge Cyclery,VT,10/19/2025,11/09/2025,RW-9304,MTB,S,Carbon,5,3527,Y,11/16/2025
DO-20186,D-129,Blue Ridge Cyclery,VT,10/19/2025,11/06/2025,RW-9324,MTB,M,Base,3,1655,Y,11/02/2025
DO-20188,D-115,Alpine Wheels,MN,10/19/2025,11/06/2025,RW-4418,MTB,M,Carbon,9,3527,Y,11/15/2025
DO-20198,D-122,Evergreen Cycle Shop,CO,10/20/2025,11/13/2025,RW-9835,Road,M,Base,2,1367,Y,11/14/2025
DO-20201,D-135,Elk Creek Cycles,MN,10/20/2025,11/16/2025,RW-2984,Road,M,Carbon,2,2879,Y,10/29/2025
DO-20203,D-132,Bayside Bicycle Co,PA,10/20/2025,11/13/2025,RW-7298,Road,L,Base,3,1367,Y,11/13/2025
DO-20207,D-131,Copperline Cycles,MA,10/20/2025,11/07/2025,RW-9304,MTB,S,Carbon,3,3527,Y,11/18/2025
DO-20214,D-102,Ridgeback Bikes,CO,10/20/2025,11/03/2025,RW-9324,MTB,M,Base,5,1655,Y,11/07/2025
DO-20215,D-102,Ridgeback Bikes,CO,10/20/2025,11/13/2025,RW-4418,MTB,M,Carbon,9,3527,Y,11/08/2025
DO-20197,D-136,Capitol Cyclery,GA,10/21/2025,11/12/2025,RW-9835,Road,M,Base,8,1367,Y,11/02/2025
DO-20200,D-127,Prairie Wind Cycling,TX,10/21/2025,11/10/2025,RW-2984,Road,M,Carbon,10,2879,Y,11/13/2025
DO-20212,D-115,Alpine Wheels,MN,10/21/2025,11/14/2025,RW-9324,MTB,M,Base,6,1655,Y,11/10/2025
DO-20192,D-126,Harbor Bikes,AZ,10/22/2025,11/14/2025,RW-3980,Road,S,Carbon,8,2879,Y,11/14/2025
DO-20195,D-137,Driftwood Bikes,FL,10/22/2025,11/08/2025,RW-9835,Road,M,Base,3,1367,Y,11/13/2025
DO-20196,D-136,Capitol Cyclery,GA,10/22/2025,11/12/2025,RW-9835,Road,M,Base,11,1367,Y,11/06/2025
DO-20199,D-134,Old Town Bikes,MI,10/22/2025,11/12/2025,RW-2984,Road,M,Carbon,6,2879,Y,11/05/2025
DO-20208,D-111,High Desert Cyclery,MA,10/22/2025,11/05/2025,RW-9304,MTB,S,Carbon,5,3527,Y,11/14/2025
DO-20213,D-119,Pinecrest Bikes,MT,10/22/2025,11/10/2025,RW-9324,MTB,M,Base,5,1655,Y,11/18/2025
DO-20218,D-103,Cascade Cyclery,OR,10/22/2025,11/19/2025,RW-9901,MTB,L,Base,10,1655,Y,11/15/2025
DO-20220,D-131,Copperline Cycles,MA,10/22/2025,11/05/2025,RW-6416,MTB,L,Carbon,2,3527,Y,11/07/2025
DO-20193,D-124,Foothills Bicycles,WA,10/23/2025,11/12/2025,RW-3980,Road,S,Carbon,6,2879,Y,11/07/2025
DO-20204,D-117,Mesa Verde Cycling,FL,10/23/2025,11/15/2025,RW-7298,Road,L,Base,2,1367,Y,11/17/2025
DO-20206,D-135,Elk Creek Cycles,MN,10/23/2025,11/13/2025,RW-9304,MTB,S,Carbon,10,3527,Y,11/10/2025
DO-20221,D-134,Old Town Bikes,MI,10/23/2025,11/15/2025,RW-6416,MTB,L,Carbon,9,3527,Y,11/03/2025
DO-20205,D-132,Bayside Bicycle Co,PA,10/24/2025,11/15/2025,RW-1378,Road,L,Carbon,9,2879,Y,11/22/2025
DO-20210,D-121,Red Rock Bike Co,CA,10/24/2025,11/10/2025,RW-9324,MTB,M,Base,9,1655,Y,11/16/2025
DO-20216,D-109,Northstar Cycle Works,VT,10/24/2025,11/17/2025,RW-4418,MTB,M,Carbon,1,3527,Y,11/01/2025
DO-20219,D-103,Cascade Cyclery,OR,10/24/2025,11/19/2025,RW-9901,MTB,L,Base,4,1655,Y,11/14/2025
DO-20202,D-115,Alpine Wheels,MN,10/25/2025,11/20/2025,RW-7298,Road,L,Base,7,1367,Y,11/23/2025
DO-20209,D-131,Copperline Cycles,MA,10/25/2025,11/10/2025,RW-9304,MTB,S,Carbon,5,3527,Y,11/22/2025
DO-20194,D-127,Prairie Wind Cycling,TX,10/26/2025,11/22/2025,RW-3980,Road,S,Carbon,9,2879,Y,11/05/2025
DO-20211,D-111,High Desert Cyclery,MA,10/26/2025,11/19/2025,RW-9324,MTB,M,Base,6,1655,Y,11/23/2025
DO-20217,D-122,Evergreen Cycle Shop,CO,10/26/2025,11/12/2025,RW-9901,MTB,L,Base,4,1655,Y,11/15/2025
DO-20226,D-135,Elk Creek Cycles,MN,10/27/2025,11/15/2025,RW-9835,Road,M,Base,11,1367,Y,11/09/2025
DO-20232,D-124,Foothills Bicycles,WA,10/27/2025,11/17/2025,RW-2984,Road,M,Carbon,5,2879,Y,11/06/2025
DO-20247,D-108,Canyon Edge Bikes,NC,10/27/2025,11/13/2025,RW-4418,MTB,M,Carbon,6,3527,Y,11/18/2025
DO-20249,D-102,Ridgeback Bikes,CO,10/27/2025,11/23/2025,RW-9901,MTB,L,Base,2,1655,Y,11/14/2025
DO-20224,D-122,Evergreen Cycle Shop,CO,10/28/2025,11/11/2025,RW-3980,Road,S,Carbon,2,2879,Y,11/09/2025
DO-20229,D-114,Coastal Ride Co,MI,10/28/2025,11/15/2025,RW-2984,Road,M,Carbon,2,2879,Y,11/13/2025
DO-20235,D-110,Bluegrass Bicycles,NY,10/28/2025,11/24/2025,RW-7298,Road,L,Base,1,1367,Y,11/17/2025
DO-20242,D-115,Alpine Wheels,MN,10/28/2025,11/25/2025,RW-9324,MTB,M,Base,9,1655,Y,11/06/2025
DO-20250,D-129,Blue Ridge Cyclery,VT,10/28/2025,11/19/2025,RW-6416,MTB,L,Carbon,10,3527,Y,11/18/2025
DO-20237,D-135,Elk Creek Cycles,MN,10/29/2025,11/12/2025,RW-1378,Road,L,Carbon,2,2879,Y,11/22/2025
DO-20244,D-114,Coastal Ride Co,MI,10/29/2025,11/22/2025,RW-9324,MTB,M,Base,9,1655,Y,11/24/2025
DO-20223,D-129,Blue Ridge Cyclery,VT,10/30/2025,11/13/2025,RW-3980,Road,S,Carbon,7,2879,Y,11/15/2025
DO-20227,D-115,Alpine Wheels,MN,10/30/2025,11/21/2025,RW-9835,Road,M,Base,7,1367,Y,11/09/2025
DO-20238,D-106,Velo Republic,AZ,10/30/2025,11/23/2025,RW-1378,Road,L,Carbon,3,2879,Y,11/22/2025
DO-20239,D-124,Foothills Bicycles,WA,10/30/2025,11/27/2025,RW-1378,Road,L,Carbon,10,2879,Y,11/17/2025
DO-20240,D-124,Foothills Bicycles,WA,10/30/2025,11/17/2025,RW-9304,MTB,S,Carbon,11,3527,Y,11/06/2025
DO-20230,D-130,Big Sky Bikes,NY,10/31/2025,11/16/2025,RW-2984,Road,M,Carbon,7,2879,Y,11/21/2025
DO-20233,D-124,Foothills Bicycles,WA,10/31/2025,11/27/2025,RW-7298,Road,L,Base,5,1367,Y,11/24/2025
DO-20246,D-129,Blue Ridge Cyclery,VT,10/31/2025,11/25/2025,RW-4418,MTB,M,Carbon,9,3527,Y,11/09/2025
DO-20222,D-123,Metro Velo,OR,11/01/2025,11/17/2025,RW-3980,Road,S,Carbon,10,2879,Y,11/19/2025
DO-20225,D-136,Capitol Cyclery,GA,11/01/2025,11/15/2025,RW-9835,Road,M,Base,2,1367,Y,11/21/2025
DO-20228,D-101,Summit Cycles,CA,11/01/2025,11/24/2025,RW-9835,Road,M,Base,10,1367,Y,11/19/2025
DO-20234,D-118,Lakeshore Cyclery,ID,11/01/2025,11/24/2025,RW-7298,Road,L,Base,8,1367,Y,11/23/2025
DO-20241,D-132,Bayside Bicycle Co,PA,11/01/2025,11/27/2025,RW-9304,MTB,S,Carbon,6,3527,Y,11/11/2025
DO-20248,D-124,Foothills Bicycles,WA,11/01/2025,11/20/2025,RW-9901,MTB,L,Base,12,1655,Y,11/14/2025
DO-20231,D-141,Basin Bike Shop,CA,11/02/2025,11/26/2025,RW-2984,Road,M,Carbon,2,2879,Y,11/26/2025
DO-20236,D-134,Old Town Bikes,MI,11/02/2025,11/26/2025,RW-1378,Road,L,Carbon,5,2879,Y,11/18/2025
DO-20243,D-110,Bluegrass Bicycles,NY,11/02/2025,11/19/2025,RW-9324,MTB,M,Base,8,1655,Y,11/18/2025
DO-20245,D-124,Foothills Bicycles,WA,11/02/2025,11/22/2025,RW-9324,MTB,M,Base,3,1655,Y,11/26/2025
DO-20257,D-116,Timberline Bikes,GA,11/03/2025,11/26/2025,RW-9835,Road,M,Base,5,1367,Y,11/12/2025
DO-20264,D-109,Northstar Cycle Works,VT,11/03/2025,11/17/2025,RW-2984,Road,M,Carbon,4,2879,Y,11/20/2025
DO-20267,D-137,Driftwood Bikes,FL,11/03/2025,11/21/2025,RW-7298,Road,L,Base,4,1367,Y,12/02/2025
DO-20269,D-125,Switchback Cycles,UT,11/03/2025,11/18/2025,RW-1378,Road,L,Carbon,7,2879,Y,11/24/2025
DO-20270,D-139,Tidewater Bicycles,MT,11/03/2025,11/25/2025,RW-1378,Road,L,Carbon,2,2879,Y,11/20/2025
DO-20271,D-136,Capitol Cyclery,GA,11/03/2025,12/01/2025,RW-9304,MTB,S,Carbon,10,3527,Y,11/28/2025
DO-20276,D-108,Canyon Edge Bikes,NC,11/03/2025,11/29/2025,RW-9324,MTB,M,Base,7,1655,Y,11/25/2025
DO-20288,D-109,Northstar Cycle Works,VT,11/03/2025,11/26/2025,RW-6416,MTB,L,Carbon,6,3527,Y,11/24/2025
DO-20252,D-143,Overlook Bikes,OR,11/04/2025,11/22/2025,RW-3980,Road,S,Carbon,4,2879,Y,11/16/2025
DO-20272,D-116,Timberline Bikes,GA,11/04/2025,11/25/2025,RW-9304,MTB,S,Carbon,7,3527,Y,11/25/2025
DO-20274,D-125,Switchback Cycles,UT,11/04/2025,11/22/2025,RW-9324,MTB,M,Base,2,1655,Y,12/01/2025
DO-20277,D-111,High Desert Cyclery,MA,11/04/2025,11/18/2025,RW-9324,MTB,M,Base,6,1655,Y,11/25/2025
DO-20280,D-104,Peak Performance Bikes,WA,11/04/2025,11/20/2025,RW-9324,MTB,M,Base,1,1655,Y,11/11/2025
DO-20281,D-132,Bayside Bicycle Co,PA,11/04/2025,11/29/2025,RW-4418,MTB,M,Carbon,9,3527,Y,11/14/2025
DO-20282,D-124,Foothills Bicycles,WA,11/04/2025,11/22/2025,RW-4418,MTB,M,Carbon,2,3527,Y,11/25/2025
DO-20254,D-129,Blue Ridge Cyclery,VT,11/05/2025,11/25/2025,RW-3980,Road,S,Carbon,3,2879,Y,12/01/2025
DO-20258,D-101,Summit Cycles,CA,11/05/2025,12/01/2025,RW-9835,Road,M,Base,12,1367,Y,11/21/2025
DO-20265,D-118,Lakeshore Cyclery,ID,11/05/2025,11/25/2025,RW-7298,Road,L,Base,3,1367,Y,12/04/2025
DO-20284,D-124,Foothills Bicycles,WA,11/05/2025,11/30/2025,RW-4418,MTB,M,Carbon,6,3527,Y,11/14/2025
DO-20285,D-117,Mesa Verde Cycling,FL,11/05/2025,11/21/2025,RW-9901,MTB,L,Base,12,1655,Y,11/15/2025
DO-20262,D-105,Trailhead Bicycle Co,UT,11/06/2025,11/24/2025,RW-2984,Road,M,Carbon,2,2879,Y,11/28/2025
DO-20268,D-102,Ridgeback Bikes,CO,11/06/2025,11/25/2025,RW-7298,Road,L,Base,10,1367,Y,11/30/2025
DO-20278,D-118,Lakeshore Cyclery,ID,11/06/2025,11/29/2025,RW-9324,MTB,M,Base,12,1655,Y,12/01/2025
DO-20251,D-141,Basin Bike Shop,CA,11/07/2025,11/28/2025,RW-3980,Road,S,Carbon,9,2879,Y,11/24/2025
DO-20253,D-116,Timberline Bikes,GA,11/07/2025,11/28/2025,RW-3980,Road,S,Carbon,2,2879,Y,12/06/2025
DO-20256,D-136,Capitol Cyclery,GA,11/07/2025,11/25/2025,RW-9835,Road,M,Base,3,1367,Y,11/14/2025
DO-20255,D-119,Pinecrest Bikes,MT,11/08/2025,12/04/2025,RW-9835,Road,M,Base,11,1367,Y,12/03/2025
DO-20260,D-107,Iron Horse Cycles,TX,11/08/2025,12/04/2025,RW-2984,Road,M,Carbon,2,2879,Y,12/01/2025
DO-20261,D-116,Timberline Bikes,GA,11/08/2025,11/23/2025,RW-2984,Road,M,Carbon,11,2879,Y,12/07/2025
DO-20263,D-111,High Desert Cyclery,MA,11/08/2025,11/22/2025,RW-2984,Road,M,Carbon,9,2879,Y,11/15/2025
DO-20273,D-103,Cascade Cyclery,OR,11/08/2025,11/28/2025,RW-9304,MTB,S,Carbon,2,3527,Y,12/06/2025
DO-20275,D-107,Iron Horse Cycles,TX,11/08/2025,11/25/2025,RW-9324,MTB,M,Base,8,1655,Y,11/21/2025
DO-20283,D-102,Ridgeback Bikes,CO,11/08/2025,12/03/2025,RW-4418,MTB,M,Carbon,2,3527,Y,11/26/2025
DO-20259,D-106,Velo Republic,AZ,11/09/2025,11/26/2025,RW-9835,Road,M,Base,2,1367,Y,11/22/2025
DO-20266,D-119,Pinecrest Bikes,MT,11/09/2025,12/03/2025,RW-7298,Road,L,Base,9,1367,Y,11/24/2025
DO-20279,D-116,Timberline Bikes,GA,11/09/2025,12/02/2025,RW-9324,MTB,M,Base,5,1655,Y,12/03/2025
DO-20286,D-132,Bayside Bicycle Co,PA,11/09/2025,12/06/2025,RW-9901,MTB,L,Base,7,1655,Y,11/18/2025
DO-20287,D-122,Evergreen Cycle Shop,CO,11/09/2025,11/30/2025,RW-9901,MTB,L,Base,3,1655,Y,11/18/2025
DO-20293,D-103,Cascade Cyclery,OR,11/10/2025,11/28/2025,RW-9835,Road,M,Base,6,1367,Y,11/29/2025
DO-20295,D-129,Blue Ridge Cyclery,VT,11/10/2025,12/03/2025,RW-2984,Road,M,Carbon,7,2879,Y,11/19/2025
DO-20289,D-120,Stone Bridge Cycles,NM,11/11/2025,11/27/2025,RW-3980,Road,S,Carbon,7,2879,Y,12/08/2025
DO-20296,D-123,Metro Velo,OR,11/11/2025,12/08/2025,RW-2984,Road,M,Carbon,2,2879,Y,12/02/2025
DO-20299,D-110,Bluegrass Bicycles,NY,11/11/2025,12/01/2025,RW-7298,Road,L,Base,6,1367,Y,11/25/2025
DO-20304,D-123,Metro Velo,OR,11/11/2025,11/29/2025,RW-9304,MTB,S,Carbon,10,3527,Y,11/20/2025
DO-20309,D-135,Elk Creek Cycles,MN,11/11/2025,12/09/2025,RW-9324,MTB,M,Base,11,1655,Y,11/18/2025
DO-20319,D-135,Elk Creek Cycles,MN,11/11/2025,12/08/2025,RW-6416,MTB,L,Carbon,2,3527,Y,12/03/2025
DO-20291,D-139,Tidewater Bicycles,MT,11/12/2025,12/01/2025,RW-9835,Road,M,Base,2,1367,Y,11/29/2025
DO-20305,D-120,Stone Bridge Cycles,NM,11/12/2025,12/02/2025,RW-9304,MTB,S,Carbon,3,3527,Y,11/26/2025
DO-20313,D-133,Rimrock Cyclery,IL,11/12/2025,11/26/2025,RW-9901,MTB,L,Base,4,1655,Y,11/19/2025
DO-20314,D-125,Switchback Cycles,UT,11/12/2025,11/29/2025,RW-9901,MTB,L,Base,12,1655,Y,12/05/2025
DO-20318,D-112,Riverbend Bike Shop,PA,11/12/2025,12/09/2025,RW-6416,MTB,L,Carbon,4,3527,Y,12/06/2025
DO-20301,D-122,Evergreen Cycle Shop,CO,11/13/2025,12/10/2025,RW-7298,Road,L,Base,5,1367,Y,12/05/2025
DO-20317,D-108,Canyon Edge Bikes,NC,11/13/2025,12/03/2025,RW-6416,MTB,L,Carbon,6,3527,Y,12/01/2025
DO-20292,D-135,Elk Creek Cycles,MN,11/14/2025,12/05/2025,RW-9835,Road,M,Base,12,1367,Y,11/29/2025
DO-20297,D-113,Granite Peak Cycles,IL,11/14/2025,11/30/2025,RW-2984,Road,M,Carbon,7,2879,Y,11/27/2025
DO-20298,D-144,Cedar Ridge Cycles,WA,11/14/2025,12/07/2025,RW-2984,Road,M,Carbon,7,2879,Y,11/28/2025
DO-20300,D-133,Rimrock Cyclery,IL,11/14/2025,12/06/2025,RW-7298,Road,L,Base,9,1367,Y,12/13/2025
DO-20302,D-132,Bayside Bicycle Co,PA,11/14/2025,12/04/2025,RW-1378,Road,L,Carbon,8,2879,Y,12/01/2025
DO-20303,D-114,Coastal Ride Co,MI,11/14/2025,12/04/2025,RW-9304,MTB,S,Carbon,5,3527,Y,11/24/2025
DO-20308,D-133,Rimrock Cyclery,IL,11/14/2025,12/09/2025,RW-9324,MTB,M,Base,9,1655,Y,12/02/2025
DO-20306,D-109,Northstar Cycle Works,VT,11/15/2025,12/12/2025,RW-9304,MTB,S,Carbon,4,3527,Y,11/22/2025
DO-20307,D-122,Evergreen Cycle Shop,CO,11/15/2025,12/09/2025,RW-9324,MTB,M,Base,9,1655,Y,12/12/2025
DO-20311,D-117,Mesa Verde Cycling,FL,11/15/2025,11/29/2025,RW-4418,MTB,M,Carbon,9,3527,Y,12/10/2025
DO-20290,D-108,Canyon Edge Bikes,NC,11/16/2025,12/04/2025,RW-3980,Road,S,Carbon,10,2879,Y,12/11/2025
DO-20294,D-139,Tidewater Bicycles,MT,11/16/2025,12/09/2025,RW-9835,Road,M,Base,2,1367,Y,12/13/2025
DO-20310,D-141,Basin Bike Shop,CA,11/16/2025,12/03/2025,RW-9324,MTB,M,Base,5,1655,Y,12/09/2025
DO-20312,D-101,Summit Cycles,CA,11/16/2025,11/30/2025,RW-4418,MTB,M,Carbon,3,3527,Y,12/14/2025
DO-20315,D-101,Summit Cycles,CA,11/16/2025,12/05/2025,RW-9901,MTB,L,Base,8,1655,Y,12/05/2025
DO-20316,D-118,Lakeshore Cyclery,ID,11/16/2025,12/07/2025,RW-6416,MTB,L,Carbon,2,3527,Y,11/29/2025
DO-20320,D-121,Red Rock Bike Co,CA,11/17/2025,12/06/2025,RW-3980,Road,S,Carbon,7,2879,Y,12/06/2025
DO-20322,D-122,Evergreen Cycle Shop,CO,11/17/2025,12/08/2025,RW-3980,Road,S,Carbon,10,2879,Y,12/05/2025
DO-20324,D-135,Elk Creek Cycles,MN,11/17/2025,12/03/2025,RW-3980,Road,S,Carbon,2,2879,Y,11/26/2025
DO-20334,D-133,Rimrock Cyclery,IL,11/17/2025,12/12/2025,RW-2984,Road,M,Carbon,8,2879,Y,12/11/2025
DO-20344,D-118,Lakeshore Cyclery,ID,11/17/2025,12/06/2025,RW-9304,MTB,S,Carbon,7,3527,Y,12/12/2025
DO-20346,D-105,Trailhead Bicycle Co,UT,11/17/2025,12/10/2025,RW-9304,MTB,S,Carbon,5,3527,Y,12/04/2025
DO-20329,D-141,Basin Bike Shop,CA,11/18/2025,12/16/2025,RW-9835,Road,M,Base,3,1367,Y,12/03/2025
DO-20336,D-135,Elk Creek Cycles,MN,11/18/2025,12/06/2025,RW-2984,Road,M,Carbon,4,2879,Y,12/04/2025
DO-20350,D-102,Ridgeback Bikes,CO,11/18/2025,12/02/2025,RW-4418,MTB,M,Carbon,2,3527,Y,12/07/2025
DO-20328,D-133,Rimrock Cyclery,IL,11/19/2025,12/14/2025,RW-9835,Road,M,Base,12,1367,Y,11/30/2025
DO-20339,D-122,Evergreen Cycle Shop,CO,11/19/2025,12/11/2025,RW-7298,Road,L,Base,12,1367,Y,12/11/2025
DO-20340,D-125,Switchback Cycles,UT,11/19/2025,12/07/2025,RW-7298,Road,L,Base,3,1367,Y,11/29/2025
DO-20342,D-123,Metro Velo,OR,11/19/2025,12/14/2025,RW-1378,Road,L,Carbon,10,2879,Y,12/07/2025
DO-20348,D-106,Velo Republic,AZ,11/19/2025,12/17/2025,RW-9324,MTB,M,Base,10,1655,Y,12/15/2025
DO-20351,D-117,Mesa Verde Cycling,FL,11/20/2025,12/18/2025,RW-9901,MTB,L,Base,7,1655,Y,12/16/2025
DO-20353,D-126,Harbor Bikes,AZ,11/20/2025,12/06/2025,RW-6416,MTB,L,Carbon,6,3527,Y,12/11/2025
DO-20354,D-126,Harbor Bikes,AZ,11/20/2025,12/10/2025,RW-6416,MTB,L,Carbon,2,3527,Y,11/29/2025
DO-20326,D-129,Blue Ridge Cyclery,VT,11/21/2025,12/10/2025,RW-9835,Road,M,Base,3,1367,Y,12/19/2025
DO-20331,D-145,Frontier Bicycle Works,UT,11/21/2025,12/15/2025,RW-9835,Road,M,Base,9,1367,Y,12/17/2025
DO-20333,D-131,Copperline Cycles,MA,11/21/2025,12/11/2025,RW-9835,Road,M,Base,2,1367,Y,12/17/2025
DO-20341,D-114,Coastal Ride Co,MI,11/21/2025,12/09/2025,RW-7298,Road,L,Base,2,1367,Y,12/03/2025
DO-20347,D-120,Stone Bridge Cycles,NM,11/21/2025,12/19/2025,RW-9324,MTB,M,Base,11,1655,Y,12/20/2025
DO-20321,D-114,Coastal Ride Co,MI,11/22/2025,12/12/2025,RW-3980,Road,S,Carbon,3,2879,Y,12/20/2025
DO-20323,D-110,Bluegrass Bicycles,NY,11/22/2025,12/09/2025,RW-3980,Road,S,Carbon,4,2879,Y,12/12/2025
DO-20327,D-141,Basin Bike Shop,CA,11/22/2025,12/19/2025,RW-9835,Road,M,Base,3,1367,Y,12/16/2025
DO-20330,D-123,Metro Velo,OR,11/22/2025,12/09/2025,RW-9835,Road,M,Base,2,1367,Y,12/18/2025
DO-20337,D-120,Stone Bridge Cycles,NM,11/22/2025,12/07/2025,RW-2984,Road,M,Carbon,6,2879,Y,12/13/2025
DO-20345,D-135,Elk Creek Cycles,MN,11/22/2025,12/08/2025,RW-9304,MTB,S,Carbon,10,3527,Y,12/13/2025
DO-20325,D-103,Cascade Cyclery,OR,11/23/2025,12/19/2025,RW-3980,Road,S,Carbon,5,2879,Y,12/20/2025
DO-20332,D-119,Pinecrest Bikes,MT,11/23/2025,12/08/2025,RW-9835,Road,M,Base,3,1367,Y,12/06/2025
DO-20335,D-131,Copperline Cycles,MA,11/23/2025,12/13/2025,RW-2984,Road,M,Carbon,7,2879,Y,12/21/2025
DO-20338,D-120,Stone Bridge Cycles,NM,11/23/2025,12/09/2025,RW-2984,Road,M,Carbon,1,2879,Y,12/18/2025
DO-20343,D-128,Sierra Bike Works,NC,11/23/2025,12/12/2025,RW-9304,MTB,S,Carbon,3,3527,Y,12/21/2025
DO-20349,D-114,Coastal Ride Co,MI,11/23/2025,12/13/2025,RW-4418,MTB,M,Carbon,10,3527,Y,12/07/2025
DO-20352,D-141,Basin Bike Shop,CA,11/23/2025,12/07/2025,RW-9901,MTB,L,Base,4,1655,Y,12/17/2025
DO-20364,D-124,Foothills Bicycles,WA,11/24/2025,12/13/2025,RW-2984,Road,M,Carbon,5,2879,Y,12/21/2025
DO-20383,D-109,Northstar Cycle Works,VT,11/24/2025,12/11/2025,RW-9901,MTB,L,Base,2,1655,Y,12/06/2025
DO-20363,D-131,Copperline Cycles,MA,11/25/2025,12/12/2025,RW-9835,Road,M,Base,4,1367,Y,12/18/2025
DO-20368,D-116,Timberline Bikes,GA,11/25/2025,12/23/2025,RW-1378,Road,L,Carbon,7,2879,Y,12/18/2025
DO-20385,D-133,Rimrock Cyclery,IL,11/25/2025,12/10/2025,RW-6416,MTB,L,Carbon,11,3527,Y,12/14/2025
DO-20365,D-115,Alpine Wheels,MN,11/26/2025,12/15/2025,RW-2984,Road,M,Carbon,5,2879,Y,12/08/2025
DO-20376,D-116,Timberline Bikes,GA,11/26/2025,12/16/2025,RW-9324,MTB,M,Base,12,1655,Y,12/16/2025
DO-20378,D-115,Alpine Wheels,MN,11/26/2025,12/21/2025,RW-4418,MTB,M,Carbon,7,3527,Y,12/22/2025
DO-20358,D-105,Trailhead Bicycle Co,UT,11/27/2025,12/23/2025,RW-3980,Road,S,Carbon,2,2879,Y,12/23/2025
DO-20375,D-102,Ridgeback Bikes,CO,11/27/2025,12/12/2025,RW-9324,MTB,M,Base,8,1655,Y,12/22/2025
DO-20379,D-108,Canyon Edge Bikes,NC,11/27/2025,12/22/2025,RW-4418,MTB,M,Carbon,2,3527,Y,12/11/2025
DO-20355,D-136,Capitol Cyclery,GA,11/28/2025,12/19/2025,RW-3980,Road,S,Carbon,6,2879,Y,12/08/2025
DO-20359,D-114,Coastal Ride Co,MI,11/28/2025,12/17/2025,RW-9835,Road,M,Base,12,1367,Y,12/05/2025
DO-20360,D-132,Bayside Bicycle Co,PA,11/28/2025,12/19/2025,RW-9835,Road,M,Base,2,1367,Y,12/20/2025
DO-20362,D-110,Bluegrass Bicycles,NY,11/28/2025,12/22/2025,RW-9835,Road,M,Base,3,1367,Y,12/16/2025
DO-20366,D-101,Summit Cycles,CA,11/28/2025,12/12/2025,RW-2984,Road,M,Carbon,8,2879,Y,12/10/2025
DO-20371,D-117,Mesa Verde Cycling,FL,11/28/2025,12/23/2025,RW-1378,Road,L,Carbon,1,2879,Y,12/25/2025
DO-20373,D-114,Coastal Ride Co,MI,11/28/2025,12/16/2025,RW-9304,MTB,S,Carbon,8,3527,Y,12/15/2025
DO-20374,D-119,Pinecrest Bikes,MT,11/28/2025,12/13/2025,RW-9324,MTB,M,Base,4,1655,Y,12/20/2025
DO-20380,D-141,Basin Bike Shop,CA,11/28/2025,12/21/2025,RW-4418,MTB,M,Carbon,2,3527,Y,12/15/2025
DO-20357,D-140,Aspen Grove Cycles,NM,11/29/2025,12/17/2025,RW-3980,Road,S,Carbon,7,2879,Y,12/13/2025
DO-20361,D-144,Cedar Ridge Cycles,WA,11/29/2025,12/17/2025,RW-9835,Road,M,Base,11,1367,Y,12/10/2025
DO-20372,D-126,Harbor Bikes,AZ,11/29/2025,12/20/2025,RW-9304,MTB,S,Carbon,7,3527,Y,12/22/2025
DO-20384,D-144,Cedar Ridge Cycles,WA,11/29/2025,12/14/2025,RW-9901,MTB,L,Base,11,1655,Y,12/27/2025
DO-20356,D-132,Bayside Bicycle Co,PA,11/30/2025,12/16/2025,RW-3980,Road,S,Carbon,6,2879,Y,12/27/2025
DO-20367,D-131,Copperline Cycles,MA,11/30/2025,12/20/2025,RW-7298,Road,L,Base,11,1367,Y,12/16/2025
DO-20369,D-127,Prairie Wind Cycling,TX,11/30/2025,12/16/2025,RW-1378,Road,L,Carbon,12,2879,Y,12/10/2025
DO-20370,D-115,Alpine Wheels,MN,11/30/2025,12/25/2025,RW-1378,Road,L,Carbon,4,2879,Y,12/07/2025
DO-20377,D-129,Blue Ridge Cyclery,VT,11/30/2025,12/19/2025,RW-9324,MTB,M,Base,2,1655,Y,12/18/2025
DO-20381,D-124,Foothills Bicycles,WA,11/30/2025,12/24/2025,RW-9901,MTB,L,Base,8,1655,Y,12/28/2025
DO-20382,D-135,Elk Creek Cycles,MN,11/30/2025,12/17/2025,RW-9901,MTB,L,Base,2,1655,Y,12/19/2025
DO-20391,D-135,Elk Creek Cycles,MN,12/01/2025,12/15/2025,RW-9835,Road,M,Base,10,1367,Y,12/29/2025
DO-20396,D-110,Bluegrass Bicycles,NY,12/01/2025,12/17/2025,RW-2984,Road,M,Carbon,10,2879,Y,12/19/2025
DO-20413,D-126,Harbor Bikes,AZ,12/01/2025,12/18/2025,RW-4418,MTB,M,Carbon,12,3527,Y,12/24/2025
DO-20415,D-101,Summit Cycles,CA,12/01/2025,12/29/2025,RW-4418,MTB,M,Carbon,1,3527,Y,12/18/2025
DO-20388,D-129,Blue Ridge Cyclery,VT,12/02/2025,12/24/2025,RW-3980,Road,S,Carbon,5,2879,Y,12/16/2025
DO-20399,D-131,Copperline Cycles,MA,12/02/2025,12/29/2025,RW-7298,Road,L,Base,7,1367,Y,12/19/2025
DO-20405,D-129,Blue Ridge Cyclery,VT,12/02/2025,12/23/2025,RW-9304,MTB,S,Carbon,8,3527,Y,12/13/2025
DO-20412,D-145,Frontier Bicycle Works,UT,12/02/2025,12/21/2025,RW-9324,MTB,M,Base,3,1655,Y,12/15/2025
DO-20414,D-122,Evergreen Cycle Shop,CO,12/02/2025,12/26/2025,RW-4418,MTB,M,Carbon,7,3527,Y,12/12/2025
DO-20416,D-137,Driftwood Bikes,FL,12/02/2025,12/30/2025,RW-9901,MTB,L,Base,10,1655,Y,12/14/2025
DO-20417,D-135,Elk Creek Cycles,MN,12/02/2025,12/18/2025,RW-9901,MTB,L,Base,12,1655,Y,12/27/2025
DO-20421,D-119,Pinecrest Bikes,MT,12/02/2025,12/25/2025,RW-6416,MTB,L,Carbon,4,3527,Y,12/11/2025
DO-20390,D-109,Northstar Cycle Works,VT,12/03/2025,12/26/2025,RW-9835,Road,M,Base,9,1367,Y,12/11/2025
DO-20393,D-103,Cascade Cyclery,OR,12/03/2025,12/26/2025,RW-9835,Road,M,Base,4,1367,Y,12/30/2025
DO-20406,D-143,Overlook Bikes,OR,12/03/2025,12/19/2025,RW-9304,MTB,S,Carbon,12,3527,Y,12/12/2025
DO-20407,D-123,Metro Velo,OR,12/03/2025,12/22/2025,RW-9304,MTB,S,Carbon,6,3527,Y,12/18/2025
DO-20389,D-140,Aspen Grove Cycles,NM,12/04/2025,12/22/2025,RW-3980,Road,S,Carbon,8,2879,Y,12/25/2025
DO-20398,D-120,Stone Bridge Cycles,NM,12/04/2025,12/22/2025,RW-2984,Road,M,Carbon,11,2879,Y,12/28/2025
DO-20402,D-111,High Desert Cyclery,MA,12/04/2025,12/21/2025,RW-7298,Road,L,Base,4,1367,Y,12/18/2025
DO-20404,D-130,Big Sky Bikes,NY,12/04/2025,01/01/2026,RW-1378,Road,L,Carbon,1,2879,Y,12/31/2025
DO-20418,D-114,Coastal Ride Co,MI,12/04/2025,12/30/2025,RW-9901,MTB,L,Base,2,1655,Y,01/01/2026
DO-20387,D-126,Harbor Bikes,AZ,12/05/2025,12/21/2025,RW-3980,Road,S,Carbon,12,2879,Y,12/26/2025
DO-20392,D-118,Lakeshore Cyclery,ID,12/05/2025,12/27/2025,RW-9835,Road,M,Base,11,1367,Y,12/25/2025
DO-20394,D-108,Canyon Edge Bikes,NC,12/05/2025,01/02/2026,RW-9835,Road,M,Base,2,1367,Y,12/16/2025
DO-20401,D-126,Harbor Bikes,AZ,12/05/2025,12/24/2025,RW-7298,Road,L,Base,7,1367,Y,12/18/2025
DO-20409,D-119,Pinecrest Bikes,MT,12/05/2025,01/02/2026,RW-9324,MTB,M,Base,12,1655,Y,12/21/2025
DO-20386,D-123,Metro Velo,OR,12/06/2025,01/02/2026,RW-3980,Road,S,Carbon,6,2879,Y,01/02/2026
DO-20400,D-131,Copperline Cycles,MA,12/06/2025,12/21/2025,RW-7298,Road,L,Base,5,1367,Y,12/24/2025
DO-20408,D-106,Velo Republic,AZ,12/06/2025,12/31/2025,RW-9324,MTB,M,Base,8,1655,Y,12/13/2025
DO-20410,D-129,Blue Ridge Cyclery,VT,12/06/2025,12/23/2025,RW-9324,MTB,M,Base,12,1655,Y,12/19/2025
DO-20395,D-103,Cascade Cyclery,OR,12/07/2025,12/31/2025,RW-9835,Road,M,Base,3,1367,Y,12/16/2025
DO-20397,D-122,Evergreen Cycle Shop,CO,12/07/2025,12/28/2025,RW-2984,Road,M,Carbon,7,2879,Y,12/26/2025
DO-20403,D-104,Peak Performance Bikes,WA,12/07/2025,12/24/2025,RW-1378,Road,L,Carbon,10,2879,Y,12/29/2025
DO-20411,D-124,Foothills Bicycles,WA,12/07/2025,01/04/2026,RW-9324,MTB,M,Base,6,1655,Y,01/01/2026
DO-20419,D-122,Evergreen Cycle Shop,CO,12/07/2025,01/01/2026,RW-6416,MTB,L,Carbon,3,3527,Y,12/18/2025
DO-20420,D-141,Basin Bike Shop,CA,12/07/2025,12/24/2025,RW-6416,MTB,L,Carbon,3,3527,Y,01/04/2026
DO-20430,D-129,Blue Ridge Cyclery,VT,12/08/2025,12/23/2025,RW-9835,Road,M,Base,4,1367,Y,12/21/2025
DO-20433,D-129,Blue Ridge Cyclery,VT,12/08/2025,01/03/2026,RW-2984,Road,M,Carbon,6,2879,Y,12/27/2025
DO-20440,D-135,Elk Creek Cycles,MN,12/08/2025,12/22/2025,RW-1378,Road,L,Carbon,5,2879,Y,12/26/2025
DO-20444,D-111,High Desert Cyclery,MA,12/08/2025,01/01/2026,RW-9324,MTB,M,Base,9,1655,Y,12/20/2025
DO-20448,D-136,Capitol Cyclery,GA,12/08/2025,01/04/2026,RW-9324,MTB,M,Base,6,1655,Y,01/02/2026
DO-20451,D-109,Northstar Cycle Works,VT,12/08/2025,12/23/2025,RW-9324,MTB,M,Base,3,1655,Y,12/21/2025
DO-20454,D-110,Bluegrass Bicycles,NY,12/08/2025,12/28/2025,RW-4418,MTB,M,Carbon,3,3527,Y,12/24/2025
DO-20455,D-131,Copperline Cycles,MA,12/08/2025,12/31/2025,RW-4418,MTB,M,Carbon,7,3527,Y,12/15/2025
DO-20458,D-118,Lakeshore Cyclery,ID,12/08/2025,12/30/2025,RW-9901,MTB,L,Base,6,1655,Y,01/01/2026
DO-20460,D-107,Iron Horse Cycles,TX,12/08/2025,12/25/2025,RW-6416,MTB,L,Carbon,7,3527,Y,12/21/2025
DO-20429,D-135,Elk Creek Cycles,MN,12/09/2025,12/31/2025,RW-9835,Road,M,Base,11,1367,Y,01/04/2026
DO-20436,D-120,Stone Bridge Cycles,NM,12/09/2025,12/27/2025,RW-7298,Road,L,Base,12,1367,Y,12/24/2025
DO-20438,D-135,Elk Creek Cycles,MN,12/09/2025,12/25/2025,RW-1378,Road,L,Carbon,2,2879,Y,12/21/2025
DO-20439,D-137,Driftwood Bikes,FL,12/09/2025,01/02/2026,RW-1378,Road,L,Carbon,12,2879,Y,01/04/2026
DO-20453,D-108,Canyon Edge Bikes,NC,12/09/2025,01/05/2026,RW-4418,MTB,M,Carbon,10,3527,Y,12/16/2025
DO-20426,D-135,Elk Creek Cycles,MN,12/10/2025,12/29/2025,RW-3980,Road,S,Carbon,5,2879,Y,12/30/2025
DO-20442,D-119,Pinecrest Bikes,MT,12/10/2025,01/04/2026,RW-9304,MTB,S,Carbon,12,3527,Y,12/23/2025
DO-20443,D-133,Rimrock Cyclery,IL,12/10/2025,12/30/2025,RW-9304,MTB,S,Carbon,1,3527,Y,12/20/2025
DO-20449,D-143,Overlook Bikes,OR,12/10/2025,01/01/2026,RW-9324,MTB,M,Base,2,1655,Y,12/26/2025
DO-20457,D-135,Elk Creek Cycles,MN,12/10/2025,01/01/2026,RW-9901,MTB,L,Base,11,1655,Y,01/05/2026
DO-20423,D-136,Capitol Cyclery,GA,12/11/2025,01/06/2026,RW-3980,Road,S,Carbon,11,2879,Y,12/22/2025
DO-20446,D-129,Blue Ridge Cyclery,VT,12/11/2025,01/08/2026,RW-9324,MTB,M,Base,2,1655,Y,12/28/2025
DO-20456,D-101,Summit Cycles,CA,12/11/2025,01/01/2026,RW-9901,MTB,L,Base,4,1655,Y,12/31/2025
DO-20425,D-133,Rimrock Cyclery,IL,12/12/2025,01/07/2026,RW-3980,Road,S,Carbon,8,2879,Y,01/10/2026
DO-20431,D-139,Tidewater Bicycles,MT,12/12/2025,12/29/2025,RW-2984,Road,M,Carbon,6,2879,Y,12/30/2025
DO-20432,D-145,Frontier Bicycle Works,UT,12/12/2025,01/02/2026,RW-2984,Road,M,Carbon,10,2879,Y,12/23/2025
DO-20447,D-124,Foothills Bicycles,WA,12/12/2025,12/30/2025,RW-9324,MTB,M,Base,4,1655,Y,12/28/2025
DO-20450,D-129,Blue Ridge Cyclery,VT,12/12/2025,01/09/2026,RW-9324,MTB,M,Base,11,1655,Y,01/09/2026
DO-20452,D-123,Metro Velo,OR,12/12/2025,12/30/2025,RW-4418,MTB,M,Carbon,11,3527,Y,01/05/2026
DO-20459,D-107,Iron Horse Cycles,TX,12/12/2025,01/08/2026,RW-6416,MTB,L,Carbon,11,3527,Y,12/30/2025
DO-20428,D-117,Mesa Verde Cycling,FL,12/13/2025,12/31/2025,RW-9835,Road,M,Base,11,1367,Y,12/26/2025
DO-20435,D-122,Evergreen Cycle Shop,CO,12/13/2025,01/06/2026,RW-7298,Road,L,Base,11,1367,Y,12/25/2025
DO-20437,D-119,Pinecrest Bikes,MT,12/13/2025,01/05/2026,RW-7298,Road,L,Base,2,1367,Y,01/01/2026
DO-20445,D-117,Mesa Verde Cycling,FL,12/13/2025,12/29/2025,RW-9324,MTB,M,Base,3,1655,Y,01/06/2026
DO-20422,D-107,Iron Horse Cycles,TX,12/14/2025,01/03/2026,RW-3980,Road,S,Carbon,6,2879,Y,12/24/2025
DO-20424,D-105,Trailhead Bicycle Co,UT,12/14/2025,01/10/2026,RW-3980,Road,S,Carbon,4,2879,Y,12/27/2025
DO-20427,D-141,Basin Bike Shop,CA,12/14/2025,01/08/2026,RW-9835,Road,M,Base,7,1367,Y,01/06/2026
DO-20434,D-122,Evergreen Cycle Shop,CO,12/14/2025,01/05/2026,RW-2984,Road,M,Carbon,6,2879,Y,12/30/2025
DO-20441,D-129,Blue Ridge Cyclery,VT,12/14/2025,12/30/2025,RW-9304,MTB,S,Carbon,7,3527,Y,01/12/2026
DO-20475,D-139,Tidewater Bicycles,MT,12/15/2025,01/09/2026,RW-1378,Road,L,Carbon,2,2879,Y,01/10/2026
DO-20488,D-115,Alpine Wheels,MN,12/15/2025,01/03/2026,RW-9324,MTB,M,Base,6,1655,Y,12/25/2025
DO-20476,D-105,Trailhead Bicycle Co,UT,12/16/2025,01/13/2026,RW-1378,Road,L,Carbon,10,2879,Y,01/13/2026
DO-20490,D-129,Blue Ridge Cyclery,VT,12/16/2025,12/31/2025,RW-4418,MTB,M,Carbon,4,3527,Y,12/24/2025
DO-20493,D-141,Basin Bike Shop,CA,12/16/2025,12/30/2025,RW-9901,MTB,L,Base,11,1655,Y,12/23/2025
DO-20494,D-110,Bluegrass Bicycles,NY,12/16/2025,01/13/2026,RW-9901,MTB,L,Base,8,1655,Y,01/07/2026
DO-20464,D-101,Summit Cycles,CA,12/17/2025,01/04/2026,RW-9835,Road,M,Base,8,1367,Y,01/14/2026
DO-20461,D-125,Switchback Cycles,UT,12/18/2025,01/06/2026,RW-3980,Road,S,Carbon,6,2879,Y,01/13/2026
DO-20462,D-122,Evergreen Cycle Shop,CO,12/18/2025,01/04/2026,RW-3980,Road,S,Carbon,9,2879,Y,12/26/2025
DO-20466,D-126,Harbor Bikes,AZ,12/18/2025,01/02/2026,RW-9835,Road,M,Base,2,1367,Y,01/10/2026
DO-20470,D-115,Alpine Wheels,MN,12/18/2025,01/02/2026,RW-2984,Road,M,Carbon,11,2879,Y,12/30/2025
DO-20477,D-133,Rimrock Cyclery,IL,12/18/2025,01/04/2026,RW-1378,Road,L,Carbon,2,2879,Y,01/08/2026
DO-20478,D-128,Sierra Bike Works,NC,12/18/2025,01/14/2026,RW-1378,Road,L,Carbon,6,2879,Y,01/08/2026
DO-20481,D-141,Basin Bike Shop,CA,12/18/2025,01/10/2026,RW-9304,MTB,S,Carbon,1,3527,Y,01/16/2026
DO-20482,D-128,Sierra Bike Works,NC,12/18/2025,01/06/2026,RW-9324,MTB,M,Base,7,1655,Y,01/07/2026
DO-20489,D-114,Coastal Ride Co,MI,12/18/2025,01/11/2026,RW-4418,MTB,M,Carbon,7,3527,Y,01/02/2026
DO-20463,D-120,Stone Bridge Cycles,NM,12/19/2025,01/04/2026,RW-3980,Road,S,Carbon,6,2879,Y,01/16/2026
DO-20473,D-145,Frontier Bicycle Works,UT,12/19/2025,01/15/2026,RW-7298,Road,L,Base,6,1367,Y,01/06/2026
DO-20474,D-128,Sierra Bike Works,NC,12/19/2025,01/13/2026,RW-7298,Road,L,Base,1,1367,Y,01/13/2026
DO-20483,D-132,Bayside Bicycle Co,PA,12/19/2025,01/06/2026,RW-9324,MTB,M,Base,4,1655,Y,01/13/2026
DO-20491,D-141,Basin Bike Shop,CA,12/19/2025,01/13/2026,RW-4418,MTB,M,Carbon,5,3527,Y,01/13/2026
DO-20495,D-145,Frontier Bicycle Works,UT,12/19/2025,01/13/2026,RW-6416,MTB,L,Carbon,11,3527,Y,01/05/2026
DO-20467,D-102,Ridgeback Bikes,CO,12/20/2025,01/04/2026,RW-9835,Road,M,Base,6,1367,Y,01/15/2026
DO-20468,D-114,Coastal Ride Co,MI,12/20/2025,01/06/2026,RW-9835,Road,M,Base,5,1367,Y,01/16/2026
DO-20469,D-128,Sierra Bike Works,NC,12/20/2025,01/08/2026,RW-2984,Road,M,Carbon,8,2879,Y,01/07/2026
DO-20471,D-129,Blue Ridge Cyclery,VT,12/20/2025,01/15/2026,RW-2984,Road,M,Carbon,1,2879,Y,01/01/2026
DO-20472,D-145,Frontier Bicycle Works,UT,12/20/2025,01/07/2026,RW-7298,Road,L,Base,10,1367,Y,01/04/2026
DO-20485,D-113,Granite Peak Cycles,IL,12/20/2025,01/12/2026,RW-9324,MTB,M,Base,6,1655,Y,12/30/2025
DO-20487,D-135,Elk Creek Cycles,MN,12/20/2025,01/11/2026,RW-9324,MTB,M,Base,7,1655,Y,01/04/2026
DO-20492,D-145,Frontier Bicycle Works,UT,12/20/2025,01/03/2026,RW-9901,MTB,L,Base,5,1655,Y,01/02/2026
DO-20465,D-126,Harbor Bikes,AZ,12/21/2025,01/10/2026,RW-9835,Road,M,Base,7,1367,Y,01/09/2026
DO-20479,D-124,Foothills Bicycles,WA,12/21/2025,01/15/2026,RW-9304,MTB,S,Carbon,10,3527,Y,12/31/2025
DO-20480,D-135,Elk Creek Cycles,MN,12/21/2025,01/17/2026,RW-9304,MTB,S,Carbon,6,3527,Y,01/08/2026
DO-20484,D-143,Overlook Bikes,OR,12/21/2025,01/16/2026,RW-9324,MTB,M,Base,6,1655,Y,01/18/2026
DO-20486,D-107,Iron Horse Cycles,TX,12/21/2025,01/16/2026,RW-9324,MTB,M,Base,6,1655,Y,01/17/2026
DO-20503,D-119,Pinecrest Bikes,MT,12/22/2025,01/18/2026,RW-9835,Road,M,Base,5,1367,Y,01/16/2026
DO-20504,D-123,Metro Velo,OR,12/22/2025,01/18/2026,RW-9835,Road,M,Base,4,1367,Y,01/09/2026
DO-20512,D-114,Coastal Ride Co,MI,12/22/2025,01/07/2026,RW-7298,Road,L,Base,2,1367,Y,01/17/2026
DO-20514,D-106,Velo Republic,AZ,12/22/2025,01/17/2026,RW-1378,Road,L,Carbon,7,2879,Y,01/01/2026
DO-20516,D-106,Velo Republic,AZ,12/22/2025,01/18/2026,RW-9304,MTB,S,Carbon,12,3527,Y,01/02/2026
DO-20517,D-126,Harbor Bikes,AZ,12/22/2025,01/12/2026,RW-9304,MTB,S,Carbon,10,3527,Y,01/14/2026
DO-20518,D-112,Riverbend Bike Shop,PA,12/22/2025,01/16/2026,RW-9304,MTB,S,Carbon,8,3527,Y,01/14/2026
DO-20531,D-144,Cedar Ridge Cycles,WA,12/22/2025,01/19/2026,RW-9901,MTB,L,Base,6,1655,Y,01/09/2026
DO-20532,D-115,Alpine Wheels,MN,12/22/2025,01/07/2026,RW-9901,MTB,L,Base,2,1655,Y,01/17/2026
DO-20535,D-103,Cascade Cyclery,OR,12/22/2025,01/08/2026,RW-6416,MTB,L,Carbon,8,3527,Y,01/11/2026
DO-20506,D-101,Summit Cycles,CA,12/23/2025,01/17/2026,RW-2984,Road,M,Carbon,10,2879,Y,01/03/2026
DO-20520,D-103,Cascade Cyclery,OR,12/23/2025,01/17/2026,RW-9324,MTB,M,Base,9,1655,Y,01/04/2026
DO-20527,D-142,Wildflower Cyclery,CO,12/23/2025,01/13/2026,RW-4418,MTB,M,Carbon,10,3527,Y,01/18/2026
DO-20500,D-105,Trailhead Bicycle Co,UT,12/24/2025,01/10/2026,RW-9835,Road,M,Base,4,1367,Y,01/18/2026
DO-20502,D-141,Basin Bike Shop,CA,12/24/2025,01/13/2026,RW-9835,Road,M,Base,7,1367,Y,01/06/2026
DO-20507,D-128,Sierra Bike Works,NC,12/24/2025,01/11/2026,RW-2984,Road,M,Carbon,4,2879,Y,01/10/2026
DO-20523,D-108,Canyon Edge Bikes,NC,12/24/2025,01/15/2026,RW-9324,MTB,M,Base,5,1655,Y,01/19/2026
DO-20496,D-125,Switchback Cycles,UT,12/25/2025,01/10/2026,RW-3980,Road,S,Carbon,8,2879,Y,01/01/2026
DO-20509,D-103,Cascade Cyclery,OR,12/25/2025,01/14/2026,RW-2984,Road,M,Carbon,6,2879,Y,01/20/2026
DO-20511,D-122,Evergreen Cycle Shop,CO,12/25/2025,01/22/2026,RW-7298,Road,L,Base,7,1367,Y,01/17/2026
DO-20525,D-128,Sierra Bike Works,NC,12/25/2025,01/16/2026,RW-4418,MTB,M,Carbon,5,3527,Y,01/20/2026
DO-20530,D-117,Mesa Verde Cycling,FL,12/25/2025,01/20/2026,RW-9901,MTB,L,Base,11,1655,Y,01/17/2026
DO-20534,D-125,Switchback Cycles,UT,12/25/2025,01/09/2026,RW-6416,MTB,L,Carbon,4,3527,Y,01/01/2026
DO-20536,D-118,Lakeshore Cyclery,ID,12/25/2025,01/12/2026,RW-6416,MTB,L,Carbon,1,3527,Y,01/02/2026
DO-20498,D-111,High Desert Cyclery,MA,12/26/2025,01/09/2026,RW-3980,Road,S,Carbon,10,2879,Y,01/20/2026
DO-20508,D-132,Bayside Bicycle Co,PA,12/26/2025,01/19/2026,RW-2984,Road,M,Carbon,7,2879,Y,01/21/2026
DO-20513,D-101,Summit Cycles,CA,12/26/2025,01/23/2026,RW-1378,Road,L,Carbon,3,2879,Y,01/09/2026
DO-20521,D-103,Cascade Cyclery,OR,12/26/2025,01/10/2026,RW-9324,MTB,M,Base,11,1655,Y,01/02/2026
DO-20524,D-114,Coastal Ride Co,MI,12/26/2025,01/13/2026,RW-9324,MTB,M,Base,5,1655,Y,01/13/2026
DO-20528,D-114,Coastal Ride Co,MI,12/26/2025,01/20/2026,RW-4418,MTB,M,Carbon,3,3527,Y,01/05/2026
DO-20499,D-117,Mesa Verde Cycling,FL,12/27/2025,01/22/2026,RW-3980,Road,S,Carbon,2,2879,Y,01/04/2026
DO-20505,D-131,Copperline Cycles,MA,12/27/2025,01/21/2026,RW-9835,Road,M,Base,9,1367,Y,01/11/2026
DO-20519,D-124,Foothills Bicycles,WA,12/27/2025,01/12/2026,RW-9324,MTB,M,Base,9,1655,Y,01/19/2026
DO-20522,D-125,Switchback Cycles,UT,12/27/2025,01/18/2026,RW-9324,MTB,M,Base,2,1655,Y,01/17/2026
DO-20497,D-115,Alpine Wheels,MN,12/28/2025,01/20/2026,RW-3980,Road,S,Carbon,7,2879,Y,01/23/2026
DO-20501,D-137,Driftwood Bikes,FL,12/28/2025,01/13/2026,RW-9835,Road,M,Base,12,1367,Y,01/04/2026
DO-20510,D-102,Ridgeback Bikes,CO,12/28/2025,01/24/2026,RW-7298,Road,L,Base,10,1367,Y,01/15/2026
DO-20515,D-142,Wildflower Cyclery,CO,12/28/2025,01/14/2026,RW-1378,Road,L,Carbon,9,2879,Y,01/18/2026
DO-20526,D-131,Copperline Cycles,MA,12/28/2025,01/16/2026,RW-4418,MTB,M,Carbon,11,3527,Y,01/07/2026
DO-20529,D-133,Rimrock Cyclery,IL,12/28/2025,01/14/2026,RW-9901,MTB,L,Base,7,1655,Y,01/07/2026
DO-20533,D-131,Copperline Cycles,MA,12/28/2025,01/19/2026,RW-9901,MTB,L,Base,4,1655,Y,01/26/2026
DO-20564,D-105,Trailhead Bicycle Co,UT,12/29/2025,01/16/2026,RW-9324,MTB,M,Base,9,1655,Y,01/10/2026
DO-20538,D-131,Copperline Cycles,MA,12/30/2025,01/19/2026,RW-3980,Road,S,Carbon,3,2879,Y,01/13/2026
DO-20539,D-131,Copperline Cycles,MA,12/30/2025,01/20/2026,RW-3980,Road,S,Carbon,5,2879,Y,01/24/2026
DO-20541,D-115,Alpine Wheels,MN,12/30/2025,01/24/2026,RW-3980,Road,S,Carbon,12,2879,Y,01/25/2026
DO-20558,D-113,Granite Peak Cycles,IL,12/30/2025,01/15/2026,RW-1378,Road,L,Carbon,7,2879,Y,01/23/2026
DO-20542,D-110,Bluegrass Bicycles,NY,12/31/2025,01/21/2026,RW-3980,Road,S,Carbon,5,2879,Y,01/16/2026
DO-20547,D-120,Stone Bridge Cycles,NM,12/31/2025,01/21/2026,RW-9835,Road,M,Base,2,1367,Y,01/27/2026
DO-20549,D-131,Copperline Cycles,MA,12/31/2025,01/15/2026,RW-9835,Road,M,Base,6,1367,Y,01/17/2026
DO-20552,D-123,Metro Velo,OR,12/31/2025,01/20/2026,RW-2984,Road,M,Carbon,12,2879,Y,01/18/2026
DO-20553,D-123,Metro Velo,OR,12/31/2025,01/28/2026,RW-7298,Road,L,Base,10,1367,Y,01/10/2026
DO-20554,D-110,Bluegrass Bicycles,NY,12/31/2025,01/18/2026,RW-7298,Road,L,Base,11,1367,Y,01/12/2026
DO-20557,D-133,Rimrock Cyclery,IL,12/31/2025,01/25/2026,RW-1378,Road,L,Carbon,8,2879,Y,01/24/2026
DO-20566,D-132,Bayside Bicycle Co,PA,12/31/2025,01/25/2026,RW-9324,MTB,M,Base,6,1655,Y,01/14/2026
DO-20572,D-120,Stone Bridge Cycles,NM,12/31/2025,01/15/2026,RW-9901,MTB,L,Base,7,1655,Y,01/21/2026
DO-20543,D-103,Cascade Cyclery,OR,01/01/2026,01/24/2026,RW-3980,Road,S,Carbon,6,2879,Y,01/29/2026
DO-20546,D-116,Timberline Bikes,GA,01/01/2026,01/24/2026,RW-9835,Road,M,Base,11,1367,Y,01/10/2026
DO-20555,D-121,Red Rock Bike Co,CA,01/01/2026,01/24/2026,RW-1378,Road,L,Carbon,3,2879,Y,01/19/2026
DO-20556,D-104,Peak Performance Bikes,WA,01/01/2026,01/19/2026,RW-1378,Road,L,Carbon,2,2879,Y,01/24/2026
DO-20560,D-137,Driftwood Bikes,FL,01/01/2026,01/26/2026,RW-9304,MTB,S,Carbon,11,3527,Y,01/30/2026
DO-20561,D-112,Riverbend Bike Shop,PA,01/01/2026,01/22/2026,RW-9304,MTB,S,Carbon,5,3527,Y,01/21/2026
DO-20568,D-124,Foothills Bicycles,WA,01/01/2026,01/28/2026,RW-4418,MTB,M,Carbon,11,3527,Y,01/16/2026
DO-20571,D-117,Mesa Verde Cycling,FL,01/01/2026,01/27/2026,RW-4418,MTB,M,Carbon,5,3527,Y,01/15/2026
DO-20573,D-131,Copperline Cycles,MA,01/01/2026,01/29/2026,RW-9901,MTB,L,Base,9,1655,Y,01/19/2026
DO-20574,D-124,Foothills Bicycles,WA,01/01/2026,01/15/2026,RW-9901,MTB,L,Base,3,1655,Y,01/09/2026
DO-20575,D-141,Basin Bike Shop,CA,01/01/2026,01/19/2026,RW-9901,MTB,L,Base,1,1655,Y,01/19/2026
DO-20577,D-135,Elk Creek Cycles,MN,01/01/2026,01/28/2026,RW-6416,MTB,L,Carbon,3,3527,Y,01/23/2026
DO-20578,D-107,Iron Horse Cycles,TX,01/01/2026,01/15/2026,RW-6416,MTB,L,Carbon,1,3527,Y,01/24/2026
DO-20537,D-122,Evergreen Cycle Shop,CO,01/02/2026,01/21/2026,RW-3980,Road,S,Carbon,3,2879,Y,01/28/2026
DO-20548,D-118,Lakeshore Cyclery,ID,01/02/2026,01/27/2026,RW-9835,Road,M,Base,8,1367,Y,01/12/2026
DO-20551,D-103,Cascade Cyclery,OR,01/02/2026,01/16/2026,RW-2984,Road,M,Carbon,6,2879,Y,01/15/2026
DO-20563,D-131,Copperline Cycles,MA,01/02/2026,01/19/2026,RW-9324,MTB,M,Base,12,1655,Y,01/11/2026
DO-20567,D-132,Bayside Bicycle Co,PA,01/02/2026,01/27/2026,RW-9324,MTB,M,Base,4,1655,Y,01/18/2026
DO-20570,D-102,Ridgeback Bikes,CO,01/02/2026,01/18/2026,RW-4418,MTB,M,Carbon,5,3527,Y,01/30/2026
DO-20540,D-124,Foothills Bicycles,WA,01/03/2026,01/21/2026,RW-3980,Road,S,Carbon,7,2879,Y,01/28/2026
DO-20544,D-120,Stone Bridge Cycles,NM,01/03/2026,01/24/2026,RW-3980,Road,S,Carbon,4,2879,Y,01/25/2026
DO-20545,D-124,Foothills Bicycles,WA,01/03/2026,01/30/2026,RW-9835,Road,M,Base,4,1367,Y,01/21/2026
DO-20550,D-124,Foothills Bicycles,WA,01/03/2026,01/21/2026,RW-2984,Road,M,Carbon,6,2879,Y,01/28/2026
DO-20562,D-102,Ridgeback Bikes,CO,01/03/2026,01/22/2026,RW-9304,MTB,S,Carbon,5,3527,Y,01/31/2026
DO-20569,D-116,Timberline Bikes,GA,01/03/2026,01/30/2026,RW-4418,MTB,M,Carbon,8,3527,Y,01/22/2026
DO-20576,D-123,Metro Velo,OR,01/03/2026,01/17/2026,RW-6416,MTB,L,Carbon,10,3527,Y,01/20/2026
DO-20559,D-121,Red Rock Bike Co,CA,01/04/2026,01/19/2026,RW-9304,MTB,S,Carbon,4,3527,Y,01/23/2026
DO-20565,D-144,Cedar Ridge Cycles,WA,01/04/2026,01/18/2026,RW-9324,MTB,M,Base,4,1655,Y,01/27/2026
DO-20583,D-139,Tidewater Bicycles,MT,01/05/2026,02/01/2026,RW-3980,Road,S,Carbon,3,2879,Y,01/18/2026
DO-20586,D-118,Lakeshore Cyclery,ID,01/05/2026,01/28/2026,RW-9835,Road,M,Base,5,1367,Y,01/18/2026
DO-20588,D-132,Bayside Bicycle Co,PA,01/05/2026,01/25/2026,RW-9835,Road,M,Base,2,1367,Y,01/18/2026
DO-20594,D-128,Sierra Bike Works,NC,01/05/2026,01/25/2026,RW-2984,Road,M,Carbon,5,2879,Y,01/28/2026
DO-20601,D-107,Iron Horse Cycles,TX,01/05/2026,01/31/2026,RW-9304,MTB,S,Carbon,2,3527,Y,01/22/2026
DO-20602,D-115,Alpine Wheels,MN,01/05/2026,01/21/2026,RW-9304,MTB,S,Carbon,2,3527,Y,01/24/2026
DO-20614,D-144,Cedar Ridge Cycles,WA,01/05/2026,01/24/2026,RW-4418,MTB,M,Carbon,7,3527,Y,01/23/2026
DO-20589,D-107,Iron Horse Cycles,TX,01/06/2026,01/27/2026,RW-2984,Road,M,Carbon,2,2879,Y,01/24/2026
DO-20590,D-135,Elk Creek Cycles,MN,01/06/2026,01/29/2026,RW-2984,Road,M,Carbon,11,2879,Y,01/27/2026
DO-20600,D-122,Evergreen Cycle Shop,CO,01/06/2026,01/24/2026,RW-1378,Road,L,Carbon,2,2879,Y,01/16/2026
DO-20610,D-126,Harbor Bikes,AZ,01/06/2026,01/21/2026,RW-9324,MTB,M,Base,7,1655,Y,01/29/2026
DO-20612,D-118,Lakeshore Cyclery,ID,01/06/2026,01/31/2026,RW-4418,MTB,M,Carbon,7,3527,Y,01/18/2026
DO-20579,D-143,Overlook Bikes,OR,01/07/2026,01/31/2026,RW-3980,Road,S,Carbon,6,2879,Y,01/14/2026
DO-20581,D-124,Foothills Bicycles,WA,01/07/2026,01/24/2026,RW-3980,Road,S,Carbon,2,2879,Y,01/21/2026
DO-20591,D-115,Alpine Wheels,MN,01/07/2026,01/27/2026,RW-2984,Road,M,Carbon,6,2879,Y,01/31/2026
DO-20595,D-110,Bluegrass Bicycles,NY,01/07/2026,01/26/2026,RW-7298,Road,L,Base,9,1367,Y,01/18/2026
DO-20604,D-134,Old Town Bikes,MI,01/07/2026,01/27/2026,RW-9304,MTB,S,Carbon,6,3527,Y,01/20/2026
DO-20611,D-136,Capitol Cyclery,GA,01/07/2026,01/27/2026,RW-9324,MTB,M,Base,6,1655,Y,01/29/2026
DO-20621,D-145,Frontier Bicycle Works,UT,01/07/2026,02/03/2026,RW-6416,MTB,L,Carbon,7,3527,Y,01/30/2026
DO-20582,D-116,Timberline Bikes,GA,01/08/2026,02/02/2026,RW-3980,Road,S,Carbon,2,2879,Y,01/27/2026
DO-20593,D-120,Stone Bridge Cycles,NM,01/08/2026,02/02/2026,RW-2984,Road,M,Carbon,2,2879,Y,01/29/2026
DO-20606,D-106,Velo Republic,AZ,01/08/2026,01/25/2026,RW-9304,MTB,S,Carbon,4,3527,Y,02/06/2026
DO-20618,D-118,Lakeshore Cyclery,ID,01/08/2026,01/23/2026,RW-9901,MTB,L,Base,11,1655,Y,01/27/2026
DO-20620,D-124,Foothills Bicycles,WA,01/08/2026,01/27/2026,RW-6416,MTB,L,Carbon,3,3527,Y,02/04/2026
DO-20580,D-132,Bayside Bicycle Co,PA,01/09/2026,02/01/2026,RW-3980,Road,S,Carbon,10,2879,Y,01/16/2026
DO-20584,D-137,Driftwood Bikes,FL,01/09/2026,01/27/2026,RW-9835,Road,M,Base,9,1367,Y,02/03/2026
DO-20599,D-126,Harbor Bikes,AZ,01/09/2026,01/23/2026,RW-1378,Road,L,Carbon,12,2879,Y,02/04/2026
DO-20603,D-117,Mesa Verde Cycling,FL,01/09/2026,02/03/2026,RW-9304,MTB,S,Carbon,6,3527,Y,01/24/2026
DO-20615,D-145,Frontier Bicycle Works,UT,01/09/2026,01/31/2026,RW-4418,MTB,M,Carbon,9,3527,Y,01/24/2026
DO-20617,D-139,Tidewater Bicycles,MT,01/09/2026,02/06/2026,RW-9901,MTB,L,Base,3,1655,Y,02/01/2026
DO-20587,D-136,Capitol Cyclery,GA,01/10/2026,01/30/2026,RW-9835,Road,M,Base,5,1367,Y,01/30/2026
DO-20592,D-106,Velo Republic,AZ,01/10/2026,02/07/2026,RW-2984,Road,M,Carbon,6,2879,Y,01/28/2026
DO-20596,D-119,Pinecrest Bikes,MT,01/10/2026,01/30/2026,RW-7298,Road,L,Base,3,1367,Y,01/26/2026
DO-20607,D-143,Overlook Bikes,OR,01/10/2026,01/25/2026,RW-9304,MTB,S,Carbon,7,3527,Y,01/24/2026
DO-20613,D-119,Pinecrest Bikes,MT,01/10/2026,01/27/2026,RW-4418,MTB,M,Carbon,8,3527,Y,01/29/2026
DO-20619,D-123,Metro Velo,OR,01/10/2026,02/04/2026,RW-9901,MTB,L,Base,6,1655,Y,02/04/2026
DO-20585,D-123,Metro Velo,OR,01/11/2026,02/02/2026,RW-9835,Road,M,Base,12,1367,Y,01/27/2026
DO-20597,D-133,Rimrock Cyclery,IL,01/11/2026,01/27/2026,RW-7298,Road,L,Base,9,1367,Y,01/20/2026
DO-20598,D-120,Stone Bridge Cycles,NM,01/11/2026,02/02/2026,RW-7298,Road,L,Base,1,1367,Y,02/01/2026
DO-20605,D-132,Bayside Bicycle Co,PA,01/11/2026,02/06/2026,RW-9304,MTB,S,Carbon,5,3527,Y,02/09/2026
DO-20608,D-109,Northstar Cycle Works,VT,01/11/2026,01/27/2026,RW-9324,MTB,M,Base,11,1655,Y,01/28/2026
DO-20609,D-140,Aspen Grove Cycles,NM,01/11/2026,01/31/2026,RW-9324,MTB,M,Base,10,1655,Y,01/30/2026
DO-20616,D-129,Blue Ridge Cyclery,VT,01/11/2026,01/29/2026,RW-9901,MTB,L,Base,10,1655,Y,02/05/2026
DO-20634,D-101,Summit Cycles,CA,01/12/2026,01/28/2026,RW-2984,Road,M,Carbon,8,2879,Y,01/22/2026
DO-20657,D-128,Sierra Bike Works,NC,01/12/2026,01/29/2026,RW-6416,MTB,L,Carbon,2,3527,Y,01/19/2026
DO-20622,D-129,Blue Ridge Cyclery,VT,01/13/2026,02/05/2026,RW-3980,Road,S,Carbon,12,2879,Y,02/06/2026
DO-20633,D-135,Elk Creek Cycles,MN,01/13/2026,02/02/2026,RW-2984,Road,M,Carbon,11,2879,Y,01/23/2026
DO-20635,D-122,Evergreen Cycle Shop,CO,01/13/2026,02/09/2026,RW-7298,Road,L,Base,4,1367,Y,02/10/2026
DO-20638,D-101,Summit Cycles,CA,01/13/2026,02/09/2026,RW-1378,Road,L,Carbon,11,2879,Y,01/31/2026
DO-20640,D-135,Elk Creek Cycles,MN,01/13/2026,02/08/2026,RW-9304,MTB,S,Carbon,7,3527,Y,02/03/2026
DO-20650,D-131,Copperline Cycles,MA,01/13/2026,02/01/2026,RW-9324,MTB,M,Base,1,1655,Y,01/23/2026
DO-20626,D-119,Pinecrest Bikes,MT,01/15/2026,01/30/2026,RW-3980,Road,S,Carbon,4,2879,Y,02/06/2026
DO-20627,D-119,Pinecrest Bikes,MT,01/15/2026,02/07/2026,RW-9835,Road,M,Base,3,1367,Y,01/22/2026
DO-20628,D-136,Capitol Cyclery,GA,01/15/2026,02/10/2026,RW-9835,Road,M,Base,9,1367,Y,01/31/2026
DO-20630,D-117,Mesa Verde Cycling,FL,01/15/2026,02/02/2026,RW-9835,Road,M,Base,8,1367,Y,01/26/2026
DO-20632,D-116,Timberline Bikes,GA,01/15/2026,02/01/2026,RW-2984,Road,M,Carbon,3,2879,Y,02/08/2026
DO-20639,D-129,Blue Ridge Cyclery,VT,01/15/2026,01/29/2026,RW-1378,Road,L,Carbon,5,2879,Y,02/04/2026
DO-20643,D-101,Summit Cycles,CA,01/15/2026,01/30/2026,RW-9304,MTB,S,Carbon,11,3527,Y,01/22/2026
DO-20648,D-131,Copperline Cycles,MA,01/15/2026,02/06/2026,RW-9324,MTB,M,Base,6,1655,Y,01/25/2026
DO-20655,D-132,Bayside Bicycle Co,PA,01/15/2026,02/03/2026,RW-6416,MTB,L,Carbon,10,3527,Y,02/10/2026
DO-20623,D-110,Bluegrass Bicycles,NY,01/16/2026,02/08/2026,RW-3980,Road,S,Carbon,3,2879,Y,01/31/2026
DO-20624,D-119,Pinecrest Bikes,MT,01/16/2026,02/06/2026,RW-3980,Road,S,Carbon,3,2879,Y,01/30/2026
DO-20642,D-103,Cascade Cyclery,OR,01/16/2026,02/09/2026,RW-9304,MTB,S,Carbon,10,3527,Y,02/03/2026
DO-20644,D-124,Foothills Bicycles,WA,01/16/2026,02/11/2026,RW-9304,MTB,S,Carbon,5,3527,Y,02/12/2026
DO-20645,D-123,Metro Velo,OR,01/16/2026,02/02/2026,RW-9324,MTB,M,Base,5,1655,Y,02/11/2026
DO-20647,D-141,Basin Bike Shop,CA,01/16/2026,02/03/2026,RW-9324,MTB,M,Base,8,1655,Y,02/14/2026
DO-20631,D-131,Copperline Cycles,MA,01/17/2026,02/06/2026,RW-9835,Road,M,Base,8,1367,Y,02/11/2026
DO-20637,D-126,Harbor Bikes,AZ,01/17/2026,02/13/2026,RW-7298,Road,L,Base,2,1367,Y,01/27/2026
DO-20649,D-123,Metro Velo,OR,01/17/2026,02/14/2026,RW-9324,MTB,M,Base,8,1655,Y,01/31/2026
DO-20651,D-117,Mesa Verde Cycling,FL,01/17/2026,02/01/2026,RW-4418,MTB,M,Carbon,12,3527,Y,01/27/2026
DO-20652,D-143,Overlook Bikes,OR,01/17/2026,02/04/2026,RW-4418,MTB,M,Carbon,10,3527,Y,01/24/2026
DO-20653,D-139,Tidewater Bicycles,MT,01/17/2026,02/01/2026,RW-9901,MTB,L,Base,10,1655,Y,01/28/2026
DO-20625,D-116,Timberline Bikes,GA,01/18/2026,02/03/2026,RW-3980,Road,S,Carbon,4,2879,Y,02/13/2026
DO-20629,D-124,Foothills Bicycles,WA,01/18/2026,02/05/2026,RW-9835,Road,M,Base,3,1367,Y,02/07/2026
DO-20636,D-127,Prairie Wind Cycling,TX,01/18/2026,02/12/2026,RW-7298,Road,L,Base,7,1367,Y,02/06/2026
DO-20641,D-122,Evergreen Cycle Shop,CO,01/18/2026,02/12/2026,RW-9304,MTB,S,Carbon,3,3527,Y,01/30/2026
DO-20646,D-123,Metro Velo,OR,01/18/2026,02/13/2026,RW-9324,MTB,M,Base,9,1655,Y,02/10/2026
DO-20654,D-115,Alpine Wheels,MN,01/18/2026,02/11/2026,RW-9901,MTB,L,Base,5,1655,Y,01/30/2026
DO-20656,D-122,Evergreen Cycle Shop,CO,01/18/2026,02/06/2026,RW-6416,MTB,L,Carbon,4,3527,Y,01/26/2026
DO-20662,D-114,Coastal Ride Co,MI,01/19/2026,02/14/2026,RW-9835,Road,M,Base,10,1367,Y,02/07/2026
DO-20669,D-122,Evergreen Cycle Shop,CO,01/19/2026,02/13/2026,RW-2984,Road,M,Carbon,2,2879,Y,02/06/2026
DO-20672,D-122,Evergreen Cycle Shop,CO,01/19/2026,02/09/2026,RW-7298,Road,L,Base,9,1367,Y,02/16/2026
DO-20679,D-119,Pinecrest Bikes,MT,01/19/2026,02/15/2026,RW-9324,MTB,M,Base,2,1655,Y,02/15/2026
DO-20683,D-136,Capitol Cyclery,GA,01/19/2026,02/13/2026,RW-9324,MTB,M,Base,9,1655,Y,02/15/2026
DO-20686,D-102,Ridgeback Bikes,CO,01/19/2026,02/05/2026,RW-4418,MTB,M,Carbon,5,3527,Y,01/27/2026
DO-20689,D-139,Tidewater Bicycles,MT,01/19/2026,02/12/2026,RW-9901,MTB,L,Base,10,1655,Y,01/30/2026
DO-20691,D-116,Timberline Bikes,GA,01/19/2026,02/10/2026,RW-9901,MTB,L,Base,4,1655,Y,02/09/2026
DO-20663,D-110,Bluegrass Bicycles,NY,01/20/2026,02/06/2026,RW-9835,Road,M,Base,12,1367,Y,01/29/2026
DO-20671,D-131,Copperline Cycles,MA,01/20/2026,02/17/2026,RW-7298,Road,L,Base,2,1367,Y,02/05/2026
DO-20688,D-105,Trailhead Bicycle Co,UT,01/20/2026,02/06/2026,RW-9901,MTB,L,Base,6,1655,Y,02/11/2026
DO-20692,D-118,Lakeshore Cyclery,ID,01/20/2026,02/09/2026,RW-6416,MTB,L,Carbon,2,3527,Y,02/16/2026
DO-20693,D-135,Elk Creek Cycles,MN,01/20/2026,02/08/2026,RW-6416,MTB,L,Carbon,10,3527,Y,02/10/2026
DO-20668,D-145,Frontier Bicycle Works,UT,01/21/2026,02/08/2026,RW-2984,Road,M,Carbon,12,2879,Y,01/30/2026
DO-20673,D-114,Coastal Ride Co,MI,01/21/2026,02/15/2026,RW-1378,Road,L,Carbon,11,2879,Y,02/13/2026
DO-20676,D-141,Basin Bike Shop,CA,01/21/2026,02/06/2026,RW-9304,MTB,S,Carbon,11,3527,Y,02/18/2026
DO-20678,D-119,Pinecrest Bikes,MT,01/21/2026,02/15/2026,RW-9304,MTB,S,Carbon,3,3527,Y,02/15/2026
DO-20681,D-110,Bluegrass Bicycles,NY,01/21/2026,02/09/2026,RW-9324,MTB,M,Base,2,1655,Y,02/09/2026
DO-20685,D-136,Capitol Cyclery,GA,01/21/2026,02/07/2026,RW-4418,MTB,M,Carbon,11,3527,Y,02/04/2026
DO-20690,D-105,Trailhead Bicycle Co,UT,01/21/2026,02/18/2026,RW-9901,MTB,L,Base,3,1655,Y,02/13/2026
DO-20658,D-107,Iron Horse Cycles,TX,01/22/2026,02/19/2026,RW-3980,Road,S,Carbon,11,2879,Y,02/10/2026
DO-20660,D-120,Stone Bridge Cycles,NM,01/22/2026,02/15/2026,RW-3980,Road,S,Carbon,5,2879,Y,02/01/2026
DO-20677,D-135,Elk Creek Cycles,MN,01/22/2026,02/06/2026,RW-9304,MTB,S,Carbon,7,3527,Y,02/03/2026
DO-20661,D-122,Evergreen Cycle Shop,CO,01/23/2026,02/18/2026,RW-3980,Road,S,Carbon,4,2879,Y,01/30/2026
DO-20665,D-115,Alpine Wheels,MN,01/23/2026,02/06/2026,RW-9835,Road,M,Base,5,1367,Y,02/11/2026
DO-20666,D-110,Bluegrass Bicycles,NY,01/23/2026,02/11/2026,RW-2984,Road,M,Carbon,11,2879,Y,02/18/2026
DO-20674,D-131,Copperline Cycles,MA,01/23/2026,02/17/2026,RW-1378,Road,L,Carbon,10,2879,Y,02/13/2026
DO-20670,D-139,Tidewater Bicycles,MT,01/24/2026,02/15/2026,RW-7298,Road,L,Base,11,1367,Y,02/04/2026
DO-20682,D-111,High Desert Cyclery,MA,01/24/2026,02/11/2026,RW-9324,MTB,M,Base,5,1655,Y,02/06/2026
DO-20684,D-143,Overlook Bikes,OR,01/24/2026,02/16/2026,RW-9324,MTB,M,Base,9,1655,Y,02/21/2026
DO-20687,D-101,Summit Cycles,CA,01/24/2026,02/08/2026,RW-4418,MTB,M,Carbon,3,3527,Y,02/19/2026
DO-20694,D-115,Alpine Wheels,MN,01/24/2026,02/17/2026,RW-6416,MTB,L,Carbon,7,3527,Y,02/20/2026
DO-20659,D-112,Riverbend Bike Shop,PA,01/25/2026,02/21/2026,RW-3980,Road,S,Carbon,9,2879,Y,02/10/2026
DO-20664,D-141,Basin Bike Shop,CA,01/25/2026,02/10/2026,RW-9835,Road,M,Base,8,1367,Y,02/22/2026
DO-20667,D-112,Riverbend Bike Shop,PA,01/25/2026,02/10/2026,RW-2984,Road,M,Carbon,10,2879,Y,02/20/2026
DO-20675,D-145,Frontier Bicycle Works,UT,01/25/2026,02/09/2026,RW-9304,MTB,S,Carbon,11,3527,Y,02/02/2026
DO-20680,D-123,Metro Velo,OR,01/25/2026,02/09/2026,RW-9324,MTB,M,Base,6,1655,Y,02/08/2026
DO-20695,D-115,Alpine Wheels,MN,01/25/2026,02/13/2026,RW-6416,MTB,L,Carbon,3,3527,Y,02/05/2026
DO-20711,D-105,Trailhead Bicycle Co,UT,01/26/2026,02/19/2026,RW-2984,Road,M,Carbon,3,2879,Y,02/02/2026
DO-20720,D-128,Sierra Bike Works,NC,01/26/2026,02/09/2026,RW-9304,MTB,S,Carbon,5,3527,Y,02/10/2026
DO-20728,D-122,Evergreen Cycle Shop,CO,01/26/2026,02/13/2026,RW-9324,MTB,M,Base,12,1655,Y,02/04/2026
DO-20738,D-111,High Desert Cyclery,MA,01/26/2026,02/10/2026,RW-6416,MTB,L,Carbon,9,3527,Y,02/06/2026
DO-20700,D-118,Lakeshore Cyclery,ID,01/27/2026,02/13/2026,RW-3980,Road,S,Carbon,5,2879,Y,02/21/2026
DO-20705,D-144,Cedar Ridge Cycles,WA,01/27/2026,02/11/2026,RW-9835,Road,M,Base,6,1367,Y,02/06/2026
DO-20708,D-133,Rimrock Cyclery,IL,01/27/2026,02/13/2026,RW-2984,Road,M,Carbon,6,2879,Y,02/19/2026
DO-20709,D-115,Alpine Wheels,MN,01/27/2026,02/16/2026,RW-2984,Road,M,Carbon,11,2879,Y,02/20/2026
DO-20715,D-124,Foothills Bicycles,WA,01/27/2026,02/15/2026,RW-7298,Road,L,Base,4,1367,Y,02/07/2026
DO-20726,D-114,Coastal Ride Co,MI,01/27/2026,02/24/2026,RW-9324,MTB,M,Base,2,1655,Y,02/12/2026
DO-20736,D-124,Foothills Bicycles,WA,01/27/2026,02/14/2026,RW-9901,MTB,L,Base,6,1655,Y,02/22/2026
DO-20697,D-124,Foothills Bicycles,WA,01/28/2026,02/25/2026,RW-3980,Road,S,Carbon,12,2879,Y,02/06/2026
DO-20712,D-102,Ridgeback Bikes,CO,01/28/2026,02/11/2026,RW-7298,Road,L,Base,5,1367,Y,02/24/2026
DO-20713,D-116,Timberline Bikes,GA,01/28/2026,02/20/2026,RW-7298,Road,L,Base,8,1367,Y,02/22/2026
DO-20718,D-135,Elk Creek Cycles,MN,01/28/2026,02/19/2026,RW-1378,Road,L,Carbon,6,2879,Y,02/07/2026
DO-20719,D-129,Blue Ridge Cyclery,VT,01/28/2026,02/23/2026,RW-9304,MTB,S,Carbon,12,3527,Y,02/23/2026
DO-20729,D-105,Trailhead Bicycle Co,UT,01/28/2026,02/24/2026,RW-9324,MTB,M,Base,2,1655,Y,02/12/2026
DO-20735,D-139,Tidewater Bicycles,MT,01/28/2026,02/20/2026,RW-9901,MTB,L,Base,11,1655,Y,02/09/2026
DO-20737,D-135,Elk Creek Cycles,MN,01/28/2026,02/22/2026,RW-9901,MTB,L,Base,8,1655,Y,02/13/2026
DO-20698,D-128,Sierra Bike Works,NC,01/29/2026,02/24/2026,RW-3980,Road,S,Carbon,10,2879,Y,02/08/2026
DO-20707,D-135,Elk Creek Cycles,MN,01/29/2026,02/15/2026,RW-2984,Road,M,Carbon,9,2879,Y,02/09/2026
DO-20725,D-137,Driftwood Bikes,FL,01/29/2026,02/16/2026,RW-9324,MTB,M,Base,7,1655,Y,02/08/2026
DO-20733,D-122,Evergreen Cycle Shop,CO,01/29/2026,02/13/2026,RW-4418,MTB,M,Carbon,2,3527,Y,02/16/2026
DO-20699,D-110,Bluegrass Bicycles,NY,01/30/2026,02/13/2026,RW-3980,Road,S,Carbon,2,2879,Y,02/19/2026
DO-20701,D-132,Bayside Bicycle Co,PA,01/30/2026,02/23/2026,RW-9835,Road,M,Base,2,1367,Y,02/22/2026
DO-20704,D-144,Cedar Ridge Cycles,WA,01/30/2026,02/17/2026,RW-9835,Road,M,Base,11,1367,Y,02/13/2026
DO-20714,D-136,Capitol Cyclery,GA,01/30/2026,02/25/2026,RW-7298,Road,L,Base,2,1367,Y,02/16/2026
DO-20716,D-105,Trailhead Bicycle Co,UT,01/30/2026,02/14/2026,RW-1378,Road,L,Carbon,6,2879,Y,02/28/2026
DO-20717,D-129,Blue Ridge Cyclery,VT,01/30/2026,02/14/2026,RW-1378,Road,L,Carbon,5,2879,Y,02/13/2026
DO-20724,D-136,Capitol Cyclery,GA,01/30/2026,02/20/2026,RW-9324,MTB,M,Base,6,1655,Y,02/17/2026
DO-20730,D-120,Stone Bridge Cycles,NM,01/30/2026,02/21/2026,RW-4418,MTB,M,Carbon,10,3527,Y,02/06/2026
DO-20732,D-139,Tidewater Bicycles,MT,01/30/2026,02/27/2026,RW-4418,MTB,M,Carbon,3,3527,Y,02/26/2026
DO-20696,D-143,Overlook Bikes,OR,01/31/2026,02/16/2026,RW-3980,Road,S,Carbon,5,2879,Y,02/20/2026
DO-20702,D-119,Pinecrest Bikes,MT,01/31/2026,02/15/2026,RW-9835,Road,M,Base,5,1367,Y,02/28/2026
DO-20727,D-129,Blue Ridge Cyclery,VT,01/31/2026,02/18/2026,RW-9324,MTB,M,Base,10,1655,Y,02/20/2026
DO-20703,D-120,Stone Bridge Cycles,NM,02/01/2026,02/28/2026,RW-9835,Road,M,Base,7,1367,Y,02/20/2026
DO-20706,D-122,Evergreen Cycle Shop,CO,02/01/2026,03/01/2026,RW-2984,Road,M,Carbon,5,2879,Y,02/15/2026
DO-20710,D-120,Stone Bridge Cycles,NM,02/01/2026,02/22/2026,RW-2984,Road,M,Carbon,3,2879,Y,02/25/2026
DO-20721,D-104,Peak Performance Bikes,WA,02/01/2026,02/16/2026,RW-9304,MTB,S,Carbon,6,3527,Y,02/10/2026
DO-20722,D-120,Stone Bridge Cycles,NM,02/01/2026,02/23/2026,RW-9304,MTB,S,Carbon,3,3527,Y,02/25/2026
DO-20723,D-135,Elk Creek Cycles,MN,02/01/2026,02/21/2026,RW-9324,MTB,M,Base,5,1655,Y,02/23/2026
DO-20731,D-133,Rimrock Cyclery,IL,02/01/2026,02/18/2026,RW-4418,MTB,M,Carbon,11,3527,Y,02/11/2026
DO-20734,D-116,Timberline Bikes,GA,02/01/2026,02/26/2026,RW-9901,MTB,L,Base,5,1655,Y,02/23/2026
DO-20742,D-122,Evergreen Cycle Shop,CO,02/02/2026,02/17/2026,RW-3980,Road,S,Carbon,6,2879,Y,02/28/2026
DO-20744,D-114,Coastal Ride Co,MI,02/02/2026,02/16/2026,RW-9835,Road,M,Base,6,1367,Y,02/21/2026
DO-20752,D-118,Lakeshore Cyclery,ID,02/02/2026,02/24/2026,RW-2984,Road,M,Carbon,6,2879,Y,02/09/2026
DO-20754,D-142,Wildflower Cyclery,CO,02/02/2026,02/28/2026,RW-2984,Road,M,Carbon,6,2879,Y,02/12/2026
DO-20760,D-130,Big Sky Bikes,NY,02/02/2026,02/19/2026,RW-9304,MTB,S,Carbon,10,3527,Y,03/01/2026
DO-20765,D-120,Stone Bridge Cycles,NM,02/02/2026,02/25/2026,RW-9324,MTB,M,Base,5,1655,Y,02/15/2026
DO-20766,D-135,Elk Creek Cycles,MN,02/02/2026,02/27/2026,RW-9324,MTB,M,Base,12,1655,Y,02/22/2026
DO-20775,D-138,Ironwood Cycle Co,ID,02/02/2026,02/28/2026,RW-9901,MTB,L,Base,3,1655,Y,03/01/2026
DO-20776,D-105,Trailhead Bicycle Co,UT,02/02/2026,02/22/2026,RW-9901,MTB,L,Base,10,1655,Y,02/21/2026
DO-20778,D-143,Overlook Bikes,OR,02/02/2026,02/25/2026,RW-6416,MTB,L,Carbon,9,3527,Y,03/02/2026
DO-20741,D-102,Ridgeback Bikes,CO,02/03/2026,02/19/2026,RW-3980,Road,S,Carbon,9,2879,Y,03/04/2026
DO-20746,D-117,Mesa Verde Cycling,FL,02/03/2026,02/18/2026,RW-9835,Road,M,Base,4,1367,Y,02/25/2026
DO-20748,D-133,Rimrock Cyclery,IL,02/03/2026,02/18/2026,RW-9835,Road,M,Base,2,1367,Y,02/22/2026
DO-20751,D-132,Bayside Bicycle Co,PA,02/03/2026,02/17/2026,RW-2984,Road,M,Carbon,11,2879,Y,02/19/2026
DO-20774,D-129,Blue Ridge Cyclery,VT,02/03/2026,02/17/2026,RW-9901,MTB,L,Base,5,1655,Y,02/27/2026
DO-20745,D-131,Copperline Cycles,MA,02/04/2026,03/01/2026,RW-9835,Road,M,Base,3,1367,Y,02/26/2026
DO-20755,D-117,Mesa Verde Cycling,FL,02/04/2026,02/21/2026,RW-7298,Road,L,Base,7,1367,Y,02/22/2026
DO-20761,D-122,Evergreen Cycle Shop,CO,02/04/2026,02/20/2026,RW-9304,MTB,S,Carbon,3,3527,Y,02/11/2026
DO-20768,D-101,Summit Cycles,CA,02/04/2026,02/28/2026,RW-9324,MTB,M,Base,2,1655,Y,02/14/2026
DO-20770,D-139,Tidewater Bicycles,MT,02/04/2026,02/24/2026,RW-4418,MTB,M,Carbon,4,3527,Y,02/25/2026
DO-20772,D-107,Iron Horse Cycles,TX,02/04/2026,03/01/2026,RW-4418,MTB,M,Carbon,6,3527,Y,03/01/2026
DO-20773,D-127,Prairie Wind Cycling,TX,02/04/2026,03/04/2026,RW-9901,MTB,L,Base,12,1655,Y,02/28/2026
DO-20777,D-117,Mesa Verde Cycling,FL,02/04/2026,03/01/2026,RW-6416,MTB,L,Carbon,4,3527,Y,02/19/2026
DO-20750,D-120,Stone Bridge Cycles,NM,02/05/2026,02/19/2026,RW-2984,Road,M,Carbon,4,2879,Y,03/02/2026
DO-20758,D-113,Granite Peak Cycles,IL,02/05/2026,02/26/2026,RW-1378,Road,L,Carbon,11,2879,Y,02/22/2026
DO-20759,D-141,Basin Bike Shop,CA,02/05/2026,02/27/2026,RW-1378,Road,L,Carbon,3,2879,Y,02/28/2026
DO-20763,D-141,Basin Bike Shop,CA,02/05/2026,02/23/2026,RW-9304,MTB,S,Carbon,1,3527,Y,02/22/2026
DO-20764,D-132,Bayside Bicycle Co,PA,02/05/2026,02/27/2026,RW-9324,MTB,M,Base,11,1655,Y,02/18/2026
DO-20771,D-131,Copperline Cycles,MA,02/05/2026,02/19/2026,RW-4418,MTB,M,Carbon,3,3527,Y,02/19/2026
DO-20740,D-141,Basin Bike Shop,CA,02/06/2026,02/21/2026,RW-3980,Road,S,Carbon,3,2879,Y,03/01/2026
DO-20747,D-129,Blue Ridge Cyclery,VT,02/06/2026,03/01/2026,RW-9835,Road,M,Base,3,1367,Y,03/05/2026
DO-20753,D-119,Pinecrest Bikes,MT,02/06/2026,02/28/2026,RW-2984,Road,M,Carbon,5,2879,Y,02/23/2026
DO-20756,D-116,Timberline Bikes,GA,02/06/2026,03/06/2026,RW-7298,Road,L,Base,4,1367,Y,02/17/2026
DO-20757,D-128,Sierra Bike Works,NC,02/06/2026,02/27/2026,RW-7298,Road,L,Base,8,1367,Y,02/17/2026
DO-20767,D-124,Foothills Bicycles,WA,02/06/2026,02/21/2026,RW-9324,MTB,M,Base,10,1655,Y,03/05/2026
DO-20769,D-123,Metro Velo,OR,02/06/2026,03/05/2026,RW-4418,MTB,M,Carbon,10,3527,Y,02/17/2026
DO-20743,D-111,High Desert Cyclery,MA,02/07/2026,02/23/2026,RW-9835,Road,M,Base,2,1367,Y,02/15/2026
DO-20749,D-131,Copperline Cycles,MA,02/07/2026,02/25/2026,RW-2984,Road,M,Carbon,6,2879,Y,03/02/2026
DO-20739,D-116,Timberline Bikes,GA,02/08/2026,03/01/2026,RW-3980,Road,S,Carbon,9,2879,Y,02/26/2026
DO-20762,D-116,Timberline Bikes,GA,02/08/2026,03/08/2026,RW-9304,MTB,S,Carbon,11,3527,Y,02/21/2026
DO-20779,D-116,Timberline Bikes,GA,02/08/2026,03/03/2026,RW-6416,MTB,L,Carbon,3,3527,Y,03/08/2026
DO-20786,D-107,Iron Horse Cycles,TX,02/09/2026,03/09/2026,RW-9835,Road,M,Base,4,1367,Y,03/04/2026
DO-20795,D-136,Capitol Cyclery,GA,02/09/2026,03/07/2026,RW-1378,Road,L,Carbon,5,2879,Y,03/07/2026
DO-20807,D-129,Blue Ridge Cyclery,VT,02/09/2026,02/25/2026,RW-4418,MTB,M,Carbon,4,3527,Y,03/01/2026
DO-20809,D-136,Capitol Cyclery,GA,02/09/2026,02/25/2026,RW-4418,MTB,M,Carbon,7,3527,Y,03/03/2026
DO-20811,D-119,Pinecrest Bikes,MT,02/09/2026,03/06/2026,RW-9901,MTB,L,Base,10,1655,Y,03/02/2026
DO-20813,D-115,Alpine Wheels,MN,02/09/2026,03/07/2026,RW-9901,MTB,L,Base,3,1655,Y,02/18/2026
DO-20781,D-114,Coastal Ride Co,MI,02/10/2026,03/03/2026,RW-3980,Road,S,Carbon,10,2879,Y,03/02/2026
DO-20784,D-118,Lakeshore Cyclery,ID,02/10/2026,02/27/2026,RW-9835,Road,M,Base,2,1367,Y,02/28/2026
DO-20796,D-110,Bluegrass Bicycles,NY,02/10/2026,03/02/2026,RW-1378,Road,L,Carbon,4,2879,Y,02/28/2026
DO-20801,D-126,Harbor Bikes,AZ,02/10/2026,02/26/2026,RW-9304,MTB,S,Carbon,2,3527,Y,02/24/2026
DO-20802,D-122,Evergreen Cycle Shop,CO,02/10/2026,03/09/2026,RW-9324,MTB,M,Base,7,1655,Y,02/21/2026
DO-20805,D-141,Basin Bike Shop,CA,02/10/2026,03/04/2026,RW-9324,MTB,M,Base,12,1655,Y,02/27/2026
DO-20808,D-115,Alpine Wheels,MN,02/10/2026,03/01/2026,RW-4418,MTB,M,Carbon,8,3527,Y,02/18/2026
DO-20810,D-116,Timberline Bikes,GA,02/10/2026,03/05/2026,RW-4418,MTB,M,Carbon,3,3527,Y,02/21/2026
DO-20814,D-101,Summit Cycles,CA,02/10/2026,03/04/2026,RW-6416,MTB,L,Carbon,2,3527,Y,02/22/2026
DO-20815,D-124,Foothills Bicycles,WA,02/10/2026,03/04/2026,RW-6416,MTB,L,Carbon,3,3527,Y,02/18/2026
DO-20791,D-117,Mesa Verde Cycling,FL,02/11/2026,03/04/2026,RW-7298,Road,L,Base,5,1367,Y,03/03/2026
DO-20783,D-124,Foothills Bicycles,WA,02/12/2026,03/12/2026,RW-9835,Road,M,Base,3,1367,Y,03/01/2026
DO-20789,D-114,Coastal Ride Co,MI,02/12/2026,03/12/2026,RW-2984,Road,M,Carbon,10,2879,Y,02/22/2026
DO-20792,D-108,Canyon Edge Bikes,NC,02/12/2026,03/03/2026,RW-7298,Road,L,Base,6,1367,Y,02/20/2026
DO-20794,D-117,Mesa Verde Cycling,FL,02/12/2026,02/27/2026,RW-1378,Road,L,Carbon,5,2879,Y,02/23/2026
DO-20797,D-108,Canyon Edge Bikes,NC,02/12/2026,02/28/2026,RW-1378,Road,L,Carbon,3,2879,Y,03/06/2026
DO-20816,D-123,Metro Velo,OR,02/12/2026,03/02/2026,RW-6416,MTB,L,Carbon,6,3527,Y,03/11/2026
DO-20787,D-141,Basin Bike Shop,CA,02/13/2026,03/11/2026,RW-9835,Road,M,Base,12,1367,Y,03/12/2026
DO-20793,D-131,Copperline Cycles,MA,02/13/2026,03/08/2026,RW-7298,Road,L,Base,1,1367,Y,02/23/2026
DO-20803,D-126,Harbor Bikes,AZ,02/13/2026,02/28/2026,RW-9324,MTB,M,Base,8,1655,Y,02/26/2026
DO-20804,D-129,Blue Ridge Cyclery,VT,02/13/2026,03/10/2026,RW-9324,MTB,M,Base,9,1655,Y,03/08/2026
DO-20780,D-135,Elk Creek Cycles,MN,02/14/2026,03/01/2026,RW-3980,Road,S,Carbon,11,2879,Y,02/21/2026
DO-20782,D-116,Timberline Bikes,GA,02/14/2026,03/03/2026,RW-3980,Road,S,Carbon,3,2879,Y,02/22/2026
DO-20799,D-123,Metro Velo,OR,02/14/2026,03/04/2026,RW-9304,MTB,S,Carbon,12,3527,Y,02/24/2026
DO-20806,D-134,Old Town Bikes,MI,02/14/2026,03/14/2026,RW-9324,MTB,M,Base,2,1655,Y,03/08/2026
DO-20812,D-137,Driftwood Bikes,FL,02/14/2026,03/04/2026,RW-9901,MTB,L,Base,12,1655,Y,02/23/2026
DO-20785,D-115,Alpine Wheels,MN,02/15/2026,03/09/2026,RW-9835,Road,M,Base,10,1367,Y,03/16/2026
DO-20788,D-129,Blue Ridge Cyclery,VT,02/15/2026,03/06/2026,RW-2984,Road,M,Carbon,11,2879,Y,03/07/2026
DO-20790,D-136,Capitol Cyclery,GA,02/15/2026,03/03/2026,RW-7298,Road,L,Base,8,1367,Y,02/28/2026
DO-20798,D-134,Old Town Bikes,MI,02/15/2026,03/09/2026,RW-9304,MTB,S,Carbon,7,3527,Y,03/07/2026
DO-20800,D-114,Coastal Ride Co,MI,02/15/2026,03/15/2026,RW-9304,MTB,S,Carbon,2,3527,Y,02/22/2026
DO-20823,D-111,High Desert Cyclery,MA,02/16/2026,03/09/2026,RW-9835,Road,M,Base,2,1367,Y,03/11/2026
DO-20829,D-132,Bayside Bicycle Co,PA,02/16/2026,03/06/2026,RW-2984,Road,M,Carbon,8,2879,Y,03/16/2026
DO-20858,D-103,Cascade Cyclery,OR,02/16/2026,03/07/2026,RW-6416,MTB,L,Carbon,5,3527,Y,03/05/2026
DO-20828,D-136,Capitol Cyclery,GA,02/17/2026,03/13/2026,RW-2984,Road,M,Carbon,4,2879,Y,03/16/2026
DO-20832,D-128,Sierra Bike Works,NC,02/17/2026,03/04/2026,RW-2984,Road,M,Carbon,5,2879,Y,02/24/2026
DO-20837,D-109,Northstar Cycle Works,VT,02/17/2026,03/12/2026,RW-1378,Road,L,Carbon,5,2879,Y,03/08/2026
DO-20838,D-132,Bayside Bicycle Co,PA,02/17/2026,03/05/2026,RW-1378,Road,L,Carbon,8,2879,Y,03/01/2026
DO-20842,D-133,Rimrock Cyclery,IL,02/17/2026,03/03/2026,RW-9304,MTB,S,Carbon,5,3527,Y,03/01/2026
DO-20847,D-143,Overlook Bikes,OR,02/17/2026,03/06/2026,RW-9324,MTB,M,Base,2,1655,Y,03/05/2026
DO-20857,D-109,Northstar Cycle Works,VT,02/17/2026,03/04/2026,RW-9901,MTB,L,Base,7,1655,Y,03/02/2026
DO-20859,D-139,Tidewater Bicycles,MT,02/17/2026,03/15/2026,RW-6416,MTB,L,Carbon,2,3527,Y,03/09/2026
DO-20820,D-123,Metro Velo,OR,02/18/2026,03/12/2026,RW-3980,Road,S,Carbon,3,2879,Y,03/06/2026
DO-20826,D-115,Alpine Wheels,MN,02/18/2026,03/04/2026,RW-9835,Road,M,Base,7,1367,Y,03/15/2026
DO-20840,D-118,Lakeshore Cyclery,ID,02/18/2026,03/05/2026,RW-9304,MTB,S,Carbon,8,3527,Y,03/13/2026
DO-20846,D-131,Copperline Cycles,MA,02/18/2026,03/06/2026,RW-9324,MTB,M,Base,12,1655,Y,03/07/2026
DO-20851,D-107,Iron Horse Cycles,TX,02/18/2026,03/06/2026,RW-4418,MTB,M,Carbon,11,3527,Y,02/28/2026
DO-20856,D-128,Sierra Bike Works,NC,02/18/2026,03/05/2026,RW-9901,MTB,L,Base,12,1655,Y,03/17/2026
DO-20821,D-103,Cascade Cyclery,OR,02/19/2026,03/16/2026,RW-3980,Road,S,Carbon,2,2879,Y,03/02/2026
DO-20824,D-107,Iron Horse Cycles,TX,02/19/2026,03/10/2026,RW-9835,Road,M,Base,8,1367,Y,02/27/2026
DO-20841,D-135,Elk Creek Cycles,MN,02/19/2026,03/05/2026,RW-9304,MTB,S,Carbon,5,3527,Y,03/07/2026
DO-20843,D-107,Iron Horse Cycles,TX,02/19/2026,03/11/2026,RW-9324,MTB,M,Base,6,1655,Y,03/10/2026
DO-20845,D-128,Sierra Bike Works,NC,02/19/2026,03/15/2026,RW-9324,MTB,M,Base,4,1655,Y,03/19/2026
DO-20848,D-111,High Desert Cyclery,MA,02/19/2026,03/18/2026,RW-9324,MTB,M,Base,7,1655,Y,03/12/2026
DO-20849,D-135,Elk Creek Cycles,MN,02/19/2026,03/15/2026,RW-9324,MTB,M,Base,3,1655,Y,03/12/2026
DO-20850,D-122,Evergreen Cycle Shop,CO,02/19/2026,03/09/2026,RW-9324,MTB,M,Base,1,1655,Y,03/09/2026
DO-20854,D-114,Coastal Ride Co,MI,02/19/2026,03/17/2026,RW-4418,MTB,M,Carbon,8,3527,Y,03/07/2026
DO-20855,D-145,Frontier Bicycle Works,UT,02/19/2026,03/14/2026,RW-9901,MTB,L,Base,4,1655,Y,03/17/2026
DO-20817,D-122,Evergreen Cycle Shop,CO,02/20/2026,03/09/2026,RW-3980,Road,S,Carbon,8,2879,Y,03/08/2026
DO-20819,D-113,Granite Peak Cycles,IL,02/20/2026,03/10/2026,RW-3980,Road,S,Carbon,2,2879,Y,03/15/2026
DO-20822,D-143,Overlook Bikes,OR,02/20/2026,03/15/2026,RW-3980,Road,S,Carbon,5,2879,Y,03/05/2026
DO-20833,D-129,Blue Ridge Cyclery,VT,02/20/2026,03/20/2026,RW-7298,Road,L,Base,3,1367,Y,03/01/2026
DO-20835,D-135,Elk Creek Cycles,MN,02/20/2026,03/17/2026,RW-7298,Road,L,Base,1,1367,Y,03/12/2026
DO-20839,D-133,Rimrock Cyclery,IL,02/20/2026,03/10/2026,RW-9304,MTB,S,Carbon,6,3527,Y,03/09/2026
DO-20852,D-130,Big Sky Bikes,NY,02/20/2026,03/16/2026,RW-4418,MTB,M,Carbon,3,3527,Y,03/05/2026
DO-20825,D-110,Bluegrass Bicycles,NY,02/21/2026,03/18/2026,RW-9835,Road,M,Base,4,1367,Y,03/10/2026
DO-20827,D-108,Canyon Edge Bikes,NC,02/21/2026,03/08/2026,RW-9835,Road,M,Base,9,1367,Y,03/08/2026
DO-20830,D-135,Elk Creek Cycles,MN,02/21/2026,03/20/2026,RW-2984,Road,M,Carbon,11,2879,Y,03/06/2026
DO-20831,D-105,Trailhead Bicycle Co,UT,02/21/2026,03/16/2026,RW-2984,Road,M,Carbon,5,2879,Y,03/19/2026
DO-20853,D-131,Copperline Cycles,MA,02/21/2026,03/15/2026,RW-4418,MTB,M,Carbon,3,3527,Y,03/19/2026
DO-20860,D-116,Timberline Bikes,GA,02/21/2026,03/13/2026,RW-6416,MTB,L,Carbon,3,3527,Y,03/11/2026
DO-20818,D-131,Copperline Cycles,MA,02/22/2026,03/13/2026,RW-3980,Road,S,Carbon,4,2879,Y,03/13/2026
DO-20834,D-135,Elk Creek Cycles,MN,02/22/2026,03/13/2026,RW-7298,Road,L,Base,12,1367,Y,03/10/2026
DO-20836,D-145,Frontier Bicycle Works,UT,02/22/2026,03/13/2026,RW-1378,Road,L,Carbon,5,2879,Y,03/20/2026
DO-20844,D-131,Copperline Cycles,MA,02/22/2026,03/21/2026,RW-9324,MTB,M,Base,7,1655,Y,03/18/2026
DO-20861,D-103,Cascade Cyclery,OR,02/22/2026,03/21/2026,RW-6416,MTB,L,Carbon,3,3527,Y,03/21/2026
DO-20866,D-124,Foothills Bicycles,WA,02/23/2026,03/16/2026,RW-3980,Road,S,Carbon,2,2879,Y,03/11/2026
DO-20868,D-103,Cascade Cyclery,OR,02/23/2026,03/12/2026,RW-9835,Road,M,Base,9,1367,Y,03/23/2026
DO-20877,D-141,Basin Bike Shop,CA,02/23/2026,03/09/2026,RW-2984,Road,M,Carbon,4,2879,Y,03/12/2026
DO-20878,D-141,Basin Bike Shop,CA,02/23/2026,03/16/2026,RW-2984,Road,M,Carbon,2,2879,Y,03/06/2026
DO-20884,D-111,High Desert Cyclery,MA,02/23/2026,03/17/2026,RW-9304,MTB,S,Carbon,3,3527,Y,03/07/2026
DO-20886,D-101,Summit Cycles,CA,02/23/2026,03/13/2026,RW-9304,MTB,S,Carbon,7,3527,Y,03/15/2026
DO-20891,D-105,Trailhead Bicycle Co,UT,02/23/2026,03/12/2026,RW-9324,MTB,M,Base,4,1655,Y,03/09/2026
DO-20894,D-124,Foothills Bicycles,WA,02/23/2026,03/15/2026,RW-9324,MTB,M,Base,4,1655,Y,03/08/2026
DO-20902,D-114,Coastal Ride Co,MI,02/23/2026,03/15/2026,RW-9901,MTB,L,Base,5,1655,Y,03/09/2026
DO-20864,D-115,Alpine Wheels,MN,02/24/2026,03/14/2026,RW-3980,Road,S,Carbon,11,2879,Y,03/13/2026
DO-20871,D-123,Metro Velo,OR,02/24/2026,03/19/2026,RW-9835,Road,M,Base,3,1367,Y,03/17/2026
DO-20874,D-108,Canyon Edge Bikes,NC,02/24/2026,03/17/2026,RW-2984,Road,M,Carbon,9,2879,Y,03/11/2026
DO-20887,D-110,Bluegrass Bicycles,NY,02/24/2026,03/14/2026,RW-9304,MTB,S,Carbon,6,3527,Y,03/04/2026
DO-20901,D-132,Bayside Bicycle Co,PA,02/24/2026,03/12/2026,RW-9901,MTB,L,Base,2,1655,Y,03/25/2026
DO-20869,D-132,Bayside Bicycle Co,PA,02/25/2026,03/14/2026,RW-9835,Road,M,Base,6,1367,Y,03/16/2026
DO-20870,D-129,Blue Ridge Cyclery,VT,02/25/2026,03/12/2026,RW-9835,Road,M,Base,2,1367,Y,03/18/2026
DO-20873,D-135,Elk Creek Cycles,MN,02/25/2026,03/22/2026,RW-2984,Road,M,Carbon,3,2879,Y,03/05/2026
DO-20881,D-105,Trailhead Bicycle Co,UT,02/25/2026,03/11/2026,RW-7298,Road,L,Base,2,1367,Y,03/19/2026
DO-20885,D-122,Evergreen Cycle Shop,CO,02/25/2026,03/17/2026,RW-9304,MTB,S,Carbon,8,3527,Y,03/04/2026
DO-20892,D-119,Pinecrest Bikes,MT,02/25/2026,03/17/2026,RW-9324,MTB,M,Base,4,1655,Y,03/17/2026
DO-20899,D-127,Prairie Wind Cycling,TX,02/25/2026,03/16/2026,RW-9901,MTB,L,Base,4,1655,Y,03/09/2026
DO-20900,D-110,Bluegrass Bicycles,NY,02/25/2026,03/22/2026,RW-9901,MTB,L,Base,7,1655,Y,03/05/2026
DO-20907,D-124,Foothills Bicycles,WA,02/25/2026,03/20/2026,RW-6416,MTB,L,Carbon,2,3527,Y,03/25/2026
DO-20867,D-101,Summit Cycles,CA,02/26/2026,03/18/2026,RW-9835,Road,M,Base,7,1367,Y,03/10/2026
DO-20876,D-124,Foothills Bicycles,WA,02/26/2026,03/14/2026,RW-2984,Road,M,Carbon,9,2879,Y,03/05/2026
DO-20882,D-129,Blue Ridge Cyclery,VT,02/26/2026,03/15/2026,RW-1378,Road,L,Carbon,7,2879,Y,03/14/2026
DO-20883,D-103,Cascade Cyclery,OR,02/26/2026,03/16/2026,RW-1378,Road,L,Carbon,8,2879,Y,03/16/2026
DO-20888,D-117,Mesa Verde Cycling,FL,02/26/2026,03/21/2026,RW-9304,MTB,S,Carbon,4,3527,Y,03/22/2026
DO-20904,D-133,Rimrock Cyclery,IL,02/26/2026,03/25/2026,RW-6416,MTB,L,Carbon,4,3527,Y,03/10/2026
DO-20865,D-116,Timberline Bikes,GA,02/27/2026,03/14/2026,RW-3980,Road,S,Carbon,4,2879,Y,03/08/2026
DO-20879,D-131,Copperline Cycles,MA,02/27/2026,03/26/2026,RW-2984,Road,M,Carbon,1,2879,Y,03/14/2026
DO-20890,D-110,Bluegrass Bicycles,NY,02/27/2026,03/26/2026,RW-9324,MTB,M,Base,9,1655,Y,03/12/2026
DO-20893,D-115,Alpine Wheels,MN,02/27/2026,03/14/2026,RW-9324,MTB,M,Base,5,1655,Y,03/14/2026
DO-20897,D-122,Evergreen Cycle Shop,CO,02/27/2026,03/20/2026,RW-4418,MTB,M,Carbon,5,3527,Y,03/06/2026
DO-20906,D-129,Blue Ridge Cyclery,VT,02/27/2026,03/24/2026,RW-6416,MTB,L,Carbon,4,3527,Y,03/21/2026
DO-20862,D-111,High Desert Cyclery,MA,02/28/2026,03/14/2026,RW-3980,Road,S,Carbon,2,2879,Y,03/24/2026
DO-20875,D-120,Stone Bridge Cycles,NM,02/28/2026,03/15/2026,RW-2984,Road,M,Carbon,8,2879,Y,03/26/2026
DO-20880,D-134,Old Town Bikes,MI,02/28/2026,03/27/2026,RW-7298,Road,L,Base,11,1367,Y,03/20/2026
DO-20863,D-110,Bluegrass Bicycles,NY,03/01/2026,03/22/2026,RW-3980,Road,S,Carbon,8,2879,Y,03/11/2026
DO-20872,D-132,Bayside Bicycle Co,PA,03/01/2026,03/21/2026,RW-9835,Road,M,Base,6,1367,Y,03/13/2026
DO-20889,D-117,Mesa Verde Cycling,FL,03/01/2026,03/23/2026,RW-9324,MTB,M,Base,3,1655,Y,03/29/2026
DO-20895,D-134,Old Town Bikes,MI,03/01/2026,03/21/2026,RW-4418,MTB,M,Carbon,5,3527,Y,03/11/2026
DO-20896,D-115,Alpine Wheels,MN,03/01/2026,03/24/2026,RW-4418,MTB,M,Carbon,8,3527,Y,03/10/2026
DO-20898,D-115,Alpine Wheels,MN,03/01/2026,03/16/2026,RW-9901,MTB,L,Base,8,1655,Y,03/19/2026
DO-20903,D-122,Evergreen Cycle Shop,CO,03/01/2026,03/22/2026,RW-9901,MTB,L,Base,1,1655,Y,03/22/2026
DO-20905,D-125,Switchback Cycles,UT,03/01/2026,03/18/2026,RW-6416,MTB,L,Carbon,9,3527,Y,03/20/2026
DO-20913,D-105,Trailhead Bicycle Co,UT,03/02/2026,03/29/2026,RW-3980,Road,S,Carbon,7,2879,Y,03/30/2026
DO-20923,D-131,Copperline Cycles,MA,03/02/2026,03/18/2026,RW-2984,Road,M,Carbon,12,2879,Y,03/15/2026
DO-20927,D-136,Capitol Cyclery,GA,03/02/2026,03/29/2026,RW-2984,Road,M,Carbon,7,2879,Y,03/23/2026
DO-20928,D-116,Timberline Bikes,GA,03/02/2026,03/27/2026,RW-2984,Road,M,Carbon,3,2879,Y,03/30/2026
DO-20931,D-109,Northstar Cycle Works,VT,03/02/2026,03/24/2026,RW-2984,Road,M,Carbon,2,2879,Y,03/22/2026
DO-20937,D-116,Timberline Bikes,GA,03/02/2026,03/19/2026,RW-7298,Road,L,Base,7,1367,Y,03/20/2026
DO-20957,D-115,Alpine Wheels,MN,03/02/2026,03/30/2026,RW-4418,MTB,M,Carbon,3,3527,Y,03/31/2026
DO-20967,D-132,Bayside Bicycle Co,PA,03/02/2026,03/19/2026,RW-6416,MTB,L,Carbon,3,3527,Y,03/09/2026
DO-20970,D-145,Frontier Bicycle Works,UT,03/02/2026,03/29/2026,RW-6416,MTB,L,Carbon,6,3527,Y,03/22/2026
DO-20908,D-107,Iron Horse Cycles,TX,03/03/2026,03/20/2026,RW-3980,Road,S,Carbon,5,2879,Y,03/18/2026
DO-20912,D-110,Bluegrass Bicycles,NY,03/03/2026,03/31/2026,RW-3980,Road,S,Carbon,5,2879,Y,03/18/2026
DO-20914,D-124,Foothills Bicycles,WA,03/03/2026,03/25/2026,RW-3980,Road,S,Carbon,3,2879,Y,03/30/2026
DO-20917,D-128,Sierra Bike Works,NC,03/03/2026,03/30/2026,RW-9835,Road,M,Base,4,1367,Y,03/25/2026
DO-20919,D-110,Bluegrass Bicycles,NY,03/03/2026,03/19/2026,RW-9835,Road,M,Base,2,1367,Y,03/31/2026
DO-20924,D-102,Ridgeback Bikes,CO,03/03/2026,03/28/2026,RW-2984,Road,M,Carbon,2,2879,Y,03/24/2026
DO-20947,D-124,Foothills Bicycles,WA,03/03/2026,03/25/2026,RW-9324,MTB,M,Base,11,1655,Y,03/18/2026
DO-20955,D-123,Metro Velo,OR,03/03/2026,03/31/2026,RW-4418,MTB,M,Carbon,7,3527,Y,03/23/2026
DO-20909,D-122,Evergreen Cycle Shop,CO,03/04/2026,04/01/2026,RW-3980,Road,S,Carbon,10,2879,Y,03/27/2026
DO-20921,D-101,Summit Cycles,CA,03/04/2026,03/19/2026,RW-9835,Road,M,Base,10,1367,Y,03/22/2026
DO-20926,D-132,Bayside Bicycle Co,PA,03/04/2026,03/27/2026,RW-2984,Road,M,Carbon,5,2879,Y,03/31/2026
DO-20930,D-119,Pinecrest Bikes,MT,03/04/2026,03/31/2026,RW-2984,Road,M,Carbon,5,2879,Y,03/29/2026
DO-20935,D-120,Stone Bridge Cycles,NM,03/04/2026,04/01/2026,RW-7298,Road,L,Base,5,1367,Y,03/14/2026
DO-20939,D-143,Overlook Bikes,OR,03/04/2026,03/23/2026,RW-1378,Road,L,Carbon,5,2879,Y,03/20/2026
DO-20945,D-137,Driftwood Bikes,FL,03/04/2026,04/01/2026,RW-9304,MTB,S,Carbon,11,3527,Y,03/18/2026
DO-20946,D-143,Overlook Bikes,OR,03/04/2026,03/25/2026,RW-9304,MTB,S,Carbon,3,3527,Y,03/28/2026
DO-20952,D-122,Evergreen Cycle Shop,CO,03/04/2026,03/29/2026,RW-9324,MTB,M,Base,5,1655,Y,03/30/2026
DO-20953,D-131,Copperline Cycles,MA,03/04/2026,03/30/2026,RW-9324,MTB,M,Base,6,1655,Y,03/18/2026
DO-20965,D-102,Ridgeback Bikes,CO,03/04/2026,03/20/2026,RW-9901,MTB,L,Base,5,1655,Y,03/16/2026
DO-20916,D-139,Tidewater Bicycles,MT,03/05/2026,03/21/2026,RW-9835,Road,M,Base,8,1367,Y,03/23/2026
DO-20918,D-129,Blue Ridge Cyclery,VT,03/05/2026,03/21/2026,RW-9835,Road,M,Base,11,1367,Y,03/23/2026
DO-20936,D-101,Summit Cycles,CA,03/05/2026,03/25/2026,RW-7298,Road,L,Base,4,1367,Y,04/03/2026
DO-20938,D-101,Summit Cycles,CA,03/05/2026,03/20/2026,RW-7298,Road,L,Base,5,1367,Y,03/22/2026
DO-20942,D-129,Blue Ridge Cyclery,VT,03/05/2026,03/21/2026,RW-1378,Road,L,Carbon,3,2879,Y,03/20/2026
DO-20954,D-132,Bayside Bicycle Co,PA,03/05/2026,03/24/2026,RW-9324,MTB,M,Base,6,1655,Y,03/27/2026
DO-20960,D-123,Metro Velo,OR,03/05/2026,03/24/2026,RW-9901,MTB,L,Base,8,1655,Y,03/19/2026
DO-20963,D-102,Ridgeback Bikes,CO,03/05/2026,03/23/2026,RW-9901,MTB,L,Base,6,1655,Y,03/22/2026
DO-20915,D-116,Timberline Bikes,GA,03/06/2026,03/29/2026,RW-9835,Road,M,Base,7,1367,Y,04/02/2026
DO-20941,D-111,High Desert Cyclery,MA,03/06/2026,03/24/2026,RW-1378,Road,L,Carbon,11,2879,Y,03/28/2026
DO-20944,D-145,Frontier Bicycle Works,UT,03/06/2026,03/22/2026,RW-9304,MTB,S,Carbon,7,3527,Y,03/17/2026
DO-20949,D-115,Alpine Wheels,MN,03/06/2026,03/29/2026,RW-9324,MTB,M,Base,10,1655,Y,03/31/2026
DO-20950,D-128,Sierra Bike Works,NC,03/06/2026,03/28/2026,RW-9324,MTB,M,Base,8,1655,Y,03/22/2026
DO-20956,D-132,Bayside Bicycle Co,PA,03/06/2026,03/21/2026,RW-4418,MTB,M,Carbon,11,3527,Y,03/30/2026
DO-20961,D-110,Bluegrass Bicycles,NY,03/06/2026,03/22/2026,RW-9901,MTB,L,Base,5,1655,Y,03/26/2026
DO-20964,D-134,Old Town Bikes,MI,03/06/2026,03/27/2026,RW-9901,MTB,L,Base,7,1655,Y,03/23/2026
DO-20968,D-111,High Desert Cyclery,MA,03/06/2026,03/28/2026,RW-6416,MTB,L,Carbon,2,3527,Y,03/27/2026
DO-20910,D-105,Trailhead Bicycle Co,UT,03/07/2026,03/23/2026,RW-3980,Road,S,Carbon,10,2879,Y,03/14/2026
DO-20925,D-120,Stone Bridge Cycles,NM,03/07/2026,04/01/2026,RW-2984,Road,M,Carbon,4,2879,Y,03/25/2026
DO-20932,D-122,Evergreen Cycle Shop,CO,03/07/2026,03/22/2026,RW-2984,Road,M,Carbon,2,2879,Y,03/16/2026
DO-20934,D-131,Copperline Cycles,MA,03/07/2026,03/23/2026,RW-7298,Road,L,Base,7,1367,Y,03/15/2026
DO-20940,D-105,Trailhead Bicycle Co,UT,03/07/2026,04/03/2026,RW-1378,Road,L,Carbon,9,2879,Y,03/26/2026
DO-20948,D-123,Metro Velo,OR,03/07/2026,03/21/2026,RW-9324,MTB,M,Base,7,1655,Y,03/23/2026
DO-20958,D-131,Copperline Cycles,MA,03/07/2026,03/26/2026,RW-4418,MTB,M,Carbon,8,3527,Y,03/19/2026
DO-20959,D-117,Mesa Verde Cycling,FL,03/07/2026,03/27/2026,RW-4418,MTB,M,Carbon,4,3527,Y,03/24/2026
DO-20966,D-136,Capitol Cyclery,GA,03/07/2026,03/28/2026,RW-9901,MTB,L,Base,3,1655,Y,03/15/2026
DO-20911,D-135,Elk Creek Cycles,MN,03/08/2026,04/01/2026,RW-3980,Road,S,Carbon,5,2879,Y,03/15/2026
DO-20920,D-111,High Desert Cyclery,MA,03/08/2026,04/05/2026,RW-9835,Road,M,Base,9,1367,Y,03/21/2026
DO-20922,D-123,Metro Velo,OR,03/08/2026,03/29/2026,RW-9835,Road,M,Base,11,1367,Y,03/29/2026
DO-20929,D-113,Granite Peak Cycles,IL,03/08/2026,04/03/2026,RW-2984,Road,M,Carbon,5,2879,Y,03/19/2026
DO-20933,D-115,Alpine Wheels,MN,03/08/2026,03/24/2026,RW-7298,Road,L,Base,9,1367,Y,03/29/2026
DO-20943,D-117,Mesa Verde Cycling,FL,03/08/2026,03/27/2026,RW-9304,MTB,S,Carbon,10,3527,Y,03/31/2026
DO-20951,D-110,Bluegrass Bicycles,NY,03/08/2026,03/31/2026,RW-9324,MTB,M,Base,7,1655,Y,03/20/2026
DO-20962,D-136,Capitol Cyclery,GA,03/08/2026,04/05/2026,RW-9901,MTB,L,Base,11,1655,Y,03/28/2026
DO-20969,D-131,Copperline Cycles,MA,03/08/2026,03/24/2026,RW-6416,MTB,L,Carbon,10,3527,Y,03/28/2026
DO-20983,D-132,Bayside Bicycle Co,PA,03/09/2026,03/31/2026,RW-9835,Road,M,Base,9,1367,Y,04/01/2026
DO-20985,D-118,Lakeshore Cyclery,ID,03/09/2026,03/25/2026,RW-9835,Road,M,Base,7,1367,Y,03/23/2026
DO-20986,D-141,Basin Bike Shop,CA,03/09/2026,03/25/2026,RW-9835,Road,M,Base,9,1367,Y,03/29/2026
DO-20996,D-111,High Desert Cyclery,MA,03/09/2026,04/05/2026,RW-7298,Road,L,Base,6,1367,Y,03/19/2026
DO-21019,D-116,Timberline Bikes,GA,03/09/2026,03/30/2026,RW-9324,MTB,M,Base,12,1655,Y,03/24/2026
DO-21021,D-129,Blue Ridge Cyclery,VT,03/09/2026,03/28/2026,RW-9324,MTB,M,Base,4,1655,Y,04/05/2026
DO-21025,D-126,Harbor Bikes,AZ,03/09/2026,03/26/2026,RW-4418,MTB,M,Carbon,2,3527,Y,03/27/2026
DO-21034,D-137,Driftwood Bikes,FL,03/09/2026,03/29/2026,RW-9901,MTB,L,Base,5,1655,Y,04/06/2026
DO-21038,D-140,Aspen Grove Cycles,NM,03/09/2026,03/25/2026,RW-6416,MTB,L,Carbon,12,3527,Y,04/05/2026
DO-20971,D-130,Big Sky Bikes,NY,03/10/2026,04/05/2026,RW-3980,Road,S,Carbon,3,2879,Y,04/07/2026
DO-20973,D-117,Mesa Verde Cycling,FL,03/10/2026,04/05/2026,RW-3980,Road,S,Carbon,6,2879,Y,03/18/2026
DO-20978,D-110,Bluegrass Bicycles,NY,03/10/2026,03/28/2026,RW-9835,Road,M,Base,3,1367,Y,03/19/2026
DO-20984,D-116,Timberline Bikes,GA,03/10/2026,04/05/2026,RW-9835,Road,M,Base,3,1367,Y,04/07/2026
DO-20987,D-141,Basin Bike Shop,CA,03/10/2026,03/28/2026,RW-9835,Road,M,Base,6,1367,Y,03/28/2026
DO-20990,D-116,Timberline Bikes,GA,03/10/2026,03/29/2026,RW-2984,Road,M,Carbon,4,2879,Y,03/23/2026
DO-20994,D-131,Copperline Cycles,MA,03/10/2026,03/30/2026,RW-2984,Road,M,Carbon,6,2879,Y,03/21/2026
DO-20995,D-115,Alpine Wheels,MN,03/10/2026,04/06/2026,RW-2984,Road,M,Carbon,3,2879,Y,03/27/2026
DO-20997,D-138,Ironwood Cycle Co,ID,03/10/2026,04/04/2026,RW-7298,Road,L,Base,9,1367,Y,04/08/2026
DO-21005,D-124,Foothills Bicycles,WA,03/10/2026,04/05/2026,RW-9304,MTB,S,Carbon,7,3527,Y,04/08/2026
DO-21009,D-115,Alpine Wheels,MN,03/10/2026,03/28/2026,RW-9304,MTB,S,Carbon,4,3527,Y,04/06/2026
DO-21011,D-118,Lakeshore Cyclery,ID,03/10/2026,03/31/2026,RW-9324,MTB,M,Base,7,1655,Y,03/29/2026
DO-21017,D-141,Basin Bike Shop,CA,03/10/2026,03/28/2026,RW-9324,MTB,M,Base,12,1655,Y,03/21/2026
DO-21020,D-135,Elk Creek Cycles,MN,03/10/2026,04/04/2026,RW-9324,MTB,M,Base,4,1655,Y,04/05/2026
DO-21028,D-101,Summit Cycles,CA,03/10/2026,04/06/2026,RW-4418,MTB,M,Carbon,2,3527,Y,03/19/2026
DO-20975,D-145,Frontier Bicycle Works,UT,03/11/2026,04/07/2026,RW-3980,Road,S,Carbon,12,2879,Y,04/09/2026
DO-20980,D-131,Copperline Cycles,MA,03/11/2026,03/28/2026,RW-9835,Road,M,Base,9,1367,Y,04/03/2026
DO-21007,D-120,Stone Bridge Cycles,NM,03/11/2026,04/05/2026,RW-9304,MTB,S,Carbon,11,3527,Y,04/08/2026
DO-21018,D-103,Cascade Cyclery,OR,03/11/2026,04/06/2026,RW-9324,MTB,M,Base,6,1655,Y,04/07/2026
DO-21029,D-139,Tidewater Bicycles,MT,03/11/2026,04/08/2026,RW-9901,MTB,L,Base,3,1655,Y,03/19/2026
DO-21036,D-107,Iron Horse Cycles,TX,03/11/2026,04/01/2026,RW-6416,MTB,L,Carbon,2,3527,Y,03/31/2026
DO-20977,D-137,Driftwood Bikes,FL,03/12/2026,04/09/2026,RW-3980,Road,S,Carbon,9,2879,Y,03/27/2026
DO-20992,D-135,Elk Creek Cycles,MN,03/12/2026,04/08/2026,RW-2984,Road,M,Carbon,2,2879,Y,04/04/2026
DO-20998,D-109,Northstar Cycle Works,VT,03/12/2026,03/29/2026,RW-7298,Road,L,Base,10,1367,Y,03/20/2026
DO-21000,D-118,Lakeshore Cyclery,ID,03/12/2026,04/08/2026,RW-1378,Road,L,Carbon,11,2879,Y,03/30/2026
DO-21002,D-112,Riverbend Bike Shop,PA,03/12/2026,03/30/2026,RW-1378,Road,L,Carbon,7,2879,Y,03/24/2026
DO-21016,D-112,Riverbend Bike Shop,PA,03/12/2026,04/02/2026,RW-9324,MTB,M,Base,3,1655,Y,04/09/2026
DO-21022,D-124,Foothills Bicycles,WA,03/12/2026,03/26/2026,RW-4418,MTB,M,Carbon,4,3527,Y,03/29/2026
DO-21024,D-123,Metro Velo,OR,03/12/2026,04/06/2026,RW-4418,MTB,M,Carbon,5,3527,Y,04/02/2026
DO-21030,D-129,Blue Ridge Cyclery,VT,03/12/2026,04/02/2026,RW-9901,MTB,L,Base,4,1655,Y,03/27/2026
DO-21032,D-124,Foothills Bicycles,WA,03/12/2026,04/04/2026,RW-9901,MTB,L,Base,7,1655,Y,04/06/2026
DO-21035,D-114,Coastal Ride Co,MI,03/12/2026,03/29/2026,RW-9901,MTB,L,Base,6,1655,Y,03/21/2026
DO-20972,D-124,Foothills Bicycles,WA,03/13/2026,04/04/2026,RW-3980,Road,S,Carbon,7,2879,Y,04/09/2026
DO-20976,D-102,Ridgeback Bikes,CO,03/13/2026,04/05/2026,RW-3980,Road,S,Carbon,5,2879,Y,03/21/2026
DO-20979,D-117,Mesa Verde Cycling,FL,03/13/2026,04/09/2026,RW-9835,Road,M,Base,3,1367,Y,03/20/2026
DO-20982,D-118,Lakeshore Cyclery,ID,03/13/2026,04/03/2026,RW-9835,Road,M,Base,2,1367,Y,03/26/2026
DO-20989,D-122,Evergreen Cycle Shop,CO,03/13/2026,04/05/2026,RW-2984,Road,M,Carbon,4,2879,Y,03/31/2026
DO-21006,D-135,Elk Creek Cycles,MN,03/13/2026,03/31/2026,RW-9304,MTB,S,Carbon,9,3527,Y,03/24/2026
DO-21008,D-108,Canyon Edge Bikes,NC,03/13/2026,03/30/2026,RW-9304,MTB,S,Carbon,7,3527,Y,04/02/2026
DO-21013,D-119,Pinecrest Bikes,MT,03/13/2026,03/28/2026,RW-9324,MTB,M,Base,8,1655,Y,03/21/2026
DO-21015,D-124,Foothills Bicycles,WA,03/13/2026,04/09/2026,RW-9324,MTB,M,Base,9,1655,Y,04/03/2026
DO-21031,D-120,Stone Bridge Cycles,NM,03/13/2026,04/04/2026,RW-9901,MTB,L,Base,7,1655,Y,03/29/2026
DO-20988,D-107,Iron Horse Cycles,TX,03/14/2026,03/31/2026,RW-2984,Road,M,Carbon,4,2879,Y,03/22/2026
DO-20991,D-126,Harbor Bikes,AZ,03/14/2026,04/09/2026,RW-2984,Road,M,Carbon,9,2879,Y,03/30/2026
DO-20993,D-141,Basin Bike Shop,CA,03/14/2026,03/28/2026,RW-2984,Road,M,Carbon,12,2879,Y,04/02/2026
DO-21012,D-136,Capitol Cyclery,GA,03/14/2026,03/29/2026,RW-9324,MTB,M,Base,6,1655,Y,04/10/2026
DO-21026,D-122,Evergreen Cycle Shop,CO,03/14/2026,04/04/2026,RW-4418,MTB,M,Carbon,8,3527,Y,04/11/2026
DO-20974,D-122,Evergreen Cycle Shop,CO,03/15/2026,03/29/2026,RW-3980,Road,S,Carbon,5,2879,Y,03/29/2026
DO-20981,D-136,Capitol Cyclery,GA,03/15/2026,04/07/2026,RW-9835,Road,M,Base,2,1367,Y,04/04/2026
DO-20999,D-141,Basin Bike Shop,CA,03/15/2026,04/03/2026,RW-7298,Road,L,Base,9,1367,Y,04/07/2026
DO-21001,D-116,Timberline Bikes,GA,03/15/2026,04/12/2026,RW-1378,Road,L,Carbon,8,2879,Y,03/26/2026
DO-21003,D-110,Bluegrass Bicycles,NY,03/15/2026,04/11/2026,RW-1378,Road,L,Carbon,7,2879,Y,04/13/2026
DO-21004,D-108,Canyon Edge Bikes,NC,03/15/2026,04/11/2026,RW-1378,Road,L,Carbon,5,2879,Y,03/23/2026
DO-21010,D-124,Foothills Bicycles,WA,03/15/2026,04/11/2026,RW-9324,MTB,M,Base,3,1655,Y,04/12/2026
DO-21014,D-131,Copperline Cycles,MA,03/15/2026,04/09/2026,RW-9324,MTB,M,Base,4,1655,Y,03/22/2026
DO-21023,D-135,Elk Creek Cycles,MN,03/15/2026,03/29/2026,RW-4418,MTB,M,Carbon,8,3527,Y,04/06/2026
DO-21027,D-139,Tidewater Bicycles,MT,03/15/2026,04/08/2026,RW-4418,MTB,M,Carbon,7,3527,Y,03/31/2026
DO-21033,D-115,Alpine Wheels,MN,03/15/2026,04/07/2026,RW-9901,MTB,L,Base,8,1655,Y,04/04/2026
DO-21037,D-111,High Desert Cyclery,MA,03/15/2026,04/11/2026,RW-6416,MTB,L,Carbon,5,3527,Y,04/06/2026
DO-21039,D-118,Lakeshore Cyclery,ID,03/15/2026,04/01/2026,RW-6416,MTB,L,Carbon,1,3527,Y,03/28/2026
DO-21043,D-107,Iron Horse Cycles,TX,03/16/2026,04/11/2026,RW-3980,Road,S,Carbon,4,2879,Y,04/12/2026
DO-21050,D-117,Mesa Verde Cycling,FL,03/16/2026,03/31/2026,RW-9835,Road,M,Base,3,1367,Y,04/12/2026
DO-21057,D-124,Foothills Bicycles,WA,03/16/2026,04/05/2026,RW-2984,Road,M,Carbon,5,2879,Y,04/13/2026
DO-21060,D-141,Basin Bike Shop,CA,03/16/2026,04/11/2026,RW-2984,Road,M,Carbon,4,2879,Y,03/28/2026
DO-21063,D-115,Alpine Wheels,MN,03/16/2026,04/08/2026,RW-2984,Road,M,Carbon,4,2879,Y,04/02/2026
DO-21099,D-117,Mesa Verde Cycling,FL,03/16/2026,04/03/2026,RW-9901,MTB,L,Base,7,1655,Y,03/27/2026
DO-21106,D-124,Foothills Bicycles,WA,03/16/2026,04/04/2026,RW-6416,MTB,L,Carbon,9,3527,Y,03/25/2026
DO-21108,D-124,Foothills Bicycles,WA,03/16/2026,04/05/2026,RW-6416,MTB,L,Carbon,5,3527,Y,04/13/2026
DO-21041,D-136,Capitol Cyclery,GA,03/17/2026,03/31/2026,RW-3980,Road,S,Carbon,4,2879,Y,03/27/2026
DO-21045,D-102,Ridgeback Bikes,CO,03/17/2026,03/31/2026,RW-3980,Road,S,Carbon,4,2879,Y,04/09/2026
DO-21052,D-123,Metro Velo,OR,03/17/2026,03/31/2026,RW-9835,Road,M,Base,10,1367,Y,03/27/2026
DO-21054,D-141,Basin Bike Shop,CA,03/17/2026,03/31/2026,RW-9835,Road,M,Base,12,1367,Y,04/06/2026
DO-21059,D-124,Foothills Bicycles,WA,03/17/2026,04/08/2026,RW-2984,Road,M,Carbon,9,2879,Y,04/10/2026
DO-21066,D-123,Metro Velo,OR,03/17/2026,04/08/2026,RW-7298,Road,L,Base,4,1367,Y,04/03/2026
DO-21082,D-143,Overlook Bikes,OR,03/17/2026,04/04/2026,RW-9324,MTB,M,Base,6,1655,Y,04/12/2026
DO-21100,D-123,Metro Velo,OR,03/17/2026,03/31/2026,RW-9901,MTB,L,Base,11,1655,Y,03/31/2026
DO-21102,D-112,Riverbend Bike Shop,PA,03/17/2026,04/10/2026,RW-9901,MTB,L,Base,3,1655,Y,04/02/2026
DO-21105,D-120,Stone Bridge Cycles,NM,03/17/2026,04/08/2026,RW-9901,MTB,L,Base,5,1655,Y,03/27/2026
DO-21061,D-130,Big Sky Bikes,NY,03/18/2026,04/14/2026,RW-2984,Road,M,Carbon,10,2879,Y,03/28/2026
DO-21073,D-135,Elk Creek Cycles,MN,03/18/2026,04/05/2026,RW-9304,MTB,S,Carbon,7,3527,Y,04/10/2026
DO-21080,D-124,Foothills Bicycles,WA,03/18/2026,04/04/2026,RW-9324,MTB,M,Base,5,1655,Y,04/08/2026
DO-21093,D-117,Mesa Verde Cycling,FL,03/18/2026,04/07/2026,RW-4418,MTB,M,Carbon,3,3527,Y,04/09/2026
DO-21097,D-118,Lakeshore Cyclery,ID,03/18/2026,04/13/2026,RW-4418,MTB,M,Carbon,5,3527,Y,04/13/2026
DO-21044,D-142,Wildflower Cyclery,CO,03/19/2026,04/06/2026,RW-3980,Road,S,Carbon,2,2879,Y,04/17/2026
DO-21068,D-118,Lakeshore Cyclery,ID,03/19/2026,04/12/2026,RW-7298,Road,L,Base,1,1367,Y,03/26/2026
DO-21070,D-122,Evergreen Cycle Shop,CO,03/19/2026,04/15/2026,RW-1378,Road,L,Carbon,11,2879,Y,04/10/2026
DO-21072,D-129,Blue Ridge Cyclery,VT,03/19/2026,04/13/2026,RW-1378,Road,L,Carbon,8,2879,Y,04/02/2026
DO-21075,D-115,Alpine Wheels,MN,03/19/2026,04/06/2026,RW-9304,MTB,S,Carbon,8,3527,Y,04/17/2026
DO-21083,D-128,Sierra Bike Works,NC,03/19/2026,04/16/2026,RW-9324,MTB,M,Base,3,1655,Y,04/14/2026
DO-21084,D-137,Driftwood Bikes,FL,03/19/2026,04/06/2026,RW-9324,MTB,M,Base,7,1655,Y,04/11/2026
DO-21091,D-122,Evergreen Cycle Shop,CO,03/19/2026,04/04/2026,RW-4418,MTB,M,Carbon,3,3527,Y,04/12/2026
DO-21101,D-135,Elk Creek Cycles,MN,03/19/2026,04/12/2026,RW-9901,MTB,L,Base,6,1655,Y,04/17/2026
DO-21042,D-123,Metro Velo,OR,03/20/2026,04/10/2026,RW-3980,Road,S,Carbon,2,2879,Y,04/02/2026
DO-21055,D-105,Trailhead Bicycle Co,UT,03/20/2026,04/03/2026,RW-9835,Road,M,Base,2,1367,Y,04/14/2026
DO-21056,D-106,Velo Republic,AZ,03/20/2026,04/12/2026,RW-2984,Road,M,Carbon,3,2879,Y,04/15/2026
DO-21058,D-105,Trailhead Bicycle Co,UT,03/20/2026,04/08/2026,RW-2984,Road,M,Carbon,8,2879,Y,03/30/2026
DO-21067,D-144,Cedar Ridge Cycles,WA,03/20/2026,04/04/2026,RW-7298,Road,L,Base,12,1367,Y,04/14/2026
DO-21074,D-122,Evergreen Cycle Shop,CO,03/20/2026,04/03/2026,RW-9304,MTB,S,Carbon,3,3527,Y,04/12/2026
DO-21076,D-145,Frontier Bicycle Works,UT,03/20/2026,04/16/2026,RW-9304,MTB,S,Carbon,9,3527,Y,04/18/2026
DO-21077,D-122,Evergreen Cycle Shop,CO,03/20/2026,04/12/2026,RW-9304,MTB,S,Carbon,7,3527,Y,04/12/2026
DO-21081,D-141,Basin Bike Shop,CA,03/20/2026,04/12/2026,RW-9324,MTB,M,Base,2,1655,Y,03/27/2026
DO-21095,D-102,Ridgeback Bikes,CO,03/20/2026,04/08/2026,RW-4418,MTB,M,Carbon,6,3527,Y,04/11/2026
DO-21098,D-123,Metro Velo,OR,03/20/2026,04/07/2026,RW-4418,MTB,M,Carbon,5,3527,Y,03/28/2026
DO-21109,D-102,Ridgeback Bikes,CO,03/20/2026,04/05/2026,RW-6416,MTB,L,Carbon,2,3527,Y,03/31/2026
DO-21040,D-141,Basin Bike Shop,CA,03/21/2026,04/09/2026,RW-3980,Road,S,Carbon,7,2879,Y,04/18/2026
DO-21046,D-133,Rimrock Cyclery,IL,03/21/2026,04/08/2026,RW-3980,Road,S,Carbon,9,2879,Y,04/02/2026
DO-21051,D-131,Copperline Cycles,MA,03/21/2026,04/18/2026,RW-9835,Road,M,Base,11,1367,Y,04/14/2026
DO-21062,D-135,Elk Creek Cycles,MN,03/21/2026,04/17/2026,RW-2984,Road,M,Carbon,5,2879,Y,04/03/2026
DO-21064,D-103,Cascade Cyclery,OR,03/21/2026,04/11/2026,RW-7298,Road,L,Base,5,1367,Y,04/16/2026
DO-21065,D-125,Switchback Cycles,UT,03/21/2026,04/05/2026,RW-7298,Road,L,Base,11,1367,Y,04/12/2026
DO-21069,D-137,Driftwood Bikes,FL,03/21/2026,04/18/2026,RW-1378,Road,L,Carbon,5,2879,Y,04/08/2026
DO-21078,D-126,Harbor Bikes,AZ,03/21/2026,04/15/2026,RW-9304,MTB,S,Carbon,6,3527,Y,04/01/2026
DO-21086,D-122,Evergreen Cycle Shop,CO,03/21/2026,04/12/2026,RW-9324,MTB,M,Base,11,1655,Y,04/19/2026
DO-21088,D-145,Frontier Bicycle Works,UT,03/21/2026,04/18/2026,RW-9324,MTB,M,Base,5,1655,Y,03/31/2026
DO-21092,D-137,Driftwood Bikes,FL,03/21/2026,04/05/2026,RW-4418,MTB,M,Carbon,11,3527,Y,04/10/2026
DO-21103,D-134,Old Town Bikes,MI,03/21/2026,04/07/2026,RW-9901,MTB,L,Base,3,1655,Y,03/30/2026
DO-21104,D-129,Blue Ridge Cyclery,VT,03/21/2026,04/17/2026,RW-9901,MTB,L,Base,11,1655,Y,04/04/2026
DO-21047,D-139,Tidewater Bicycles,MT,03/22/2026,04/14/2026,RW-3980,Road,S,Carbon,5,2879,Y,04/08/2026
DO-21048,D-123,Metro Velo,OR,03/22/2026,04/16/2026,RW-9835,Road,M,Base,5,1367,Y,03/29/2026
DO-21049,D-114,Coastal Ride Co,MI,03/22/2026,04/19/2026,RW-9835,Road,M,Base,10,1367,Y,04/19/2026
DO-21053,D-142,Wildflower Cyclery,CO,03/22/2026,04/10/2026,RW-9835,Road,M,Base,6,1367,Y,03/29/2026
DO-21071,D-102,Ridgeback Bikes,CO,03/22/2026,04/11/2026,RW-1378,Road,L,Carbon,4,2879,Y,03/31/2026
DO-21079,D-118,Lakeshore Cyclery,ID,03/22/2026,04/07/2026,RW-9304,MTB,S,Carbon,7,3527,Y,04/05/2026
DO-21085,D-135,Elk Creek Cycles,MN,03/22/2026,04/15/2026,RW-9324,MTB,M,Base,12,1655,Y,04/02/2026
DO-21087,D-133,Rimrock Cyclery,IL,03/22/2026,04/05/2026,RW-9324,MTB,M,Base,12,1655,Y,04/06/2026
DO-21089,D-106,Velo Republic,AZ,03/22/2026,04/06/2026,RW-9324,MTB,M,Base,5,1655,Y,04/03/2026
DO-21090,D-108,Canyon Edge Bikes,NC,03/22/2026,04/13/2026,RW-9324,MTB,M,Base,3,1655,Y,04/12/2026
DO-21094,D-131,Copperline Cycles,MA,03/22/2026,04/12/2026,RW-4418,MTB,M,Carbon,2,3527,Y,04/18/2026
DO-21096,D-132,Bayside Bicycle Co,PA,03/22/2026,04/13/2026,RW-4418,MTB,M,Carbon,5,3527,Y,04/05/2026
DO-21107,D-125,Switchback Cycles,UT,03/22/2026,04/13/2026,RW-6416,MTB,L,Carbon,11,3527,Y,04/06/2026
DO-21111,D-141,Basin Bike Shop,CA,03/23/2026,04/12/2026,RW-3980,Road,S,Carbon,2,2879,Y,04/17/2026
DO-21126,D-123,Metro Velo,OR,03/23/2026,04/19/2026,RW-2984,Road,M,Carbon,9,2879,Y,04/08/2026
DO-21128,D-119,Pinecrest Bikes,MT,03/23/2026,04/13/2026,RW-2984,Road,M,Carbon,2,2879,Y,04/09/2026
DO-21139,D-105,Trailhead Bicycle Co,UT,03/23/2026,04/19/2026,RW-1378,Road,L,Carbon,1,2879,Y,04/01/2026
DO-21140,D-124,Foothills Bicycles,WA,03/23/2026,04/07/2026,RW-9304,MTB,S,Carbon,5,3527,Y,04/17/2026
DO-21151,D-130,Big Sky Bikes,NY,03/23/2026,04/11/2026,RW-9324,MTB,M,Base,10,1655,Y,04/15/2026
DO-21158,D-129,Blue Ridge Cyclery,VT,03/23/2026,04/18/2026,RW-4418,MTB,M,Carbon,4,3527,Y,04/05/2026
DO-21164,D-115,Alpine Wheels,MN,03/23/2026,04/19/2026,RW-9901,MTB,L,Base,9,1655,Y,04/19/2026
DO-21116,D-129,Blue Ridge Cyclery,VT,03/24/2026,04/14/2026,RW-3980,Road,S,Carbon,11,2879,Y,04/03/2026
DO-21118,D-134,Old Town Bikes,MI,03/24/2026,04/09/2026,RW-9835,Road,M,Base,7,1367,Y,04/18/2026
DO-21121,D-135,Elk Creek Cycles,MN,03/24/2026,04/16/2026,RW-9835,Road,M,Base,9,1367,Y,04/05/2026
DO-21123,D-126,Harbor Bikes,AZ,03/24/2026,04/10/2026,RW-9835,Road,M,Base,8,1367,Y,04/05/2026
DO-21127,D-124,Foothills Bicycles,WA,03/24/2026,04/10/2026,RW-2984,Road,M,Carbon,9,2879,Y,04/13/2026
DO-21163,D-131,Copperline Cycles,MA,03/24/2026,04/14/2026,RW-9901,MTB,L,Base,6,1655,Y,04/17/2026
DO-21169,D-131,Copperline Cycles,MA,03/24/2026,04/19/2026,RW-6416,MTB,L,Carbon,9,3527,Y,04/04/2026
DO-21113,D-123,Metro Velo,OR,03/25/2026,04/10/2026,RW-3980,Road,S,Carbon,5,2879,Y,04/20/2026
DO-21124,D-107,Iron Horse Cycles,TX,03/25/2026,04/17/2026,RW-9835,Road,M,Base,1,1367,Y,04/05/2026
DO-21133,D-137,Driftwood Bikes,FL,03/25/2026,04/14/2026,RW-7298,Road,L,Base,11,1367,Y,04/03/2026
DO-21135,D-123,Metro Velo,OR,03/25/2026,04/22/2026,RW-7298,Road,L,Base,6,1367,Y,04/06/2026
DO-21136,D-122,Evergreen Cycle Shop,CO,03/25/2026,04/20/2026,RW-1378,Road,L,Carbon,8,2879,Y,04/11/2026
DO-21141,D-134,Old Town Bikes,MI,03/25/2026,04/15/2026,RW-9304,MTB,S,Carbon,11,3527,Y,04/15/2026
DO-21144,D-107,Iron Horse Cycles,TX,03/25/2026,04/10/2026,RW-9304,MTB,S,Carbon,8,3527,Y,04/11/2026
DO-21148,D-121,Red Rock Bike Co,CA,03/25/2026,04/22/2026,RW-9324,MTB,M,Base,7,1655,Y,04/15/2026
DO-21155,D-123,Metro Velo,OR,03/25/2026,04/22/2026,RW-4418,MTB,M,Carbon,4,3527,Y,04/18/2026
DO-21167,D-116,Timberline Bikes,GA,03/25/2026,04/13/2026,RW-6416,MTB,L,Carbon,2,3527,Y,04/02/2026
DO-21168,D-103,Cascade Cyclery,OR,03/25/2026,04/09/2026,RW-6416,MTB,L,Carbon,11,3527,Y,04/01/2026
DO-21112,D-145,Frontier Bicycle Works,UT,03/26/2026,04/14/2026,RW-3980,Road,S,Carbon,12,2879,Y,04/20/2026
DO-21115,D-118,Lakeshore Cyclery,ID,03/26/2026,04/11/2026,RW-3980,Road,S,Carbon,3,2879,Y,04/04/2026
DO-21117,D-133,Rimrock Cyclery,IL,03/26/2026,04/10/2026,RW-3980,Road,S,Carbon,3,2879,Y,04/12/2026
DO-21130,D-116,Timberline Bikes,GA,03/26/2026,04/23/2026,RW-2984,Road,M,Carbon,10,2879,Y,04/15/2026
DO-21134,D-123,Metro Velo,OR,03/26/2026,04/22/2026,RW-7298,Road,L,Base,9,1367,Y,04/17/2026
DO-21137,D-129,Blue Ridge Cyclery,VT,03/26/2026,04/19/2026,RW-1378,Road,L,Carbon,12,2879,Y,04/17/2026
DO-21142,D-114,Coastal Ride Co,MI,03/26/2026,04/17/2026,RW-9304,MTB,S,Carbon,9,3527,Y,04/22/2026
DO-21147,D-125,Switchback Cycles,UT,03/26/2026,04/09/2026,RW-9324,MTB,M,Base,12,1655,Y,04/22/2026
DO-21159,D-129,Blue Ridge Cyclery,VT,03/26/2026,04/17/2026,RW-4418,MTB,M,Carbon,12,3527,Y,04/08/2026
DO-21162,D-101,Summit Cycles,CA,03/26/2026,04/20/2026,RW-9901,MTB,L,Base,6,1655,Y,04/18/2026
DO-21119,D-132,Bayside Bicycle Co,PA,03/27/2026,04/24/2026,RW-9835,Road,M,Base,7,1367,Y,04/05/2026
DO-21120,D-145,Frontier Bicycle Works,UT,03/27/2026,04/22/2026,RW-9835,Road,M,Base,7,1367,Y,04/20/2026
DO-21122,D-105,Trailhead Bicycle Co,UT,03/27/2026,04/21/2026,RW-9835,Road,M,Base,7,1367,Y,04/05/2026
DO-21125,D-137,Driftwood Bikes,FL,03/27/2026,04/18/2026,RW-2984,Road,M,Carbon,10,2879,Y,04/24/2026
DO-21129,D-123,Metro Velo,OR,03/27/2026,04/13/2026,RW-2984,Road,M,Carbon,4,2879,Y,04/13/2026
DO-21145,D-139,Tidewater Bicycles,MT,03/27/2026,04/12/2026,RW-9304,MTB,S,Carbon,4,3527,Y,04/20/2026
DO-21150,D-102,Ridgeback Bikes,CO,03/27/2026,04/18/2026,RW-9324,MTB,M,Base,7,1655,Y,04/07/2026
DO-21157,D-115,Alpine Wheels,MN,03/27/2026,04/13/2026,RW-4418,MTB,M,Carbon,3,3527,Y,04/20/2026
DO-21160,D-139,Tidewater Bicycles,MT,03/27/2026,04/24/2026,RW-4418,MTB,M,Carbon,4,3527,Y,04/03/2026
DO-21161,D-108,Canyon Edge Bikes,NC,03/27/2026,04/15/2026,RW-9901,MTB,L,Base,6,1655,Y,04/23/2026
DO-21114,D-131,Copperline Cycles,MA,03/28/2026,04/21/2026,RW-3980,Road,S,Carbon,6,2879,Y,04/05/2026
DO-21131,D-122,Evergreen Cycle Shop,CO,03/28/2026,04/14/2026,RW-2984,Road,M,Carbon,6,2879,Y,04/20/2026
DO-21132,D-120,Stone Bridge Cycles,NM,03/28/2026,04/19/2026,RW-7298,Road,L,Base,4,1367,Y,04/10/2026
DO-21138,D-117,Mesa Verde Cycling,FL,03/28/2026,04/14/2026,RW-1378,Road,L,Carbon,10,2879,Y,04/11/2026
DO-21156,D-110,Bluegrass Bicycles,NY,03/28/2026,04/17/2026,RW-4418,MTB,M,Carbon,8,3527,Y,04/25/2026
DO-21110,D-112,Riverbend Bike Shop,PA,03/29/2026,04/16/2026,RW-3980,Road,S,Carbon,3,2879,Y,04/18/2026
DO-21143,D-131,Copperline Cycles,MA,03/29/2026,04/19/2026,RW-9304,MTB,S,Carbon,9,3527,Y,04/26/2026
DO-21146,D-115,Alpine Wheels,MN,03/29/2026,04/13/2026,RW-9324,MTB,M,Base,4,1655,Y,04/15/2026
DO-21149,D-122,Evergreen Cycle Shop,CO,03/29/2026,04/18/2026,RW-9324,MTB,M,Base,2,1655,Y,04/22/2026
DO-21152,D-131,Copperline Cycles,MA,03/29/2026,04/25/2026,RW-9324,MTB,M,Base,9,1655,Y,04/27/2026
DO-21153,D-122,Evergreen Cycle Shop,CO,03/29/2026,04/23/2026,RW-9324,MTB,M,Base,8,1655,Y,04/11/2026
DO-21154,D-128,Sierra Bike Works,NC,03/29/2026,04/20/2026,RW-9324,MTB,M,Base,3,1655,Y,04/17/2026
DO-21165,D-110,Bluegrass Bicycles,NY,03/29/2026,04/17/2026,RW-9901,MTB,L,Base,5,1655,Y,04/14/2026
DO-21166,D-141,Basin Bike Shop,CA,03/29/2026,04/19/2026,RW-9901,MTB,L,Base,5,1655,Y,04/06/2026
DO-21176,D-119,Pinecrest Bikes,MT,03/30/2026,04/13/2026,RW-3980,Road,S,Carbon,8,2879,Y,04/27/2026
DO-21183,D-122,Evergreen Cycle Shop,CO,03/30/2026,04/16/2026,RW-2984,Road,M,Carbon,6,2879,Y,04/15/2026
DO-21184,D-116,Timberline Bikes,GA,03/30/2026,04/13/2026,RW-2984,Road,M,Carbon,12,2879,Y,04/18/2026
DO-21186,D-122,Evergreen Cycle Shop,CO,03/30/2026,04/19/2026,RW-2984,Road,M,Carbon,2,2879,Y,04/15/2026
DO-21188,D-131,Copperline Cycles,MA,03/30/2026,04/18/2026,RW-2984,Road,M,Carbon,12,2879,Y,04/28/2026
DO-21199,D-118,Lakeshore Cyclery,ID,03/30/2026,04/24/2026,RW-1378,Road,L,Carbon,6,2879,Y,04/12/2026
DO-21200,D-124,Foothills Bicycles,WA,03/30/2026,04/25/2026,RW-9304,MTB,S,Carbon,10,3527,Y,04/17/2026
DO-21201,D-118,Lakeshore Cyclery,ID,03/30/2026,04/25/2026,RW-9304,MTB,S,Carbon,10,3527,Y,04/14/2026
DO-21205,D-135,Elk Creek Cycles,MN,03/30/2026,04/13/2026,RW-9304,MTB,S,Carbon,6,3527,Y,04/16/2026
DO-21210,D-145,Frontier Bicycle Works,UT,03/30/2026,04/23/2026,RW-9324,MTB,M,Base,4,1655,Y,04/16/2026
DO-21211,D-120,Stone Bridge Cycles,NM,03/30/2026,04/19/2026,RW-9324,MTB,M,Base,4,1655,Y,04/23/2026
DO-21212,D-142,Wildflower Cyclery,CO,03/30/2026,04/24/2026,RW-9324,MTB,M,Base,5,1655,Y,04/11/2026
DO-21214,D-124,Foothills Bicycles,WA,03/30/2026,04/20/2026,RW-9324,MTB,M,Base,10,1655,Y,04/17/2026
DO-21222,D-126,Harbor Bikes,AZ,03/30/2026,04/25/2026,RW-9901,MTB,L,Base,9,1655,Y,04/26/2026
DO-21174,D-124,Foothills Bicycles,WA,03/31/2026,04/21/2026,RW-3980,Road,S,Carbon,3,2879,Y,04/29/2026
DO-21178,D-132,Bayside Bicycle Co,PA,03/31/2026,04/16/2026,RW-9835,Road,M,Base,3,1367,Y,04/27/2026
DO-21182,D-136,Capitol Cyclery,GA,03/31/2026,04/21/2026,RW-9835,Road,M,Base,7,1367,Y,04/19/2026
DO-21192,D-124,Foothills Bicycles,WA,03/31/2026,04/17/2026,RW-7298,Road,L,Base,3,1367,Y,04/24/2026
DO-21197,D-141,Basin Bike Shop,CA,03/31/2026,04/23/2026,RW-1378,Road,L,Carbon,11,2879,Y,04/24/2026
DO-21209,D-108,Canyon Edge Bikes,NC,03/31/2026,04/23/2026,RW-9324,MTB,M,Base,6,1655,Y,04/28/2026
DO-21215,D-142,Wildflower Cyclery,CO,03/31/2026,04/20/2026,RW-9324,MTB,M,Base,3,1655,Y,04/22/2026
DO-21221,D-145,Frontier Bicycle Works,UT,03/31/2026,04/27/2026,RW-9901,MTB,L,Base,10,1655,Y,04/23/2026
DO-21224,D-101,Summit Cycles,CA,03/31/2026,04/20/2026,RW-9901,MTB,L,Base,5,1655,Y,04/13/2026
DO-21226,D-120,Stone Bridge Cycles,NM,03/31/2026,04/26/2026,RW-9901,MTB,L,Base,2,1655,Y,04/26/2026
DO-21170,D-131,Copperline Cycles,MA,04/01/2026,04/24/2026,RW-3980,Road,S,Carbon,3,2879,Y,04/14/2026
DO-21175,D-106,Velo Republic,AZ,04/01/2026,04/19/2026,RW-3980,Road,S,Carbon,2,2879,Y,04/28/2026
DO-21177,D-123,Metro Velo,OR,04/01/2026,04/16/2026,RW-9835,Road,M,Base,11,1367,Y,04/13/2026
DO-21180,D-119,Pinecrest Bikes,MT,04/01/2026,04/28/2026,RW-9835,Road,M,Base,4,1367,Y,04/21/2026
DO-21181,D-122,Evergreen Cycle Shop,CO,04/01/2026,04/26/2026,RW-9835,Road,M,Base,11,1367,Y,04/20/2026
DO-21207,D-123,Metro Velo,OR,04/01/2026,04/22/2026,RW-9324,MTB,M,Base,5,1655,Y,04/14/2026
DO-21219,D-125,Switchback Cycles,UT,04/01/2026,04/18/2026,RW-4418,MTB,M,Carbon,8,3527,Y,04/13/2026
DO-21227,D-124,Foothills Bicycles,WA,04/01/2026,04/26/2026,RW-9901,MTB,L,Base,2,1655,Y,04/10/2026
DO-21230,D-117,Mesa Verde Cycling,FL,04/01/2026,04/26/2026,RW-6416,MTB,L,Carbon,7,3527,Y,04/23/2026
DO-21198,D-128,Sierra Bike Works,NC,04/02/2026,04/30/2026,RW-1378,Road,L,Carbon,6,2879,Y,04/20/2026
DO-21202,D-104,Peak Performance Bikes,WA,04/02/2026,04/30/2026,RW-9304,MTB,S,Carbon,5,3527,Y,04/10/2026
DO-21208,D-124,Foothills Bicycles,WA,04/02/2026,04/20/2026,RW-9324,MTB,M,Base,6,1655,Y,04/28/2026
DO-21213,D-135,Elk Creek Cycles,MN,04/02/2026,04/24/2026,RW-9324,MTB,M,Base,11,1655,Y,04/09/2026
DO-21220,D-118,Lakeshore Cyclery,ID,04/02/2026,04/25/2026,RW-4418,MTB,M,Carbon,3,3527,Y,04/27/2026
DO-21223,D-107,Iron Horse Cycles,TX,04/02/2026,04/28/2026,RW-9901,MTB,L,Base,12,1655,Y,04/17/2026
DO-21225,D-119,Pinecrest Bikes,MT,04/02/2026,04/28/2026,RW-9901,MTB,L,Base,2,1655,Y,04/18/2026
DO-21172,D-137,Driftwood Bikes,FL,04/03/2026,04/23/2026,RW-3980,Road,S,Carbon,8,2879,Y,04/12/2026
DO-21179,D-120,Stone Bridge Cycles,NM,04/03/2026,04/21/2026,RW-9835,Road,M,Base,9,1367,Y,04/21/2026
DO-21187,D-125,Switchback Cycles,UT,04/03/2026,04/27/2026,RW-2984,Road,M,Carbon,5,2879,Y,04/11/2026
DO-21190,D-124,Foothills Bicycles,WA,04/03/2026,04/20/2026,RW-7298,Road,L,Base,7,1367,Y,04/23/2026
DO-21191,D-117,Mesa Verde Cycling,FL,04/03/2026,04/29/2026,RW-7298,Road,L,Base,9,1367,Y,04/25/2026
DO-21194,D-124,Foothills Bicycles,WA,04/03/2026,04/27/2026,RW-7298,Road,L,Base,4,1367,Y,04/27/2026
DO-21195,D-130,Big Sky Bikes,NY,04/03/2026,04/17/2026,RW-7298,Road,L,Base,3,1367,Y,05/01/2026
DO-21203,D-101,Summit Cycles,CA,04/03/2026,04/30/2026,RW-9304,MTB,S,Carbon,6,3527,Y,05/02/2026
DO-21204,D-101,Summit Cycles,CA,04/03/2026,04/17/2026,RW-9304,MTB,S,Carbon,3,3527,Y,04/18/2026
DO-21206,D-124,Foothills Bicycles,WA,04/03/2026,04/20/2026,RW-9324,MTB,M,Base,12,1655,Y,04/19/2026
DO-21216,D-116,Timberline Bikes,GA,04/03/2026,04/24/2026,RW-4418,MTB,M,Carbon,8,3527,Y,05/02/2026
DO-21229,D-105,Trailhead Bicycle Co,UT,04/03/2026,04/28/2026,RW-6416,MTB,L,Carbon,2,3527,Y,04/28/2026
DO-21171,D-123,Metro Velo,OR,04/04/2026,04/20/2026,RW-3980,Road,S,Carbon,5,2879,Y,04/16/2026
DO-21185,D-107,Iron Horse Cycles,TX,04/04/2026,04/21/2026,RW-2984,Road,M,Carbon,4,2879,Y,04/18/2026
DO-21193,D-117,Mesa Verde Cycling,FL,04/04/2026,04/21/2026,RW-7298,Road,L,Base,4,1367,Y,05/01/2026
DO-21217,D-136,Capitol Cyclery,GA,04/04/2026,04/26/2026,RW-4418,MTB,M,Carbon,7,3527,Y,04/28/2026
DO-21218,D-105,Trailhead Bicycle Co,UT,04/04/2026,04/23/2026,RW-4418,MTB,M,Carbon,11,3527,Y,05/01/2026
DO-21228,D-120,Stone Bridge Cycles,NM,04/04/2026,04/20/2026,RW-6416,MTB,L,Carbon,12,3527,Y,04/16/2026
DO-21231,D-101,Summit Cycles,CA,04/04/2026,04/19/2026,RW-6416,MTB,L,Carbon,8,3527,Y,04/22/2026
DO-21173,D-110,Bluegrass Bicycles,NY,04/05/2026,04/19/2026,RW-3980,Road,S,Carbon,10,2879,Y,05/01/2026
DO-21189,D-124,Foothills Bicycles,WA,04/05/2026,04/30/2026,RW-2984,Road,M,Carbon,1,2879,Y,05/04/2026
DO-21196,D-138,Ironwood Cycle Co,ID,04/05/2026,04/21/2026,RW-1378,Road,L,Carbon,9,2879,Y,05/04/2026
DO-21234,D-114,Coastal Ride Co,MI,04/06/2026,04/20/2026,RW-3980,Road,S,Carbon,2,2879,Y,04/23/2026
DO-21252,D-131,Copperline Cycles,MA,04/06/2026,04/23/2026,RW-7298,Road,L,Base,3,1367,Y,04/28/2026
DO-21255,D-132,Bayside Bicycle Co,PA,04/06/2026,04/29/2026,RW-1378,Road,L,Carbon,4,2879,Y,05/01/2026
DO-21263,D-123,Metro Velo,OR,04/06/2026,04/30/2026,RW-9304,MTB,S,Carbon,11,3527,Y,04/25/2026
DO-21275,D-129,Blue Ridge Cyclery,VT,04/06/2026,05/01/2026,RW-9324,MTB,M,Base,12,1655,Y,04/13/2026
DO-21276,D-125,Switchback Cycles,UT,04/06/2026,04/28/2026,RW-9324,MTB,M,Base,6,1655,Y,04/13/2026
DO-21291,D-129,Blue Ridge Cyclery,VT,04/06/2026,04/23/2026,RW-6416,MTB,L,Carbon,10,3527,Y,05/04/2026
DO-21236,D-110,Bluegrass Bicycles,NY,04/07/2026,04/30/2026,RW-3980,Road,S,Carbon,9,2879,Y,04/16/2026
DO-21242,D-124,Foothills Bicycles,WA,04/07/2026,04/28/2026,RW-9835,Road,M,Base,7,1367,Y,04/22/2026
DO-21243,D-102,Ridgeback Bikes,CO,04/07/2026,05/01/2026,RW-9835,Road,M,Base,5,1367,Y,04/24/2026
DO-21274,D-110,Bluegrass Bicycles,NY,04/07/2026,05/05/2026,RW-9324,MTB,M,Base,3,1655,Y,05/02/2026
DO-21251,D-112,Riverbend Bike Shop,PA,04/08/2026,05/02/2026,RW-7298,Road,L,Base,9,1367,Y,05/06/2026
DO-21253,D-118,Lakeshore Cyclery,ID,04/08/2026,04/22/2026,RW-7298,Road,L,Base,4,1367,Y,04/17/2026
DO-21258,D-120,Stone Bridge Cycles,NM,04/08/2026,04/22/2026,RW-1378,Road,L,Carbon,4,2879,Y,05/04/2026
DO-21260,D-102,Ridgeback Bikes,CO,04/08/2026,05/03/2026,RW-9304,MTB,S,Carbon,6,3527,Y,05/01/2026
DO-21266,D-110,Bluegrass Bicycles,NY,04/08/2026,04/26/2026,RW-9324,MTB,M,Base,11,1655,Y,04/22/2026
DO-21267,D-102,Ridgeback Bikes,CO,04/08/2026,05/01/2026,RW-9324,MTB,M,Base,9,1655,Y,04/17/2026
DO-21268,D-120,Stone Bridge Cycles,NM,04/08/2026,04/26/2026,RW-9324,MTB,M,Base,2,1655,Y,04/16/2026
DO-21269,D-122,Evergreen Cycle Shop,CO,04/08/2026,05/05/2026,RW-9324,MTB,M,Base,7,1655,Y,04/27/2026
DO-21270,D-144,Cedar Ridge Cycles,WA,04/08/2026,04/25/2026,RW-9324,MTB,M,Base,9,1655,Y,05/04/2026
DO-21282,D-110,Bluegrass Bicycles,NY,04/08/2026,05/06/2026,RW-4418,MTB,M,Carbon,5,3527,Y,05/07/2026
DO-21285,D-104,Peak Performance Bikes,WA,04/08/2026,04/23/2026,RW-9901,MTB,L,Base,5,1655,Y,05/01/2026
DO-21292,D-134,Old Town Bikes,MI,04/08/2026,05/06/2026,RW-6416,MTB,L,Carbon,4,3527,Y,04/19/2026
DO-21232,D-102,Ridgeback Bikes,CO,04/09/2026,04/26/2026,RW-3980,Road,S,Carbon,12,2879,Y,04/26/2026
DO-21239,D-137,Driftwood Bikes,FL,04/09/2026,05/02/2026,RW-9835,Road,M,Base,7,1367,Y,04/20/2026
DO-21244,D-126,Harbor Bikes,AZ,04/09/2026,05/03/2026,RW-2984,Road,M,Carbon,9,2879,Y,05/03/2026
DO-21246,D-124,Foothills Bicycles,WA,04/09/2026,04/24/2026,RW-2984,Road,M,Carbon,5,2879,Y,04/25/2026
DO-21249,D-108,Canyon Edge Bikes,NC,04/09/2026,05/05/2026,RW-7298,Road,L,Base,9,1367,Y,04/28/2026
DO-21254,D-104,Peak Performance Bikes,WA,04/09/2026,04/23/2026,RW-1378,Road,L,Carbon,4,2879,Y,05/01/2026
DO-21271,D-116,Timberline Bikes,GA,04/09/2026,05/06/2026,RW-9324,MTB,M,Base,5,1655,Y,05/08/2026
DO-21273,D-124,Foothills Bicycles,WA,04/09/2026,05/01/2026,RW-9324,MTB,M,Base,4,1655,Y,05/08/2026
DO-21277,D-141,Basin Bike Shop,CA,04/09/2026,04/28/2026,RW-9324,MTB,M,Base,1,1655,Y,04/28/2026
DO-21287,D-128,Sierra Bike Works,NC,04/09/2026,04/26/2026,RW-9901,MTB,L,Base,6,1655,Y,04/16/2026
DO-21290,D-132,Bayside Bicycle Co,PA,04/09/2026,04/30/2026,RW-6416,MTB,L,Carbon,4,3527,Y,05/04/2026
DO-21233,D-141,Basin Bike Shop,CA,04/10/2026,04/27/2026,RW-3980,Road,S,Carbon,2,2879,Y,04/29/2026
DO-21237,D-119,Pinecrest Bikes,MT,04/10/2026,05/01/2026,RW-9835,Road,M,Base,8,1367,Y,04/18/2026
DO-21241,D-145,Frontier Bicycle Works,UT,04/10/2026,05/06/2026,RW-9835,Road,M,Base,4,1367,Y,04/17/2026
DO-21248,D-129,Blue Ridge Cyclery,VT,04/10/2026,04/27/2026,RW-2984,Road,M,Carbon,5,2879,Y,04/20/2026
DO-21256,D-145,Frontier Bicycle Works,UT,04/10/2026,05/07/2026,RW-1378,Road,L,Carbon,11,2879,Y,05/07/2026
DO-21257,D-129,Blue Ridge Cyclery,VT,04/10/2026,04/29/2026,RW-1378,Road,L,Carbon,6,2879,Y,04/27/2026
DO-21281,D-115,Alpine Wheels,MN,04/10/2026,05/06/2026,RW-4418,MTB,M,Carbon,9,3527,Y,04/22/2026
DO-21283,D-102,Ridgeback Bikes,CO,04/10/2026,04/28/2026,RW-4418,MTB,M,Carbon,5,3527,Y,05/01/2026
DO-21235,D-130,Big Sky Bikes,NY,04/11/2026,05/09/2026,RW-3980,Road,S,Carbon,12,2879,Y,05/04/2026
DO-21238,D-110,Bluegrass Bicycles,NY,04/11/2026,05/02/2026,RW-9835,Road,M,Base,8,1367,Y,05/08/2026
DO-21240,D-123,Metro Velo,OR,04/11/2026,05/03/2026,RW-9835,Road,M,Base,5,1367,Y,04/19/2026
DO-21250,D-107,Iron Horse Cycles,TX,04/11/2026,05/03/2026,RW-7298,Road,L,Base,12,1367,Y,05/07/2026
DO-21262,D-135,Elk Creek Cycles,MN,04/11/2026,05/09/2026,RW-9304,MTB,S,Carbon,9,3527,Y,04/23/2026
DO-21265,D-136,Capitol Cyclery,GA,04/11/2026,04/27/2026,RW-9304,MTB,S,Carbon,8,3527,Y,05/01/2026
DO-21272,D-131,Copperline Cycles,MA,04/11/2026,04/29/2026,RW-9324,MTB,M,Base,5,1655,Y,04/21/2026
DO-21278,D-132,Bayside Bicycle Co,PA,04/11/2026,05/02/2026,RW-4418,MTB,M,Carbon,6,3527,Y,05/10/2026
DO-21245,D-116,Timberline Bikes,GA,04/12/2026,05/09/2026,RW-2984,Road,M,Carbon,12,2879,Y,04/25/2026
DO-21247,D-120,Stone Bridge Cycles,NM,04/12/2026,04/26/2026,RW-2984,Road,M,Carbon,8,2879,Y,04/22/2026
DO-21259,D-107,Iron Horse Cycles,TX,04/12/2026,05/01/2026,RW-1378,Road,L,Carbon,4,2879,Y,04/22/2026
DO-21261,D-124,Foothills Bicycles,WA,04/12/2026,05/10/2026,RW-9304,MTB,S,Carbon,7,3527,Y,04/20/2026
DO-21264,D-126,Harbor Bikes,AZ,04/12/2026,04/29/2026,RW-9304,MTB,S,Carbon,3,3527,Y,05/08/2026
DO-21279,D-130,Big Sky Bikes,NY,04/12/2026,05/02/2026,RW-4418,MTB,M,Carbon,9,3527,Y,04/30/2026
DO-21280,D-113,Granite Peak Cycles,IL,04/12/2026,05/10/2026,RW-4418,MTB,M,Carbon,6,3527,Y,04/25/2026
DO-21284,D-119,Pinecrest Bikes,MT,04/12/2026,04/26/2026,RW-9901,MTB,L,Base,11,1655,Y,05/10/2026
DO-21286,D-110,Bluegrass Bicycles,NY,04/12/2026,04/30/2026,RW-9901,MTB,L,Base,5,1655,Y,05/02/2026
DO-21288,D-128,Sierra Bike Works,NC,04/12/2026,04/30/2026,RW-9901,MTB,L,Base,4,1655,Y,05/09/2026
DO-21289,D-115,Alpine Wheels,MN,04/12/2026,04/26/2026,RW-9901,MTB,L,Base,6,1655,Y,05/06/2026
DO-21297,D-135,Elk Creek Cycles,MN,04/13/2026,05/09/2026,RW-3980,Road,S,Carbon,8,2879,Y,04/20/2026
DO-21298,D-117,Mesa Verde Cycling,FL,04/13/2026,04/30/2026,RW-3980,Road,S,Carbon,5,2879,Y,04/28/2026
DO-21299,D-111,High Desert Cyclery,MA,04/13/2026,05/08/2026,RW-9835,Road,M,Base,7,1367,Y,05/06/2026
DO-21309,D-124,Foothills Bicycles,WA,04/13/2026,05/04/2026,RW-2984,Road,M,Carbon,7,2879,Y,04/26/2026
DO-21321,D-141,Basin Bike Shop,CA,04/13/2026,05/02/2026,RW-7298,Road,L,Base,3,1367,Y,04/29/2026
DO-21328,D-124,Foothills Bicycles,WA,04/13/2026,05/01/2026,RW-9304,MTB,S,Carbon,10,3527,Y,05/11/2026
DO-21334,D-122,Evergreen Cycle Shop,CO,04/13/2026,05/07/2026,RW-9324,MTB,M,Base,8,1655,Y,04/30/2026
DO-21349,D-120,Stone Bridge Cycles,NM,04/13/2026,05/04/2026,RW-9901,MTB,L,Base,12,1655,Y,05/07/2026
DO-21350,D-126,Harbor Bikes,AZ,04/13/2026,05/08/2026,RW-9901,MTB,L,Base,5,1655,Y,04/22/2026
DO-21353,D-101,Summit Cycles,CA,04/13/2026,05/10/2026,RW-6416,MTB,L,Carbon,7,3527,Y,05/01/2026
DO-21313,D-136,Capitol Cyclery,GA,04/14/2026,05/02/2026,RW-2984,Road,M,Carbon,3,2879,Y,04/25/2026
DO-21327,D-136,Capitol Cyclery,GA,04/14/2026,05/05/2026,RW-1378,Road,L,Carbon,7,2879,Y,04/24/2026
DO-21333,D-133,Rimrock Cyclery,IL,04/14/2026,05/05/2026,RW-9304,MTB,S,Carbon,1,3527,Y,04/21/2026
DO-21347,D-119,Pinecrest Bikes,MT,04/14/2026,05/03/2026,RW-9901,MTB,L,Base,2,1655,Y,05/13/2026
DO-21355,D-131,Copperline Cycles,MA,04/14/2026,05/07/2026,RW-6416,MTB,L,Carbon,6,3527,Y,05/02/2026
DO-21294,D-128,Sierra Bike Works,NC,04/15/2026,05/11/2026,RW-3980,Road,S,Carbon,3,2879,Y,04/30/2026
DO-21301,D-123,Metro Velo,OR,04/15/2026,05/10/2026,RW-9835,Road,M,Base,7,1367,Y,04/23/2026
DO-21312,D-107,Iron Horse Cycles,TX,04/15/2026,05/12/2026,RW-2984,Road,M,Carbon,3,2879,Y,05/10/2026
DO-21314,D-110,Bluegrass Bicycles,NY,04/15/2026,04/30/2026,RW-2984,Road,M,Carbon,7,2879,Y,05/08/2026
DO-21317,D-123,Metro Velo,OR,04/15/2026,05/03/2026,RW-7298,Road,L,Base,4,1367,Y,04/28/2026
DO-21318,D-115,Alpine Wheels,MN,04/15/2026,05/07/2026,RW-7298,Road,L,Base,11,1367,Y,05/14/2026
DO-21326,D-140,Aspen Grove Cycles,NM,04/15/2026,04/29/2026,RW-1378,Road,L,Carbon,8,2879,Y,04/25/2026
DO-21331,D-103,Cascade Cyclery,OR,04/15/2026,05/03/2026,RW-9304,MTB,S,Carbon,9,3527,Y,05/06/2026
DO-21339,D-101,Summit Cycles,CA,04/15/2026,05/07/2026,RW-9324,MTB,M,Base,11,1655,Y,04/30/2026
DO-21340,D-111,High Desert Cyclery,MA,04/15/2026,05/01/2026,RW-9324,MTB,M,Base,10,1655,Y,04/22/2026
DO-21343,D-117,Mesa Verde Cycling,FL,04/15/2026,05/02/2026,RW-4418,MTB,M,Carbon,10,3527,Y,04/29/2026
DO-21345,D-122,Evergreen Cycle Shop,CO,04/15/2026,05/09/2026,RW-4418,MTB,M,Carbon,5,3527,Y,04/24/2026
DO-21356,D-103,Cascade Cyclery,OR,04/15/2026,04/30/2026,RW-6416,MTB,L,Carbon,1,3527,Y,05/11/2026
DO-21293,D-111,High Desert Cyclery,MA,04/16/2026,05/11/2026,RW-3980,Road,S,Carbon,9,2879,Y,04/25/2026
DO-21296,D-114,Coastal Ride Co,MI,04/16/2026,05/04/2026,RW-3980,Road,S,Carbon,7,2879,Y,05/04/2026
DO-21300,D-131,Copperline Cycles,MA,04/16/2026,05/07/2026,RW-9835,Road,M,Base,10,1367,Y,05/05/2026
DO-21307,D-145,Frontier Bicycle Works,UT,04/16/2026,05/08/2026,RW-2984,Road,M,Carbon,9,2879,Y,05/04/2026
DO-21311,D-141,Basin Bike Shop,CA,04/16/2026,05/09/2026,RW-2984,Road,M,Carbon,7,2879,Y,05/09/2026
DO-21332,D-123,Metro Velo,OR,04/16/2026,05/14/2026,RW-9304,MTB,S,Carbon,9,3527,Y,04/25/2026
DO-21346,D-122,Evergreen Cycle Shop,CO,04/16/2026,05/06/2026,RW-9901,MTB,L,Base,10,1655,Y,04/27/2026
DO-21348,D-120,Stone Bridge Cycles,NM,04/16/2026,05/13/2026,RW-9901,MTB,L,Base,4,1655,Y,04/27/2026
DO-21351,D-124,Foothills Bicycles,WA,04/16/2026,05/03/2026,RW-6416,MTB,L,Carbon,5,3527,Y,04/27/2026
DO-21352,D-127,Prairie Wind Cycling,TX,04/16/2026,05/03/2026,RW-6416,MTB,L,Carbon,4,3527,Y,05/08/2026
DO-21302,D-144,Cedar Ridge Cycles,WA,04/17/2026,05/02/2026,RW-9835,Road,M,Base,3,1367,Y,05/09/2026
DO-21303,D-124,Foothills Bicycles,WA,04/17/2026,05/08/2026,RW-9835,Road,M,Base,11,1367,Y,05/10/2026
DO-21304,D-127,Prairie Wind Cycling,TX,04/17/2026,05/09/2026,RW-9835,Road,M,Base,9,1367,Y,04/29/2026
DO-21306,D-130,Big Sky Bikes,NY,04/17/2026,05/02/2026,RW-2984,Road,M,Carbon,4,2879,Y,05/16/2026
DO-21308,D-124,Foothills Bicycles,WA,04/17/2026,05/15/2026,RW-2984,Road,M,Carbon,4,2879,Y,05/13/2026
DO-21323,D-115,Alpine Wheels,MN,04/17/2026,05/07/2026,RW-1378,Road,L,Carbon,2,2879,Y,05/15/2026
DO-21329,D-119,Pinecrest Bikes,MT,04/17/2026,05/03/2026,RW-9304,MTB,S,Carbon,4,3527,Y,04/29/2026
DO-21330,D-111,High Desert Cyclery,MA,04/17/2026,05/09/2026,RW-9304,MTB,S,Carbon,8,3527,Y,05/03/2026
DO-21295,D-118,Lakeshore Cyclery,ID,04/18/2026,05/02/2026,RW-3980,Road,S,Carbon,2,2879,Y,04/27/2026
DO-21310,D-118,Lakeshore Cyclery,ID,04/18/2026,05/14/2026,RW-2984,Road,M,Carbon,7,2879,Y,04/30/2026
DO-21316,D-114,Coastal Ride Co,MI,04/18/2026,05/07/2026,RW-7298,Road,L,Base,3,1367,Y,05/07/2026
DO-21319,D-141,Basin Bike Shop,CA,04/18/2026,05/06/2026,RW-7298,Road,L,Base,12,1367,Y,04/30/2026
DO-21322,D-123,Metro Velo,OR,04/18/2026,05/03/2026,RW-1378,Road,L,Carbon,5,2879,Y,05/09/2026
DO-21325,D-133,Rimrock Cyclery,IL,04/18/2026,05/05/2026,RW-1378,Road,L,Carbon,5,2879,Y,04/28/2026
DO-21337,D-102,Ridgeback Bikes,CO,04/18/2026,05/14/2026,RW-9324,MTB,M,Base,11,1655,Y,04/29/2026
DO-21341,D-138,Ironwood Cycle Co,ID,04/18/2026,05/08/2026,RW-9324,MTB,M,Base,5,1655,Y,05/07/2026
DO-21305,D-124,Foothills Bicycles,WA,04/19/2026,05/15/2026,RW-2984,Road,M,Carbon,6,2879,Y,05/14/2026
DO-21315,D-132,Bayside Bicycle Co,PA,04/19/2026,05/06/2026,RW-2984,Road,M,Carbon,9,2879,Y,05/15/2026
DO-21320,D-131,Copperline Cycles,MA,04/19/2026,05/12/2026,RW-7298,Road,L,Base,2,1367,Y,05/11/2026
DO-21324,D-124,Foothills Bicycles,WA,04/19/2026,05/16/2026,RW-1378,Road,L,Carbon,3,2879,Y,05/12/2026
DO-21335,D-138,Ironwood Cycle Co,ID,04/19/2026,05/09/2026,RW-9324,MTB,M,Base,5,1655,Y,05/15/2026
DO-21336,D-141,Basin Bike Shop,CA,04/19/2026,05/15/2026,RW-9324,MTB,M,Base,4,1655,Y,05/06/2026
DO-21338,D-108,Canyon Edge Bikes,NC,04/19/2026,05/07/2026,RW-9324,MTB,M,Base,5,1655,Y,05/08/2026
DO-21342,D-124,Foothills Bicycles,WA,04/19/2026,05/03/2026,RW-4418,MTB,M,Carbon,9,3527,Y,04/30/2026
DO-21344,D-118,Lakeshore Cyclery,ID,04/19/2026,05/17/2026,RW-4418,MTB,M,Carbon,5,3527,Y,05/17/2026
DO-21354,D-135,Elk Creek Cycles,MN,04/19/2026,05/09/2026,RW-6416,MTB,L,Carbon,5,3527,Y,05/13/2026
DO-21382,D-141,Basin Bike Shop,CA,04/20/2026,05/07/2026,RW-7298,Road,L,Base,4,1367,Y,05/09/2026
DO-21384,D-126,Harbor Bikes,AZ,04/20/2026,05/06/2026,RW-1378,Road,L,Carbon,3,2879,Y,05/19/2026
DO-21398,D-145,Frontier Bicycle Works,UT,04/20/2026,05/11/2026,RW-9324,MTB,M,Base,10,1655,Y,05/10/2026
DO-21411,D-135,Elk Creek Cycles,MN,04/20/2026,05/06/2026,RW-9901,MTB,L,Base,4,1655,Y,05/08/2026
DO-21412,D-136,Capitol Cyclery,GA,04/20/2026,05/04/2026,RW-9901,MTB,L,Base,8,1655,Y,04/28/2026
DO-21413,D-123,Metro Velo,OR,04/20/2026,05/07/2026,RW-9901,MTB,L,Base,6,1655,Y,05/04/2026
DO-21373,D-110,Bluegrass Bicycles,NY,04/21/2026,05/13/2026,RW-2984,Road,M,Carbon,4,2879,Y,05/11/2026
DO-21386,D-111,High Desert Cyclery,MA,04/21/2026,05/17/2026,RW-1378,Road,L,Carbon,6,2879,Y,04/28/2026
DO-21388,D-139,Tidewater Bicycles,MT,04/21/2026,05/08/2026,RW-9304,MTB,S,Carbon,9,3527,Y,05/07/2026
DO-21396,D-105,Trailhead Bicycle Co,UT,04/21/2026,05/18/2026,RW-9324,MTB,M,Base,6,1655,Y,05/16/2026
DO-21402,D-108,Canyon Edge Bikes,NC,04/21/2026,05/07/2026,RW-9324,MTB,M,Base,11,1655,Y,05/18/2026
DO-21409,D-122,Evergreen Cycle Shop,CO,04/21/2026,05/14/2026,RW-9901,MTB,L,Base,12,1655,Y,04/30/2026
DO-21363,D-124,Foothills Bicycles,WA,04/22/2026,05/14/2026,RW-3980,Road,S,Carbon,5,2879,Y,05/06/2026
DO-21377,D-129,Blue Ridge Cyclery,VT,04/22/2026,05/16/2026,RW-2984,Road,M,Carbon,11,2879,Y,05/20/2026
DO-21378,D-131,Copperline Cycles,MA,04/22/2026,05/06/2026,RW-2984,Road,M,Carbon,5,2879,Y,05/03/2026
DO-21383,D-125,Switchback Cycles,UT,04/22/2026,05/11/2026,RW-7298,Road,L,Base,12,1367,Y,05/17/2026
DO-21385,D-114,Coastal Ride Co,MI,04/22/2026,05/15/2026,RW-1378,Road,L,Carbon,10,2879,Y,05/15/2026
DO-21389,D-107,Iron Horse Cycles,TX,04/22/2026,05/20/2026,RW-9304,MTB,S,Carbon,3,3527,Y,05/10/2026
DO-21395,D-144,Cedar Ridge Cycles,WA,04/22/2026,05/07/2026,RW-9324,MTB,M,Base,8,1655,Y,05/03/2026
DO-21408,D-138,Ironwood Cycle Co,ID,04/22/2026,05/09/2026,RW-9901,MTB,L,Base,7,1655,Y,05/16/2026
DO-21415,D-133,Rimrock Cyclery,IL,04/22/2026,05/08/2026,RW-6416,MTB,L,Carbon,6,3527,Y,05/12/2026
DO-21360,D-129,Blue Ridge Cyclery,VT,04/23/2026,05/15/2026,RW-3980,Road,S,Carbon,5,2879,Y,05/06/2026
DO-21369,D-120,Stone Bridge Cycles,NM,04/23/2026,05/15/2026,RW-9835,Road,M,Base,9,1367,Y,05/02/2026
DO-21371,D-124,Foothills Bicycles,WA,04/23/2026,05/09/2026,RW-9835,Road,M,Base,2,1367,Y,05/14/2026
DO-21376,D-145,Frontier Bicycle Works,UT,04/23/2026,05/12/2026,RW-2984,Road,M,Carbon,4,2879,Y,05/21/2026
DO-21381,D-141,Basin Bike Shop,CA,04/23/2026,05/10/2026,RW-7298,Road,L,Base,12,1367,Y,05/15/2026
DO-21404,D-133,Rimrock Cyclery,IL,04/23/2026,05/19/2026,RW-4418,MTB,M,Carbon,11,3527,Y,05/10/2026
DO-21406,D-118,Lakeshore Cyclery,ID,04/23/2026,05/10/2026,RW-4418,MTB,M,Carbon,12,3527,Y,05/03/2026
DO-21414,D-104,Peak Performance Bikes,WA,04/23/2026,05/11/2026,RW-6416,MTB,L,Carbon,9,3527,Y,05/18/2026
DO-21364,D-129,Blue Ridge Cyclery,VT,04/24/2026,05/14/2026,RW-9835,Road,M,Base,4,1367,Y,05/23/2026
DO-21367,D-130,Big Sky Bikes,NY,04/24/2026,05/15/2026,RW-9835,Road,M,Base,10,1367,Y,05/22/2026
DO-21390,D-124,Foothills Bicycles,WA,04/24/2026,05/14/2026,RW-9304,MTB,S,Carbon,12,3527,Y,05/21/2026
DO-21392,D-124,Foothills Bicycles,WA,04/24/2026,05/21/2026,RW-9304,MTB,S,Carbon,11,3527,Y,05/23/2026
DO-21393,D-101,Summit Cycles,CA,04/24/2026,05/22/2026,RW-9304,MTB,S,Carbon,1,3527,Y,05/18/2026
DO-21397,D-109,Northstar Cycle Works,VT,04/24/2026,05/18/2026,RW-9324,MTB,M,Base,5,1655,Y,05/23/2026
DO-21399,D-115,Alpine Wheels,MN,04/24/2026,05/08/2026,RW-9324,MTB,M,Base,4,1655,Y,05/09/2026
DO-21403,D-145,Frontier Bicycle Works,UT,04/24/2026,05/08/2026,RW-9324,MTB,M,Base,5,1655,Y,05/09/2026
DO-21410,D-129,Blue Ridge Cyclery,VT,04/24/2026,05/18/2026,RW-9901,MTB,L,Base,8,1655,Y,05/13/2026
DO-21357,D-107,Iron Horse Cycles,TX,04/25/2026,05/12/2026,RW-3980,Road,S,Carbon,9,2879,Y,05/21/2026
DO-21358,D-129,Blue Ridge Cyclery,VT,04/25/2026,05/17/2026,RW-3980,Road,S,Carbon,3,2879,Y,05/16/2026
DO-21359,D-137,Driftwood Bikes,FL,04/25/2026,05/13/2026,RW-3980,Road,S,Carbon,6,2879,Y,05/14/2026
DO-21366,D-119,Pinecrest Bikes,MT,04/25/2026,05/17/2026,RW-9835,Road,M,Base,4,1367,Y,05/06/2026
DO-21375,D-113,Granite Peak Cycles,IL,04/25/2026,05/23/2026,RW-2984,Road,M,Carbon,10,2879,Y,05/14/2026
DO-21379,D-124,Foothills Bicycles,WA,04/25/2026,05/11/2026,RW-2984,Road,M,Carbon,1,2879,Y,05/11/2026
DO-21387,D-129,Blue Ridge Cyclery,VT,04/25/2026,05/22/2026,RW-1378,Road,L,Carbon,3,2879,Y,05/02/2026
DO-21391,D-123,Metro Velo,OR,04/25/2026,05/22/2026,RW-9304,MTB,S,Carbon,8,3527,Y,05/12/2026
DO-21394,D-129,Blue Ridge Cyclery,VT,04/25/2026,05/23/2026,RW-9324,MTB,M,Base,10,1655,Y,05/23/2026
DO-21400,D-133,Rimrock Cyclery,IL,04/25/2026,05/13/2026,RW-9324,MTB,M,Base,3,1655,Y,05/08/2026
DO-21401,D-118,Lakeshore Cyclery,ID,04/25/2026,05/19/2026,RW-9324,MTB,M,Base,9,1655,Y,05/16/2026
DO-21407,D-143,Overlook Bikes,OR,04/25/2026,05/17/2026,RW-4418,MTB,M,Carbon,7,3527,Y,05/20/2026
DO-21361,D-123,Metro Velo,OR,04/26/2026,05/18/2026,RW-3980,Road,S,Carbon,6,2879,Y,05/17/2026
DO-21362,D-105,Trailhead Bicycle Co,UT,04/26/2026,05/15/2026,RW-3980,Road,S,Carbon,3,2879,Y,05/03/2026
DO-21365,D-124,Foothills Bicycles,WA,04/26/2026,05/10/2026,RW-9835,Road,M,Base,5,1367,Y,05/24/2026
DO-21368,D-122,Evergreen Cycle Shop,CO,04/26/2026,05/10/2026,RW-9835,Road,M,Base,9,1367,Y,05/12/2026
DO-21370,D-131,Copperline Cycles,MA,04/26/2026,05/21/2026,RW-9835,Road,M,Base,9,1367,Y,05/19/2026
DO-21372,D-124,Foothills Bicycles,WA,04/26/2026,05/12/2026,RW-2984,Road,M,Carbon,4,2879,Y,05/14/2026
DO-21374,D-114,Coastal Ride Co,MI,04/26/2026,05/16/2026,RW-2984,Road,M,Carbon,9,2879,Y,05/14/2026
DO-21380,D-125,Switchback Cycles,UT,04/26/2026,05/22/2026,RW-7298,Road,L,Base,3,1367,Y,05/19/2026
DO-21405,D-117,Mesa Verde Cycling,FL,04/26/2026,05/18/2026,RW-4418,MTB,M,Carbon,10,3527,Y,05/17/2026
DO-21417,D-143,Overlook Bikes,OR,04/27/2026,05/19/2026,RW-3980,Road,S,Carbon,2,2879,Y,05/14/2026
DO-21422,D-120,Stone Bridge Cycles,NM,04/27/2026,05/17/2026,RW-3980,Road,S,Carbon,2,2879,Y,05/06/2026
DO-21430,D-119,Pinecrest Bikes,MT,04/27/2026,05/20/2026,RW-2984,Road,M,Carbon,4,2879,Y,05/17/2026
DO-21438,D-129,Blue Ridge Cyclery,VT,04/27/2026,05/18/2026,RW-7298,Road,L,Base,3,1367,Y,05/07/2026
DO-21444,D-134,Old Town Bikes,MI,04/27/2026,05/16/2026,RW-1378,Road,L,Carbon,1,2879,Y,05/05/2026
DO-21450,D-143,Overlook Bikes,OR,04/27/2026,05/15/2026,RW-9304,MTB,S,Carbon,2,3527,Y,05/09/2026
DO-21459,D-118,Lakeshore Cyclery,ID,04/27/2026,05/16/2026,RW-9324,MTB,M,Base,11,1655,Y,05/07/2026
DO-21460,D-102,Ridgeback Bikes,CO,04/27/2026,05/11/2026,RW-9324,MTB,M,Base,5,1655,Y,05/11/2026
DO-21461,D-143,Overlook Bikes,OR,04/27/2026,05/16/2026,RW-9324,MTB,M,Base,6,1655,Y,05/04/2026
DO-21462,D-115,Alpine Wheels,MN,04/27/2026,05/20/2026,RW-9324,MTB,M,Base,7,1655,Y,05/12/2026
DO-21464,D-122,Evergreen Cycle Shop,CO,04/27/2026,05/11/2026,RW-4418,MTB,M,Carbon,5,3527,Y,05/23/2026
DO-21420,D-138,Ironwood Cycle Co,ID,04/28/2026,05/25/2026,RW-3980,Road,S,Carbon,2,2879,Y,05/12/2026
DO-21423,D-135,Elk Creek Cycles,MN,04/28/2026,05/18/2026,RW-9835,Road,M,Base,9,1367,Y,05/06/2026
DO-21424,D-115,Alpine Wheels,MN,04/28/2026,05/16/2026,RW-9835,Road,M,Base,10,1367,Y,05/15/2026
DO-21425,D-141,Basin Bike Shop,CA,04/28/2026,05/14/2026,RW-9835,Road,M,Base,4,1367,Y,05/25/2026
DO-21437,D-120,Stone Bridge Cycles,NM,04/28/2026,05/24/2026,RW-7298,Road,L,Base,11,1367,Y,05/10/2026
DO-21440,D-118,Lakeshore Cyclery,ID,04/28/2026,05/13/2026,RW-1378,Road,L,Carbon,2,2879,Y,05/27/2026
DO-21443,D-145,Frontier Bicycle Works,UT,04/28/2026,05/23/2026,RW-1378,Road,L,Carbon,3,2879,Y,05/27/2026
DO-21446,D-144,Cedar Ridge Cycles,WA,04/28/2026,05/19/2026,RW-9304,MTB,S,Carbon,7,3527,Y,05/25/2026
DO-21448,D-129,Blue Ridge Cyclery,VT,04/28/2026,05/26/2026,RW-9304,MTB,S,Carbon,3,3527,Y,05/08/2026
DO-21451,D-144,Cedar Ridge Cycles,WA,04/28/2026,05/15/2026,RW-9304,MTB,S,Carbon,3,3527,Y,05/22/2026
DO-21454,D-114,Coastal Ride Co,MI,04/28/2026,05/15/2026,RW-9304,MTB,S,Carbon,6,3527,Y,05/07/2026
DO-21463,D-124,Foothills Bicycles,WA,04/28/2026,05/15/2026,RW-4418,MTB,M,Carbon,10,3527,Y,05/27/2026
DO-21477,D-141,Basin Bike Shop,CA,04/28/2026,05/12/2026,RW-9901,MTB,L,Base,7,1655,Y,05/12/2026
DO-21416,D-136,Capitol Cyclery,GA,04/29/2026,05/15/2026,RW-3980,Road,S,Carbon,8,2879,Y,05/26/2026
DO-21421,D-101,Summit Cycles,CA,04/29/2026,05/17/2026,RW-3980,Road,S,Carbon,5,2879,Y,05/10/2026
DO-21435,D-124,Foothills Bicycles,WA,04/29/2026,05/22/2026,RW-7298,Road,L,Base,12,1367,Y,05/23/2026
DO-21436,D-135,Elk Creek Cycles,MN,04/29/2026,05/16/2026,RW-7298,Road,L,Base,10,1367,Y,05/16/2026
DO-21439,D-114,Coastal Ride Co,MI,04/29/2026,05/15/2026,RW-1378,Road,L,Carbon,4,2879,Y,05/08/2026
DO-21441,D-124,Foothills Bicycles,WA,04/29/2026,05/19/2026,RW-1378,Road,L,Carbon,9,2879,Y,05/10/2026
DO-21442,D-115,Alpine Wheels,MN,04/29/2026,05/25/2026,RW-1378,Road,L,Carbon,7,2879,Y,05/09/2026
DO-21456,D-143,Overlook Bikes,OR,04/29/2026,05/23/2026,RW-9324,MTB,M,Base,8,1655,Y,05/07/2026
DO-21471,D-124,Foothills Bicycles,WA,04/29/2026,05/15/2026,RW-9901,MTB,L,Base,4,1655,Y,05/15/2026
DO-21480,D-106,Velo Republic,AZ,04/29/2026,05/14/2026,RW-6416,MTB,L,Carbon,7,3527,Y,05/06/2026
DO-21431,D-141,Basin Bike Shop,CA,04/30/2026,05/21/2026,RW-2984,Road,M,Carbon,10,2879,Y,05/11/2026
DO-21433,D-105,Trailhead Bicycle Co,UT,04/30/2026,05/23/2026,RW-2984,Road,M,Carbon,9,2879,Y,05/19/2026
DO-21434,D-118,Lakeshore Cyclery,ID,04/30/2026,05/19/2026,RW-2984,Road,M,Carbon,2,2879,Y,05/08/2026
DO-21445,D-120,Stone Bridge Cycles,NM,04/30/2026,05/17/2026,RW-9304,MTB,S,Carbon,8,3527,Y,05/16/2026
DO-21452,D-118,Lakeshore Cyclery,ID,04/30/2026,05/17/2026,RW-9304,MTB,S,Carbon,3,3527,Y,05/29/2026
DO-21453,D-137,Driftwood Bikes,FL,04/30/2026,05/21/2026,RW-9304,MTB,S,Carbon,5,3527,Y,05/18/2026
DO-21458,D-115,Alpine Wheels,MN,04/30/2026,05/14/2026,RW-9324,MTB,M,Base,7,1655,Y,05/13/2026
DO-21469,D-126,Harbor Bikes,AZ,04/30/2026,05/25/2026,RW-4418,MTB,M,Carbon,2,3527,Y,05/16/2026
DO-21470,D-116,Timberline Bikes,GA,04/30/2026,05/27/2026,RW-9901,MTB,L,Base,4,1655,Y,05/09/2026
DO-21472,D-114,Coastal Ride Co,MI,04/30/2026,05/15/2026,RW-9901,MTB,L,Base,2,1655,Y,05/08/2026
DO-21429,D-142,Wildflower Cyclery,CO,05/01/2026,05/17/2026,RW-2984,Road,M,Carbon,9,2879,Y,05/10/2026
DO-21465,D-122,Evergreen Cycle Shop,CO,05/01/2026,05/20/2026,RW-4418,MTB,M,Carbon,3,3527,Y,05/13/2026
DO-21466,D-124,Foothills Bicycles,WA,05/01/2026,05/29/2026,RW-4418,MTB,M,Carbon,11,3527,Y,05/25/2026
DO-21478,D-141,Basin Bike Shop,CA,05/01/2026,05/15/2026,RW-6416,MTB,L,Carbon,12,3527,Y,05/28/2026
DO-21479,D-128,Sierra Bike Works,NC,05/01/2026,05/15/2026,RW-6416,MTB,L,Carbon,6,3527,Y,05/30/2026
DO-21426,D-123,Metro Velo,OR,05/02/2026,05/16/2026,RW-9835,Road,M,Base,11,1367,Y,05/28/2026
DO-21427,D-129,Blue Ridge Cyclery,VT,05/02/2026,05/28/2026,RW-9835,Road,M,Base,11,1367,Y,05/31/2026
DO-21449,D-101,Summit Cycles,CA,05/02/2026,05/26/2026,RW-9304,MTB,S,Carbon,3,3527,Y,05/29/2026
DO-21468,D-112,Riverbend Bike Shop,PA,05/02/2026,05/21/2026,RW-4418,MTB,M,Carbon,6,3527,Y,05/09/2026
DO-21418,D-124,Foothills Bicycles,WA,05/03/2026,05/26/2026,RW-3980,Road,S,Carbon,11,2879,Y,05/10/2026
DO-21419,D-132,Bayside Bicycle Co,PA,05/03/2026,05/25/2026,RW-3980,Road,S,Carbon,12,2879,Y,05/11/2026
DO-21428,D-110,Bluegrass Bicycles,NY,05/03/2026,05/18/2026,RW-2984,Road,M,Carbon,6,2879,Y,05/23/2026
DO-21432,D-114,Coastal Ride Co,MI,05/03/2026,05/31/2026,RW-2984,Road,M,Carbon,6,2879,Y,05/14/2026
DO-21447,D-125,Switchback Cycles,UT,05/03/2026,05/20/2026,RW-9304,MTB,S,Carbon,5,3527,Y,05/11/2026
DO-21455,D-105,Trailhead Bicycle Co,UT,05/03/2026,05/28/2026,RW-9324,MTB,M,Base,5,1655,Y,05/30/2026
DO-21457,D-143,Overlook Bikes,OR,05/03/2026,05/27/2026,RW-9324,MTB,M,Base,6,1655,Y,05/16/2026
DO-21467,D-139,Tidewater Bicycles,MT,05/03/2026,05/18/2026,RW-4418,MTB,M,Carbon,12,3527,Y,05/17/2026
DO-21473,D-110,Bluegrass Bicycles,NY,05/03/2026,05/31/2026,RW-9901,MTB,L,Base,9,1655,Y,05/29/2026
DO-21474,D-116,Timberline Bikes,GA,05/03/2026,05/27/2026,RW-9901,MTB,L,Base,12,1655,Y,05/30/2026
DO-21475,D-106,Velo Republic,AZ,05/03/2026,05/18/2026,RW-9901,MTB,L,Base,10,1655,Y,05/17/2026
DO-21476,D-123,Metro Velo,OR,05/03/2026,05/24/2026,RW-9901,MTB,L,Base,9,1655,Y,05/29/2026
DO-21488,D-115,Alpine Wheels,MN,05/04/2026,05/22/2026,RW-9835,Road,M,Base,8,1367,Y,05/18/2026
DO-21492,D-131,Copperline Cycles,MA,05/04/2026,05/20/2026,RW-2984,Road,M,Carbon,12,2879,Y,05/25/2026
DO-21495,D-135,Elk Creek Cycles,MN,05/04/2026,05/24/2026,RW-2984,Road,M,Carbon,5,2879,Y,05/29/2026
DO-21503,D-107,Iron Horse Cycles,TX,05/04/2026,05/21/2026,RW-7298,Road,L,Base,6,1367,Y,05/18/2026
DO-21512,D-129,Blue Ridge Cyclery,VT,05/04/2026,05/18/2026,RW-9304,MTB,S,Carbon,8,3527,Y,05/14/2026
DO-21515,D-135,Elk Creek Cycles,MN,05/04/2026,05/18/2026,RW-9324,MTB,M,Base,12,1655,Y,05/16/2026
DO-21518,D-129,Blue Ridge Cyclery,VT,05/04/2026,05/30/2026,RW-9324,MTB,M,Base,6,1655,Y,05/30/2026
DO-21538,D-124,Foothills Bicycles,WA,05/04/2026,05/27/2026,RW-9901,MTB,L,Base,10,1655,Y,05/17/2026
DO-21489,D-110,Bluegrass Bicycles,NY,05/05/2026,05/27/2026,RW-9835,Road,M,Base,7,1367,Y,05/26/2026
DO-21491,D-113,Granite Peak Cycles,IL,05/05/2026,05/27/2026,RW-2984,Road,M,Carbon,3,2879,Y,05/31/2026
DO-21494,D-145,Frontier Bicycle Works,UT,05/05/2026,05/20/2026,RW-2984,Road,M,Carbon,5,2879,Y,05/21/2026
DO-21504,D-118,Lakeshore Cyclery,ID,05/05/2026,05/20/2026,RW-1378,Road,L,Carbon,4,2879,Y,05/14/2026
DO-21514,D-111,High Desert Cyclery,MA,05/05/2026,06/02/2026,RW-9304,MTB,S,Carbon,4,3527,Y,05/28/2026
DO-21534,D-103,Cascade Cyclery,OR,05/05/2026,05/30/2026,RW-4418,MTB,M,Carbon,4,3527,Y,05/30/2026
DO-21484,D-112,Riverbend Bike Shop,PA,05/06/2026,05/20/2026,RW-3980,Road,S,Carbon,6,2879,Y,05/27/2026
DO-21490,D-133,Rimrock Cyclery,IL,05/06/2026,05/23/2026,RW-9835,Road,M,Base,2,1367,Y,05/31/2026
DO-21496,D-122,Evergreen Cycle Shop,CO,05/06/2026,05/25/2026,RW-2984,Road,M,Carbon,12,2879,Y,05/14/2026
DO-21498,D-109,Northstar Cycle Works,VT,05/06/2026,05/24/2026,RW-2984,Road,M,Carbon,3,2879,Y,05/18/2026
DO-21501,D-119,Pinecrest Bikes,MT,05/06/2026,05/22/2026,RW-7298,Road,L,Base,5,1367,Y,05/26/2026
DO-21509,D-120,Stone Bridge Cycles,NM,05/06/2026,05/26/2026,RW-9304,MTB,S,Carbon,7,3527,N,
DO-21510,D-123,Metro Velo,OR,05/06/2026,06/01/2026,RW-9304,MTB,S,Carbon,5,3527,N,
DO-21517,D-129,Blue Ridge Cyclery,VT,05/06/2026,05/31/2026,RW-9324,MTB,M,Base,6,1655,Y,05/20/2026
DO-21520,D-135,Elk Creek Cycles,MN,05/06/2026,05/22/2026,RW-9324,MTB,M,Base,7,1655,Y,05/14/2026
DO-21525,D-103,Cascade Cyclery,OR,05/06/2026,05/27/2026,RW-9324,MTB,M,Base,6,1655,Y,05/16/2026
DO-21537,D-124,Foothills Bicycles,WA,05/06/2026,05/25/2026,RW-9901,MTB,L,Base,9,1655,Y,05/19/2026
DO-21487,D-109,Northstar Cycle Works,VT,05/07/2026,06/04/2026,RW-9835,Road,M,Base,12,1367,Y,05/17/2026
DO-21502,D-138,Ironwood Cycle Co,ID,05/07/2026,06/04/2026,RW-7298,Road,L,Base,7,1367,Y,05/31/2026
DO-21519,D-115,Alpine Wheels,MN,05/07/2026,06/03/2026,RW-9324,MTB,M,Base,3,1655,Y,05/18/2026
DO-21522,D-119,Pinecrest Bikes,MT,05/07/2026,06/02/2026,RW-9324,MTB,M,Base,9,1655,Y,05/26/2026
DO-21526,D-119,Pinecrest Bikes,MT,05/07/2026,05/23/2026,RW-9324,MTB,M,Base,11,1655,Y,05/14/2026
DO-21527,D-137,Driftwood Bikes,FL,05/07/2026,06/01/2026,RW-9324,MTB,M,Base,2,1655,Y,05/15/2026
DO-21532,D-116,Timberline Bikes,GA,05/07/2026,05/21/2026,RW-4418,MTB,M,Carbon,8,3527,Y,05/28/2026
DO-21535,D-135,Elk Creek Cycles,MN,05/07/2026,05/30/2026,RW-4418,MTB,M,Carbon,6,3527,Y,05/22/2026
DO-21536,D-113,Granite Peak Cycles,IL,05/07/2026,05/24/2026,RW-9901,MTB,L,Base,10,1655,Y,06/01/2026
DO-21540,D-115,Alpine Wheels,MN,05/07/2026,05/30/2026,RW-6416,MTB,L,Carbon,5,3527,Y,05/28/2026
DO-21485,D-143,Overlook Bikes,OR,05/08/2026,05/24/2026,RW-9835,Road,M,Base,9,1367,Y,05/31/2026
DO-21486,D-102,Ridgeback Bikes,CO,05/08/2026,05/30/2026,RW-9835,Road,M,Base,5,1367,Y,05/19/2026
DO-21516,D-132,Bayside Bicycle Co,PA,05/08/2026,06/05/2026,RW-9324,MTB,M,Base,2,1655,Y,05/29/2026
DO-21523,D-110,Bluegrass Bicycles,NY,05/08/2026,05/29/2026,RW-9324,MTB,M,Base,2,1655,Y,05/23/2026
DO-21530,D-133,Rimrock Cyclery,IL,05/08/2026,06/04/2026,RW-4418,MTB,M,Carbon,8,3527,Y,06/04/2026
DO-21493,D-134,Old Town Bikes,MI,05/09/2026,06/01/2026,RW-2984,Road,M,Carbon,9,2879,Y,05/19/2026
DO-21497,D-107,Iron Horse Cycles,TX,05/09/2026,06/01/2026,RW-2984,Road,M,Carbon,3,2879,Y,05/25/2026
DO-21500,D-119,Pinecrest Bikes,MT,05/09/2026,05/25/2026,RW-7298,Road,L,Base,7,1367,Y,06/03/2026
DO-21505,D-116,Timberline Bikes,GA,05/09/2026,05/24/2026,RW-1378,Road,L,Carbon,2,2879,Y,05/21/2026
DO-21506,D-115,Alpine Wheels,MN,05/09/2026,06/01/2026,RW-1378,Road,L,Carbon,11,2879,Y,05/31/2026
DO-21508,D-106,Velo Republic,AZ,05/09/2026,06/02/2026,RW-9304,MTB,S,Carbon,12,3527,N,
DO-21513,D-128,Sierra Bike Works,NC,05/09/2026,05/28/2026,RW-9304,MTB,S,Carbon,5,3527,N,
DO-21524,D-135,Elk Creek Cycles,MN,05/09/2026,05/26/2026,RW-9324,MTB,M,Base,8,1655,Y,05/20/2026
DO-21529,D-134,Old Town Bikes,MI,05/09/2026,05/28/2026,RW-4418,MTB,M,Carbon,11,3527,Y,06/02/2026
DO-21539,D-132,Bayside Bicycle Co,PA,05/09/2026,05/26/2026,RW-6416,MTB,L,Carbon,12,3527,Y,05/30/2026
DO-21481,D-132,Bayside Bicycle Co,PA,05/10/2026,05/24/2026,RW-3980,Road,S,Carbon,12,2879,Y,05/17/2026
DO-21482,D-125,Switchback Cycles,UT,05/10/2026,05/25/2026,RW-3980,Road,S,Carbon,12,2879,Y,06/07/2026
DO-21483,D-145,Frontier Bicycle Works,UT,05/10/2026,06/07/2026,RW-3980,Road,S,Carbon,3,2879,Y,05/24/2026
DO-21499,D-133,Rimrock Cyclery,IL,05/10/2026,05/24/2026,RW-7298,Road,L,Base,7,1367,Y,06/06/2026
DO-21507,D-141,Basin Bike Shop,CA,05/10/2026,05/26/2026,RW-1378,Road,L,Carbon,2,2879,Y,06/02/2026
DO-21511,D-115,Alpine Wheels,MN,05/10/2026,05/26/2026,RW-9304,MTB,S,Carbon,5,3527,N,
DO-21521,D-115,Alpine Wheels,MN,05/10/2026,06/02/2026,RW-9324,MTB,M,Base,7,1655,Y,05/17/2026
DO-21528,D-135,Elk Creek Cycles,MN,05/10/2026,06/06/2026,RW-4418,MTB,M,Carbon,12,3527,Y,06/03/2026
DO-21531,D-118,Lakeshore Cyclery,ID,05/10/2026,05/26/2026,RW-4418,MTB,M,Carbon,4,3527,Y,06/06/2026
DO-21533,D-129,Blue Ridge Cyclery,VT,05/10/2026,06/01/2026,RW-4418,MTB,M,Carbon,4,3527,Y,06/06/2026
DO-21558,D-145,Frontier Bicycle Works,UT,05/11/2026,05/30/2026,RW-2984,Road,M,Carbon,2,2879,Y,05/25/2026
DO-21577,D-107,Iron Horse Cycles,TX,05/11/2026,05/28/2026,RW-9304,MTB,S,Carbon,7,3527,N,
DO-21582,D-119,Pinecrest Bikes,MT,05/11/2026,06/01/2026,RW-9324,MTB,M,Base,12,1655,Y,06/06/2026
DO-21584,D-145,Frontier Bicycle Works,UT,05/11/2026,05/28/2026,RW-9324,MTB,M,Base,9,1655,Y,06/03/2026
DO-21593,D-114,Coastal Ride Co,MI,05/11/2026,06/05/2026,RW-4418,MTB,M,Carbon,3,3527,Y,05/24/2026
DO-21595,D-119,Pinecrest Bikes,MT,05/11/2026,06/02/2026,RW-4418,MTB,M,Carbon,4,3527,Y,06/02/2026
DO-21598,D-126,Harbor Bikes,AZ,05/11/2026,06/06/2026,RW-9901,MTB,L,Base,5,1655,Y,06/03/2026
DO-21603,D-141,Basin Bike Shop,CA,05/11/2026,06/07/2026,RW-9901,MTB,L,Base,1,1655,Y,06/05/2026
DO-21544,D-142,Wildflower Cyclery,CO,05/12/2026,05/31/2026,RW-3980,Road,S,Carbon,5,2879,Y,05/24/2026
DO-21545,D-143,Overlook Bikes,OR,05/12/2026,05/26/2026,RW-3980,Road,S,Carbon,7,2879,Y,06/02/2026
DO-21560,D-136,Capitol Cyclery,GA,05/12/2026,06/02/2026,RW-2984,Road,M,Carbon,2,2879,Y,05/26/2026
DO-21561,D-118,Lakeshore Cyclery,ID,05/12/2026,06/08/2026,RW-2984,Road,M,Carbon,9,2879,Y,05/24/2026
DO-21565,D-117,Mesa Verde Cycling,FL,05/12/2026,06/08/2026,RW-7298,Road,L,Base,6,1367,Y,05/26/2026
DO-21572,D-117,Mesa Verde Cycling,FL,05/12/2026,05/26/2026,RW-1378,Road,L,Carbon,9,2879,Y,06/02/2026
DO-21586,D-102,Ridgeback Bikes,CO,05/12/2026,06/04/2026,RW-9324,MTB,M,Base,11,1655,Y,05/24/2026
DO-21591,D-118,Lakeshore Cyclery,ID,05/12/2026,06/04/2026,RW-4418,MTB,M,Carbon,12,3527,Y,06/09/2026
DO-21599,D-115,Alpine Wheels,MN,05/12/2026,06/08/2026,RW-9901,MTB,L,Base,3,1655,Y,05/26/2026
DO-21600,D-136,Capitol Cyclery,GA,05/12/2026,06/09/2026,RW-9901,MTB,L,Base,6,1655,Y,06/03/2026
DO-21546,D-106,Velo Republic,AZ,05/13/2026,06/05/2026,RW-3980,Road,S,Carbon,5,2879,Y,05/20/2026
DO-21553,D-122,Evergreen Cycle Shop,CO,05/13/2026,06/03/2026,RW-9835,Road,M,Base,4,1367,Y,06/07/2026
DO-21554,D-109,Northstar Cycle Works,VT,05/13/2026,06/02/2026,RW-9835,Road,M,Base,5,1367,Y,06/07/2026
DO-21556,D-106,Velo Republic,AZ,05/13/2026,05/27/2026,RW-2984,Road,M,Carbon,3,2879,Y,06/06/2026
DO-21563,D-139,Tidewater Bicycles,MT,05/13/2026,06/10/2026,RW-2984,Road,M,Carbon,5,2879,Y,05/20/2026
DO-21564,D-113,Granite Peak Cycles,IL,05/13/2026,06/05/2026,RW-7298,Road,L,Base,9,1367,Y,05/24/2026
DO-21568,D-118,Lakeshore Cyclery,ID,05/13/2026,05/30/2026,RW-7298,Road,L,Base,3,1367,Y,06/11/2026
DO-21570,D-135,Elk Creek Cycles,MN,05/13/2026,05/30/2026,RW-1378,Road,L,Carbon,8,2879,Y,06/11/2026
DO-21573,D-129,Blue Ridge Cyclery,VT,05/13/2026,06/05/2026,RW-1378,Road,L,Carbon,2,2879,Y,05/20/2026
DO-21578,D-141,Basin Bike Shop,CA,05/13/2026,06/05/2026,RW-9304,MTB,S,Carbon,3,3527,N,
DO-21597,D-104,Peak Performance Bikes,WA,05/13/2026,06/06/2026,RW-9901,MTB,L,Base,9,1655,Y,05/31/2026
DO-21547,D-115,Alpine Wheels,MN,05/14/2026,05/31/2026,RW-3980,Road,S,Carbon,4,2879,Y,06/02/2026
DO-21559,D-107,Iron Horse Cycles,TX,05/14/2026,06/06/2026,RW-2984,Road,M,Carbon,9,2879,Y,06/11/2026
DO-21566,D-124,Foothills Bicycles,WA,05/14/2026,05/29/2026,RW-7298,Road,L,Base,6,1367,Y,05/26/2026
DO-21571,D-123,Metro Velo,OR,05/14/2026,06/07/2026,RW-1378,Road,L,Carbon,4,2879,Y,05/22/2026
DO-21574,D-112,Riverbend Bike Shop,PA,05/14/2026,06/08/2026,RW-1378,Road,L,Carbon,7,2879,Y,05/25/2026
DO-21580,D-139,Tidewater Bicycles,MT,05/14/2026,06/09/2026,RW-9304,MTB,S,Carbon,7,3527,N,
DO-21583,D-123,Metro Velo,OR,05/14/2026,06/05/2026,RW-9324,MTB,M,Base,3,1655,Y,06/10/2026
DO-21589,D-127,Prairie Wind Cycling,TX,05/14/2026,05/29/2026,RW-9324,MTB,M,Base,4,1655,Y,05/22/2026
DO-21592,D-118,Lakeshore Cyclery,ID,05/14/2026,05/30/2026,RW-4418,MTB,M,Carbon,6,3527,N,
DO-21594,D-145,Frontier Bicycle Works,UT,05/14/2026,06/07/2026,RW-4418,MTB,M,Carbon,4,3527,N,
DO-21596,D-119,Pinecrest Bikes,MT,05/14/2026,05/29/2026,RW-4418,MTB,M,Carbon,8,3527,N,
DO-21604,D-110,Bluegrass Bicycles,NY,05/14/2026,05/28/2026,RW-6416,MTB,L,Carbon,4,3527,N,
DO-21548,D-128,Sierra Bike Works,NC,05/15/2026,06/09/2026,RW-9835,Road,M,Base,5,1367,Y,05/24/2026
DO-21550,D-111,High Desert Cyclery,MA,05/15/2026,06/12/2026,RW-9835,Road,M,Base,5,1367,Y,05/25/2026
DO-21551,D-128,Sierra Bike Works,NC,05/15/2026,06/11/2026,RW-9835,Road,M,Base,12,1367,Y,05/22/2026
DO-21552,D-145,Frontier Bicycle Works,UT,05/15/2026,06/09/2026,RW-9835,Road,M,Base,7,1367,Y,05/22/2026
DO-21576,D-145,Frontier Bicycle Works,UT,05/15/2026,06/02/2026,RW-9304,MTB,S,Carbon,9,3527,N,
DO-21579,D-117,Mesa Verde Cycling,FL,05/15/2026,06/03/2026,RW-9304,MTB,S,Carbon,8,3527,N,
DO-21585,D-114,Coastal Ride Co,MI,05/15/2026,05/29/2026,RW-9324,MTB,M,Base,6,1655,Y,05/27/2026
DO-21588,D-107,Iron Horse Cycles,TX,05/15/2026,06/07/2026,RW-9324,MTB,M,Base,7,1655,Y,05/26/2026
DO-21601,D-119,Pinecrest Bikes,MT,05/15/2026,06/05/2026,RW-9901,MTB,L,Base,2,1655,Y,05/23/2026
DO-21541,D-101,Summit Cycles,CA,05/16/2026,06/05/2026,RW-3980,Road,S,Carbon,2,2879,Y,06/08/2026
DO-21562,D-107,Iron Horse Cycles,TX,05/16/2026,05/31/2026,RW-2984,Road,M,Carbon,5,2879,Y,06/08/2026
DO-21567,D-115,Alpine Wheels,MN,05/16/2026,06/13/2026,RW-7298,Road,L,Base,2,1367,Y,06/09/2026
DO-21606,D-124,Foothills Bicycles,WA,05/16/2026,06/09/2026,RW-6416,MTB,L,Carbon,2,3527,N,
DO-21608,D-129,Blue Ridge Cyclery,VT,05/16/2026,06/02/2026,RW-6416,MTB,L,Carbon,10,3527,N,
DO-21542,D-107,Iron Horse Cycles,TX,05/17/2026,06/08/2026,RW-3980,Road,S,Carbon,6,2879,Y,05/25/2026
DO-21543,D-136,Capitol Cyclery,GA,05/17/2026,06/07/2026,RW-3980,Road,S,Carbon,9,2879,Y,06/06/2026
DO-21549,D-119,Pinecrest Bikes,MT,05/17/2026,06/07/2026,RW-9835,Road,M,Base,9,1367,Y,06/10/2026
DO-21555,D-114,Coastal Ride Co,MI,05/17/2026,06/03/2026,RW-9835,Road,M,Base,5,1367,Y,06/01/2026
DO-21557,D-104,Peak Performance Bikes,WA,05/17/2026,06/12/2026,RW-2984,Road,M,Carbon,8,2879,Y,06/10/2026
DO-21569,D-124,Foothills Bicycles,WA,05/17/2026,06/05/2026,RW-7298,Road,L,Base,3,1367,Y,06/02/2026
DO-21575,D-132,Bayside Bicycle Co,PA,05/17/2026,06/03/2026,RW-1378,Road,L,Carbon,1,2879,Y,06/03/2026
DO-21581,D-131,Copperline Cycles,MA,05/17/2026,06/11/2026,RW-9304,MTB,S,Carbon,7,3527,N,
DO-21587,D-123,Metro Velo,OR,05/17/2026,06/04/2026,RW-9324,MTB,M,Base,12,1655,Y,05/26/2026
DO-21590,D-141,Basin Bike Shop,CA,05/17/2026,06/02/2026,RW-4418,MTB,M,Carbon,6,3527,N,
DO-21602,D-116,Timberline Bikes,GA,05/17/2026,06/09/2026,RW-9901,MTB,L,Base,10,1655,Y,05/25/2026
DO-21605,D-139,Tidewater Bicycles,MT,05/17/2026,06/10/2026,RW-6416,MTB,L,Carbon,4,3527,N,
DO-21607,D-115,Alpine Wheels,MN,05/17/2026,06/07/2026,RW-6416,MTB,L,Carbon,4,3527,N,
DO-21617,D-123,Metro Velo,OR,05/18/2026,06/04/2026,RW-9835,Road,M,Base,3,1367,Y,06/07/2026
DO-21619,D-103,Cascade Cyclery,OR,05/18/2026,06/13/2026,RW-9835,Road,M,Base,9,1367,Y,05/28/2026
DO-21620,D-116,Timberline Bikes,GA,05/18/2026,06/12/2026,RW-9835,Road,M,Base,8,1367,Y,06/04/2026
DO-21626,D-123,Metro Velo,OR,05/18/2026,06/04/2026,RW-2984,Road,M,Carbon,5,2879,Y,06/05/2026
DO-21634,D-120,Stone Bridge Cycles,NM,05/18/2026,06/05/2026,RW-1378,Road,L,Carbon,11,2879,Y,06/02/2026
DO-21638,D-129,Blue Ridge Cyclery,VT,05/18/2026,06/07/2026,RW-9304,MTB,S,Carbon,5,3527,N,
DO-21641,D-132,Bayside Bicycle Co,PA,05/18/2026,06/07/2026,RW-9304,MTB,S,Carbon,3,3527,N,
DO-21644,D-136,Capitol Cyclery,GA,05/18/2026,06/05/2026,RW-9304,MTB,S,Carbon,5,3527,N,
DO-21647,D-123,Metro Velo,OR,05/18/2026,06/07/2026,RW-9324,MTB,M,Base,11,1655,Y,05/29/2026
DO-21667,D-123,Metro Velo,OR,05/18/2026,06/15/2026,RW-9901,MTB,L,Base,2,1655,Y,06/09/2026
DO-21669,D-119,Pinecrest Bikes,MT,05/18/2026,06/02/2026,RW-9901,MTB,L,Base,5,1655,Y,06/01/2026
DO-21674,D-139,Tidewater Bicycles,MT,05/18/2026,06/12/2026,RW-6416,MTB,L,Carbon,7,3527,N,
DO-21613,D-115,Alpine Wheels,MN,05/19/2026,06/14/2026,RW-9835,Road,M,Base,4,1367,Y,05/30/2026
DO-21618,D-105,Trailhead Bicycle Co,UT,05/19/2026,06/05/2026,RW-9835,Road,M,Base,8,1367,Y,05/28/2026
DO-21621,D-123,Metro Velo,OR,05/19/2026,06/07/2026,RW-9835,Road,M,Base,3,1367,Y,06/13/2026
DO-21654,D-101,Summit Cycles,CA,05/19/2026,06/06/2026,RW-9324,MTB,M,Base,6,1655,Y,06/12/2026
DO-21663,D-126,Harbor Bikes,AZ,05/19/2026,06/14/2026,RW-4418,MTB,M,Carbon,5,3527,N,
DO-21668,D-144,Cedar Ridge Cycles,WA,05/19/2026,06/07/2026,RW-9901,MTB,L,Base,5,1655,Y,05/31/2026
DO-21671,D-128,Sierra Bike Works,NC,05/19/2026,06/02/2026,RW-9901,MTB,L,Base,3,1655,Y,06/03/2026
DO-21611,D-129,Blue Ridge Cyclery,VT,05/20/2026,06/03/2026,RW-3980,Road,S,Carbon,10,2879,Y,05/28/2026
DO-21615,D-122,Evergreen Cycle Shop,CO,05/20/2026,06/08/2026,RW-9835,Road,M,Base,3,1367,Y,06/12/2026
DO-21637,D-120,Stone Bridge Cycles,NM,05/20/2026,06/15/2026,RW-9304,MTB,S,Carbon,10,3527,N,
DO-21640,D-118,Lakeshore Cyclery,ID,05/20/2026,06/14/2026,RW-9304,MTB,S,Carbon,6,3527,N,
DO-21642,D-122,Evergreen Cycle Shop,CO,05/20/2026,06/17/2026,RW-9304,MTB,S,Carbon,5,3527,N,
DO-21650,D-115,Alpine Wheels,MN,05/20/2026,06/09/2026,RW-9324,MTB,M,Base,4,1655,Y,06/15/2026
DO-21662,D-133,Rimrock Cyclery,IL,05/20/2026,06/07/2026,RW-4418,MTB,M,Carbon,8,3527,N,
DO-21675,D-129,Blue Ridge Cyclery,VT,05/20/2026,06/12/2026,RW-6416,MTB,L,Carbon,3,3527,N,
DO-21622,D-120,Stone Bridge Cycles,NM,05/21/2026,06/16/2026,RW-2984,Road,M,Carbon,2,2879,Y,06/09/2026
DO-21628,D-142,Wildflower Cyclery,CO,05/21/2026,06/05/2026,RW-7298,Road,L,Base,9,1367,Y,06/03/2026
DO-21631,D-122,Evergreen Cycle Shop,CO,05/21/2026,06/04/2026,RW-7298,Road,L,Base,3,1367,Y,06/10/2026
DO-21639,D-126,Harbor Bikes,AZ,05/21/2026,06/12/2026,RW-9304,MTB,S,Carbon,6,3527,N,
DO-21655,D-130,Big Sky Bikes,NY,05/21/2026,06/12/2026,RW-9324,MTB,M,Base,11,1655,Y,06/11/2026
DO-21659,D-117,Mesa Verde Cycling,FL,05/21/2026,06/09/2026,RW-4418,MTB,M,Carbon,2,3527,N,
DO-21661,D-130,Big Sky Bikes,NY,05/21/2026,06/04/2026,RW-4418,MTB,M,Carbon,11,3527,N,
DO-21665,D-136,Capitol Cyclery,GA,05/21/2026,06/15/2026,RW-4418,MTB,M,Carbon,7,3527,N,
DO-21670,D-123,Metro Velo,OR,05/21/2026,06/06/2026,RW-9901,MTB,L,Base,6,1655,Y,06/09/2026
DO-21673,D-119,Pinecrest Bikes,MT,05/21/2026,06/17/2026,RW-6416,MTB,L,Carbon,6,3527,N,
DO-21677,D-135,Elk Creek Cycles,MN,05/21/2026,06/08/2026,RW-6416,MTB,L,Carbon,3,3527,N,
DO-21612,D-115,Alpine Wheels,MN,05/22/2026,06/05/2026,RW-3980,Road,S,Carbon,7,2879,Y,06/19/2026
DO-21624,D-122,Evergreen Cycle Shop,CO,05/22/2026,06/13/2026,RW-2984,Road,M,Carbon,6,2879,Y,06/19/2026
DO-21629,D-110,Bluegrass Bicycles,NY,05/22/2026,06/08/2026,RW-7298,Road,L,Base,2,1367,Y,05/31/2026
DO-21632,D-119,Pinecrest Bikes,MT,05/22/2026,06/18/2026,RW-7298,Road,L,Base,4,1367,Y,06/13/2026
DO-21646,D-110,Bluegrass Bicycles,NY,05/22/2026,06/14/2026,RW-9324,MTB,M,Base,7,1655,Y,06/02/2026
DO-21652,D-138,Ironwood Cycle Co,ID,05/22/2026,06/13/2026,RW-9324,MTB,M,Base,2,1655,Y,05/31/2026
DO-21660,D-112,Riverbend Bike Shop,PA,05/22/2026,06/09/2026,RW-4418,MTB,M,Carbon,4,3527,N,
DO-21664,D-118,Lakeshore Cyclery,ID,05/22/2026,06/07/2026,RW-4418,MTB,M,Carbon,5,3527,N,
DO-21672,D-115,Alpine Wheels,MN,05/22/2026,06/17/2026,RW-9901,MTB,L,Base,5,1655,Y,06/17/2026
DO-21609,D-117,Mesa Verde Cycling,FL,05/23/2026,06/18/2026,RW-3980,Road,S,Carbon,7,2879,Y,05/31/2026
DO-21610,D-128,Sierra Bike Works,NC,05/23/2026,06/13/2026,RW-3980,Road,S,Carbon,10,2879,Y,06/14/2026
DO-21616,D-139,Tidewater Bicycles,MT,05/23/2026,06/14/2026,RW-9835,Road,M,Base,10,1367,Y,06/12/2026
DO-21623,D-129,Blue Ridge Cyclery,VT,05/23/2026,06/15/2026,RW-2984,Road,M,Carbon,11,2879,Y,06/06/2026
DO-21627,D-131,Copperline Cycles,MA,05/23/2026,06/08/2026,RW-2984,Road,M,Carbon,10,2879,Y,06/16/2026
DO-21630,D-143,Overlook Bikes,OR,05/23/2026,06/16/2026,RW-7298,Road,L,Base,10,1367,Y,06/03/2026
DO-21635,D-124,Foothills Bicycles,WA,05/23/2026,06/13/2026,RW-1378,Road,L,Carbon,5,2879,Y,06/17/2026
DO-21636,D-103,Cascade Cyclery,OR,05/23/2026,06/19/2026,RW-1378,Road,L,Carbon,5,2879,Y,06/07/2026
DO-21643,D-137,Driftwood Bikes,FL,05/23/2026,06/19/2026,RW-9304,MTB,S,Carbon,8,3527,N,
DO-21645,D-108,Canyon Edge Bikes,NC,05/23/2026,06/12/2026,RW-9324,MTB,M,Base,2,1655,Y,06/13/2026
DO-21648,D-129,Blue Ridge Cyclery,VT,05/23/2026,06/20/2026,RW-9324,MTB,M,Base,4,1655,Y,06/03/2026
DO-21651,D-102,Ridgeback Bikes,CO,05/23/2026,06/14/2026,RW-9324,MTB,M,Base,7,1655,Y,06/20/2026
DO-21656,D-105,Trailhead Bicycle Co,UT,05/23/2026,06/13/2026,RW-9324,MTB,M,Base,4,1655,Y,06/03/2026
DO-21658,D-120,Stone Bridge Cycles,NM,05/23/2026,06/18/2026,RW-9324,MTB,M,Base,1,1655,Y,06/02/2026
DO-21676,D-105,Trailhead Bicycle Co,UT,05/23/2026,06/11/2026,RW-6416,MTB,L,Carbon,7,3527,N,
DO-21614,D-126,Harbor Bikes,AZ,05/24/2026,06/19/2026,RW-9835,Road,M,Base,3,1367,Y,06/22/2026
DO-21625,D-131,Copperline Cycles,MA,05/24/2026,06/21/2026,RW-2984,Road,M,Carbon,9,2879,Y,06/10/2026
DO-21633,D-119,Pinecrest Bikes,MT,05/24/2026,06/11/2026,RW-1378,Road,L,Carbon,2,2879,Y,06/01/2026
DO-21649,D-110,Bluegrass Bicycles,NY,05/24/2026,06/18/2026,RW-9324,MTB,M,Base,5,1655,Y,06/19/2026
DO-21653,D-124,Foothills Bicycles,WA,05/24/2026,06/18/2026,RW-9324,MTB,M,Base,2,1655,Y,06/04/2026
DO-21657,D-139,Tidewater Bicycles,MT,05/24/2026,06/17/2026,RW-9324,MTB,M,Base,12,1655,Y,06/10/2026
DO-21666,D-119,Pinecrest Bikes,MT,05/24/2026,06/08/2026,RW-9901,MTB,L,Base,5,1655,Y,06/03/2026
DO-21683,D-107,Iron Horse Cycles,TX,05/25/2026,06/12/2026,RW-3980,Road,S,Carbon,4,2879,Y,06/18/2026
DO-21688,D-141,Basin Bike Shop,CA,05/25/2026,06/14/2026,RW-9835,Road,M,Base,2,1367,Y,06/18/2026
DO-21692,D-115,Alpine Wheels,MN,05/25/2026,06/14/2026,RW-2984,Road,M,Carbon,8,2879,Y,06/20/2026
DO-21698,D-109,Northstar Cycle Works,VT,05/25/2026,06/09/2026,RW-7298,Road,L,Base,7,1367,Y,06/14/2026
DO-21699,D-141,Basin Bike Shop,CA,05/25/2026,06/12/2026,RW-7298,Road,L,Base,3,1367,Y,06/08/2026
DO-21707,D-122,Evergreen Cycle Shop,CO,05/25/2026,06/08/2026,RW-1378,Road,L,Carbon,10,2879,Y,06/15/2026
DO-21708,D-122,Evergreen Cycle Shop,CO,05/25/2026,06/22/2026,RW-1378,Road,L,Carbon,3,2879,Y,06/18/2026
DO-21713,D-128,Sierra Bike Works,NC,05/25/2026,06/08/2026,RW-9304,MTB,S,Carbon,3,3527,N,
DO-21714,D-122,Evergreen Cycle Shop,CO,05/25/2026,06/20/2026,RW-9304,MTB,S,Carbon,3,3527,N,
DO-21716,D-123,Metro Velo,OR,05/25/2026,06/21/2026,RW-9304,MTB,S,Carbon,2,3527,N,
DO-21730,D-125,Switchback Cycles,UT,05/25/2026,06/12/2026,RW-4418,MTB,M,Carbon,6,3527,N,
DO-21732,D-132,Bayside Bicycle Co,PA,05/25/2026,06/13/2026,RW-4418,MTB,M,Carbon,3,3527,N,
DO-21743,D-125,Switchback Cycles,UT,05/25/2026,06/08/2026,RW-6416,MTB,L,Carbon,3,3527,N,
DO-21681,D-141,Basin Bike Shop,CA,05/26/2026,06/16/2026,RW-3980,Road,S,Carbon,7,2879,Y,06/19/2026
DO-21690,D-123,Metro Velo,OR,05/26/2026,06/16/2026,RW-9835,Road,M,Base,5,1367,Y,06/08/2026
DO-21691,D-113,Granite Peak Cycles,IL,05/26/2026,06/10/2026,RW-2984,Road,M,Carbon,2,2879,Y,06/23/2026
DO-21700,D-111,High Desert Cyclery,MA,05/26/2026,06/09/2026,RW-7298,Road,L,Base,3,1367,Y,06/07/2026
DO-21712,D-127,Prairie Wind Cycling,TX,05/26/2026,06/16/2026,RW-9304,MTB,S,Carbon,9,3527,N,
DO-21718,D-137,Driftwood Bikes,FL,05/26/2026,06/15/2026,RW-9324,MTB,M,Base,4,1655,Y,06/03/2026
DO-21722,D-135,Elk Creek Cycles,MN,05/26/2026,06/21/2026,RW-9324,MTB,M,Base,4,1655,Y,06/08/2026
DO-21724,D-123,Metro Velo,OR,05/26/2026,06/20/2026,RW-9324,MTB,M,Base,12,1655,Y,06/24/2026
DO-21727,D-123,Metro Velo,OR,05/26/2026,06/21/2026,RW-4418,MTB,M,Carbon,5,3527,N,
DO-21693,D-116,Timberline Bikes,GA,05/27/2026,06/16/2026,RW-2984,Road,M,Carbon,10,2879,Y,06/17/2026
DO-21697,D-124,Foothills Bicycles,WA,05/27/2026,06/23/2026,RW-2984,Road,M,Carbon,10,2879,Y,06/05/2026
DO-21704,D-123,Metro Velo,OR,05/27/2026,06/13/2026,RW-7298,Road,L,Base,5,1367,Y,06/24/2026
DO-21721,D-114,Coastal Ride Co,MI,05/27/2026,06/21/2026,RW-9324,MTB,M,Base,11,1655,Y,06/04/2026
DO-21728,D-102,Ridgeback Bikes,CO,05/27/2026,06/11/2026,RW-4418,MTB,M,Carbon,8,3527,N,
DO-21733,D-133,Rimrock Cyclery,IL,05/27/2026,06/11/2026,RW-4418,MTB,M,Carbon,2,3527,N,
DO-21684,D-117,Mesa Verde Cycling,FL,05/28/2026,06/18/2026,RW-3980,Road,S,Carbon,9,2879,Y,06/05/2026
DO-21686,D-122,Evergreen Cycle Shop,CO,05/28/2026,06/25/2026,RW-9835,Road,M,Base,5,1367,Y,06/19/2026
DO-21694,D-116,Timberline Bikes,GA,05/28/2026,06/11/2026,RW-2984,Road,M,Carbon,2,2879,Y,06/26/2026
DO-21701,D-126,Harbor Bikes,AZ,05/28/2026,06/19/2026,RW-7298,Road,L,Base,3,1367,Y,06/23/2026
DO-21715,D-117,Mesa Verde Cycling,FL,05/28/2026,06/12/2026,RW-9304,MTB,S,Carbon,2,3527,N,
DO-21720,D-136,Capitol Cyclery,GA,05/28/2026,06/18/2026,RW-9324,MTB,M,Base,9,1655,Y,06/19/2026
DO-21726,D-130,Big Sky Bikes,NY,05/28/2026,06/12/2026,RW-4418,MTB,M,Carbon,3,3527,N,
DO-21735,D-128,Sierra Bike Works,NC,05/28/2026,06/11/2026,RW-9901,MTB,L,Base,2,1655,Y,06/21/2026
DO-21738,D-126,Harbor Bikes,AZ,05/28/2026,06/21/2026,RW-9901,MTB,L,Base,12,1655,Y,06/10/2026
DO-21740,D-126,Harbor Bikes,AZ,05/28/2026,06/11/2026,RW-6416,MTB,L,Carbon,10,3527,N,
DO-21742,D-110,Bluegrass Bicycles,NY,05/28/2026,06/19/2026,RW-6416,MTB,L,Carbon,4,3527,N,
DO-21678,D-121,Red Rock Bike Co,CA,05/29/2026,06/19/2026,RW-3980,Road,S,Carbon,11,2879,Y,06/12/2026
DO-21680,D-141,Basin Bike Shop,CA,05/29/2026,06/12/2026,RW-3980,Road,S,Carbon,2,2879,Y,06/22/2026
DO-21685,D-144,Cedar Ridge Cycles,WA,05/29/2026,06/14/2026,RW-9835,Road,M,Base,4,1367,Y,06/09/2026
DO-21687,D-129,Blue Ridge Cyclery,VT,05/29/2026,06/23/2026,RW-9835,Road,M,Base,9,1367,Y,06/19/2026
DO-21689,D-125,Switchback Cycles,UT,05/29/2026,06/23/2026,RW-9835,Road,M,Base,10,1367,Y,06/24/2026
DO-21695,D-135,Elk Creek Cycles,MN,05/29/2026,06/22/2026,RW-2984,Road,M,Carbon,12,2879,Y,06/16/2026
DO-21705,D-123,Metro Velo,OR,05/29/2026,06/20/2026,RW-1378,Road,L,Carbon,2,2879,Y,06/08/2026
DO-21717,D-124,Foothills Bicycles,WA,05/29/2026,06/19/2026,RW-9304,MTB,S,Carbon,7,3527,N,
DO-21731,D-112,Riverbend Bike Shop,PA,05/29/2026,06/17/2026,RW-4418,MTB,M,Carbon,11,3527,N,
DO-21739,D-128,Sierra Bike Works,NC,05/29/2026,06/22/2026,RW-9901,MTB,L,Base,4,1655,Y,06/07/2026
DO-21679,D-132,Bayside Bicycle Co,PA,05/30/2026,06/13/2026,RW-3980,Road,S,Carbon,6,2879,Y,06/06/2026
DO-21703,D-108,Canyon Edge Bikes,NC,05/30/2026,06/22/2026,RW-7298,Road,L,Base,10,1367,Y,06/27/2026
DO-21711,D-131,Copperline Cycles,MA,05/30/2026,06/13/2026,RW-9304,MTB,S,Carbon,8,3527,N,
DO-21719,D-135,Elk Creek Cycles,MN,05/30/2026,06/26/2026,RW-9324,MTB,M,Base,12,1655,Y,06/19/2026
DO-21723,D-131,Copperline Cycles,MA,05/30/2026,06/19/2026,RW-9324,MTB,M,Base,6,1655,Y,06/27/2026
DO-21737,D-145,Frontier Bicycle Works,UT,05/30/2026,06/19/2026,RW-9901,MTB,L,Base,4,1655,Y,06/20/2026
DO-21741,D-123,Metro Velo,OR,05/30/2026,06/20/2026,RW-6416,MTB,L,Carbon,5,3527,N,
DO-21744,D-123,Metro Velo,OR,05/30/2026,06/16/2026,RW-6416,MTB,L,Carbon,1,3527,N,
DO-21682,D-135,Elk Creek Cycles,MN,05/31/2026,06/22/2026,RW-3980,Road,S,Carbon,6,2879,Y,06/18/2026
DO-21696,D-134,Old Town Bikes,MI,05/31/2026,06/19/2026,RW-2984,Road,M,Carbon,3,2879,Y,06/18/2026
DO-21702,D-124,Foothills Bicycles,WA,05/31/2026,06/15/2026,RW-7298,Road,L,Base,5,1367,Y,06/21/2026
DO-21706,D-131,Copperline Cycles,MA,05/31/2026,06/25/2026,RW-1378,Road,L,Carbon,5,2879,Y,06/23/2026
DO-21709,D-131,Copperline Cycles,MA,05/31/2026,06/22/2026,RW-9304,MTB,S,Carbon,10,3527,N,
DO-21710,D-141,Basin Bike Shop,CA,05/31/2026,06/17/2026,RW-9304,MTB,S,Carbon,5,3527,N,
DO-21725,D-133,Rimrock Cyclery,IL,05/31/2026,06/27/2026,RW-9324,MTB,M,Base,3,1655,Y,06/26/2026
DO-21729,D-107,Iron Horse Cycles,TX,05/31/2026,06/26/2026,RW-4418,MTB,M,Carbon,7,3527,N,
DO-21734,D-145,Frontier Bicycle Works,UT,05/31/2026,06/27/2026,RW-9901,MTB,L,Base,7,1655,Y,06/21/2026
DO-21736,D-132,Bayside Bicycle Co,PA,05/31/2026,06/24/2026,RW-9901,MTB,L,Base,8,1655,Y,06/07/2026
DO-21759,D-111,High Desert Cyclery,MA,06/01/2026,06/26/2026,RW-2984,Road,M,Carbon,4,2879,Y,06/22/2026
DO-21764,D-145,Frontier Bicycle Works,UT,06/01/2026,06/26/2026,RW-2984,Road,M,Carbon,2,2879,Y,06/17/2026
DO-21766,D-102,Ridgeback Bikes,CO,06/01/2026,06/25/2026,RW-7298,Road,L,Base,12,1367,Y,06/26/2026
DO-21771,D-127,Prairie Wind Cycling,TX,06/01/2026,06/15/2026,RW-9304,MTB,S,Carbon,8,3527,N,
DO-21772,D-108,Canyon Edge Bikes,NC,06/01/2026,06/20/2026,RW-9304,MTB,S,Carbon,5,3527,N,
DO-21782,D-111,High Desert Cyclery,MA,06/01/2026,06/18/2026,RW-9324,MTB,M,Base,7,1655,Y,06/25/2026
DO-21790,D-124,Foothills Bicycles,WA,06/01/2026,06/16/2026,RW-4418,MTB,M,Carbon,10,3527,N,
DO-21791,D-110,Bluegrass Bicycles,NY,06/01/2026,06/26/2026,RW-4418,MTB,M,Carbon,2,3527,N,
DO-21792,D-131,Copperline Cycles,MA,06/01/2026,06/18/2026,RW-9901,MTB,L,Base,6,1655,Y,06/17/2026
DO-21754,D-124,Foothills Bicycles,WA,06/02/2026,06/22/2026,RW-9835,Road,M,Base,9,1367,Y,06/25/2026
DO-21757,D-122,Evergreen Cycle Shop,CO,06/02/2026,06/25/2026,RW-9835,Road,M,Base,3,1367,Y,06/20/2026
DO-21760,D-139,Tidewater Bicycles,MT,06/02/2026,06/24/2026,RW-2984,Road,M,Carbon,2,2879,Y,06/09/2026
DO-21787,D-145,Frontier Bicycle Works,UT,06/02/2026,06/19/2026,RW-4418,MTB,M,Carbon,7,3527,N,
DO-21795,D-129,Blue Ridge Cyclery,VT,06/02/2026,06/26/2026,RW-9901,MTB,L,Base,12,1655,Y,06/09/2026
DO-21799,D-131,Copperline Cycles,MA,06/02/2026,06/21/2026,RW-6416,MTB,L,Carbon,3,3527,N,
DO-21749,D-122,Evergreen Cycle Shop,CO,06/03/2026,06/20/2026,RW-3980,Road,S,Carbon,11,2879,Y,06/12/2026
DO-21767,D-139,Tidewater Bicycles,MT,06/03/2026,06/17/2026,RW-7298,Road,L,Base,3,1367,Y,06/12/2026
DO-21768,D-119,Pinecrest Bikes,MT,06/03/2026,06/29/2026,RW-7298,Road,L,Base,4,1367,Y,06/19/2026
DO-21769,D-136,Capitol Cyclery,GA,06/03/2026,06/20/2026,RW-1378,Road,L,Carbon,9,2879,Y,06/23/2026
DO-21770,D-119,Pinecrest Bikes,MT,06/03/2026,06/17/2026,RW-1378,Road,L,Carbon,9,2879,Y,06/21/2026
DO-21776,D-141,Basin Bike Shop,CA,06/03/2026,06/18/2026,RW-9304,MTB,S,Carbon,9,3527,N,
DO-21779,D-143,Overlook Bikes,OR,06/03/2026,06/30/2026,RW-9324,MTB,M,Base,9,1655,Y,06/14/2026
DO-21780,D-137,Driftwood Bikes,FL,06/03/2026,06/23/2026,RW-9324,MTB,M,Base,3,1655,Y,06/20/2026
DO-21797,D-124,Foothills Bicycles,WA,06/03/2026,07/01/2026,RW-6416,MTB,L,Carbon,3,3527,N,
DO-21746,D-132,Bayside Bicycle Co,PA,06/04/2026,06/21/2026,RW-3980,Road,S,Carbon,4,2879,Y,06/27/2026
DO-21747,D-131,Copperline Cycles,MA,06/04/2026,06/28/2026,RW-3980,Road,S,Carbon,7,2879,Y,06/13/2026
DO-21748,D-114,Coastal Ride Co,MI,06/04/2026,06/23/2026,RW-3980,Road,S,Carbon,2,2879,Y,07/02/2026
DO-21750,D-114,Coastal Ride Co,MI,06/04/2026,06/30/2026,RW-3980,Road,S,Carbon,4,2879,Y,06/13/2026
DO-21751,D-104,Peak Performance Bikes,WA,06/04/2026,07/01/2026,RW-3980,Road,S,Carbon,10,2879,Y,06/15/2026
DO-21756,D-108,Canyon Edge Bikes,NC,06/04/2026,06/18/2026,RW-9835,Road,M,Base,10,1367,Y,07/02/2026
DO-21762,D-145,Frontier Bicycle Works,UT,06/04/2026,06/26/2026,RW-2984,Road,M,Carbon,4,2879,Y,06/12/2026
DO-21763,D-102,Ridgeback Bikes,CO,06/04/2026,06/18/2026,RW-2984,Road,M,Carbon,2,2879,Y,06/30/2026
DO-21765,D-131,Copperline Cycles,MA,06/04/2026,06/29/2026,RW-2984,Road,M,Carbon,6,2879,Y,06/27/2026
DO-21777,D-116,Timberline Bikes,GA,06/04/2026,06/22/2026,RW-9304,MTB,S,Carbon,1,3527,N,
DO-21781,D-112,Riverbend Bike Shop,PA,06/04/2026,07/02/2026,RW-9324,MTB,M,Base,2,1655,Y,06/14/2026
DO-21796,D-125,Switchback Cycles,UT,06/04/2026,06/19/2026,RW-6416,MTB,L,Carbon,12,3527,N,
DO-21798,D-108,Canyon Edge Bikes,NC,06/04/2026,06/26/2026,RW-6416,MTB,L,Carbon,4,3527,N,
DO-21752,D-127,Prairie Wind Cycling,TX,06/05/2026,07/01/2026,RW-9835,Road,M,Base,11,1367,Y,06/18/2026
DO-21753,D-115,Alpine Wheels,MN,06/05/2026,06/30/2026,RW-9835,Road,M,Base,7,1367,Y,06/23/2026
DO-21788,D-124,Foothills Bicycles,WA,06/05/2026,06/30/2026,RW-4418,MTB,M,Carbon,4,3527,N,
DO-21761,D-132,Bayside Bicycle Co,PA,06/06/2026,06/23/2026,RW-2984,Road,M,Carbon,8,2879,Y,06/18/2026
DO-21773,D-116,Timberline Bikes,GA,06/06/2026,06/20/2026,RW-9304,MTB,S,Carbon,3,3527,N,
DO-21775,D-123,Metro Velo,OR,06/06/2026,06/28/2026,RW-9304,MTB,S,Carbon,8,3527,N,
DO-21778,D-118,Lakeshore Cyclery,ID,06/06/2026,07/02/2026,RW-9324,MTB,M,Base,12,1655,Y,06/27/2026
DO-21783,D-115,Alpine Wheels,MN,06/06/2026,06/25/2026,RW-9324,MTB,M,Base,12,1655,Y,06/22/2026
DO-21786,D-122,Evergreen Cycle Shop,CO,06/06/2026,06/25/2026,RW-4418,MTB,M,Carbon,8,3527,N,
DO-21793,D-105,Trailhead Bicycle Co,UT,06/06/2026,06/29/2026,RW-9901,MTB,L,Base,12,1655,Y,06/23/2026
DO-21794,D-115,Alpine Wheels,MN,06/06/2026,06/26/2026,RW-9901,MTB,L,Base,5,1655,Y,06/21/2026
DO-21745,D-118,Lakeshore Cyclery,ID,06/07/2026,07/02/2026,RW-3980,Road,S,Carbon,5,2879,Y,07/04/2026
DO-21755,D-104,Peak Performance Bikes,WA,06/07/2026,07/05/2026,RW-9835,Road,M,Base,7,1367,Y,07/05/2026
DO-21758,D-119,Pinecrest Bikes,MT,06/07/2026,06/23/2026,RW-2984,Road,M,Carbon,12,2879,Y,06/27/2026
DO-21774,D-115,Alpine Wheels,MN,06/07/2026,07/01/2026,RW-9304,MTB,S,Carbon,3,3527,N,
DO-21784,D-124,Foothills Bicycles,WA,06/07/2026,06/26/2026,RW-9324,MTB,M,Base,6,1655,Y,06/21/2026
DO-21785,D-129,Blue Ridge Cyclery,VT,06/07/2026,06/25/2026,RW-4418,MTB,M,Carbon,4,3527,N,
DO-21789,D-120,Stone Bridge Cycles,NM,06/07/2026,06/29/2026,RW-4418,MTB,M,Carbon,3,3527,N,
DO-21804,D-129,Blue Ridge Cyclery,VT,06/08/2026,06/23/2026,RW-9835,Road,M,Base,6,1367,Y,07/01/2026
DO-21806,D-124,Foothills Bicycles,WA,06/08/2026,06/24/2026,RW-9835,Road,M,Base,8,1367,Y,06/28/2026
DO-21816,D-136,Capitol Cyclery,GA,06/08/2026,06/27/2026,RW-7298,Road,L,Base,8,1367,Y,07/02/2026
DO-21817,D-110,Bluegrass Bicycles,NY,06/08/2026,06/25/2026,RW-7298,Road,L,Base,7,1367,Y,06/28/2026
DO-21822,D-124,Foothills Bicycles,WA,06/08/2026,07/01/2026,RW-1378,Road,L,Carbon,1,2879,Y,06/23/2026
DO-21823,D-112,Riverbend Bike Shop,PA,06/08/2026,07/01/2026,RW-9304,MTB,S,Carbon,7,3527,N,
DO-21841,D-122,Evergreen Cycle Shop,CO,06/08/2026,06/29/2026,RW-4418,MTB,M,Carbon,1,3527,N,
DO-21843,D-140,Aspen Grove Cycles,NM,06/08/2026,07/06/2026,RW-9901,MTB,L,Base,6,1655,Y,06/19/2026
DO-21800,D-132,Bayside Bicycle Co,PA,06/09/2026,06/23/2026,RW-3980,Road,S,Carbon,9,2879,Y,07/05/2026
DO-21801,D-137,Driftwood Bikes,FL,06/09/2026,07/02/2026,RW-3980,Road,S,Carbon,5,2879,Y,06/25/2026
DO-21803,D-127,Prairie Wind Cycling,TX,06/09/2026,06/29/2026,RW-9835,Road,M,Base,9,1367,Y,06/22/2026
DO-21813,D-122,Evergreen Cycle Shop,CO,06/09/2026,06/24/2026,RW-2984,Road,M,Carbon,4,2879,Y,06/23/2026
DO-21819,D-125,Switchback Cycles,UT,06/09/2026,06/26/2026,RW-1378,Road,L,Carbon,7,2879,Y,06/21/2026
DO-21825,D-145,Frontier Bicycle Works,UT,06/09/2026,07/04/2026,RW-9304,MTB,S,Carbon,8,3527,N,
DO-21839,D-132,Bayside Bicycle Co,PA,06/09/2026,07/06/2026,RW-4418,MTB,M,Carbon,10,3527,N,
DO-21845,D-115,Alpine Wheels,MN,06/09/2026,06/24/2026,RW-9901,MTB,L,Base,5,1655,Y,06/27/2026
DO-21847,D-109,Northstar Cycle Works,VT,06/09/2026,06/26/2026,RW-6416,MTB,L,Carbon,11,3527,N,
DO-21807,D-102,Ridgeback Bikes,CO,06/10/2026,06/28/2026,RW-9835,Road,M,Base,9,1367,Y,06/24/2026
DO-21812,D-101,Summit Cycles,CA,06/10/2026,07/01/2026,RW-2984,Road,M,Carbon,7,2879,Y,06/27/2026
DO-21821,D-108,Canyon Edge Bikes,NC,06/10/2026,07/05/2026,RW-1378,Road,L,Carbon,11,2879,Y,07/02/2026
DO-21849,D-123,Metro Velo,OR,06/10/2026,06/30/2026,RW-6416,MTB,L,Carbon,5,3527,N,
DO-21808,D-133,Rimrock Cyclery,IL,06/11/2026,06/26/2026,RW-9835,Road,M,Base,11,1367,Y,06/30/2026
DO-21818,D-131,Copperline Cycles,MA,06/11/2026,07/07/2026,RW-7298,Road,L,Base,10,1367,Y,07/10/2026
DO-21820,D-124,Foothills Bicycles,WA,06/11/2026,07/02/2026,RW-1378,Road,L,Carbon,4,2879,Y,07/08/2026
DO-21824,D-145,Frontier Bicycle Works,UT,06/11/2026,07/02/2026,RW-9304,MTB,S,Carbon,4,3527,N,
DO-21826,D-106,Velo Republic,AZ,06/11/2026,06/25/2026,RW-9304,MTB,S,Carbon,4,3527,N,
DO-21828,D-118,Lakeshore Cyclery,ID,06/11/2026,07/02/2026,RW-9304,MTB,S,Carbon,1,3527,N,
DO-21829,D-107,Iron Horse Cycles,TX,06/11/2026,07/06/2026,RW-9324,MTB,M,Base,10,1655,Y,06/19/2026
DO-21830,D-143,Overlook Bikes,OR,06/11/2026,07/07/2026,RW-9324,MTB,M,Base,6,1655,Y,07/02/2026
DO-21831,D-104,Peak Performance Bikes,WA,06/11/2026,07/03/2026,RW-9324,MTB,M,Base,9,1655,Y,06/18/2026
DO-21834,D-102,Ridgeback Bikes,CO,06/11/2026,06/28/2026,RW-9324,MTB,M,Base,3,1655,Y,06/28/2026
DO-21840,D-129,Blue Ridge Cyclery,VT,06/11/2026,07/01/2026,RW-4418,MTB,M,Carbon,6,3527,N,
DO-21844,D-135,Elk Creek Cycles,MN,06/11/2026,07/05/2026,RW-9901,MTB,L,Base,10,1655,Y,06/18/2026
DO-21846,D-122,Evergreen Cycle Shop,CO,06/11/2026,07/08/2026,RW-6416,MTB,L,Carbon,2,3527,N,
DO-21802,D-133,Rimrock Cyclery,IL,06/12/2026,07/03/2026,RW-3980,Road,S,Carbon,8,2879,Y,06/20/2026
DO-21805,D-119,Pinecrest Bikes,MT,06/12/2026,06/30/2026,RW-9835,Road,M,Base,8,1367,Y,06/20/2026
DO-21809,D-104,Peak Performance Bikes,WA,06/12/2026,07/07/2026,RW-9835,Road,M,Base,2,1367,Y,06/30/2026
DO-21815,D-101,Summit Cycles,CA,06/12/2026,07/09/2026,RW-2984,Road,M,Carbon,7,2879,Y,06/23/2026
DO-21827,D-141,Basin Bike Shop,CA,06/12/2026,07/09/2026,RW-9304,MTB,S,Carbon,7,3527,N,
DO-21833,D-135,Elk Creek Cycles,MN,06/12/2026,06/29/2026,RW-9324,MTB,M,Base,8,1655,Y,06/20/2026
DO-21836,D-124,Foothills Bicycles,WA,06/12/2026,06/26/2026,RW-4418,MTB,M,Carbon,4,3527,N,
DO-21837,D-120,Stone Bridge Cycles,NM,06/12/2026,07/10/2026,RW-4418,MTB,M,Carbon,9,3527,N,
DO-21848,D-144,Cedar Ridge Cycles,WA,06/12/2026,07/05/2026,RW-6416,MTB,L,Carbon,4,3527,N,
DO-21811,D-133,Rimrock Cyclery,IL,06/13/2026,06/27/2026,RW-2984,Road,M,Carbon,6,2879,Y,07/06/2026
DO-21814,D-135,Elk Creek Cycles,MN,06/13/2026,07/08/2026,RW-2984,Road,M,Carbon,7,2879,Y,06/23/2026
DO-21838,D-111,High Desert Cyclery,MA,06/13/2026,06/30/2026,RW-4418,MTB,M,Carbon,4,3527,N,
DO-21842,D-103,Cascade Cyclery,OR,06/13/2026,07/03/2026,RW-9901,MTB,L,Base,11,1655,Y,06/28/2026
DO-21810,D-135,Elk Creek Cycles,MN,06/14/2026,07/02/2026,RW-2984,Road,M,Carbon,9,2879,Y,06/28/2026
DO-21832,D-103,Cascade Cyclery,OR,06/14/2026,07/10/2026,RW-9324,MTB,M,Base,7,1655,Y,06/22/2026
DO-21835,D-129,Blue Ridge Cyclery,VT,06/14/2026,06/28/2026,RW-4418,MTB,M,Carbon,10,3527,N,
DO-21854,D-107,Iron Horse Cycles,TX,06/15/2026,07/02/2026,RW-3980,Road,S,Carbon,1,2879,Y,07/09/2026
DO-21864,D-136,Capitol Cyclery,GA,06/15/2026,07/06/2026,RW-2984,Road,M,Carbon,9,2879,Y,07/07/2026
DO-21868,D-103,Cascade Cyclery,OR,06/15/2026,07/04/2026,RW-7298,Road,L,Base,7,1367,Y,06/24/2026
DO-21871,D-105,Trailhead Bicycle Co,UT,06/15/2026,06/29/2026,RW-1378,Road,L,Carbon,3,2879,Y,06/22/2026
DO-21872,D-104,Peak Performance Bikes,WA,06/15/2026,07/05/2026,RW-1378,Road,L,Carbon,2,2879,Y,06/29/2026
DO-21882,D-110,Bluegrass Bicycles,NY,06/15/2026,07/08/2026,RW-9304,MTB,S,Carbon,5,3527,N,
DO-21884,D-114,Coastal Ride Co,MI,06/15/2026,07/13/2026,RW-9324,MTB,M,Base,2,1655,Y,06/30/2026
DO-21886,D-134,Old Town Bikes,MI,06/15/2026,07/03/2026,RW-9324,MTB,M,Base,7,1655,Y,06/22/2026
DO-21888,D-132,Bayside Bicycle Co,PA,06/15/2026,07/10/2026,RW-9324,MTB,M,Base,11,1655,Y,07/09/2026
DO-21889,D-132,Bayside Bicycle Co,PA,06/15/2026,07/08/2026,RW-9324,MTB,M,Base,4,1655,Y,06/23/2026
DO-21893,D-111,High Desert Cyclery,MA,06/15/2026,07/09/2026,RW-4418,MTB,M,Carbon,12,3527,N,
DO-21894,D-115,Alpine Wheels,MN,06/15/2026,07/11/2026,RW-4418,MTB,M,Carbon,7,3527,N,
DO-21901,D-129,Blue Ridge Cyclery,VT,06/15/2026,07/04/2026,RW-9901,MTB,L,Base,11,1655,Y,07/01/2026
DO-21850,D-131,Copperline Cycles,MA,06/16/2026,07/12/2026,RW-3980,Road,S,Carbon,6,2879,Y,07/12/2026
DO-21859,D-115,Alpine Wheels,MN,06/16/2026,07/14/2026,RW-9835,Road,M,Base,4,1367,Y,06/27/2026
DO-21877,D-124,Foothills Bicycles,WA,06/16/2026,06/30/2026,RW-9304,MTB,S,Carbon,8,3527,N,
DO-21896,D-123,Metro Velo,OR,06/16/2026,07/03/2026,RW-4418,MTB,M,Carbon,3,3527,N,
DO-21907,D-123,Metro Velo,OR,06/16/2026,07/13/2026,RW-6416,MTB,L,Carbon,5,3527,N,
DO-21852,D-117,Mesa Verde Cycling,FL,06/17/2026,07/02/2026,RW-3980,Road,S,Carbon,6,2879,Y,07/15/2026
DO-21853,D-135,Elk Creek Cycles,MN,06/17/2026,07/15/2026,RW-3980,Road,S,Carbon,8,2879,Y,07/11/2026
DO-21855,D-120,Stone Bridge Cycles,NM,06/17/2026,07/02/2026,RW-9835,Road,M,Base,10,1367,Y,07/12/2026
DO-21857,D-122,Evergreen Cycle Shop,CO,06/17/2026,07/06/2026,RW-9835,Road,M,Base,3,1367,Y,07/08/2026
DO-21866,D-102,Ridgeback Bikes,CO,06/17/2026,07/13/2026,RW-2984,Road,M,Carbon,3,2879,Y,06/29/2026
DO-21874,D-111,High Desert Cyclery,MA,06/17/2026,07/11/2026,RW-1378,Road,L,Carbon,5,2879,Y,06/24/2026
DO-21885,D-131,Copperline Cycles,MA,06/17/2026,07/07/2026,RW-9324,MTB,M,Base,5,1655,Y,07/08/2026
DO-21898,D-135,Elk Creek Cycles,MN,06/17/2026,07/03/2026,RW-9901,MTB,L,Base,5,1655,Y,07/01/2026
DO-21899,D-137,Driftwood Bikes,FL,06/17/2026,07/15/2026,RW-9901,MTB,L,Base,5,1655,Y,07/01/2026
DO-21904,D-132,Bayside Bicycle Co,PA,06/17/2026,07/07/2026,RW-9901,MTB,L,Base,3,1655,Y,07/08/2026
DO-21867,D-115,Alpine Wheels,MN,06/18/2026,07/06/2026,RW-7298,Road,L,Base,4,1367,Y,07/17/2026
DO-21876,D-131,Copperline Cycles,MA,06/18/2026,07/12/2026,RW-9304,MTB,S,Carbon,2,3527,N,
DO-21881,D-141,Basin Bike Shop,CA,06/18/2026,07/06/2026,RW-9304,MTB,S,Carbon,6,3527,N,
DO-21887,D-145,Frontier Bicycle Works,UT,06/18/2026,07/02/2026,RW-9324,MTB,M,Base,4,1655,Y,07/05/2026
DO-21856,D-135,Elk Creek Cycles,MN,06/19/2026,07/06/2026,RW-9835,Road,M,Base,2,1367,Y,06/26/2026
DO-21862,D-144,Cedar Ridge Cycles,WA,06/19/2026,07/17/2026,RW-2984,Road,M,Carbon,6,2879,Y,07/14/2026
DO-21865,D-122,Evergreen Cycle Shop,CO,06/19/2026,07/03/2026,RW-2984,Road,M,Carbon,12,2879,Y,07/08/2026
DO-21870,D-136,Capitol Cyclery,GA,06/19/2026,07/06/2026,RW-7298,Road,L,Base,5,1367,Y,07/08/2026
DO-21879,D-123,Metro Velo,OR,06/19/2026,07/09/2026,RW-9304,MTB,S,Carbon,12,3527,N,
DO-21880,D-122,Evergreen Cycle Shop,CO,06/19/2026,07/14/2026,RW-9304,MTB,S,Carbon,10,3527,N,
DO-21890,D-137,Driftwood Bikes,FL,06/19/2026,07/14/2026,RW-9324,MTB,M,Base,8,1655,Y,07/12/2026
DO-21895,D-128,Sierra Bike Works,NC,06/19/2026,07/05/2026,RW-4418,MTB,M,Carbon,4,3527,N,
DO-21897,D-114,Coastal Ride Co,MI,06/19/2026,07/16/2026,RW-4418,MTB,M,Carbon,4,3527,N,
DO-21902,D-135,Elk Creek Cycles,MN,06/19/2026,07/14/2026,RW-9901,MTB,L,Base,3,1655,Y,07/15/2026
DO-21851,D-117,Mesa Verde Cycling,FL,06/20/2026,07/06/2026,RW-3980,Road,S,Carbon,12,2879,Y,07/05/2026
DO-21858,D-139,Tidewater Bicycles,MT,06/20/2026,07/13/2026,RW-9835,Road,M,Base,6,1367,Y,07/15/2026
DO-21863,D-102,Ridgeback Bikes,CO,06/20/2026,07/11/2026,RW-2984,Road,M,Carbon,4,2879,Y,07/02/2026
DO-21869,D-116,Timberline Bikes,GA,06/20/2026,07/11/2026,RW-7298,Road,L,Base,5,1367,Y,07/04/2026
DO-21875,D-129,Blue Ridge Cyclery,VT,06/20/2026,07/15/2026,RW-9304,MTB,S,Carbon,2,3527,N,
DO-21878,D-145,Frontier Bicycle Works,UT,06/20/2026,07/07/2026,RW-9304,MTB,S,Carbon,2,3527,N,
DO-21900,D-116,Timberline Bikes,GA,06/20/2026,07/06/2026,RW-9901,MTB,L,Base,3,1655,Y,07/17/2026
DO-21905,D-135,Elk Creek Cycles,MN,06/20/2026,07/12/2026,RW-6416,MTB,L,Carbon,3,3527,N,
DO-21860,D-133,Rimrock Cyclery,IL,06/21/2026,07/12/2026,RW-9835,Road,M,Base,6,1367,Y,07/03/2026
DO-21861,D-102,Ridgeback Bikes,CO,06/21/2026,07/14/2026,RW-9835,Road,M,Base,1,1367,Y,07/06/2026
DO-21873,D-127,Prairie Wind Cycling,TX,06/21/2026,07/13/2026,RW-1378,Road,L,Carbon,7,2879,Y,07/14/2026
DO-21883,D-103,Cascade Cyclery,OR,06/21/2026,07/07/2026,RW-9304,MTB,S,Carbon,5,3527,N,
DO-21891,D-129,Blue Ridge Cyclery,VT,06/21/2026,07/12/2026,RW-9324,MTB,M,Base,7,1655,Y,07/08/2026
DO-21892,D-139,Tidewater Bicycles,MT,06/21/2026,07/07/2026,RW-9324,MTB,M,Base,2,1655,Y,07/10/2026
DO-21903,D-129,Blue Ridge Cyclery,VT,06/21/2026,07/12/2026,RW-9901,MTB,L,Base,6,1655,Y,07/08/2026
DO-21906,D-116,Timberline Bikes,GA,06/21/2026,07/14/2026,RW-6416,MTB,L,Carbon,10,3527,N,
DO-21917,D-122,Evergreen Cycle Shop,CO,06/22/2026,07/08/2026,RW-9835,Road,M,Base,9,1367,Y,07/13/2026
DO-21928,D-122,Evergreen Cycle Shop,CO,06/22/2026,07/13/2026,RW-7298,Road,L,Base,11,1367,Y,07/10/2026
DO-21938,D-135,Elk Creek Cycles,MN,06/22/2026,07/11/2026,RW-9324,MTB,M,Base,4,1655,Y,07/19/2026
DO-21954,D-129,Blue Ridge Cyclery,VT,06/22/2026,07/07/2026,RW-4418,MTB,M,Carbon,3,3527,N,
DO-21915,D-124,Foothills Bicycles,WA,06/23/2026,07/11/2026,RW-9835,Road,M,Base,2,1367,Y,07/14/2026
DO-21921,D-132,Bayside Bicycle Co,PA,06/23/2026,07/09/2026,RW-2984,Road,M,Carbon,9,2879,Y,07/22/2026
DO-21925,D-124,Foothills Bicycles,WA,06/23/2026,07/12/2026,RW-2984,Road,M,Carbon,3,2879,Y,07/11/2026
DO-21934,D-124,Foothills Bicycles,WA,06/23/2026,07/13/2026,RW-9304,MTB,S,Carbon,4,3527,N,
DO-21935,D-119,Pinecrest Bikes,MT,06/23/2026,07/13/2026,RW-9304,MTB,S,Carbon,10,3527,N,
DO-21937,D-124,Foothills Bicycles,WA,06/23/2026,07/20/2026,RW-9304,MTB,S,Carbon,5,3527,N,
DO-21950,D-106,Velo Republic,AZ,06/23/2026,07/21/2026,RW-4418,MTB,M,Carbon,8,3527,N,
DO-21953,D-136,Capitol Cyclery,GA,06/23/2026,07/19/2026,RW-4418,MTB,M,Carbon,6,3527,N,
DO-21958,D-120,Stone Bridge Cycles,NM,06/23/2026,07/15/2026,RW-9901,MTB,L,Base,6,1655,N,
DO-21959,D-122,Evergreen Cycle Shop,CO,06/23/2026,07/19/2026,RW-9901,MTB,L,Base,3,1655,N,
DO-21920,D-102,Ridgeback Bikes,CO,06/24/2026,07/08/2026,RW-9835,Road,M,Base,4,1367,Y,07/11/2026
DO-21930,D-102,Ridgeback Bikes,CO,06/24/2026,07/08/2026,RW-1378,Road,L,Carbon,5,2879,Y,07/14/2026
DO-21933,D-103,Cascade Cyclery,OR,06/24/2026,07/10/2026,RW-9304,MTB,S,Carbon,8,3527,N,
DO-21946,D-123,Metro Velo,OR,06/24/2026,07/22/2026,RW-9324,MTB,M,Base,6,1655,Y,07/18/2026
DO-21912,D-132,Bayside Bicycle Co,PA,06/25/2026,07/20/2026,RW-3980,Road,S,Carbon,4,2879,N,
DO-21914,D-110,Bluegrass Bicycles,NY,06/25/2026,07/16/2026,RW-9835,Road,M,Base,4,1367,Y,07/14/2026
DO-21916,D-122,Evergreen Cycle Shop,CO,06/25/2026,07/10/2026,RW-9835,Road,M,Base,7,1367,Y,07/09/2026
DO-21927,D-127,Prairie Wind Cycling,TX,06/25/2026,07/09/2026,RW-2984,Road,M,Carbon,4,2879,Y,07/13/2026
DO-21939,D-105,Trailhead Bicycle Co,UT,06/25/2026,07/22/2026,RW-9324,MTB,M,Base,5,1655,Y,07/08/2026
DO-21944,D-133,Rimrock Cyclery,IL,06/25/2026,07/13/2026,RW-9324,MTB,M,Base,7,1655,Y,07/24/2026
DO-21957,D-135,Elk Creek Cycles,MN,06/25/2026,07/15/2026,RW-9901,MTB,L,Base,7,1655,N,
DO-21960,D-123,Metro Velo,OR,06/25/2026,07/17/2026,RW-6416,MTB,L,Carbon,11,3527,N,
DO-21909,D-131,Copperline Cycles,MA,06/26/2026,07/15/2026,RW-3980,Road,S,Carbon,10,2879,N,
DO-21910,D-127,Prairie Wind Cycling,TX,06/26/2026,07/22/2026,RW-3980,Road,S,Carbon,4,2879,N,
DO-21911,D-135,Elk Creek Cycles,MN,06/26/2026,07/22/2026,RW-3980,Road,S,Carbon,8,2879,N,
DO-21924,D-135,Elk Creek Cycles,MN,06/26/2026,07/17/2026,RW-2984,Road,M,Carbon,12,2879,Y,07/14/2026
DO-21932,D-137,Driftwood Bikes,FL,06/26/2026,07/21/2026,RW-1378,Road,L,Carbon,11,2879,Y,07/05/2026
DO-21945,D-122,Evergreen Cycle Shop,CO,06/26/2026,07/13/2026,RW-9324,MTB,M,Base,3,1655,Y,07/05/2026
DO-21948,D-104,Peak Performance Bikes,WA,06/26/2026,07/11/2026,RW-4418,MTB,M,Carbon,11,3527,N,
DO-21951,D-102,Ridgeback Bikes,CO,06/26/2026,07/10/2026,RW-4418,MTB,M,Carbon,4,3527,N,
DO-21952,D-141,Basin Bike Shop,CA,06/26/2026,07/21/2026,RW-4418,MTB,M,Carbon,5,3527,N,
DO-21956,D-101,Summit Cycles,CA,06/26/2026,07/15/2026,RW-9901,MTB,L,Base,8,1655,N,
DO-21961,D-128,Sierra Bike Works,NC,06/26/2026,07/11/2026,RW-6416,MTB,L,Carbon,4,3527,N,
DO-21908,D-136,Capitol Cyclery,GA,06/27/2026,07/16/2026,RW-3980,Road,S,Carbon,12,2879,N,
DO-21913,D-108,Canyon Edge Bikes,NC,06/27/2026,07/15/2026,RW-9835,Road,M,Base,3,1367,Y,07/18/2026
DO-21918,D-108,Canyon Edge Bikes,NC,06/27/2026,07/18/2026,RW-9835,Road,M,Base,4,1367,Y,07/14/2026
DO-21922,D-129,Blue Ridge Cyclery,VT,06/27/2026,07/14/2026,RW-2984,Road,M,Carbon,4,2879,Y,07/19/2026
DO-21926,D-129,Blue Ridge Cyclery,VT,06/27/2026,07/15/2026,RW-2984,Road,M,Carbon,11,2879,Y,07/05/2026
DO-21929,D-126,Harbor Bikes,AZ,06/27/2026,07/18/2026,RW-7298,Road,L,Base,1,1367,Y,07/15/2026
DO-21931,D-133,Rimrock Cyclery,IL,06/27/2026,07/16/2026,RW-1378,Road,L,Carbon,8,2879,Y,07/04/2026
DO-21942,D-123,Metro Velo,OR,06/27/2026,07/25/2026,RW-9324,MTB,M,Base,6,1655,Y,07/18/2026
DO-21947,D-141,Basin Bike Shop,CA,06/27/2026,07/25/2026,RW-9324,MTB,M,Base,1,1655,Y,07/14/2026
DO-21949,D-126,Harbor Bikes,AZ,06/27/2026,07/11/2026,RW-4418,MTB,M,Carbon,12,3527,N,
DO-21919,D-124,Foothills Bicycles,WA,06/28/2026,07/22/2026,RW-9835,Road,M,Base,2,1367,Y,07/23/2026
DO-21923,D-115,Alpine Wheels,MN,06/28/2026,07/17/2026,RW-2984,Road,M,Carbon,8,2879,Y,07/15/2026
DO-21936,D-145,Frontier Bicycle Works,UT,06/28/2026,07/16/2026,RW-9304,MTB,S,Carbon,7,3527,N,
DO-21940,D-135,Elk Creek Cycles,MN,06/28/2026,07/18/2026,RW-9324,MTB,M,Base,8,1655,Y,07/21/2026
DO-21941,D-128,Sierra Bike Works,NC,06/28/2026,07/18/2026,RW-9324,MTB,M,Base,6,1655,Y,07/25/2026
DO-21943,D-107,Iron Horse Cycles,TX,06/28/2026,07/23/2026,RW-9324,MTB,M,Base,3,1655,Y,07/09/2026
DO-21955,D-113,Granite Peak Cycles,IL,06/28/2026,07/18/2026,RW-4418,MTB,M,Carbon,2,3527,N,
DO-21970,D-108,Canyon Edge Bikes,NC,06/29/2026,07/21/2026,RW-9835,Road,M,Base,7,1367,Y,07/21/2026
DO-21981,D-102,Ridgeback Bikes,CO,06/29/2026,07/24/2026,RW-7298,Road,L,Base,3,1367,Y,07/08/2026
DO-21985,D-132,Bayside Bicycle Co,PA,06/29/2026,07/18/2026,RW-9304,MTB,S,Carbon,4,3527,N,
DO-21990,D-124,Foothills Bicycles,WA,06/29/2026,07/17/2026,RW-9304,MTB,S,Carbon,12,3527,N,
DO-21992,D-124,Foothills Bicycles,WA,06/29/2026,07/20/2026,RW-9324,MTB,M,Base,10,1655,Y,07/20/2026
DO-21995,D-132,Bayside Bicycle Co,PA,06/29/2026,07/23/2026,RW-9324,MTB,M,Base,3,1655,Y,07/23/2026
DO-22015,D-141,Basin Bike Shop,CA,06/29/2026,07/16/2026,RW-6416,MTB,L,Carbon,11,3527,N,
DO-21967,D-124,Foothills Bicycles,WA,06/30/2026,07/17/2026,RW-9835,Road,M,Base,8,1367,Y,07/19/2026
DO-21972,D-135,Elk Creek Cycles,MN,06/30/2026,07/25/2026,RW-2984,Road,M,Carbon,7,2879,Y,07/11/2026
DO-21978,D-126,Harbor Bikes,AZ,06/30/2026,07/28/2026,RW-7298,Road,L,Base,5,1367,Y,07/29/2026
DO-21993,D-122,Evergreen Cycle Shop,CO,06/30/2026,07/17/2026,RW-9324,MTB,M,Base,3,1655,Y,07/29/2026
DO-21998,D-143,Overlook Bikes,OR,06/30/2026,07/23/2026,RW-9324,MTB,M,Base,4,1655,Y,07/27/2026
DO-22000,D-132,Bayside Bicycle Co,PA,06/30/2026,07/19/2026,RW-4418,MTB,M,Carbon,3,3527,N,
DO-22004,D-125,Switchback Cycles,UT,06/30/2026,07/16/2026,RW-4418,MTB,M,Carbon,7,3527,N,
DO-22008,D-105,Trailhead Bicycle Co,UT,06/30/2026,07/28/2026,RW-9901,MTB,L,Base,9,1655,N,
DO-22012,D-129,Blue Ridge Cyclery,VT,06/30/2026,07/14/2026,RW-6416,MTB,L,Carbon,4,3527,N,
DO-22016,D-141,Basin Bike Shop,CA,06/30/2026,07/14/2026,RW-6416,MTB,L,Carbon,2,3527,N,
DO-21964,D-102,Ridgeback Bikes,CO,07/01/2026,07/16/2026,RW-3980,Road,S,Carbon,7,2879,N,
DO-21968,D-134,Old Town Bikes,MI,07/01/2026,07/16/2026,RW-9835,Road,M,Base,10,1367,Y,07/08/2026
DO-21989,D-124,Foothills Bicycles,WA,07/01/2026,07/20/2026,RW-9304,MTB,S,Carbon,4,3527,N,
DO-21991,D-141,Basin Bike Shop,CA,07/01/2026,07/21/2026,RW-9304,MTB,S,Carbon,5,3527,N,
DO-21996,D-120,Stone Bridge Cycles,NM,07/01/2026,07/24/2026,RW-9324,MTB,M,Base,11,1655,Y,07/30/2026
DO-21999,D-123,Metro Velo,OR,07/01/2026,07/16/2026,RW-9324,MTB,M,Base,7,1655,Y,07/13/2026
DO-22005,D-139,Tidewater Bicycles,MT,07/01/2026,07/19/2026,RW-4418,MTB,M,Carbon,10,3527,N,
DO-22014,D-141,Basin Bike Shop,CA,07/01/2026,07/17/2026,RW-6416,MTB,L,Carbon,4,3527,N,
DO-21963,D-122,Evergreen Cycle Shop,CO,07/02/2026,07/17/2026,RW-3980,Road,S,Carbon,12,2879,N,
DO-21971,D-128,Sierra Bike Works,NC,07/02/2026,07/19/2026,RW-9835,Road,M,Base,5,1367,Y,07/31/2026
DO-21976,D-137,Driftwood Bikes,FL,07/02/2026,07/18/2026,RW-2984,Road,M,Carbon,4,2879,Y,07/22/2026
DO-21983,D-144,Cedar Ridge Cycles,WA,07/02/2026,07/23/2026,RW-1378,Road,L,Carbon,8,2879,Y,07/20/2026
DO-21984,D-132,Bayside Bicycle Co,PA,07/02/2026,07/28/2026,RW-1378,Road,L,Carbon,11,2879,Y,07/20/2026
DO-21986,D-125,Switchback Cycles,UT,07/02/2026,07/25/2026,RW-9304,MTB,S,Carbon,3,3527,N,
DO-22001,D-127,Prairie Wind Cycling,TX,07/02/2026,07/25/2026,RW-4418,MTB,M,Carbon,2,3527,N,
DO-22009,D-132,Bayside Bicycle Co,PA,07/02/2026,07/21/2026,RW-9901,MTB,L,Base,10,1655,N,
DO-21987,D-110,Bluegrass Bicycles,NY,07/03/2026,07/24/2026,RW-9304,MTB,S,Carbon,11,3527,N,
DO-22002,D-134,Old Town Bikes,MI,07/03/2026,07/31/2026,RW-4418,MTB,M,Carbon,2,3527,N,
DO-22003,D-128,Sierra Bike Works,NC,07/03/2026,07/22/2026,RW-4418,MTB,M,Carbon,3,3527,N,
DO-22010,D-141,Basin Bike Shop,CA,07/03/2026,07/27/2026,RW-9901,MTB,L,Base,10,1655,N,
DO-22011,D-138,Ironwood Cycle Co,ID,07/03/2026,07/27/2026,RW-9901,MTB,L,Base,2,1655,N,
DO-21962,D-126,Harbor Bikes,AZ,07/04/2026,07/27/2026,RW-3980,Road,S,Carbon,9,2879,N,
DO-21965,D-139,Tidewater Bicycles,MT,07/04/2026,07/28/2026,RW-3980,Road,S,Carbon,5,2879,N,
DO-21969,D-118,Lakeshore Cyclery,ID,07/04/2026,07/20/2026,RW-9835,Road,M,Base,8,1367,Y,08/02/2026
DO-21975,D-122,Evergreen Cycle Shop,CO,07/04/2026,07/26/2026,RW-2984,Road,M,Carbon,5,2879,Y,07/31/2026
DO-21979,D-131,Copperline Cycles,MA,07/04/2026,07/22/2026,RW-7298,Road,L,Base,3,1367,Y,07/30/2026
DO-21994,D-122,Evergreen Cycle Shop,CO,07/04/2026,07/19/2026,RW-9324,MTB,M,Base,5,1655,Y,07/16/2026
DO-22007,D-136,Capitol Cyclery,GA,07/04/2026,07/26/2026,RW-9901,MTB,L,Base,2,1655,N,
DO-22013,D-119,Pinecrest Bikes,MT,07/04/2026,07/27/2026,RW-6416,MTB,L,Carbon,7,3527,N,
DO-21966,D-110,Bluegrass Bicycles,NY,07/05/2026,07/23/2026,RW-3980,Road,S,Carbon,1,2879,N,
DO-21973,D-123,Metro Velo,OR,07/05/2026,07/22/2026,RW-2984,Road,M,Carbon,6,2879,Y,07/31/2026
DO-21974,D-115,Alpine Wheels,MN,07/05/2026,07/30/2026,RW-2984,Road,M,Carbon,7,2879,Y,07/16/2026
DO-21977,D-136,Capitol Cyclery,GA,07/05/2026,07/22/2026,RW-2984,Road,M,Carbon,9,2879,Y,07/31/2026
DO-21980,D-117,Mesa Verde Cycling,FL,07/05/2026,07/28/2026,RW-7298,Road,L,Base,8,1367,Y,07/14/2026
DO-21982,D-110,Bluegrass Bicycles,NY,07/05/2026,07/23/2026,RW-1378,Road,L,Carbon,6,2879,Y,07/23/2026
DO-21988,D-124,Foothills Bicycles,WA,07/05/2026,07/24/2026,RW-9304,MTB,S,Carbon,3,3527,N,
DO-21997,D-118,Lakeshore Cyclery,ID,07/05/2026,07/21/2026,RW-9324,MTB,M,Base,5,1655,Y,08/02/2026
DO-22006,D-123,Metro Velo,OR,07/05/2026,07/19/2026,RW-4418,MTB,M,Carbon,5,3527,N,
DO-22017,D-123,Metro Velo,OR,07/06/2026,07/26/2026,RW-3980,Road,S,Carbon,2,2879,N,
DO-22025,D-115,Alpine Wheels,MN,07/06/2026,07/23/2026,RW-9835,Road,M,Base,5,1367,Y,07/26/2026
DO-22026,D-121,Red Rock Bike Co,CA,07/06/2026,08/01/2026,RW-9835,Road,M,Base,10,1367,Y,07/23/2026
DO-22040,D-120,Stone Bridge Cycles,NM,07/06/2026,07/20/2026,RW-1378,Road,L,Carbon,8,2879,Y,08/01/2026
DO-22048,D-129,Blue Ridge Cyclery,VT,07/06/2026,07/27/2026,RW-9324,MTB,M,Base,12,1655,Y,07/29/2026
DO-22053,D-141,Basin Bike Shop,CA,07/06/2026,08/03/2026,RW-4418,MTB,M,Carbon,5,3527,N,
DO-22055,D-102,Ridgeback Bikes,CO,07/06/2026,07/23/2026,RW-4418,MTB,M,Carbon,9,3527,N,
DO-22061,D-124,Foothills Bicycles,WA,07/06/2026,08/01/2026,RW-9901,MTB,L,Base,9,1655,N,
DO-22067,D-145,Frontier Bicycle Works,UT,07/06/2026,07/23/2026,RW-6416,MTB,L,Carbon,4,3527,N,
DO-22019,D-126,Harbor Bikes,AZ,07/07/2026,07/22/2026,RW-3980,Road,S,Carbon,11,2879,N,
DO-22021,D-132,Bayside Bicycle Co,PA,07/07/2026,07/30/2026,RW-3980,Road,S,Carbon,1,2879,N,
DO-22033,D-104,Peak Performance Bikes,WA,07/07/2026,07/24/2026,RW-2984,Road,M,Carbon,2,2879,Y,07/22/2026
DO-22039,D-123,Metro Velo,OR,07/07/2026,08/02/2026,RW-7298,Road,L,Base,7,1367,Y,07/26/2026
DO-22049,D-137,Driftwood Bikes,FL,07/07/2026,08/02/2026,RW-9324,MTB,M,Base,5,1655,Y,07/19/2026
DO-22050,D-143,Overlook Bikes,OR,07/07/2026,08/04/2026,RW-9324,MTB,M,Base,8,1655,Y,07/21/2026
DO-22051,D-120,Stone Bridge Cycles,NM,07/07/2026,07/29/2026,RW-9324,MTB,M,Base,11,1655,Y,08/02/2026
DO-22058,D-124,Foothills Bicycles,WA,07/07/2026,07/31/2026,RW-4418,MTB,M,Carbon,3,3527,N,
DO-22066,D-135,Elk Creek Cycles,MN,07/07/2026,07/25/2026,RW-6416,MTB,L,Carbon,3,3527,N,
DO-22028,D-122,Evergreen Cycle Shop,CO,07/08/2026,07/24/2026,RW-9835,Road,M,Base,3,1367,Y,07/16/2026
DO-22031,D-110,Bluegrass Bicycles,NY,07/08/2026,07/26/2026,RW-2984,Road,M,Carbon,6,2879,Y,07/18/2026
DO-22032,D-126,Harbor Bikes,AZ,07/08/2026,07/31/2026,RW-2984,Road,M,Carbon,11,2879,Y,08/05/2026
DO-22043,D-117,Mesa Verde Cycling,FL,07/08/2026,07/30/2026,RW-9304,MTB,S,Carbon,3,3527,N,
DO-22044,D-139,Tidewater Bicycles,MT,07/08/2026,07/30/2026,RW-9304,MTB,S,Carbon,10,3527,N,
DO-22046,D-117,Mesa Verde Cycling,FL,07/08/2026,07/25/2026,RW-9304,MTB,S,Carbon,7,3527,N,
DO-22047,D-145,Frontier Bicycle Works,UT,07/08/2026,08/02/2026,RW-9304,MTB,S,Carbon,3,3527,N,
DO-22059,D-124,Foothills Bicycles,WA,07/08/2026,07/30/2026,RW-4418,MTB,M,Carbon,8,3527,N,
DO-22060,D-108,Canyon Edge Bikes,NC,07/08/2026,07/23/2026,RW-9901,MTB,L,Base,6,1655,N,
DO-22062,D-102,Ridgeback Bikes,CO,07/08/2026,07/29/2026,RW-9901,MTB,L,Base,9,1655,N,
DO-22068,D-120,Stone Bridge Cycles,NM,07/08/2026,07/28/2026,RW-6416,MTB,L,Carbon,6,3527,N,
DO-22018,D-116,Timberline Bikes,GA,07/09/2026,07/31/2026,RW-3980,Road,S,Carbon,3,2879,N,
DO-22020,D-135,Elk Creek Cycles,MN,07/09/2026,08/06/2026,RW-3980,Road,S,Carbon,8,2879,N,
DO-22024,D-107,Iron Horse Cycles,TX,07/09/2026,08/06/2026,RW-9835,Road,M,Base,8,1367,Y,07/30/2026
DO-22029,D-131,Copperline Cycles,MA,07/09/2026,08/04/2026,RW-2984,Road,M,Carbon,10,2879,Y,07/25/2026
DO-22030,D-132,Bayside Bicycle Co,PA,07/09/2026,08/04/2026,RW-2984,Road,M,Carbon,2,2879,Y,07/17/2026
DO-22034,D-145,Frontier Bicycle Works,UT,07/09/2026,07/29/2026,RW-2984,Road,M,Carbon,2,2879,Y,07/17/2026
DO-22045,D-117,Mesa Verde Cycling,FL,07/09/2026,08/05/2026,RW-9304,MTB,S,Carbon,11,3527,N,
DO-22052,D-107,Iron Horse Cycles,TX,07/09/2026,08/05/2026,RW-9324,MTB,M,Base,9,1655,Y,07/27/2026
DO-22063,D-117,Mesa Verde Cycling,FL,07/09/2026,08/02/2026,RW-9901,MTB,L,Base,4,1655,N,
DO-22065,D-124,Foothills Bicycles,WA,07/09/2026,07/25/2026,RW-6416,MTB,L,Carbon,12,3527,N,
DO-22022,D-131,Copperline Cycles,MA,07/10/2026,07/26/2026,RW-9835,Road,M,Base,12,1367,Y,08/04/2026
DO-22027,D-139,Tidewater Bicycles,MT,07/10/2026,07/31/2026,RW-9835,Road,M,Base,8,1367,Y,07/17/2026
DO-22035,D-123,Metro Velo,OR,07/10/2026,08/03/2026,RW-2984,Road,M,Carbon,8,2879,Y,07/18/2026
DO-22038,D-130,Big Sky Bikes,NY,07/10/2026,07/25/2026,RW-7298,Road,L,Base,8,1367,Y,07/23/2026
DO-22054,D-108,Canyon Edge Bikes,NC,07/10/2026,07/31/2026,RW-4418,MTB,M,Carbon,8,3527,N,
DO-22064,D-133,Rimrock Cyclery,IL,07/10/2026,07/27/2026,RW-9901,MTB,L,Base,5,1655,N,
DO-22037,D-141,Basin Bike Shop,CA,07/11/2026,07/27/2026,RW-7298,Road,L,Base,10,1367,Y,07/28/2026
DO-22056,D-124,Foothills Bicycles,WA,07/11/2026,08/07/2026,RW-4418,MTB,M,Carbon,9,3527,N,
DO-22057,D-124,Foothills Bicycles,WA,07/11/2026,08/01/2026,RW-4418,MTB,M,Carbon,3,3527,N,
DO-22023,D-135,Elk Creek Cycles,MN,07/12/2026,07/27/2026,RW-9835,Road,M,Base,3,1367,Y,08/05/2026
DO-22036,D-122,Evergreen Cycle Shop,CO,07/12/2026,07/26/2026,RW-2984,Road,M,Carbon,1,2879,Y,07/30/2026
DO-22041,D-120,Stone Bridge Cycles,NM,07/12/2026,08/03/2026,RW-1378,Road,L,Carbon,2,2879,Y,07/22/2026
DO-22042,D-119,Pinecrest Bikes,MT,07/12/2026,08/08/2026,RW-1378,Road,L,Carbon,7,2879,Y,07/19/2026
DO-22076,D-120,Stone Bridge Cycles,NM,07/13/2026,08/04/2026,RW-9835,Road,M,Base,11,1367,Y,07/22/2026
DO-22080,D-102,Ridgeback Bikes,CO,07/13/2026,07/30/2026,RW-2984,Road,M,Carbon,8,2879,Y,07/25/2026
DO-22081,D-135,Elk Creek Cycles,MN,07/13/2026,07/27/2026,RW-2984,Road,M,Carbon,11,2879,Y,07/21/2026
DO-22082,D-134,Old Town Bikes,MI,07/13/2026,08/08/2026,RW-2984,Road,M,Carbon,4,2879,Y,07/23/2026
DO-22119,D-123,Metro Velo,OR,07/13/2026,08/09/2026,RW-9901,MTB,L,Base,3,1655,N,
DO-22071,D-141,Basin Bike Shop,CA,07/14/2026,08/03/2026,RW-3980,Road,S,Carbon,11,2879,N,
DO-22092,D-119,Pinecrest Bikes,MT,07/14/2026,08/03/2026,RW-1378,Road,L,Carbon,2,2879,Y,08/04/2026
DO-22093,D-134,Old Town Bikes,MI,07/14/2026,08/04/2026,RW-1378,Road,L,Carbon,5,2879,Y,07/27/2026
DO-22101,D-120,Stone Bridge Cycles,NM,07/14/2026,08/02/2026,RW-9304,MTB,S,Carbon,6,3527,N,
DO-22102,D-111,High Desert Cyclery,MA,07/14/2026,08/04/2026,RW-9304,MTB,S,Carbon,7,3527,N,
DO-22103,D-122,Evergreen Cycle Shop,CO,07/14/2026,08/09/2026,RW-9304,MTB,S,Carbon,6,3527,N,
DO-22108,D-138,Ironwood Cycle Co,ID,07/14/2026,08/05/2026,RW-4418,MTB,M,Carbon,3,3527,N,
DO-22113,D-114,Coastal Ride Co,MI,07/14/2026,08/09/2026,RW-4418,MTB,M,Carbon,8,3527,N,
DO-22116,D-124,Foothills Bicycles,WA,07/14/2026,08/07/2026,RW-9901,MTB,L,Base,7,1655,N,
DO-22122,D-139,Tidewater Bicycles,MT,07/14/2026,07/31/2026,RW-6416,MTB,L,Carbon,4,3527,N,
DO-22069,D-135,Elk Creek Cycles,MN,07/15/2026,08/08/2026,RW-3980,Road,S,Carbon,2,2879,N,
DO-22088,D-115,Alpine Wheels,MN,07/15/2026,08/02/2026,RW-7298,Road,L,Base,4,1367,Y,08/05/2026
DO-22089,D-118,Lakeshore Cyclery,ID,07/15/2026,08/03/2026,RW-1378,Road,L,Carbon,2,2879,Y,08/10/2026
DO-22096,D-145,Frontier Bicycle Works,UT,07/15/2026,08/04/2026,RW-9304,MTB,S,Carbon,7,3527,N,
DO-22097,D-133,Rimrock Cyclery,IL,07/15/2026,08/11/2026,RW-9304,MTB,S,Carbon,2,3527,N,
DO-22118,D-110,Bluegrass Bicycles,NY,07/15/2026,07/30/2026,RW-9901,MTB,L,Base,9,1655,N,
DO-22070,D-123,Metro Velo,OR,07/16/2026,07/30/2026,RW-3980,Road,S,Carbon,7,2879,N,
DO-22072,D-123,Metro Velo,OR,07/16/2026,08/11/2026,RW-3980,Road,S,Carbon,9,2879,N,
DO-22073,D-106,Velo Republic,AZ,07/16/2026,08/04/2026,RW-9835,Road,M,Base,9,1367,Y,07/27/2026
DO-22074,D-129,Blue Ridge Cyclery,VT,07/16/2026,08/07/2026,RW-9835,Road,M,Base,2,1367,Y,08/01/2026
DO-22078,D-119,Pinecrest Bikes,MT,07/16/2026,08/02/2026,RW-9835,Road,M,Base,4,1367,Y,07/26/2026
DO-22079,D-141,Basin Bike Shop,CA,07/16/2026,08/09/2026,RW-2984,Road,M,Carbon,5,2879,Y,07/29/2026
DO-22086,D-135,Elk Creek Cycles,MN,07/16/2026,08/06/2026,RW-7298,Road,L,Base,4,1367,Y,07/27/2026
DO-22087,D-106,Velo Republic,AZ,07/16/2026,08/12/2026,RW-7298,Road,L,Base,4,1367,Y,08/14/2026
DO-22099,D-101,Summit Cycles,CA,07/16/2026,08/11/2026,RW-9304,MTB,S,Carbon,4,3527,N,
DO-22117,D-129,Blue Ridge Cyclery,VT,07/16/2026,07/30/2026,RW-9901,MTB,L,Base,2,1655,N,
DO-22075,D-122,Evergreen Cycle Shop,CO,07/17/2026,08/08/2026,RW-9835,Road,M,Base,3,1367,Y,08/09/2026
DO-22083,D-142,Wildflower Cyclery,CO,07/17/2026,08/03/2026,RW-2984,Road,M,Carbon,2,2879,Y,08/10/2026
DO-22085,D-120,Stone Bridge Cycles,NM,07/17/2026,08/04/2026,RW-7298,Road,L,Base,10,1367,Y,08/09/2026
DO-22091,D-115,Alpine Wheels,MN,07/17/2026,08/09/2026,RW-1378,Road,L,Carbon,8,2879,Y,07/31/2026
DO-22095,D-115,Alpine Wheels,MN,07/17/2026,08/02/2026,RW-1378,Road,L,Carbon,4,2879,Y,08/03/2026
DO-22100,D-135,Elk Creek Cycles,MN,07/17/2026,08/07/2026,RW-9304,MTB,S,Carbon,2,3527,N,
DO-22104,D-118,Lakeshore Cyclery,ID,07/17/2026,07/31/2026,RW-9324,MTB,M,Base,9,1655,Y,08/08/2026
DO-22107,D-117,Mesa Verde Cycling,FL,07/17/2026,08/12/2026,RW-9324,MTB,M,Base,5,1655,Y,08/05/2026
DO-22112,D-122,Evergreen Cycle Shop,CO,07/17/2026,08/09/2026,RW-4418,MTB,M,Carbon,9,3527,N,
DO-22115,D-128,Sierra Bike Works,NC,07/17/2026,08/09/2026,RW-9901,MTB,L,Base,7,1655,N,
DO-22109,D-132,Bayside Bicycle Co,PA,07/18/2026,08/09/2026,RW-4418,MTB,M,Carbon,3,3527,N,
DO-22120,D-122,Evergreen Cycle Shop,CO,07/18/2026,08/10/2026,RW-6416,MTB,L,Carbon,2,3527,N,
DO-22124,D-116,Timberline Bikes,GA,07/18/2026,08/14/2026,RW-6416,MTB,L,Carbon,1,3527,N,
DO-22077,D-116,Timberline Bikes,GA,07/19/2026,08/16/2026,RW-9835,Road,M,Base,5,1367,Y,07/31/2026
DO-22084,D-120,Stone Bridge Cycles,NM,07/19/2026,08/16/2026,RW-2984,Road,M,Carbon,4,2879,Y,08/17/2026
DO-22090,D-132,Bayside Bicycle Co,PA,07/19/2026,08/13/2026,RW-1378,Road,L,Carbon,4,2879,Y,08/15/2026
DO-22094,D-131,Copperline Cycles,MA,07/19/2026,08/03/2026,RW-1378,Road,L,Carbon,7,2879,Y,08/17/2026
DO-22098,D-117,Mesa Verde Cycling,FL,07/19/2026,08/03/2026,RW-9304,MTB,S,Carbon,8,3527,N,
DO-22105,D-124,Foothills Bicycles,WA,07/19/2026,08/09/2026,RW-9324,MTB,M,Base,12,1655,Y,08/03/2026
DO-22106,D-141,Basin Bike Shop,CA,07/19/2026,08/03/2026,RW-9324,MTB,M,Base,12,1655,Y,08/04/2026
DO-22110,D-141,Basin Bike Shop,CA,07/19/2026,08/06/2026,RW-4418,MTB,M,Carbon,5,3527,N,
DO-22111,D-123,Metro Velo,OR,07/19/2026,08/09/2026,RW-4418,MTB,M,Carbon,9,3527,N,
DO-22114,D-124,Foothills Bicycles,WA,07/19/2026,08/06/2026,RW-9901,MTB,L,Base,7,1655,N,
DO-22121,D-129,Blue Ridge Cyclery,VT,07/19/2026,08/11/2026,RW-6416,MTB,L,Carbon,10,3527,N,
DO-22123,D-124,Foothills Bicycles,WA,07/19/2026,08/03/2026,RW-6416,MTB,L,Carbon,8,3527,N,
DO-22140,D-112,Riverbend Bike Shop,PA,07/20/2026,08/14/2026,RW-2984,Road,M,Carbon,8,2879,Y,07/27/2026
DO-22141,D-115,Alpine Wheels,MN,07/20/2026,08/09/2026,RW-2984,Road,M,Carbon,6,2879,Y,08/12/2026
DO-22143,D-114,Coastal Ride Co,MI,07/20/2026,08/10/2026,RW-7298,Road,L,Base,5,1367,Y,08/08/2026
DO-22146,D-131,Copperline Cycles,MA,07/20/2026,08/06/2026,RW-7298,Road,L,Base,7,1367,Y,08/17/2026
DO-22157,D-129,Blue Ridge Cyclery,VT,07/20/2026,08/15/2026,RW-9304,MTB,S,Carbon,7,3527,N,
DO-22161,D-122,Evergreen Cycle Shop,CO,07/20/2026,08/17/2026,RW-9324,MTB,M,Base,5,1655,Y,08/05/2026
DO-22165,D-106,Velo Republic,AZ,07/20/2026,08/10/2026,RW-4418,MTB,M,Carbon,11,3527,N,
DO-22127,D-105,Trailhead Bicycle Co,UT,07/21/2026,08/13/2026,RW-3980,Road,S,Carbon,8,2879,N,
DO-22132,D-131,Copperline Cycles,MA,07/21/2026,08/09/2026,RW-9835,Road,M,Base,11,1367,Y,08/14/2026
DO-22133,D-131,Copperline Cycles,MA,07/21/2026,08/06/2026,RW-9835,Road,M,Base,2,1367,Y,07/28/2026
DO-22134,D-110,Bluegrass Bicycles,NY,07/21/2026,08/13/2026,RW-9835,Road,M,Base,5,1367,Y,07/28/2026
DO-22142,D-145,Frontier Bicycle Works,UT,07/21/2026,08/08/2026,RW-2984,Road,M,Carbon,1,2879,Y,08/15/2026
DO-22150,D-126,Harbor Bikes,AZ,07/21/2026,08/07/2026,RW-9304,MTB,S,Carbon,8,3527,N,
DO-22153,D-131,Copperline Cycles,MA,07/21/2026,08/12/2026,RW-9304,MTB,S,Carbon,10,3527,N,
DO-22156,D-145,Frontier Bicycle Works,UT,07/21/2026,08/16/2026,RW-9304,MTB,S,Carbon,7,3527,N,
DO-22173,D-127,Prairie Wind Cycling,TX,07/21/2026,08/04/2026,RW-9901,MTB,L,Base,1,1655,N,
DO-22177,D-137,Driftwood Bikes,FL,07/21/2026,08/05/2026,RW-6416,MTB,L,Carbon,1,3527,N,
DO-22128,D-114,Coastal Ride Co,MI,07/22/2026,08/17/2026,RW-3980,Road,S,Carbon,6,2879,N,
DO-22131,D-133,Rimrock Cyclery,IL,07/22/2026,08/16/2026,RW-9835,Road,M,Base,12,1367,Y,08/10/2026
DO-22136,D-135,Elk Creek Cycles,MN,07/22/2026,08/19/2026,RW-2984,Road,M,Carbon,12,2879,Y,08/09/2026
DO-22164,D-114,Coastal Ride Co,MI,07/22/2026,08/14/2026,RW-4418,MTB,M,Carbon,5,3527,N,
DO-22167,D-137,Driftwood Bikes,FL,07/22/2026,08/16/2026,RW-4418,MTB,M,Carbon,8,3527,N,
DO-22168,D-118,Lakeshore Cyclery,ID,07/22/2026,08/15/2026,RW-4418,MTB,M,Carbon,7,3527,N,
DO-22145,D-122,Evergreen Cycle Shop,CO,07/23/2026,08/13/2026,RW-7298,Road,L,Base,2,1367,Y,07/31/2026
DO-22155,D-115,Alpine Wheels,MN,07/23/2026,08/06/2026,RW-9304,MTB,S,Carbon,11,3527,N,
DO-22158,D-132,Bayside Bicycle Co,PA,07/23/2026,08/14/2026,RW-9324,MTB,M,Base,8,1655,Y,08/15/2026
DO-22159,D-143,Overlook Bikes,OR,07/23/2026,08/15/2026,RW-9324,MTB,M,Base,4,1655,Y,08/18/2026
DO-22125,D-119,Pinecrest Bikes,MT,07/24/2026,08/09/2026,RW-3980,Road,S,Carbon,9,2879,N,
DO-22129,D-145,Frontier Bicycle Works,UT,07/24/2026,08/13/2026,RW-3980,Road,S,Carbon,7,2879,N,
DO-22138,D-116,Timberline Bikes,GA,07/24/2026,08/10/2026,RW-2984,Road,M,Carbon,2,2879,Y,08/05/2026
DO-22139,D-108,Canyon Edge Bikes,NC,07/24/2026,08/21/2026,RW-2984,Road,M,Carbon,6,2879,Y,08/11/2026
DO-22148,D-101,Summit Cycles,CA,07/24/2026,08/09/2026,RW-1378,Road,L,Carbon,11,2879,Y,07/31/2026
DO-22152,D-122,Evergreen Cycle Shop,CO,07/24/2026,08/08/2026,RW-9304,MTB,S,Carbon,2,3527,N,
DO-22154,D-106,Velo Republic,AZ,07/24/2026,08/10/2026,RW-9304,MTB,S,Carbon,9,3527,N,
DO-22160,D-123,Metro Velo,OR,07/24/2026,08/12/2026,RW-9324,MTB,M,Base,5,1655,Y,08/18/2026
DO-22166,D-118,Lakeshore Cyclery,ID,07/24/2026,08/20/2026,RW-4418,MTB,M,Carbon,5,3527,N,
DO-22169,D-122,Evergreen Cycle Shop,CO,07/24/2026,08/21/2026,RW-4418,MTB,M,Carbon,4,3527,N,
DO-22175,D-107,Iron Horse Cycles,TX,07/24/2026,08/13/2026,RW-6416,MTB,L,Carbon,10,3527,N,
DO-22176,D-141,Basin Bike Shop,CA,07/24/2026,08/07/2026,RW-6416,MTB,L,Carbon,7,3527,N,
DO-22137,D-118,Lakeshore Cyclery,ID,07/25/2026,08/21/2026,RW-2984,Road,M,Carbon,3,2879,Y,08/15/2026
DO-22151,D-111,High Desert Cyclery,MA,07/25/2026,08/13/2026,RW-9304,MTB,S,Carbon,3,3527,N,
DO-22162,D-127,Prairie Wind Cycling,TX,07/25/2026,08/08/2026,RW-9324,MTB,M,Base,2,1655,Y,08/12/2026
DO-22163,D-120,Stone Bridge Cycles,NM,07/25/2026,08/21/2026,RW-9324,MTB,M,Base,3,1655,Y,08/03/2026
DO-22170,D-102,Ridgeback Bikes,CO,07/25/2026,08/14/2026,RW-9901,MTB,L,Base,9,1655,N,
DO-22174,D-145,Frontier Bicycle Works,UT,07/25/2026,08/21/2026,RW-6416,MTB,L,Carbon,7,3527,N,
DO-22126,D-141,Basin Bike Shop,CA,07/26/2026,08/12/2026,RW-3980,Road,S,Carbon,2,2879,N,
DO-22130,D-108,Canyon Edge Bikes,NC,07/26/2026,08/12/2026,RW-3980,Road,S,Carbon,5,2879,N,
DO-22135,D-128,Sierra Bike Works,NC,07/26/2026,08/23/2026,RW-2984,Road,M,Carbon,7,2879,Y,08/19/2026
DO-22144,D-124,Foothills Bicycles,WA,07/26/2026,08/12/2026,RW-7298,Road,L,Base,12,1367,Y,08/13/2026
DO-22147,D-140,Aspen Grove Cycles,NM,07/26/2026,08/14/2026,RW-1378,Road,L,Carbon,3,2879,Y,08/02/2026
DO-22149,D-142,Wildflower Cyclery,CO,07/26/2026,08/14/2026,RW-1378,Road,L,Carbon,11,2879,Y,08/15/2026
DO-22171,D-119,Pinecrest Bikes,MT,07/26/2026,08/12/2026,RW-9901,MTB,L,Base,11,1655,N,
DO-22172,D-104,Peak Performance Bikes,WA,07/26/2026,08/21/2026,RW-9901,MTB,L,Base,4,1655,N,
DO-22189,D-123,Metro Velo,OR,07/27/2026,08/24/2026,RW-2984,Road,M,Carbon,6,2879,Y,08/20/2026
DO-22192,D-135,Elk Creek Cycles,MN,07/27/2026,08/24/2026,RW-2984,Road,M,Carbon,7,2879,Y,08/17/2026
DO-22196,D-112,Riverbend Bike Shop,PA,07/27/2026,08/15/2026,RW-7298,Road,L,Base,10,1367,Y,08/12/2026
DO-22202,D-136,Capitol Cyclery,GA,07/27/2026,08/11/2026,RW-1378,Road,L,Carbon,7,2879,Y,08/17/2026
DO-22206,D-106,Velo Republic,AZ,07/27/2026,08/24/2026,RW-9304,MTB,S,Carbon,8,3527,N,
DO-22215,D-131,Copperline Cycles,MA,07/27/2026,08/16/2026,RW-4418,MTB,M,Carbon,7,3527,N,
DO-22217,D-113,Granite Peak Cycles,IL,07/27/2026,08/11/2026,RW-4418,MTB,M,Carbon,3,3527,N,
DO-22220,D-111,High Desert Cyclery,MA,07/27/2026,08/16/2026,RW-4418,MTB,M,Carbon,4,3527,N,
DO-22222,D-137,Driftwood Bikes,FL,07/27/2026,08/12/2026,RW-9901,MTB,L,Base,4,1655,N,
DO-22223,D-131,Copperline Cycles,MA,07/27/2026,08/17/2026,RW-9901,MTB,L,Base,5,1655,N,
DO-22228,D-119,Pinecrest Bikes,MT,07/27/2026,08/19/2026,RW-6416,MTB,L,Carbon,11,3527,N,
DO-22188,D-107,Iron Horse Cycles,TX,07/28/2026,08/24/2026,RW-2984,Road,M,Carbon,9,2879,Y,08/21/2026
DO-22193,D-102,Ridgeback Bikes,CO,07/28/2026,08/23/2026,RW-2984,Road,M,Carbon,3,2879,Y,08/06/2026
DO-22198,D-134,Old Town Bikes,MI,07/28/2026,08/22/2026,RW-1378,Road,L,Carbon,5,2879,Y,08/12/2026
DO-22199,D-103,Cascade Cyclery,OR,07/28/2026,08/16/2026,RW-1378,Road,L,Carbon,10,2879,Y,08/05/2026
DO-22210,D-105,Trailhead Bicycle Co,UT,07/28/2026,08/25/2026,RW-9324,MTB,M,Base,6,1655,Y,08/23/2026
DO-22213,D-136,Capitol Cyclery,GA,07/28/2026,08/17/2026,RW-9324,MTB,M,Base,7,1655,Y,08/20/2026
DO-22227,D-135,Elk Creek Cycles,MN,07/28/2026,08/13/2026,RW-9901,MTB,L,Base,6,1655,N,
DO-22233,D-124,Foothills Bicycles,WA,07/28/2026,08/17/2026,RW-6416,MTB,L,Carbon,5,3527,N,
DO-22178,D-108,Canyon Edge Bikes,NC,07/29/2026,08/24/2026,RW-3980,Road,S,Carbon,3,2879,N,
DO-22179,D-116,Timberline Bikes,GA,07/29/2026,08/26/2026,RW-3980,Road,S,Carbon,10,2879,N,
DO-22180,D-118,Lakeshore Cyclery,ID,07/29/2026,08/16/2026,RW-3980,Road,S,Carbon,7,2879,N,
DO-22190,D-128,Sierra Bike Works,NC,07/29/2026,08/18/2026,RW-2984,Road,M,Carbon,2,2879,Y,08/20/2026
DO-22194,D-145,Frontier Bicycle Works,UT,07/29/2026,08/14/2026,RW-2984,Road,M,Carbon,4,2879,Y,08/15/2026
DO-22200,D-145,Frontier Bicycle Works,UT,07/29/2026,08/17/2026,RW-1378,Road,L,Carbon,6,2879,Y,08/09/2026
DO-22204,D-117,Mesa Verde Cycling,FL,07/29/2026,08/19/2026,RW-9304,MTB,S,Carbon,7,3527,N,
DO-22219,D-111,High Desert Cyclery,MA,07/29/2026,08/15/2026,RW-4418,MTB,M,Carbon,8,3527,N,
DO-22229,D-119,Pinecrest Bikes,MT,07/29/2026,08/25/2026,RW-6416,MTB,L,Carbon,2,3527,N,
DO-22230,D-123,Metro Velo,OR,07/29/2026,08/13/2026,RW-6416,MTB,L,Carbon,7,3527,N,
DO-22231,D-138,Ironwood Cycle Co,ID,07/29/2026,08/15/2026,RW-6416,MTB,L,Carbon,3,3527,N,
DO-22201,D-135,Elk Creek Cycles,MN,07/30/2026,08/21/2026,RW-1378,Road,L,Carbon,5,2879,Y,08/16/2026
DO-22214,D-105,Trailhead Bicycle Co,UT,07/30/2026,08/18/2026,RW-9324,MTB,M,Base,7,1655,Y,08/28/2026
DO-22221,D-135,Elk Creek Cycles,MN,07/30/2026,08/16/2026,RW-9901,MTB,L,Base,5,1655,N,
DO-22184,D-118,Lakeshore Cyclery,ID,07/31/2026,08/16/2026,RW-9835,Road,M,Base,6,1367,Y,08/15/2026
DO-22209,D-131,Copperline Cycles,MA,07/31/2026,08/15/2026,RW-9324,MTB,M,Base,8,1655,Y,08/20/2026
DO-22211,D-111,High Desert Cyclery,MA,07/31/2026,08/15/2026,RW-9324,MTB,M,Base,2,1655,Y,08/27/2026
DO-22216,D-124,Foothills Bicycles,WA,07/31/2026,08/28/2026,RW-4418,MTB,M,Carbon,12,3527,N,
DO-22224,D-120,Stone Bridge Cycles,NM,07/31/2026,08/24/2026,RW-9901,MTB,L,Base,3,1655,N,
DO-22182,D-135,Elk Creek Cycles,MN,08/01/2026,08/18/2026,RW-9835,Road,M,Base,5,1367,Y,08/19/2026
DO-22185,D-115,Alpine Wheels,MN,08/01/2026,08/18/2026,RW-9835,Road,M,Base,6,1367,Y,08/23/2026
DO-22186,D-117,Mesa Verde Cycling,FL,08/01/2026,08/26/2026,RW-9835,Road,M,Base,8,1367,Y,08/24/2026
DO-22187,D-117,Mesa Verde Cycling,FL,08/01/2026,08/25/2026,RW-9835,Road,M,Base,5,1367,Y,08/23/2026
DO-22203,D-141,Basin Bike Shop,CA,08/01/2026,08/26/2026,RW-9304,MTB,S,Carbon,3,3527,N,
DO-22218,D-123,Metro Velo,OR,08/01/2026,08/29/2026,RW-4418,MTB,M,Carbon,9,3527,N,
DO-22225,D-125,Switchback Cycles,UT,08/01/2026,08/26/2026,RW-9901,MTB,L,Base,10,1655,N,
DO-22226,D-119,Pinecrest Bikes,MT,08/01/2026,08/26/2026,RW-9901,MTB,L,Base,5,1655,N,
DO-22181,D-101,Summit Cycles,CA,08/02/2026,08/19/2026,RW-3980,Road,S,Carbon,8,2879,N,
DO-22183,D-120,Stone Bridge Cycles,NM,08/02/2026,08/26/2026,RW-9835,Road,M,Base,11,1367,Y,08/19/2026
DO-22191,D-134,Old Town Bikes,MI,08/02/2026,08/17/2026,RW-2984,Road,M,Carbon,11,2879,Y,08/11/2026
DO-22195,D-122,Evergreen Cycle Shop,CO,08/02/2026,08/30/2026,RW-2984,Road,M,Carbon,5,2879,Y,08/10/2026
DO-22197,D-114,Coastal Ride Co,MI,08/02/2026,08/25/2026,RW-7298,Road,L,Base,10,1367,Y,08/10/2026
DO-22205,D-103,Cascade Cyclery,OR,08/02/2026,08/26/2026,RW-9304,MTB,S,Carbon,9,3527,N,
DO-22207,D-145,Frontier Bicycle Works,UT,08/02/2026,08/20/2026,RW-9304,MTB,S,Carbon,2,3527,N,
DO-22208,D-124,Foothills Bicycles,WA,08/02/2026,08/19/2026,RW-9324,MTB,M,Base,5,1655,Y,08/30/2026
DO-22212,D-134,Old Town Bikes,MI,08/02/2026,08/22/2026,RW-9324,MTB,M,Base,5,1655,Y,08/26/2026
DO-22232,D-144,Cedar Ridge Cycles,WA,08/02/2026,08/28/2026,RW-6416,MTB,L,Carbon,2,3527,N,
DO-22235,D-119,Pinecrest Bikes,MT,08/03/2026,08/31/2026,RW-3980,Road,S,Carbon,8,2879,N,
DO-22246,D-116,Timberline Bikes,GA,08/03/2026,08/27/2026,RW-2984,Road,M,Carbon,7,2879,Y,08/17/2026
DO-22253,D-136,Capitol Cyclery,GA,08/03/2026,08/26/2026,RW-7298,Road,L,Base,5,1367,Y,08/18/2026
DO-22266,D-122,Evergreen Cycle Shop,CO,08/03/2026,08/18/2026,RW-9324,MTB,M,Base,2,1655,Y,08/11/2026
DO-22236,D-143,Overlook Bikes,OR,08/04/2026,08/18/2026,RW-3980,Road,S,Carbon,4,2879,N,
DO-22238,D-131,Copperline Cycles,MA,08/04/2026,08/27/2026,RW-9835,Road,M,Base,11,1367,Y,08/26/2026
DO-22250,D-124,Foothills Bicycles,WA,08/04/2026,08/25/2026,RW-2984,Road,M,Carbon,3,2879,Y,09/02/2026
DO-22251,D-126,Harbor Bikes,AZ,08/04/2026,08/23/2026,RW-2984,Road,M,Carbon,1,2879,Y,08/25/2026
DO-22261,D-127,Prairie Wind Cycling,TX,08/04/2026,08/29/2026,RW-9304,MTB,S,Carbon,2,3527,N,
DO-22271,D-132,Bayside Bicycle Co,PA,08/04/2026,08/24/2026,RW-4418,MTB,M,Carbon,12,3527,N,
DO-22278,D-118,Lakeshore Cyclery,ID,08/04/2026,08/24/2026,RW-9901,MTB,L,Base,10,1655,N,
DO-22282,D-114,Coastal Ride Co,MI,08/04/2026,08/31/2026,RW-6416,MTB,L,Carbon,1,3527,N,
DO-22240,D-135,Elk Creek Cycles,MN,08/05/2026,08/24/2026,RW-9835,Road,M,Base,5,1367,Y,08/15/2026
DO-22248,D-110,Bluegrass Bicycles,NY,08/05/2026,08/21/2026,RW-2984,Road,M,Carbon,2,2879,Y,08/18/2026
DO-22249,D-118,Lakeshore Cyclery,ID,08/05/2026,08/24/2026,RW-2984,Road,M,Carbon,3,2879,Y,08/28/2026
DO-22256,D-115,Alpine Wheels,MN,08/05/2026,09/01/2026,RW-1378,Road,L,Carbon,11,2879,Y,08/31/2026
DO-22258,D-102,Ridgeback Bikes,CO,08/05/2026,08/23/2026,RW-9304,MTB,S,Carbon,12,3527,N,
DO-22259,D-123,Metro Velo,OR,08/05/2026,08/25/2026,RW-9304,MTB,S,Carbon,8,3527,N,
DO-22260,D-111,High Desert Cyclery,MA,08/05/2026,08/22/2026,RW-9304,MTB,S,Carbon,5,3527,N,
DO-22265,D-118,Lakeshore Cyclery,ID,08/05/2026,08/20/2026,RW-9324,MTB,M,Base,2,1655,Y,08/29/2026
DO-22275,D-115,Alpine Wheels,MN,08/05/2026,08/20/2026,RW-9901,MTB,L,Base,2,1655,N,
DO-22279,D-124,Foothills Bicycles,WA,08/05/2026,08/19/2026,RW-9901,MTB,L,Base,3,1655,N,
DO-22234,D-124,Foothills Bicycles,WA,08/06/2026,09/02/2026,RW-3980,Road,S,Carbon,11,2879,N,
DO-22237,D-124,Foothills Bicycles,WA,08/06/2026,08/30/2026,RW-9835,Road,M,Base,3,1367,Y,09/02/2026
DO-22239,D-128,Sierra Bike Works,NC,08/06/2026,08/29/2026,RW-9835,Road,M,Base,11,1367,Y,08/23/2026
DO-22242,D-124,Foothills Bicycles,WA,08/06/2026,09/01/2026,RW-9835,Road,M,Base,9,1367,Y,08/23/2026
DO-22262,D-110,Bluegrass Bicycles,NY,08/06/2026,09/02/2026,RW-9304,MTB,S,Carbon,6,3527,N,
DO-22272,D-126,Harbor Bikes,AZ,08/06/2026,08/28/2026,RW-4418,MTB,M,Carbon,12,3527,N,
DO-22274,D-141,Basin Bike Shop,CA,08/06/2026,08/27/2026,RW-9901,MTB,L,Base,10,1655,N,
DO-22277,D-115,Alpine Wheels,MN,08/06/2026,08/21/2026,RW-9901,MTB,L,Base,5,1655,N,
DO-22245,D-135,Elk Creek Cycles,MN,08/07/2026,08/27/2026,RW-2984,Road,M,Carbon,10,2879,Y,08/18/2026
DO-22255,D-128,Sierra Bike Works,NC,08/07/2026,08/23/2026,RW-1378,Road,L,Carbon,6,2879,Y,09/04/2026
DO-22263,D-140,Aspen Grove Cycles,NM,08/07/2026,08/23/2026,RW-9324,MTB,M,Base,11,1655,Y,08/20/2026
DO-22268,D-133,Rimrock Cyclery,IL,08/07/2026,08/30/2026,RW-4418,MTB,M,Carbon,4,3527,N,
DO-22270,D-104,Peak Performance Bikes,WA,08/07/2026,08/21/2026,RW-4418,MTB,M,Carbon,6,3527,N,
DO-22276,D-124,Foothills Bicycles,WA,08/07/2026,09/04/2026,RW-9901,MTB,L,Base,9,1655,N,
DO-22241,D-126,Harbor Bikes,AZ,08/08/2026,09/05/2026,RW-9835,Road,M,Base,6,1367,Y,08/18/2026
DO-22244,D-124,Foothills Bicycles,WA,08/08/2026,08/26/2026,RW-2984,Road,M,Carbon,2,2879,Y,08/15/2026
DO-22247,D-114,Coastal Ride Co,MI,08/08/2026,08/31/2026,RW-2984,Road,M,Carbon,12,2879,Y,08/16/2026
DO-22252,D-103,Cascade Cyclery,OR,08/08/2026,08/30/2026,RW-7298,Road,L,Base,8,1367,Y,09/02/2026
DO-22254,D-123,Metro Velo,OR,08/08/2026,08/30/2026,RW-7298,Road,L,Base,11,1367,Y,09/04/2026
DO-22257,D-128,Sierra Bike Works,NC,08/08/2026,09/05/2026,RW-1378,Road,L,Carbon,4,2879,Y,08/25/2026
DO-22267,D-115,Alpine Wheels,MN,08/08/2026,09/02/2026,RW-9324,MTB,M,Base,8,1655,Y,08/31/2026
DO-22273,D-145,Frontier Bicycle Works,UT,08/08/2026,09/01/2026,RW-4418,MTB,M,Carbon,3,3527,N,
DO-22243,D-110,Bluegrass Bicycles,NY,08/09/2026,09/01/2026,RW-9835,Road,M,Base,2,1367,Y,08/29/2026
DO-22264,D-123,Metro Velo,OR,08/09/2026,08/26/2026,RW-9324,MTB,M,Base,9,1655,Y,08/26/2026
DO-22269,D-129,Blue Ridge Cyclery,VT,08/09/2026,09/03/2026,RW-4418,MTB,M,Carbon,5,3527,N,
DO-22280,D-133,Rimrock Cyclery,IL,08/09/2026,08/28/2026,RW-6416,MTB,L,Carbon,5,3527,N,
DO-22281,D-111,High Desert Cyclery,MA,08/09/2026,08/28/2026,RW-6416,MTB,L,Carbon,5,3527,N,
DO-22300,D-122,Evergreen Cycle Shop,CO,08/10/2026,08/26/2026,RW-7298,Road,L,Base,2,1367,Y,08/20/2026
DO-22309,D-115,Alpine Wheels,MN,08/10/2026,09/03/2026,RW-9304,MTB,S,Carbon,8,3527,N,
DO-22326,D-141,Basin Bike Shop,CA,08/10/2026,08/24/2026,RW-6416,MTB,L,Carbon,4,3527,N,
DO-22285,D-129,Blue Ridge Cyclery,VT,08/11/2026,09/01/2026,RW-3980,Road,S,Carbon,4,2879,N,
DO-22308,D-129,Blue Ridge Cyclery,VT,08/11/2026,09/07/2026,RW-9304,MTB,S,Carbon,9,3527,N,
DO-22312,D-103,Cascade Cyclery,OR,08/11/2026,08/26/2026,RW-9324,MTB,M,Base,8,1655,Y,09/01/2026
DO-22321,D-120,Stone Bridge Cycles,NM,08/11/2026,08/30/2026,RW-9901,MTB,L,Base,3,1655,N,
DO-22322,D-132,Bayside Bicycle Co,PA,08/11/2026,09/02/2026,RW-9901,MTB,L,Base,3,1655,N,
DO-22327,D-132,Bayside Bicycle Co,PA,08/11/2026,08/29/2026,RW-6416,MTB,L,Carbon,10,3527,N,
DO-22328,D-144,Cedar Ridge Cycles,WA,08/11/2026,08/28/2026,RW-6416,MTB,L,Carbon,4,3527,N,
DO-22284,D-118,Lakeshore Cyclery,ID,08/12/2026,08/27/2026,RW-3980,Road,S,Carbon,8,2879,N,
DO-22288,D-128,Sierra Bike Works,NC,08/12/2026,09/01/2026,RW-9835,Road,M,Base,11,1367,Y,08/23/2026
DO-22295,D-118,Lakeshore Cyclery,ID,08/12/2026,08/26/2026,RW-2984,Road,M,Carbon,6,2879,Y,08/28/2026
DO-22299,D-122,Evergreen Cycle Shop,CO,08/12/2026,09/09/2026,RW-2984,Road,M,Carbon,7,2879,Y,09/07/2026
DO-22324,D-123,Metro Velo,OR,08/12/2026,09/08/2026,RW-9901,MTB,L,Base,6,1655,N,
DO-22287,D-129,Blue Ridge Cyclery,VT,08/13/2026,09/05/2026,RW-9835,Road,M,Base,7,1367,N,
DO-22291,D-125,Switchback Cycles,UT,08/13/2026,08/28/2026,RW-2984,Road,M,Carbon,2,2879,N,
DO-22298,D-131,Copperline Cycles,MA,08/13/2026,09/08/2026,RW-2984,Road,M,Carbon,6,2879,N,
DO-22302,D-126,Harbor Bikes,AZ,08/13/2026,09/08/2026,RW-7298,Road,L,Base,6,1367,N,
DO-22306,D-108,Canyon Edge Bikes,NC,08/13/2026,09/02/2026,RW-1378,Road,L,Carbon,2,2879,N,
DO-22311,D-123,Metro Velo,OR,08/13/2026,09/10/2026,RW-9304,MTB,S,Carbon,4,3527,N,
DO-22317,D-125,Switchback Cycles,UT,08/13/2026,08/27/2026,RW-4418,MTB,M,Carbon,6,3527,N,
DO-22318,D-131,Copperline Cycles,MA,08/13/2026,09/09/2026,RW-4418,MTB,M,Carbon,5,3527,N,
DO-22319,D-135,Elk Creek Cycles,MN,08/13/2026,09/09/2026,RW-4418,MTB,M,Carbon,8,3527,N,
DO-22283,D-102,Ridgeback Bikes,CO,08/14/2026,08/28/2026,RW-3980,Road,S,Carbon,10,2879,N,
DO-22286,D-116,Timberline Bikes,GA,08/14/2026,09/07/2026,RW-3980,Road,S,Carbon,4,2879,N,
DO-22289,D-128,Sierra Bike Works,NC,08/14/2026,09/11/2026,RW-9835,Road,M,Base,10,1367,N,
DO-22292,D-136,Capitol Cyclery,GA,08/14/2026,09/08/2026,RW-2984,Road,M,Carbon,5,2879,N,
DO-22310,D-139,Tidewater Bicycles,MT,08/14/2026,09/08/2026,RW-9304,MTB,S,Carbon,12,3527,N,
DO-22313,D-121,Red Rock Bike Co,CA,08/14/2026,09/05/2026,RW-9324,MTB,M,Base,8,1655,Y,09/07/2026
DO-22320,D-101,Summit Cycles,CA,08/14/2026,09/08/2026,RW-4418,MTB,M,Carbon,5,3527,N,
DO-22325,D-120,Stone Bridge Cycles,NM,08/14/2026,08/28/2026,RW-6416,MTB,L,Carbon,3,3527,N,
DO-22296,D-141,Basin Bike Shop,CA,08/15/2026,09/02/2026,RW-2984,Road,M,Carbon,2,2879,N,
DO-22301,D-125,Switchback Cycles,UT,08/15/2026,09/04/2026,RW-7298,Road,L,Base,12,1367,N,
DO-22304,D-106,Velo Republic,AZ,08/15/2026,09/03/2026,RW-1378,Road,L,Carbon,12,2879,N,
DO-22305,D-143,Overlook Bikes,OR,08/15/2026,09/04/2026,RW-1378,Road,L,Carbon,9,2879,N,
DO-22314,D-133,Rimrock Cyclery,IL,08/15/2026,09/04/2026,RW-9324,MTB,M,Base,7,1655,Y,08/27/2026
DO-22316,D-136,Capitol Cyclery,GA,08/15/2026,09/08/2026,RW-4418,MTB,M,Carbon,7,3527,N,
DO-22323,D-110,Bluegrass Bicycles,NY,08/15/2026,09/03/2026,RW-9901,MTB,L,Base,12,1655,N,
DO-22290,D-106,Velo Republic,AZ,08/16/2026,09/13/2026,RW-9835,Road,M,Base,10,1367,N,
DO-22293,D-114,Coastal Ride Co,MI,08/16/2026,09/09/2026,RW-2984,Road,M,Carbon,9,2879,N,
DO-22294,D-101,Summit Cycles,CA,08/16/2026,09/02/2026,RW-2984,Road,M,Carbon,6,2879,N,
DO-22297,D-127,Prairie Wind Cycling,TX,08/16/2026,09/05/2026,RW-2984,Road,M,Carbon,3,2879,N,
DO-22303,D-124,Foothills Bicycles,WA,08/16/2026,09/10/2026,RW-7298,Road,L,Base,4,1367,N,
DO-22307,D-124,Foothills Bicycles,WA,08/16/2026,09/10/2026,RW-1378,Road,L,Carbon,1,2879,N,
DO-22315,D-133,Rimrock Cyclery,IL,08/16/2026,09/13/2026,RW-4418,MTB,M,Carbon,3,3527,N,
DO-22348,D-118,Lakeshore Cyclery,ID,08/17/2026,09/11/2026,RW-1378,Road,L,Carbon,4,2879,N,
DO-22371,D-145,Frontier Bicycle Works,UT,08/17/2026,09/11/2026,RW-9901,MTB,L,Base,7,1655,N,
DO-22333,D-123,Metro Velo,OR,08/18/2026,09/14/2026,RW-3980,Road,S,Carbon,5,2879,N,
DO-22340,D-110,Bluegrass Bicycles,NY,08/18/2026,09/13/2026,RW-2984,Road,M,Carbon,2,2879,N,
DO-22346,D-123,Metro Velo,OR,08/18/2026,09/15/2026,RW-7298,Road,L,Base,2,1367,N,
DO-22347,D-105,Trailhead Bicycle Co,UT,08/18/2026,09/01/2026,RW-7298,Road,L,Base,9,1367,N,
DO-22355,D-123,Metro Velo,OR,08/18/2026,09/07/2026,RW-9304,MTB,S,Carbon,7,3527,N,
DO-22358,D-123,Metro Velo,OR,08/18/2026,09/05/2026,RW-9304,MTB,S,Carbon,12,3527,N,
DO-22363,D-115,Alpine Wheels,MN,08/18/2026,09/07/2026,RW-4418,MTB,M,Carbon,10,3527,N,
DO-22364,D-135,Elk Creek Cycles,MN,08/18/2026,09/03/2026,RW-4418,MTB,M,Carbon,11,3527,N,
DO-22366,D-124,Foothills Bicycles,WA,08/18/2026,09/10/2026,RW-4418,MTB,M,Carbon,5,3527,N,
DO-22372,D-141,Basin Bike Shop,CA,08/18/2026,09/09/2026,RW-9901,MTB,L,Base,4,1655,N,
DO-22374,D-134,Old Town Bikes,MI,08/18/2026,09/08/2026,RW-6416,MTB,L,Carbon,7,3527,N,
DO-22375,D-123,Metro Velo,OR,08/18/2026,09/07/2026,RW-6416,MTB,L,Carbon,5,3527,N,
DO-22354,D-134,Old Town Bikes,MI,08/19/2026,09/09/2026,RW-9304,MTB,S,Carbon,6,3527,N,
DO-22369,D-115,Alpine Wheels,MN,08/19/2026,09/13/2026,RW-4418,MTB,M,Carbon,6,3527,N,
DO-22373,D-115,Alpine Wheels,MN,08/19/2026,09/07/2026,RW-9901,MTB,L,Base,3,1655,N,
DO-22330,D-103,Cascade Cyclery,OR,08/20/2026,09/05/2026,RW-3980,Road,S,Carbon,10,2879,N,
DO-22334,D-132,Bayside Bicycle Co,PA,08/20/2026,09/11/2026,RW-3980,Road,S,Carbon,2,2879,N,
DO-22350,D-131,Copperline Cycles,MA,08/20/2026,09/09/2026,RW-1378,Road,L,Carbon,8,2879,N,
DO-22351,D-124,Foothills Bicycles,WA,08/20/2026,09/17/2026,RW-1378,Road,L,Carbon,7,2879,N,
DO-22352,D-134,Old Town Bikes,MI,08/20/2026,09/14/2026,RW-9304,MTB,S,Carbon,7,3527,N,
DO-22359,D-101,Summit Cycles,CA,08/20/2026,09/17/2026,RW-9304,MTB,S,Carbon,2,3527,N,
DO-22376,D-134,Old Town Bikes,MI,08/20/2026,09/11/2026,RW-6416,MTB,L,Carbon,5,3527,N,
DO-22378,D-122,Evergreen Cycle Shop,CO,08/20/2026,09/14/2026,RW-6416,MTB,L,Carbon,4,3527,N,
DO-22331,D-122,Evergreen Cycle Shop,CO,08/21/2026,09/05/2026,RW-3980,Road,S,Carbon,5,2879,N,
DO-22332,D-145,Frontier Bicycle Works,UT,08/21/2026,09/06/2026,RW-3980,Road,S,Carbon,7,2879,N,
DO-22335,D-131,Copperline Cycles,MA,08/21/2026,09/17/2026,RW-3980,Road,S,Carbon,1,2879,N,
DO-22344,D-115,Alpine Wheels,MN,08/21/2026,09/13/2026,RW-2984,Road,M,Carbon,1,2879,N,
DO-22345,D-112,Riverbend Bike Shop,PA,08/21/2026,09/11/2026,RW-7298,Road,L,Base,10,1367,N,
DO-22353,D-125,Switchback Cycles,UT,08/21/2026,09/06/2026,RW-9304,MTB,S,Carbon,2,3527,N,
DO-22357,D-108,Canyon Edge Bikes,NC,08/21/2026,09/16/2026,RW-9304,MTB,S,Carbon,3,3527,N,
DO-22365,D-131,Copperline Cycles,MA,08/21/2026,09/14/2026,RW-4418,MTB,M,Carbon,4,3527,N,
DO-22370,D-131,Copperline Cycles,MA,08/21/2026,09/13/2026,RW-9901,MTB,L,Base,8,1655,N,
DO-22329,D-122,Evergreen Cycle Shop,CO,08/22/2026,09/11/2026,RW-3980,Road,S,Carbon,9,2879,N,
DO-22337,D-124,Foothills Bicycles,WA,08/22/2026,09/05/2026,RW-9835,Road,M,Base,8,1367,N,
DO-22339,D-110,Bluegrass Bicycles,NY,08/22/2026,09/08/2026,RW-9835,Road,M,Base,8,1367,N,
DO-22342,D-137,Driftwood Bikes,FL,08/22/2026,09/17/2026,RW-2984,Road,M,Carbon,9,2879,N,
DO-22356,D-135,Elk Creek Cycles,MN,08/22/2026,09/19/2026,RW-9304,MTB,S,Carbon,2,3527,N,
DO-22360,D-141,Basin Bike Shop,CA,08/22/2026,09/05/2026,RW-9324,MTB,M,Base,9,1655,Y,09/19/2026
DO-22361,D-110,Bluegrass Bicycles,NY,08/22/2026,09/12/2026,RW-9324,MTB,M,Base,3,1655,Y,09/08/2026
DO-22368,D-122,Evergreen Cycle Shop,CO,08/22/2026,09/13/2026,RW-4418,MTB,M,Carbon,5,3527,N,
DO-22377,D-144,Cedar Ridge Cycles,WA,08/22/2026,09/18/2026,RW-6416,MTB,L,Carbon,3,3527,N,
DO-22336,D-111,High Desert Cyclery,MA,08/23/2026,09/16/2026,RW-9835,Road,M,Base,10,1367,N,
DO-22338,D-135,Elk Creek Cycles,MN,08/23/2026,09/10/2026,RW-9835,Road,M,Base,8,1367,N,
DO-22341,D-117,Mesa Verde Cycling,FL,08/23/2026,09/13/2026,RW-2984,Road,M,Carbon,7,2879,N,
DO-22343,D-119,Pinecrest Bikes,MT,08/23/2026,09/07/2026,RW-2984,Road,M,Carbon,11,2879,N,
DO-22349,D-123,Metro Velo,OR,08/23/2026,09/15/2026,RW-1378,Road,L,Carbon,3,2879,N,
DO-22362,D-122,Evergreen Cycle Shop,CO,08/23/2026,09/18/2026,RW-9324,MTB,M,Base,2,1655,Y,09/10/2026
DO-22367,D-143,Overlook Bikes,OR,08/23/2026,09/18/2026,RW-4418,MTB,M,Carbon,3,3527,N,
DO-22380,D-137,Driftwood Bikes,FL,08/24/2026,09/10/2026,RW-3980,Road,S,Carbon,2,2879,N,
DO-22393,D-105,Trailhead Bicycle Co,UT,08/24/2026,09/21/2026,RW-2984,Road,M,Carbon,8,2879,N,
DO-22398,D-123,Metro Velo,OR,08/24/2026,09/15/2026,RW-7298,Road,L,Base,10,1367,N,
DO-22401,D-110,Bluegrass Bicycles,NY,08/24/2026,09/13/2026,RW-1378,Road,L,Carbon,8,2879,N,
DO-22404,D-126,Harbor Bikes,AZ,08/24/2026,09/07/2026,RW-1378,Road,L,Carbon,2,2879,N,
DO-22414,D-123,Metro Velo,OR,08/24/2026,09/16/2026,RW-4418,MTB,M,Carbon,6,3527,N,
DO-22415,D-129,Blue Ridge Cyclery,VT,08/24/2026,09/16/2026,RW-4418,MTB,M,Carbon,3,3527,N,
DO-22417,D-119,Pinecrest Bikes,MT,08/24/2026,09/12/2026,RW-4418,MTB,M,Carbon,3,3527,N,
DO-22420,D-134,Old Town Bikes,MI,08/24/2026,09/21/2026,RW-9901,MTB,L,Base,4,1655,N,
DO-22381,D-123,Metro Velo,OR,08/25/2026,09/15/2026,RW-3980,Road,S,Carbon,11,2879,N,
DO-22383,D-129,Blue Ridge Cyclery,VT,08/25/2026,09/20/2026,RW-3980,Road,S,Carbon,6,2879,N,
DO-22384,D-118,Lakeshore Cyclery,ID,08/25/2026,09/18/2026,RW-3980,Road,S,Carbon,1,2879,N,
DO-22399,D-130,Big Sky Bikes,NY,08/25/2026,09/12/2026,RW-7298,Road,L,Base,6,1367,N,
DO-22402,D-114,Coastal Ride Co,MI,08/25/2026,09/15/2026,RW-1378,Road,L,Carbon,7,2879,N,
DO-22405,D-137,Driftwood Bikes,FL,08/25/2026,09/09/2026,RW-9304,MTB,S,Carbon,3,3527,N,
DO-22424,D-128,Sierra Bike Works,NC,08/25/2026,09/15/2026,RW-9901,MTB,L,Base,5,1655,N,
DO-22426,D-126,Harbor Bikes,AZ,08/25/2026,09/21/2026,RW-6416,MTB,L,Carbon,2,3527,N,
DO-22388,D-134,Old Town Bikes,MI,08/26/2026,09/09/2026,RW-9835,Road,M,Base,12,1367,N,
DO-22395,D-122,Evergreen Cycle Shop,CO,08/26/2026,09/22/2026,RW-2984,Road,M,Carbon,6,2879,N,
DO-22397,D-115,Alpine Wheels,MN,08/26/2026,09/12/2026,RW-2984,Road,M,Carbon,2,2879,N,
DO-22408,D-137,Driftwood Bikes,FL,08/26/2026,09/22/2026,RW-9304,MTB,S,Carbon,10,3527,N,
DO-22416,D-105,Trailhead Bicycle Co,UT,08/26/2026,09/17/2026,RW-4418,MTB,M,Carbon,10,3527,N,
DO-22421,D-128,Sierra Bike Works,NC,08/26/2026,09/21/2026,RW-9901,MTB,L,Base,4,1655,N,
DO-22391,D-132,Bayside Bicycle Co,PA,08/27/2026,09/18/2026,RW-2984,Road,M,Carbon,4,2879,N,
DO-22409,D-128,Sierra Bike Works,NC,08/27/2026,09/15/2026,RW-9304,MTB,S,Carbon,4,3527,N,
DO-22422,D-129,Blue Ridge Cyclery,VT,08/27/2026,09/21/2026,RW-9901,MTB,L,Base,4,1655,N,
DO-22394,D-110,Bluegrass Bicycles,NY,08/28/2026,09/22/2026,RW-2984,Road,M,Carbon,2,2879,N,
DO-22410,D-114,Coastal Ride Co,MI,08/28/2026,09/23/2026,RW-9304,MTB,S,Carbon,5,3527,N,
DO-22419,D-102,Ridgeback Bikes,CO,08/28/2026,09/24/2026,RW-4418,MTB,M,Carbon,9,3527,N,
DO-22425,D-105,Trailhead Bicycle Co,UT,08/28/2026,09/12/2026,RW-6416,MTB,L,Carbon,4,3527,N,
DO-22379,D-145,Frontier Bicycle Works,UT,08/29/2026,09/14/2026,RW-3980,Road,S,Carbon,6,2879,N,
DO-22385,D-126,Harbor Bikes,AZ,08/29/2026,09/21/2026,RW-9835,Road,M,Base,12,1367,N,
DO-22389,D-137,Driftwood Bikes,FL,08/29/2026,09/24/2026,RW-9835,Road,M,Base,2,1367,N,
DO-22390,D-123,Metro Velo,OR,08/29/2026,09/23/2026,RW-2984,Road,M,Carbon,6,2879,N,
DO-22403,D-102,Ridgeback Bikes,CO,08/29/2026,09/26/2026,RW-1378,Road,L,Carbon,9,2879,N,
DO-22411,D-118,Lakeshore Cyclery,ID,08/29/2026,09/16/2026,RW-9324,MTB,M,Base,3,1655,Y,09/23/2026
DO-22412,D-135,Elk Creek Cycles,MN,08/29/2026,09/22/2026,RW-9324,MTB,M,Base,8,1655,Y,09/16/2026
DO-22413,D-125,Switchback Cycles,UT,08/29/2026,09/18/2026,RW-9324,MTB,M,Base,4,1655,Y,09/23/2026
DO-22423,D-126,Harbor Bikes,AZ,08/29/2026,09/25/2026,RW-9901,MTB,L,Base,5,1655,N,
DO-22427,D-136,Capitol Cyclery,GA,08/29/2026,09/19/2026,RW-6416,MTB,L,Carbon,8,3527,N,
DO-22382,D-138,Ironwood Cycle Co,ID,08/30/2026,09/23/2026,RW-3980,Road,S,Carbon,7,2879,N,
DO-22386,D-122,Evergreen Cycle Shop,CO,08/30/2026,09/17/2026,RW-9835,Road,M,Base,5,1367,N,
DO-22387,D-122,Evergreen Cycle Shop,CO,08/30/2026,09/15/2026,RW-9835,Road,M,Base,6,1367,N,
DO-22392,D-119,Pinecrest Bikes,MT,08/30/2026,09/23/2026,RW-2984,Road,M,Carbon,8,2879,N,
DO-22396,D-101,Summit Cycles,CA,08/30/2026,09/21/2026,RW-2984,Road,M,Carbon,3,2879,N,
DO-22400,D-119,Pinecrest Bikes,MT,08/30/2026,09/23/2026,RW-7298,Road,L,Base,2,1367,N,
DO-22406,D-124,Foothills Bicycles,WA,08/30/2026,09/26/2026,RW-9304,MTB,S,Carbon,4,3527,N,
DO-22407,D-124,Foothills Bicycles,WA,08/30/2026,09/25/2026,RW-9304,MTB,S,Carbon,12,3527,N,
DO-22418,D-141,Basin Bike Shop,CA,08/30/2026,09/21/2026,RW-4418,MTB,M,Carbon,7,3527,N,
DO-22462,D-141,Basin Bike Shop,CA,08/31/2026,09/24/2026,RW-4418,MTB,M,Carbon,6,3527,N,
DO-22430,D-126,Harbor Bikes,AZ,09/01/2026,09/27/2026,RW-3980,Road,S,Carbon,2,2879,N,
DO-22440,D-107,Iron Horse Cycles,TX,09/01/2026,09/29/2026,RW-2984,Road,M,Carbon,11,2879,N,
DO-22444,D-124,Foothills Bicycles,WA,09/01/2026,09/17/2026,RW-2984,Road,M,Carbon,2,2879,N,
DO-22449,D-141,Basin Bike Shop,CA,09/01/2026,09/28/2026,RW-1378,Road,L,Carbon,3,2879,N,
DO-22451,D-124,Foothills Bicycles,WA,09/01/2026,09/15/2026,RW-9304,MTB,S,Carbon,2,3527,N,
DO-22468,D-135,Elk Creek Cycles,MN,09/01/2026,09/23/2026,RW-9901,MTB,L,Base,9,1655,N,
DO-22469,D-122,Evergreen Cycle Shop,CO,09/01/2026,09/27/2026,RW-9901,MTB,L,Base,1,1655,N,
DO-22472,D-145,Frontier Bicycle Works,UT,09/01/2026,09/29/2026,RW-6416,MTB,L,Carbon,1,3527,N,
DO-22434,D-136,Capitol Cyclery,GA,09/02/2026,09/30/2026,RW-9835,Road,M,Base,11,1367,N,
DO-22448,D-128,Sierra Bike Works,NC,09/02/2026,09/25/2026,RW-7298,Road,L,Base,7,1367,N,
DO-22457,D-111,High Desert Cyclery,MA,09/02/2026,09/29/2026,RW-9304,MTB,S,Carbon,12,3527,N,
DO-22460,D-102,Ridgeback Bikes,CO,09/02/2026,09/17/2026,RW-4418,MTB,M,Carbon,11,3527,N,
DO-22461,D-115,Alpine Wheels,MN,09/02/2026,09/30/2026,RW-4418,MTB,M,Carbon,9,3527,N,
DO-22470,D-101,Summit Cycles,CA,09/02/2026,09/20/2026,RW-6416,MTB,L,Carbon,8,3527,N,
DO-22428,D-114,Coastal Ride Co,MI,09/03/2026,09/18/2026,RW-3980,Road,S,Carbon,9,2879,N,
DO-22429,D-136,Capitol Cyclery,GA,09/03/2026,09/24/2026,RW-3980,Road,S,Carbon,6,2879,N,
DO-22432,D-129,Blue Ridge Cyclery,VT,09/03/2026,09/27/2026,RW-3980,Road,S,Carbon,7,2879,N,
DO-22433,D-137,Driftwood Bikes,FL,09/03/2026,09/21/2026,RW-3980,Road,S,Carbon,11,2879,N,
DO-22441,D-106,Velo Republic,AZ,09/03/2026,09/21/2026,RW-2984,Road,M,Carbon,9,2879,N,
DO-22443,D-127,Prairie Wind Cycling,TX,09/03/2026,10/01/2026,RW-2984,Road,M,Carbon,4,2879,N,
DO-22452,D-129,Blue Ridge Cyclery,VT,09/03/2026,09/29/2026,RW-9304,MTB,S,Carbon,2,3527,N,
DO-22459,D-128,Sierra Bike Works,NC,09/03/2026,09/19/2026,RW-9324,MTB,M,Base,7,1655,Y,10/01/2026
DO-22467,D-125,Switchback Cycles,UT,09/03/2026,09/28/2026,RW-9901,MTB,L,Base,4,1655,N,
DO-22471,D-105,Trailhead Bicycle Co,UT,09/03/2026,09/23/2026,RW-6416,MTB,L,Carbon,9,3527,N,
DO-22431,D-115,Alpine Wheels,MN,09/04/2026,09/22/2026,RW-3980,Road,S,Carbon,6,2879,N,
DO-22447,D-131,Copperline Cycles,MA,09/04/2026,09/30/2026,RW-7298,Road,L,Base,7,1367,N,
DO-22455,D-101,Summit Cycles,CA,09/04/2026,09/30/2026,RW-9304,MTB,S,Carbon,4,3527,N,
DO-22456,D-124,Foothills Bicycles,WA,09/04/2026,09/18/2026,RW-9304,MTB,S,Carbon,8,3527,N,
DO-22463,D-133,Rimrock Cyclery,IL,09/04/2026,10/01/2026,RW-4418,MTB,M,Carbon,7,3527,N,
DO-22466,D-125,Switchback Cycles,UT,09/04/2026,09/26/2026,RW-9901,MTB,L,Base,10,1655,N,
DO-22435,D-143,Overlook Bikes,OR,09/05/2026,10/02/2026,RW-9835,Road,M,Base,7,1367,N,
DO-22438,D-115,Alpine Wheels,MN,09/05/2026,09/23/2026,RW-9835,Road,M,Base,6,1367,N,
DO-22439,D-135,Elk Creek Cycles,MN,09/05/2026,09/19/2026,RW-2984,Road,M,Carbon,5,2879,N,
DO-22442,D-130,Big Sky Bikes,NY,09/05/2026,09/27/2026,RW-2984,Road,M,Carbon,11,2879,N,
DO-22445,D-133,Rimrock Cyclery,IL,09/05/2026,09/20/2026,RW-7298,Road,L,Base,4,1367,N,
DO-22446,D-137,Driftwood Bikes,FL,09/05/2026,10/02/2026,RW-7298,Road,L,Base,7,1367,N,
DO-22450,D-122,Evergreen Cycle Shop,CO,09/05/2026,09/28/2026,RW-1378,Road,L,Carbon,11,2879,N,
DO-22453,D-144,Cedar Ridge Cycles,WA,09/05/2026,09/28/2026,RW-9304,MTB,S,Carbon,6,3527,N,
DO-22458,D-115,Alpine Wheels,MN,09/05/2026,09/22/2026,RW-9304,MTB,S,Carbon,1,3527,N,
DO-22464,D-131,Copperline Cycles,MA,09/05/2026,09/24/2026,RW-4418,MTB,M,Carbon,6,3527,N,
DO-22436,D-137,Driftwood Bikes,FL,09/06/2026,09/29/2026,RW-9835,Road,M,Base,3,1367,N,
DO-22437,D-110,Bluegrass Bicycles,NY,09/06/2026,09/23/2026,RW-9835,Road,M,Base,5,1367,N,
DO-22454,D-123,Metro Velo,OR,09/06/2026,09/25/2026,RW-9304,MTB,S,Carbon,10,3527,N,
DO-22465,D-125,Switchback Cycles,UT,09/06/2026,09/24/2026,RW-4418,MTB,M,Carbon,1,3527,N,
