order_id,order_date,customer_id,ship_to_state,sku,class,size,trim,qty,unit_price,is_fulfilled,ship_date
WEB-100014,2025-09-08,C000013,OR,RW-9835,road,M,base,1,1899,true,2025-09-16
WEB-100019,2025-09-08,C000018,TX,RW-9835,road,M,base,1,1899,true,2025-09-12
WEB-100032,2025-09-08,C000030,MT,RW-2984,road,M,carbon,1,3999,true,2025-09-10
WEB-100033,2025-09-08,C000031,FL,RW-2984,road,M,carbon,1,3999,true,2025-09-11
WEB-100034,2025-09-08,C000032,MT,RW-2984,road,M,carbon,1,3999,true,2025-09-10
WEB-100039,2025-09-08,C000036,ID,RW-2984,road,M,carbon,1,3999,true,2025-09-10
WEB-100040,2025-09-08,C000037,MI,RW-2984,road,M,carbon,1,3999,true,2025-09-14
WEB-100058,2025-09-08,C000007,OR,RW-7298,road,L,base,1,1899,true,2025-09-12
WEB-100064,2025-09-08,C000018,MT,RW-1378,road,L,carbon,1,3999,true,2025-09-12
WEB-100075,2025-09-08,C000067,MI,RW-9304,mtb,S,carbon,1,4899,true,2025-09-10
WEB-100079,2025-09-08,C000071,AZ,RW-9304,mtb,S,carbon,1,4899,true,2025-09-17
WEB-100084,2025-09-08,C000076,MT,RW-9324,mtb,M,base,1,2299,true,2025-09-15
WEB-100087,2025-09-08,C000079,MI,RW-9324,mtb,M,base,1,2299,true,2025-09-12
WEB-100090,2025-09-08,C000082,CA,RW-9324,mtb,M,base,1,2299,true,2025-09-18
WEB-100109,2025-09-08,C000101,ID,RW-4418,mtb,M,carbon,1,4899,true,2025-09-16
WEB-100116,2025-09-08,C000107,IL,RW-9901,mtb,L,base,1,2299,true,2025-09-18
WEB-100121,2025-09-08,C000112,MI,RW-9901,mtb,L,base,1,2299,true,2025-09-11
WEB-100006,2025-09-09,C000002,GA,RW-3980,road,S,carbon,1,3999,true,2025-09-11
WEB-100022,2025-09-09,C000021,WA,RW-9835,road,M,base,1,1899,true,2025-09-14
WEB-100051,2025-09-09,C000047,CA,RW-7298,road,L,base,1,1899,true,2025-09-14
WEB-100053,2025-09-09,C000049,AZ,RW-7298,road,L,base,1,1899,true,2025-09-17
WEB-100062,2025-09-09,C000057,VT,RW-1378,road,L,carbon,1,3999,true,2025-09-15
WEB-100066,2025-09-09,C000034,MA,RW-1378,road,L,carbon,1,3999,true,2025-09-12
WEB-100067,2025-09-09,C000059,VT,RW-1378,road,L,carbon,1,3999,true,2025-09-18
WEB-100070,2025-09-09,C000062,PA,RW-9304,mtb,S,carbon,1,4899,true,2025-09-16
WEB-100072,2025-09-09,C000064,MT,RW-9304,mtb,S,carbon,1,4899,true,2025-09-12
WEB-100081,2025-09-09,C000073,IL,RW-9304,mtb,S,carbon,1,4899,true,2025-09-15
WEB-100097,2025-09-09,C000089,MI,RW-9324,mtb,M,base,1,2299,true,2025-09-14
WEB-100106,2025-09-09,C000098,IL,RW-4418,mtb,M,carbon,1,4899,true,2025-09-11
WEB-100118,2025-09-09,C000109,TX,RW-9901,mtb,L,base,1,2299,true,2025-09-11
WEB-100122,2025-09-09,C000113,CO,RW-9901,mtb,L,base,1,2299,true,2025-09-18
WEB-100126,2025-09-09,C000117,MN,RW-9901,mtb,L,base,1,2299,true,2025-09-16
WEB-100127,2025-09-09,C000118,CO,RW-9901,mtb,L,base,1,2299,true,2025-09-17
WEB-100131,2025-09-09,C000121,UT,RW-6416,mtb,L,carbon,1,4899,true,2025-09-15
WEB-100003,2025-09-10,C000003,MT,RW-3980,road,S,carbon,1,3999,true,2025-09-15
WEB-100005,2025-09-10,C000005,NY,RW-3980,road,S,carbon,1,3999,true,2025-09-16
WEB-100008,2025-09-10,C000007,TX,RW-3980,road,S,carbon,1,3999,true,2025-09-13
WEB-100010,2025-09-10,C000009,MT,RW-3980,road,S,carbon,1,3999,true,2025-09-18
WEB-100013,2025-09-10,C000012,FL,RW-9835,road,M,base,1,1899,true,2025-09-15
WEB-100018,2025-09-10,C000017,TX,RW-9835,road,M,base,1,1899,true,2025-09-15
WEB-100024,2025-09-10,C000023,NY,RW-9835,road,M,base,1,1899,true,2025-09-16
WEB-100028,2025-09-10,C000026,TX,RW-9835,road,M,base,1,1899,true,2025-09-20
WEB-100036,2025-09-10,C000031,MN,RW-2984,road,M,carbon,1,3999,true,2025-09-19
WEB-100045,2025-09-10,C000042,NC,RW-2984,road,M,carbon,1,3999,true,2025-09-17
WEB-100048,2025-09-10,C000045,MT,RW-7298,road,L,base,1,1899,true,2025-09-14
WEB-100055,2025-09-10,C000051,ID,RW-7298,road,L,base,1,1899,true,2025-09-17
WEB-100077,2025-09-10,C000069,MA,RW-9304,mtb,S,carbon,1,4899,true,2025-09-13
WEB-100089,2025-09-10,C000081,ID,RW-9324,mtb,M,base,1,2299,true,2025-09-13
WEB-100091,2025-09-10,C000083,OR,RW-9324,mtb,M,base,1,2299,true,2025-09-19
WEB-100093,2025-09-10,C000085,UT,RW-9324,mtb,M,base,1,2299,true,2025-09-20
WEB-100096,2025-09-10,C000088,GA,RW-9324,mtb,M,base,1,2299,true,2025-09-16
WEB-100119,2025-09-10,C000110,WA,RW-9901,mtb,L,base,1,2299,true,2025-09-13
WEB-100120,2025-09-10,C000111,WA,RW-9901,mtb,L,base,1,2299,true,2025-09-13
WEB-100124,2025-09-10,C000115,MN,RW-9901,mtb,L,base,1,2299,true,2025-09-18
WEB-100128,2025-09-10,C000119,IL,RW-6416,mtb,L,carbon,1,4899,true,2025-09-20
WEB-100027,2025-09-11,C000001,IL,RW-9835,road,M,base,1,1899,true,2025-09-18
WEB-100031,2025-09-11,C000029,OR,RW-2984,road,M,carbon,1,3999,true,2025-09-21
WEB-100038,2025-09-11,C000035,AZ,RW-2984,road,M,carbon,1,3999,true,2025-09-19
WEB-100052,2025-09-11,C000048,GA,RW-7298,road,L,base,1,1899,true,2025-09-13
WEB-100054,2025-09-11,C000050,CO,RW-7298,road,L,base,1,1899,true,2025-09-16
WEB-100056,2025-09-11,C000052,UT,RW-7298,road,L,base,1,1899,true,2025-09-18
WEB-100059,2025-09-11,C000054,TX,RW-7298,road,L,base,1,1899,true,2025-09-13
WEB-100063,2025-09-11,C000058,MN,RW-1378,road,L,carbon,1,3999,true,2025-09-15
WEB-100082,2025-09-11,C000074,GA,RW-9304,mtb,S,carbon,1,4899,true,2025-09-16
WEB-100086,2025-09-11,C000078,ID,RW-9324,mtb,M,base,1,2299,true,2025-09-15
WEB-100098,2025-09-11,C000090,MA,RW-9324,mtb,M,base,1,2299,true,2025-09-21
WEB-100103,2025-09-11,C000095,OR,RW-4418,mtb,M,carbon,1,4899,true,2025-09-13
WEB-100115,2025-09-11,C000106,CA,RW-9901,mtb,L,base,1,2299,true,2025-09-15
WEB-100117,2025-09-11,C000108,VT,RW-9901,mtb,L,base,1,2299,true,2025-09-17
WEB-100130,2025-09-11,C000120,NC,RW-6416,mtb,L,carbon,1,4899,true,2025-09-20
WEB-100004,2025-09-12,C000004,VT,RW-3980,road,S,carbon,1,3999,true,2025-09-20
WEB-100011,2025-09-12,C000010,TX,RW-3980,road,S,carbon,1,3999,true,2025-09-14
WEB-100012,2025-09-12,C000011,TX,RW-3980,road,S,carbon,1,3999,true,2025-09-22
WEB-100016,2025-09-12,C000015,GA,RW-9835,road,M,base,1,1899,true,2025-09-20
WEB-100017,2025-09-12,C000016,TX,RW-9835,road,M,base,1,1899,true,2025-09-18
WEB-100021,2025-09-12,C000020,MI,RW-9835,road,M,base,1,1899,true,2025-09-20
WEB-100023,2025-09-12,C000022,GA,RW-9835,road,M,base,1,1899,true,2025-09-14
WEB-100025,2025-09-12,C000024,PA,RW-9835,road,M,base,1,1899,true,2025-09-14
WEB-100029,2025-09-12,C000027,OR,RW-9835,road,M,base,1,1899,true,2025-09-20
WEB-100042,2025-09-12,C000039,AZ,RW-2984,road,M,carbon,1,3999,true,2025-09-22
WEB-100043,2025-09-12,C000040,VT,RW-2984,road,M,carbon,1,3999,true,2025-09-21
WEB-100049,2025-09-12,C000046,ID,RW-7298,road,L,base,1,1899,true,2025-09-22
WEB-100057,2025-09-12,C000053,AZ,RW-7298,road,L,base,1,1899,true,2025-09-20
WEB-100061,2025-09-12,C000056,GA,RW-1378,road,L,carbon,1,3999,true,2025-09-19
WEB-100065,2025-09-12,C000005,NC,RW-1378,road,L,carbon,1,3999,true,2025-09-17
WEB-100069,2025-09-12,C000061,NM,RW-9304,mtb,S,carbon,1,4899,true,2025-09-14
WEB-100071,2025-09-12,C000063,WA,RW-9304,mtb,S,carbon,1,4899,true,2025-09-17
WEB-100073,2025-09-12,C000065,AZ,RW-9304,mtb,S,carbon,1,4899,true,2025-09-21
WEB-100088,2025-09-12,C000080,FL,RW-9324,mtb,M,base,1,2299,true,2025-09-22
WEB-100094,2025-09-12,C000086,TX,RW-9324,mtb,M,base,1,2299,true,2025-09-21
WEB-100099,2025-09-12,C000091,MI,RW-9324,mtb,M,base,1,2299,true,2025-09-14
WEB-100100,2025-09-12,C000092,ID,RW-9324,mtb,M,base,1,2299,true,2025-09-22
WEB-100101,2025-09-12,C000093,CA,RW-4418,mtb,M,carbon,1,4899,true,2025-09-17
WEB-100104,2025-09-12,C000096,NY,RW-4418,mtb,M,carbon,1,4899,true,2025-09-15
WEB-100107,2025-09-12,C000099,NY,RW-4418,mtb,M,carbon,1,4899,true,2025-09-21
WEB-100114,2025-09-12,C000105,TX,RW-9901,mtb,L,base,1,2299,true,2025-09-21
WEB-100015,2025-09-13,C000014,NC,RW-9835,road,M,base,1,1899,true,2025-09-23
WEB-100030,2025-09-13,C000028,MA,RW-9835,road,M,base,1,1899,true,2025-09-20
WEB-100044,2025-09-13,C000041,FL,RW-2984,road,M,carbon,1,3999,true,2025-09-22
WEB-100046,2025-09-13,C000043,UT,RW-2984,road,M,carbon,1,3999,true,2025-09-21
WEB-100047,2025-09-13,C000044,MT,RW-7298,road,L,base,1,1899,true,2025-09-21
WEB-100050,2025-09-13,C000006,IL,RW-7298,road,L,base,1,1899,true,2025-09-19
WEB-100060,2025-09-13,C000055,MN,RW-1378,road,L,carbon,1,3999,true,2025-09-21
WEB-100074,2025-09-13,C000066,PA,RW-9304,mtb,S,carbon,1,4899,true,2025-09-19
WEB-100076,2025-09-13,C000068,OR,RW-9304,mtb,S,carbon,1,4899,true,2025-09-21
WEB-100078,2025-09-13,C000070,MN,RW-9304,mtb,S,carbon,1,4899,true,2025-09-15
WEB-100080,2025-09-13,C000072,CO,RW-9304,mtb,S,carbon,1,4899,true,2025-09-16
WEB-100085,2025-09-13,C000077,VT,RW-9324,mtb,M,base,1,2299,true,2025-09-22
WEB-100092,2025-09-13,C000084,CO,RW-9324,mtb,M,base,1,2299,true,2025-09-15
WEB-100105,2025-09-13,C000097,VT,RW-4418,mtb,M,carbon,1,4899,true,2025-09-20
WEB-100110,2025-09-13,C000054,ID,RW-4418,mtb,M,carbon,1,4899,true,2025-09-19
WEB-100111,2025-09-13,C000102,MA,RW-4418,mtb,M,carbon,1,4899,true,2025-09-20
WEB-100112,2025-09-13,C000103,MT,RW-9901,mtb,L,base,1,2299,true,2025-09-23
WEB-100125,2025-09-13,C000116,IL,RW-9901,mtb,L,base,1,2299,true,2025-09-15
WEB-100129,2025-09-13,C000024,PA,RW-6416,mtb,L,carbon,1,4899,true,2025-09-22
WEB-100132,2025-09-13,C000122,MA,RW-6416,mtb,L,carbon,1,4899,true,2025-09-23
WEB-100001,2025-09-14,C000001,NY,RW-3980,road,S,carbon,1,3999,true,2025-09-22
WEB-100002,2025-09-14,C000002,CO,RW-3980,road,S,carbon,1,3999,true,2025-09-20
WEB-100007,2025-09-14,C000006,MA,RW-3980,road,S,carbon,1,3999,true,2025-09-23
WEB-100009,2025-09-14,C000008,MN,RW-3980,road,S,carbon,1,3999,true,2025-09-18
WEB-100020,2025-09-14,C000019,CO,RW-9835,road,M,base,1,1899,true,2025-09-18
WEB-100026,2025-09-14,C000025,MT,RW-9835,road,M,base,1,1899,true,2025-09-16
WEB-100035,2025-09-14,C000033,AZ,RW-2984,road,M,carbon,1,3999,true,2025-09-16
WEB-100037,2025-09-14,C000034,CA,RW-2984,road,M,carbon,1,3999,true,2025-09-19
WEB-100041,2025-09-14,C000038,MA,RW-2984,road,M,carbon,1,3999,true,2025-09-18
WEB-100068,2025-09-14,C000060,CA,RW-1378,road,L,carbon,1,3999,true,2025-09-21
WEB-100083,2025-09-14,C000075,MA,RW-9304,mtb,S,carbon,1,4899,true,2025-09-24
WEB-100095,2025-09-14,C000087,AZ,RW-9324,mtb,M,base,1,2299,true,2025-09-21
WEB-100102,2025-09-14,C000094,MN,RW-4418,mtb,M,carbon,1,4899,true,2025-09-18
WEB-100108,2025-09-14,C000100,GA,RW-4418,mtb,M,carbon,1,4899,true,2025-09-19
WEB-100113,2025-09-14,C000104,CA,RW-9901,mtb,L,base,1,2299,true,2025-09-19
WEB-100123,2025-09-14,C000114,WA,RW-9901,mtb,L,base,1,2299,true,2025-09-22
WEB-100133,2025-09-14,C000123,MA,RW-6416,mtb,L,carbon,1,4899,true,2025-09-18
WEB-100137,2025-09-15,C000127,TX,RW-3980,road,S,carbon,1,3999,true,2025-09-25
WEB-100142,2025-09-15,C000131,AZ,RW-3980,road,S,carbon,1,3999,true,2025-09-25
WEB-100154,2025-09-15,C000141,FL,RW-9835,road,M,base,1,1899,true,2025-09-20
WEB-100156,2025-09-15,C000143,MI,RW-9835,road,M,base,1,1899,true,2025-09-18
WEB-100157,2025-09-15,C000144,MI,RW-9835,road,M,base,1,1899,true,2025-09-25
WEB-100170,2025-09-15,C000155,FL,RW-9835,road,M,base,1,1899,true,2025-09-17
WEB-100178,2025-09-15,C000163,NC,RW-2984,road,M,carbon,1,3999,true,2025-09-19
WEB-100182,2025-09-15,C000167,AZ,RW-2984,road,M,carbon,1,3999,true,2025-09-22
WEB-100191,2025-09-15,C000176,MN,RW-7298,road,L,base,1,1899,true,2025-09-25
WEB-100200,2025-09-15,C000184,MT,RW-7298,road,L,base,1,1899,true,2025-09-21
WEB-100201,2025-09-15,C000185,PA,RW-7298,road,L,base,1,1899,true,2025-09-22
WEB-100216,2025-09-15,C000047,PA,RW-9304,mtb,S,carbon,1,4899,true,2025-09-25
WEB-100219,2025-09-15,C000202,GA,RW-9304,mtb,S,carbon,1,4899,true,2025-09-21
WEB-100237,2025-09-15,C000218,NY,RW-9304,mtb,S,carbon,1,4899,true,2025-09-20
WEB-100241,2025-09-15,C000222,NC,RW-9324,mtb,M,base,1,2299,true,2025-09-24
WEB-100255,2025-09-15,C000236,ID,RW-9324,mtb,M,base,1,2299,true,2025-09-20
WEB-100263,2025-09-15,C000243,VT,RW-4418,mtb,M,carbon,1,4899,true,2025-09-21
WEB-100136,2025-09-16,C000126,FL,RW-3980,road,S,carbon,1,3999,true,2025-09-25
WEB-100140,2025-09-16,C000063,NY,RW-3980,road,S,carbon,1,3999,true,2025-09-23
WEB-100147,2025-09-16,C000136,NY,RW-3980,road,S,carbon,1,3999,true,2025-09-19
WEB-100149,2025-09-16,C000138,WA,RW-3980,road,S,carbon,1,3999,true,2025-09-24
WEB-100150,2025-09-16,C000139,CA,RW-3980,road,S,carbon,1,3999,true,2025-09-24
WEB-100155,2025-09-16,C000142,IL,RW-9835,road,M,base,1,1899,true,2025-09-24
WEB-100167,2025-09-16,C000152,TX,RW-9835,road,M,base,1,1899,true,2025-09-18
WEB-100168,2025-09-16,C000153,AZ,RW-9835,road,M,base,1,1899,true,2025-09-22
WEB-100183,2025-09-16,C000168,AZ,RW-2984,road,M,carbon,1,3999,true,2025-09-23
WEB-100184,2025-09-16,C000169,FL,RW-2984,road,M,carbon,1,3999,true,2025-09-26
WEB-100188,2025-09-16,C000173,NC,RW-2984,road,M,carbon,1,3999,true,2025-09-25
WEB-100192,2025-09-16,C000177,PA,RW-7298,road,L,base,1,1899,true,2025-09-26
WEB-100194,2025-09-16,C000038,OR,RW-7298,road,L,base,1,1899,true,2025-09-19
WEB-100203,2025-09-16,C000187,CO,RW-7298,road,L,base,1,1899,true,2025-09-25
WEB-100213,2025-09-16,C000197,OR,RW-1378,road,L,carbon,1,3999,true,2025-09-26
WEB-100214,2025-09-16,C000198,NC,RW-1378,road,L,carbon,1,3999,true,2025-09-21
WEB-100227,2025-09-16,C000209,MI,RW-9304,mtb,S,carbon,1,4899,true,2025-09-21
WEB-100228,2025-09-16,C000210,MN,RW-9304,mtb,S,carbon,1,4899,true,2025-09-19
WEB-100230,2025-09-16,C000212,NM,RW-9304,mtb,S,carbon,1,4899,true,2025-09-19
WEB-100243,2025-09-16,C000224,UT,RW-9324,mtb,M,base,1,2299,true,2025-09-25
WEB-100249,2025-09-16,C000230,MA,RW-9324,mtb,M,base,1,2299,true,2025-09-23
WEB-100251,2025-09-16,C000232,GA,RW-9324,mtb,M,base,1,2299,true,2025-09-20
WEB-100252,2025-09-16,C000233,IL,RW-9324,mtb,M,base,1,2299,true,2025-09-22
WEB-100260,2025-09-16,C000240,ID,RW-9324,mtb,M,base,1,2299,true,2025-09-24
WEB-100269,2025-09-16,C000247,AZ,RW-4418,mtb,M,carbon,1,4899,true,2025-09-26
WEB-100276,2025-09-16,C000224,GA,RW-9901,mtb,L,base,1,2299,true,2025-09-21
WEB-100277,2025-09-16,C000254,CA,RW-9901,mtb,L,base,1,2299,true,2025-09-24
WEB-100278,2025-09-16,C000255,MI,RW-9901,mtb,L,base,1,2299,true,2025-09-26
WEB-100279,2025-09-16,C000256,MA,RW-9901,mtb,L,base,1,2299,true,2025-09-24
WEB-100285,2025-09-16,C000262,NY,RW-6416,mtb,L,carbon,1,4899,true,2025-09-19
WEB-100134,2025-09-17,C000124,TX,RW-3980,road,S,carbon,1,3999,true,2025-09-26
WEB-100139,2025-09-17,C000129,WA,RW-3980,road,S,carbon,1,3999,true,2025-09-20
WEB-100144,2025-09-17,C000133,UT,RW-3980,road,S,carbon,1,3999,true,2025-09-24
WEB-100148,2025-09-17,C000137,FL,RW-3980,road,S,carbon,1,3999,true,2025-09-22
WEB-100152,2025-09-17,C000031,FL,RW-9835,road,M,base,1,1899,true,2025-09-27
WEB-100160,2025-09-17,C000146,NC,RW-9835,road,M,base,1,1899,true,2025-09-22
WEB-100169,2025-09-17,C000154,CO,RW-9835,road,M,base,1,1899,true,2025-09-25
WEB-100177,2025-09-17,C000162,MT,RW-2984,road,M,carbon,1,3999,true,2025-09-26
WEB-100179,2025-09-17,C000164,GA,RW-2984,road,M,carbon,1,3999,true,2025-09-22
WEB-100181,2025-09-17,C000166,ID,RW-2984,road,M,carbon,1,3999,true,2025-09-25
WEB-100186,2025-09-17,C000171,MA,RW-2984,road,M,carbon,1,3999,true,2025-09-26
WEB-100189,2025-09-17,C000174,PA,RW-7298,road,L,base,1,1899,true,2025-09-24
WEB-100204,2025-09-17,C000188,MT,RW-7298,road,L,base,1,1899,true,2025-09-22
WEB-100215,2025-09-17,C000199,WA,RW-9304,mtb,S,carbon,1,4899,true,2025-09-24
WEB-100221,2025-09-17,C000204,CO,RW-9304,mtb,S,carbon,1,4899,true,2025-09-21
WEB-100224,2025-09-17,C000207,GA,RW-9304,mtb,S,carbon,1,4899,true,2025-09-22
WEB-100229,2025-09-17,C000211,CO,RW-9304,mtb,S,carbon,1,4899,true,2025-09-20
WEB-100233,2025-09-17,C000215,WA,RW-9304,mtb,S,carbon,1,4899,true,2025-09-24
WEB-100236,2025-09-17,C000106,MI,RW-9304,mtb,S,carbon,1,4899,true,2025-09-26
WEB-100242,2025-09-17,C000223,CA,RW-9324,mtb,M,base,1,2299,true,2025-09-20
WEB-100245,2025-09-17,C000226,FL,RW-9324,mtb,M,base,1,2299,true,2025-09-25
WEB-100253,2025-09-17,C000234,IL,RW-9324,mtb,M,base,1,2299,true,2025-09-23
WEB-100258,2025-09-17,C000239,CO,RW-9324,mtb,M,base,1,2299,true,2025-09-24
WEB-100270,2025-09-17,C000248,MI,RW-4418,mtb,M,carbon,1,4899,true,2025-09-19
WEB-100271,2025-09-17,C000249,VT,RW-4418,mtb,M,carbon,1,4899,true,2025-09-20
WEB-100275,2025-09-17,C000253,OR,RW-9901,mtb,L,base,1,2299,true,2025-09-27
WEB-100284,2025-09-17,C000261,VT,RW-6416,mtb,L,carbon,1,4899,true,2025-09-21
WEB-100138,2025-09-18,C000128,MA,RW-3980,road,S,carbon,1,3999,true,2025-09-24
WEB-100146,2025-09-18,C000135,CO,RW-3980,road,S,carbon,1,3999,true,2025-09-27
WEB-100158,2025-09-18,C000145,NY,RW-9835,road,M,base,1,1899,true,2025-09-24
WEB-100164,2025-09-18,C000149,MN,RW-9835,road,M,base,1,1899,true,2025-09-27
WEB-100176,2025-09-18,C000161,GA,RW-2984,road,M,carbon,1,3999,true,2025-09-25
WEB-100180,2025-09-18,C000165,ID,RW-2984,road,M,carbon,1,3999,true,2025-09-22
WEB-100193,2025-09-18,C000178,FL,RW-7298,road,L,base,1,1899,true,2025-09-26
WEB-100197,2025-09-18,C000181,CA,RW-7298,road,L,base,1,1899,true,2025-09-28
WEB-100198,2025-09-18,C000182,UT,RW-7298,road,L,base,1,1899,true,2025-09-23
WEB-100208,2025-09-18,C000192,IL,RW-1378,road,L,carbon,1,3999,true,2025-09-27
WEB-100220,2025-09-18,C000203,UT,RW-9304,mtb,S,carbon,1,4899,true,2025-09-28
WEB-100235,2025-09-18,C000217,GA,RW-9304,mtb,S,carbon,1,4899,true,2025-09-20
WEB-100238,2025-09-18,C000219,NY,RW-9304,mtb,S,carbon,1,4899,true,2025-09-21
WEB-100239,2025-09-18,C000220,GA,RW-9304,mtb,S,carbon,1,4899,true,2025-09-27
WEB-100254,2025-09-18,C000235,VT,RW-9324,mtb,M,base,1,2299,true,2025-09-23
WEB-100265,2025-09-18,C000137,MA,RW-4418,mtb,M,carbon,1,4899,true,2025-09-20
WEB-100272,2025-09-18,C000250,MN,RW-4418,mtb,M,carbon,1,4899,true,2025-09-24
WEB-100283,2025-09-18,C000260,GA,RW-6416,mtb,L,carbon,1,4899,true,2025-09-26
WEB-100135,2025-09-19,C000125,PA,RW-3980,road,S,carbon,1,3999,true,2025-09-22
WEB-100145,2025-09-19,C000134,UT,RW-3980,road,S,carbon,1,3999,true,2025-09-25
WEB-100163,2025-09-19,C000148,NC,RW-9835,road,M,base,1,1899,true,2025-09-25
WEB-100195,2025-09-19,C000179,MA,RW-7298,road,L,base,1,1899,true,2025-09-22
WEB-100218,2025-09-19,C000201,VT,RW-9304,mtb,S,carbon,1,4899,true,2025-09-23
WEB-100223,2025-09-19,C000206,CO,RW-9304,mtb,S,carbon,1,4899,true,2025-09-23
WEB-100232,2025-09-19,C000214,OR,RW-9304,mtb,S,carbon,1,4899,true,2025-09-27
WEB-100234,2025-09-19,C000216,MT,RW-9304,mtb,S,carbon,1,4899,true,2025-09-23
WEB-100248,2025-09-19,C000229,VT,RW-9324,mtb,M,base,1,2299,true,2025-09-21
WEB-100257,2025-09-19,C000238,AZ,RW-9324,mtb,M,base,1,2299,true,2025-09-22
WEB-100159,2025-09-20,C000030,CA,RW-9835,road,M,base,1,1899,true,2025-09-29
WEB-100161,2025-09-20,C000147,UT,RW-9835,road,M,base,1,1899,true,2025-09-24
WEB-100162,2025-09-20,C000093,CO,RW-9835,road,M,base,1,1899,true,2025-09-30
WEB-100165,2025-09-20,C000150,WA,RW-9835,road,M,base,1,1899,true,2025-09-22
WEB-100172,2025-09-20,C000157,MN,RW-2984,road,M,carbon,1,3999,true,2025-09-26
WEB-100173,2025-09-20,C000158,CA,RW-2984,road,M,carbon,1,3999,true,2025-09-28
WEB-100175,2025-09-20,C000160,GA,RW-2984,road,M,carbon,1,3999,true,2025-09-25
WEB-100187,2025-09-20,C000172,CO,RW-2984,road,M,carbon,1,3999,true,2025-09-25
WEB-100190,2025-09-20,C000175,IL,RW-7298,road,L,base,1,1899,true,2025-09-29
WEB-100199,2025-09-20,C000183,NM,RW-7298,road,L,base,1,1899,true,2025-09-28
WEB-100205,2025-09-20,C000189,FL,RW-1378,road,L,carbon,1,3999,true,2025-09-22
WEB-100206,2025-09-20,C000190,FL,RW-1378,road,L,carbon,1,3999,true,2025-09-23
WEB-100207,2025-09-20,C000191,CA,RW-1378,road,L,carbon,1,3999,true,2025-09-22
WEB-100226,2025-09-20,C000101,GA,RW-9304,mtb,S,carbon,1,4899,true,2025-09-22
WEB-100240,2025-09-20,C000221,MN,RW-9304,mtb,S,carbon,1,4899,true,2025-09-30
WEB-100246,2025-09-20,C000227,VT,RW-9324,mtb,M,base,1,2299,true,2025-09-28
WEB-100247,2025-09-20,C000228,UT,RW-9324,mtb,M,base,1,2299,true,2025-09-28
WEB-100256,2025-09-20,C000237,NY,RW-9324,mtb,M,base,1,2299,true,2025-09-27
WEB-100259,2025-09-20,C000226,NC,RW-9324,mtb,M,base,1,2299,true,2025-09-30
WEB-100264,2025-09-20,C000244,MN,RW-4418,mtb,M,carbon,1,4899,true,2025-09-25
WEB-100267,2025-09-20,C000027,OR,RW-4418,mtb,M,carbon,1,4899,true,2025-09-23
WEB-100280,2025-09-20,C000257,NY,RW-6416,mtb,L,carbon,1,4899,true,2025-09-24
WEB-100281,2025-09-20,C000258,OR,RW-6416,mtb,L,carbon,1,4899,true,2025-09-25
WEB-100282,2025-09-20,C000259,CA,RW-6416,mtb,L,carbon,1,4899,true,2025-09-30
WEB-100141,2025-09-21,C000130,CO,RW-3980,road,S,carbon,1,3999,true,2025-10-01
WEB-100143,2025-09-21,C000132,NC,RW-3980,road,S,carbon,1,3999,true,2025-09-27
WEB-100151,2025-09-21,C000052,MT,RW-3980,road,S,carbon,1,3999,true,2025-09-30
WEB-100153,2025-09-21,C000140,TX,RW-9835,road,M,base,1,1899,true,2025-09-29
WEB-100166,2025-09-21,C000151,VT,RW-9835,road,M,base,1,1899,true,2025-09-25
WEB-100171,2025-09-21,C000156,MT,RW-9835,road,M,base,1,1899,true,2025-09-28
WEB-100174,2025-09-21,C000159,CA,RW-2984,road,M,carbon,1,3999,true,2025-09-23
WEB-100185,2025-09-21,C000170,NY,RW-2984,road,M,carbon,1,3999,true,2025-09-23
WEB-100196,2025-09-21,C000180,FL,RW-7298,road,L,base,1,1899,true,2025-09-29
WEB-100202,2025-09-21,C000186,MA,RW-7298,road,L,base,1,1899,true,2025-09-29
WEB-100209,2025-09-21,C000193,NY,RW-1378,road,L,carbon,1,3999,true,2025-09-25
WEB-100210,2025-09-21,C000194,PA,RW-1378,road,L,carbon,1,3999,true,2025-09-28
WEB-100211,2025-09-21,C000195,CO,RW-1378,road,L,carbon,1,3999,true,2025-09-29
WEB-100212,2025-09-21,C000196,ID,RW-1378,road,L,carbon,1,3999,true,2025-09-28
WEB-100217,2025-09-21,C000200,CO,RW-9304,mtb,S,carbon,1,4899,true,2025-09-25
WEB-100222,2025-09-21,C000205,IL,RW-9304,mtb,S,carbon,1,4899,true,2025-09-30
WEB-100225,2025-09-21,C000208,MT,RW-9304,mtb,S,carbon,1,4899,true,2025-09-26
WEB-100231,2025-09-21,C000213,UT,RW-9304,mtb,S,carbon,1,4899,true,2025-09-27
WEB-100244,2025-09-21,C000225,OR,RW-9324,mtb,M,base,1,2299,true,2025-10-01
WEB-100250,2025-09-21,C000231,WA,RW-9324,mtb,M,base,1,2299,true,2025-09-28
WEB-100261,2025-09-21,C000241,CO,RW-9324,mtb,M,base,1,2299,true,2025-09-29
WEB-100262,2025-09-21,C000242,NY,RW-4418,mtb,M,carbon,1,4899,true,2025-09-26
WEB-100266,2025-09-21,C000245,CA,RW-4418,mtb,M,carbon,1,4899,true,2025-10-01
WEB-100268,2025-09-21,C000246,WA,RW-4418,mtb,M,carbon,1,4899,true,2025-09-28
WEB-100273,2025-09-21,C000251,WA,RW-9901,mtb,L,base,1,2299,true,2025-10-01
WEB-100274,2025-09-21,C000252,GA,RW-9901,mtb,L,base,1,2299,true,2025-09-24
WEB-100286,2025-09-22,C000263,IL,RW-3980,road,S,carbon,1,3999,true,2025-09-27
WEB-100302,2025-09-22,C000279,WA,RW-3980,road,S,carbon,1,3999,true,2025-09-28
WEB-100326,2025-09-22,C000302,MT,RW-2984,road,M,carbon,1,3999,true,2025-09-28
WEB-100328,2025-09-22,C000304,MT,RW-2984,road,M,carbon,1,3999,true,2025-09-26
WEB-100331,2025-09-22,C000307,TX,RW-2984,road,M,carbon,1,3999,true,2025-09-26
WEB-100332,2025-09-22,C000308,IL,RW-2984,road,M,carbon,1,3999,true,2025-10-01
WEB-100336,2025-09-22,C000312,CO,RW-2984,road,M,carbon,1,3999,true,2025-09-25
WEB-100343,2025-09-22,C000318,NM,RW-7298,road,L,base,1,1899,true,2025-09-30
WEB-100346,2025-09-22,C000321,PA,RW-7298,road,L,base,1,1899,true,2025-09-28
WEB-100361,2025-09-22,C000335,MN,RW-1378,road,L,carbon,1,3999,true,2025-10-01
WEB-100368,2025-09-22,C000342,TX,RW-9304,mtb,S,carbon,1,4899,true,2025-09-28
WEB-100370,2025-09-22,C000095,PA,RW-9304,mtb,S,carbon,1,4899,true,2025-09-25
WEB-100380,2025-09-22,C000353,PA,RW-9304,mtb,S,carbon,1,4899,true,2025-09-27
WEB-100383,2025-09-22,C000356,GA,RW-9324,mtb,M,base,1,2299,true,2025-10-02
WEB-100390,2025-09-22,C000363,MT,RW-9324,mtb,M,base,1,2299,true,2025-09-30
WEB-100391,2025-09-22,C000364,VT,RW-9324,mtb,M,base,1,2299,true,2025-09-29
WEB-100392,2025-09-22,C000365,NC,RW-9324,mtb,M,base,1,2299,true,2025-10-01
WEB-100403,2025-09-22,C000003,UT,RW-4418,mtb,M,carbon,1,4899,true,2025-09-28
WEB-100407,2025-09-22,C000378,TX,RW-4418,mtb,M,carbon,1,4899,true,2025-10-01
WEB-100408,2025-09-22,C000379,CA,RW-4418,mtb,M,carbon,1,4899,true,2025-09-27
WEB-100409,2025-09-22,C000380,NC,RW-4418,mtb,M,carbon,1,4899,true,2025-09-30
WEB-100296,2025-09-23,C000273,MI,RW-3980,road,S,carbon,1,3999,true,2025-09-28
WEB-100297,2025-09-23,C000274,GA,RW-3980,road,S,carbon,1,3999,true,2025-10-03
WEB-100301,2025-09-23,C000278,OR,RW-3980,road,S,carbon,1,3999,true,2025-10-03
WEB-100305,2025-09-23,C000282,OR,RW-3980,road,S,carbon,1,3999,true,2025-10-01
WEB-100311,2025-09-23,C000288,UT,RW-9835,road,M,base,1,1899,true,2025-10-03
WEB-100312,2025-09-23,C000289,MI,RW-9835,road,M,base,1,1899,true,2025-10-01
WEB-100321,2025-09-23,C000297,NY,RW-9835,road,M,base,1,1899,true,2025-09-30
WEB-100340,2025-09-23,C000315,FL,RW-2984,road,M,carbon,1,3999,true,2025-09-25
WEB-100347,2025-09-23,C000322,FL,RW-7298,road,L,base,1,1899,true,2025-09-29
WEB-100355,2025-09-23,C000330,TX,RW-7298,road,L,base,1,1899,true,2025-09-26
WEB-100358,2025-09-23,C000333,MT,RW-1378,road,L,carbon,1,3999,true,2025-10-01
WEB-100373,2025-09-23,C000346,MI,RW-9304,mtb,S,carbon,1,4899,true,2025-10-01
WEB-100374,2025-09-23,C000347,GA,RW-9304,mtb,S,carbon,1,4899,true,2025-09-29
WEB-100375,2025-09-23,C000348,NC,RW-9304,mtb,S,carbon,1,4899,true,2025-09-28
WEB-100385,2025-09-23,C000358,MA,RW-9324,mtb,M,base,1,2299,true,2025-10-03
WEB-100399,2025-09-23,C000372,VT,RW-9324,mtb,M,base,1,2299,true,2025-10-03
WEB-100400,2025-09-23,C000276,NC,RW-9324,mtb,M,base,1,2299,true,2025-10-03
WEB-100412,2025-09-23,C000383,MA,RW-4418,mtb,M,carbon,1,4899,true,2025-09-25
WEB-100416,2025-09-23,C000387,MT,RW-9901,mtb,L,base,1,2299,true,2025-10-03
WEB-100418,2025-09-23,C000389,CA,RW-9901,mtb,L,base,1,2299,true,2025-10-03
WEB-100429,2025-09-23,C000400,VT,RW-6416,mtb,L,carbon,1,4899,true,2025-09-27
WEB-100287,2025-09-24,C000264,UT,RW-3980,road,S,carbon,1,3999,true,2025-10-04
WEB-100293,2025-09-24,C000270,ID,RW-3980,road,S,carbon,1,3999,true,2025-10-04
WEB-100303,2025-09-24,C000280,CO,RW-3980,road,S,carbon,1,3999,true,2025-09-28
WEB-100314,2025-09-24,C000203,IL,RW-9835,road,M,base,1,1899,true,2025-09-26
WEB-100316,2025-09-24,C000292,FL,RW-9835,road,M,base,1,1899,true,2025-09-26
WEB-100323,2025-09-24,C000299,UT,RW-2984,road,M,carbon,1,3999,true,2025-09-26
WEB-100325,2025-09-24,C000301,NY,RW-2984,road,M,carbon,1,3999,true,2025-09-28
WEB-100334,2025-09-24,C000310,CO,RW-2984,road,M,carbon,1,3999,true,2025-10-03
WEB-100349,2025-09-24,C000324,WA,RW-7298,road,L,base,1,1899,true,2025-10-04
WEB-100353,2025-09-24,C000328,NC,RW-7298,road,L,base,1,1899,true,2025-09-29
WEB-100354,2025-09-24,C000329,FL,RW-7298,road,L,base,1,1899,true,2025-09-27
WEB-100359,2025-09-24,C000334,MT,RW-1378,road,L,carbon,1,3999,true,2025-10-01
WEB-100363,2025-09-24,C000337,TX,RW-1378,road,L,carbon,1,3999,true,2025-09-30
WEB-100367,2025-09-24,C000341,MN,RW-9304,mtb,S,carbon,1,4899,true,2025-10-03
WEB-100369,2025-09-24,C000343,VT,RW-9304,mtb,S,carbon,1,4899,true,2025-10-03
WEB-100376,2025-09-24,C000349,CA,RW-9304,mtb,S,carbon,1,4899,true,2025-10-03
WEB-100378,2025-09-24,C000351,IL,RW-9304,mtb,S,carbon,1,4899,true,2025-10-02
WEB-100384,2025-09-24,C000357,MN,RW-9324,mtb,M,base,1,2299,true,2025-10-04
WEB-100388,2025-09-24,C000361,MI,RW-9324,mtb,M,base,1,2299,true,2025-10-04
WEB-100393,2025-09-24,C000366,UT,RW-9324,mtb,M,base,1,2299,true,2025-09-30
WEB-100396,2025-09-24,C000369,IL,RW-9324,mtb,M,base,1,2299,true,2025-09-26
WEB-100401,2025-09-24,C000373,IL,RW-9324,mtb,M,base,1,2299,true,2025-10-02
WEB-100402,2025-09-24,C000374,TX,RW-4418,mtb,M,carbon,1,4899,true,2025-09-27
WEB-100410,2025-09-24,C000381,FL,RW-4418,mtb,M,carbon,1,4899,true,2025-09-30
WEB-100413,2025-09-24,C000384,UT,RW-9901,mtb,L,base,1,2299,true,2025-10-04
WEB-100417,2025-09-24,C000388,PA,RW-9901,mtb,L,base,1,2299,true,2025-09-28
WEB-100420,2025-09-24,C000391,VT,RW-9901,mtb,L,base,1,2299,true,2025-09-28
WEB-100423,2025-09-24,C000394,OR,RW-9901,mtb,L,base,1,2299,true,2025-09-30
WEB-100428,2025-09-24,C000399,ID,RW-6416,mtb,L,carbon,1,4899,true,2025-09-27
WEB-100289,2025-09-25,C000266,MA,RW-3980,road,S,carbon,1,3999,true,2025-09-30
WEB-100290,2025-09-25,C000267,TX,RW-3980,road,S,carbon,1,3999,true,2025-10-01
WEB-100292,2025-09-25,C000269,NC,RW-3980,road,S,carbon,1,3999,true,2025-10-03
WEB-100299,2025-09-25,C000276,TX,RW-3980,road,S,carbon,1,3999,true,2025-10-03
WEB-100310,2025-09-25,C000287,CO,RW-9835,road,M,base,1,1899,true,2025-09-29
WEB-100317,2025-09-25,C000293,NM,RW-9835,road,M,base,1,1899,true,2025-10-03
WEB-100320,2025-09-25,C000296,AZ,RW-9835,road,M,base,1,1899,true,2025-10-02
WEB-100329,2025-09-25,C000305,MT,RW-2984,road,M,carbon,1,3999,true,2025-10-02
WEB-100330,2025-09-25,C000306,AZ,RW-2984,road,M,carbon,1,3999,true,2025-09-27
WEB-100337,2025-09-25,C000313,CO,RW-2984,road,M,carbon,1,3999,true,2025-09-30
WEB-100351,2025-09-25,C000326,MA,RW-7298,road,L,base,1,1899,true,2025-10-04
WEB-100360,2025-09-25,C000038,GA,RW-1378,road,L,carbon,1,3999,true,2025-10-04
WEB-100395,2025-09-25,C000368,FL,RW-9324,mtb,M,base,1,2299,true,2025-10-01
WEB-100398,2025-09-25,C000371,MT,RW-9324,mtb,M,base,1,2299,true,2025-10-01
WEB-100411,2025-09-25,C000382,MA,RW-4418,mtb,M,carbon,1,4899,true,2025-09-27
WEB-100422,2025-09-25,C000393,OR,RW-9901,mtb,L,base,1,2299,true,2025-10-02
WEB-100288,2025-09-26,C000265,AZ,RW-3980,road,S,carbon,1,3999,true,2025-10-04
WEB-100291,2025-09-26,C000268,MA,RW-3980,road,S,carbon,1,3999,true,2025-10-04
WEB-100294,2025-09-26,C000271,FL,RW-3980,road,S,carbon,1,3999,true,2025-09-29
WEB-100295,2025-09-26,C000272,NY,RW-3980,road,S,carbon,1,3999,true,2025-10-02
WEB-100300,2025-09-26,C000277,GA,RW-3980,road,S,carbon,1,3999,true,2025-09-28
WEB-100307,2025-09-26,C000284,MT,RW-9835,road,M,base,1,1899,true,2025-10-06
WEB-100308,2025-09-26,C000285,MI,RW-9835,road,M,base,1,1899,true,2025-09-28
WEB-100313,2025-09-26,C000290,NY,RW-9835,road,M,base,1,1899,true,2025-10-06
WEB-100315,2025-09-26,C000291,GA,RW-9835,road,M,base,1,1899,true,2025-09-29
WEB-100319,2025-09-26,C000295,WA,RW-9835,road,M,base,1,1899,true,2025-09-28
WEB-100322,2025-09-26,C000298,OR,RW-9835,road,M,base,1,1899,true,2025-10-04
WEB-100335,2025-09-26,C000311,ID,RW-2984,road,M,carbon,1,3999,true,2025-10-01
WEB-100338,2025-09-26,C000314,WA,RW-2984,road,M,carbon,1,3999,true,2025-10-04
WEB-100339,2025-09-26,C000177,PA,RW-2984,road,M,carbon,1,3999,true,2025-10-01
WEB-100342,2025-09-26,C000317,CA,RW-7298,road,L,base,1,1899,true,2025-10-06
WEB-100352,2025-09-26,C000327,GA,RW-7298,road,L,base,1,1899,true,2025-10-03
WEB-100357,2025-09-26,C000332,TX,RW-7298,road,L,base,1,1899,true,2025-09-29
WEB-100371,2025-09-26,C000344,MT,RW-9304,mtb,S,carbon,1,4899,true,2025-10-02
WEB-100419,2025-09-26,C000390,WA,RW-9901,mtb,L,base,1,2299,true,2025-09-28
WEB-100424,2025-09-26,C000395,OR,RW-9901,mtb,L,base,1,2299,true,2025-10-01
WEB-100425,2025-09-26,C000396,MA,RW-9901,mtb,L,base,1,2299,true,2025-09-30
WEB-100298,2025-09-27,C000275,NM,RW-3980,road,S,carbon,1,3999,true,2025-10-07
WEB-100309,2025-09-27,C000286,TX,RW-9835,road,M,base,1,1899,true,2025-10-06
WEB-100324,2025-09-27,C000300,ID,RW-2984,road,M,carbon,1,3999,true,2025-10-01
WEB-100344,2025-09-27,C000319,FL,RW-7298,road,L,base,1,1899,true,2025-10-03
WEB-100345,2025-09-27,C000320,NC,RW-7298,road,L,base,1,1899,true,2025-09-29
WEB-100350,2025-09-27,C000325,FL,RW-7298,road,L,base,1,1899,true,2025-10-06
WEB-100356,2025-09-27,C000331,AZ,RW-7298,road,L,base,1,1899,true,2025-10-03
WEB-100362,2025-09-27,C000336,PA,RW-1378,road,L,carbon,1,3999,true,2025-09-29
WEB-100365,2025-09-27,C000339,UT,RW-9304,mtb,S,carbon,1,4899,true,2025-10-04
WEB-100366,2025-09-27,C000340,MN,RW-9304,mtb,S,carbon,1,4899,true,2025-10-01
WEB-100377,2025-09-27,C000350,MT,RW-9304,mtb,S,carbon,1,4899,true,2025-09-29
WEB-100379,2025-09-27,C000352,NM,RW-9304,mtb,S,carbon,1,4899,true,2025-10-04
WEB-100381,2025-09-27,C000354,TX,RW-9304,mtb,S,carbon,1,4899,true,2025-10-05
WEB-100382,2025-09-27,C000355,AZ,RW-9324,mtb,M,base,1,2299,true,2025-10-01
WEB-100386,2025-09-27,C000359,FL,RW-9324,mtb,M,base,1,2299,true,2025-10-06
WEB-100387,2025-09-27,C000360,OR,RW-9324,mtb,M,base,1,2299,true,2025-10-02
WEB-100389,2025-09-27,C000362,MA,RW-9324,mtb,M,base,1,2299,true,2025-10-03
WEB-100414,2025-09-27,C000385,MA,RW-9901,mtb,L,base,1,2299,true,2025-10-04
WEB-100430,2025-09-27,C000401,CA,RW-6416,mtb,L,carbon,1,4899,true,2025-10-04
WEB-100431,2025-09-27,C000402,MI,RW-6416,mtb,L,carbon,1,4899,true,2025-10-07
WEB-100304,2025-09-28,C000281,TX,RW-3980,road,S,carbon,1,3999,true,2025-10-03
WEB-100306,2025-09-28,C000283,ID,RW-9835,road,M,base,1,1899,true,2025-10-03
WEB-100318,2025-09-28,C000294,FL,RW-9835,road,M,base,1,1899,true,2025-10-07
WEB-100327,2025-09-28,C000303,CO,RW-2984,road,M,carbon,1,3999,true,2025-10-04
WEB-100333,2025-09-28,C000309,WA,RW-2984,road,M,carbon,1,3999,true,2025-10-08
WEB-100341,2025-09-28,C000316,CO,RW-2984,road,M,carbon,1,3999,true,2025-09-30
WEB-100348,2025-09-28,C000323,VT,RW-7298,road,L,base,1,1899,true,2025-09-30
WEB-100364,2025-09-28,C000338,CO,RW-9304,mtb,S,carbon,1,4899,true,2025-10-02
WEB-100372,2025-09-28,C000345,GA,RW-9304,mtb,S,carbon,1,4899,true,2025-10-01
WEB-100394,2025-09-28,C000367,NM,RW-9324,mtb,M,base,1,2299,true,2025-10-05
WEB-100397,2025-09-28,C000370,FL,RW-9324,mtb,M,base,1,2299,true,2025-10-04
WEB-100404,2025-09-28,C000375,FL,RW-4418,mtb,M,carbon,1,4899,true,2025-10-07
WEB-100405,2025-09-28,C000376,NM,RW-4418,mtb,M,carbon,1,4899,true,2025-10-05
WEB-100406,2025-09-28,C000377,OR,RW-4418,mtb,M,carbon,1,4899,true,2025-10-06
WEB-100415,2025-09-28,C000386,VT,RW-9901,mtb,L,base,1,2299,true,2025-10-02
WEB-100421,2025-09-28,C000392,TX,RW-9901,mtb,L,base,1,2299,true,2025-10-08
WEB-100426,2025-09-28,C000397,CO,RW-9901,mtb,L,base,1,2299,true,2025-10-08
WEB-100427,2025-09-28,C000398,GA,RW-6416,mtb,L,carbon,1,4899,true,2025-10-05
WEB-100432,2025-09-29,C000254,WA,RW-3980,road,S,carbon,1,3999,true,2025-10-05
WEB-100459,2025-09-29,C000428,UT,RW-9835,road,M,base,1,1899,true,2025-10-01
WEB-100463,2025-09-29,C000172,TX,RW-9835,road,M,base,1,1899,true,2025-10-01
WEB-100487,2025-09-29,C000455,NY,RW-7298,road,L,base,1,1899,true,2025-10-05
WEB-100493,2025-09-29,C000461,GA,RW-1378,road,L,carbon,1,3999,true,2025-10-01
WEB-100494,2025-09-29,C000462,NY,RW-1378,road,L,carbon,1,3999,true,2025-10-07
WEB-100511,2025-09-29,C000476,TX,RW-9304,mtb,S,carbon,1,4899,true,2025-10-04
WEB-100514,2025-09-29,C000478,VT,RW-9324,mtb,M,base,1,2299,true,2025-10-04
WEB-100521,2025-09-29,C000484,WA,RW-9324,mtb,M,base,1,2299,true,2025-10-05
WEB-100526,2025-09-29,C000489,WA,RW-9324,mtb,M,base,1,2299,true,2025-10-09
WEB-100528,2025-09-29,C000054,PA,RW-9324,mtb,M,base,1,2299,true,2025-10-07
WEB-100533,2025-09-29,C000019,AZ,RW-9324,mtb,M,base,1,2299,true,2025-10-09
WEB-100551,2025-09-29,C000512,MI,RW-9901,mtb,L,base,1,2299,true,2025-10-08
WEB-100434,2025-09-30,C000404,NY,RW-3980,road,S,carbon,1,3999,true,2025-10-07
WEB-100438,2025-09-30,C000408,VT,RW-3980,road,S,carbon,1,3999,true,2025-10-05
WEB-100439,2025-09-30,C000409,OR,RW-3980,road,S,carbon,1,3999,true,2025-10-10
WEB-100442,2025-09-30,C000412,GA,RW-3980,road,S,carbon,1,3999,true,2025-10-02
WEB-100465,2025-09-30,C000433,VT,RW-9835,road,M,base,1,1899,true,2025-10-07
WEB-100470,2025-09-30,C000438,ID,RW-2984,road,M,carbon,1,3999,true,2025-10-07
WEB-100474,2025-09-30,C000442,OR,RW-2984,road,M,carbon,1,3999,true,2025-10-06
WEB-100476,2025-09-30,C000444,CA,RW-2984,road,M,carbon,1,3999,true,2025-10-10
WEB-100484,2025-09-30,C000452,AZ,RW-7298,road,L,base,1,1899,true,2025-10-10
WEB-100500,2025-09-30,C000468,NY,RW-1378,road,L,carbon,1,3999,true,2025-10-02
WEB-100505,2025-09-30,C000471,MN,RW-9304,mtb,S,carbon,1,4899,true,2025-10-03
WEB-100506,2025-09-30,C000472,IL,RW-9304,mtb,S,carbon,1,4899,true,2025-10-07
WEB-100508,2025-09-30,C000474,CA,RW-9304,mtb,S,carbon,1,4899,true,2025-10-04
WEB-100510,2025-09-30,C000182,MN,RW-9304,mtb,S,carbon,1,4899,true,2025-10-03
WEB-100518,2025-09-30,C000482,VT,RW-9324,mtb,M,base,1,2299,true,2025-10-03
WEB-100520,2025-09-30,C000353,CA,RW-9324,mtb,M,base,1,2299,true,2025-10-06
WEB-100536,2025-09-30,C000497,FL,RW-4418,mtb,M,carbon,1,4899,true,2025-10-09
WEB-100537,2025-09-30,C000498,AZ,RW-4418,mtb,M,carbon,1,4899,true,2025-10-02
WEB-100539,2025-09-30,C000500,NC,RW-4418,mtb,M,carbon,1,4899,true,2025-10-07
WEB-100545,2025-09-30,C000506,FL,RW-9901,mtb,L,base,1,2299,true,2025-10-09
WEB-100554,2025-09-30,C000514,TX,RW-6416,mtb,L,carbon,1,4899,true,2025-10-09
WEB-100555,2025-09-30,C000515,MT,RW-6416,mtb,L,carbon,1,4899,true,2025-10-08
WEB-100433,2025-10-01,C000403,TX,RW-3980,road,S,carbon,1,3999,true,2025-10-09
WEB-100437,2025-10-01,C000407,UT,RW-3980,road,S,carbon,1,3999,true,2025-10-09
WEB-100449,2025-10-01,C000418,MI,RW-9835,road,M,base,1,1899,true,2025-10-06
WEB-100451,2025-10-01,C000420,ID,RW-9835,road,M,base,1,1899,true,2025-10-05
WEB-100454,2025-10-01,C000423,NY,RW-9835,road,M,base,1,1899,true,2025-10-04
WEB-100461,2025-10-01,C000430,MN,RW-9835,road,M,base,1,1899,true,2025-10-04
WEB-100462,2025-10-01,C000431,MN,RW-9835,road,M,base,1,1899,true,2025-10-06
WEB-100464,2025-10-01,C000432,NM,RW-9835,road,M,base,1,1899,true,2025-10-07
WEB-100467,2025-10-01,C000435,MN,RW-9835,road,M,base,1,1899,true,2025-10-09
WEB-100472,2025-10-01,C000440,AZ,RW-2984,road,M,carbon,1,3999,true,2025-10-09
WEB-100473,2025-10-01,C000441,TX,RW-2984,road,M,carbon,1,3999,true,2025-10-09
WEB-100478,2025-10-01,C000446,MA,RW-2984,road,M,carbon,1,3999,true,2025-10-09
WEB-100479,2025-10-01,C000447,MN,RW-2984,road,M,carbon,1,3999,true,2025-10-05
WEB-100481,2025-10-01,C000449,MA,RW-7298,road,L,base,1,1899,true,2025-10-03
WEB-100482,2025-10-01,C000450,MT,RW-7298,road,L,base,1,1899,true,2025-10-08
WEB-100502,2025-10-01,C000470,IL,RW-9304,mtb,S,carbon,1,4899,true,2025-10-03
WEB-100512,2025-10-01,C000477,ID,RW-9304,mtb,S,carbon,1,4899,true,2025-10-06
WEB-100516,2025-10-01,C000480,WA,RW-9324,mtb,M,base,1,2299,true,2025-10-03
WEB-100525,2025-10-01,C000488,IL,RW-9324,mtb,M,base,1,2299,true,2025-10-06
WEB-100531,2025-10-01,C000493,OR,RW-9324,mtb,M,base,1,2299,true,2025-10-06
WEB-100535,2025-10-01,C000496,UT,RW-9324,mtb,M,base,1,2299,true,2025-10-04
WEB-100543,2025-10-01,C000504,TX,RW-9901,mtb,L,base,1,2299,true,2025-10-03
WEB-100553,2025-10-01,C000425,AZ,RW-6416,mtb,L,carbon,1,4899,true,2025-10-08
WEB-100557,2025-10-01,C000516,PA,RW-6416,mtb,L,carbon,1,4899,true,2025-10-07
WEB-100441,2025-10-02,C000411,MN,RW-3980,road,S,carbon,1,3999,true,2025-10-11
WEB-100445,2025-10-02,C000414,AZ,RW-3980,road,S,carbon,1,3999,true,2025-10-04
WEB-100447,2025-10-02,C000416,MT,RW-3980,road,S,carbon,1,3999,true,2025-10-04
WEB-100452,2025-10-02,C000421,IL,RW-9835,road,M,base,1,1899,true,2025-10-04
WEB-100458,2025-10-02,C000427,OR,RW-9835,road,M,base,1,1899,true,2025-10-10
WEB-100468,2025-10-02,C000436,MI,RW-9835,road,M,base,1,1899,true,2025-10-04
WEB-100475,2025-10-02,C000443,UT,RW-2984,road,M,carbon,1,3999,true,2025-10-08
WEB-100483,2025-10-02,C000451,NC,RW-7298,road,L,base,1,1899,true,2025-10-09
WEB-100485,2025-10-02,C000453,NY,RW-7298,road,L,base,1,1899,true,2025-10-12
WEB-100497,2025-10-02,C000465,FL,RW-1378,road,L,carbon,1,3999,true,2025-10-08
WEB-100499,2025-10-02,C000467,AZ,RW-1378,road,L,carbon,1,3999,true,2025-10-07
WEB-100503,2025-10-02,C000182,MT,RW-9304,mtb,S,carbon,1,4899,true,2025-10-12
WEB-100519,2025-10-02,C000483,IL,RW-9324,mtb,M,base,1,2299,true,2025-10-10
WEB-100534,2025-10-02,C000495,MA,RW-9324,mtb,M,base,1,2299,true,2025-10-09
WEB-100546,2025-10-02,C000507,MI,RW-9901,mtb,L,base,1,2299,true,2025-10-11
WEB-100548,2025-10-02,C000509,TX,RW-9901,mtb,L,base,1,2299,true,2025-10-06
WEB-100550,2025-10-02,C000511,IL,RW-9901,mtb,L,base,1,2299,true,2025-10-06
WEB-100558,2025-10-02,C000517,TX,RW-6416,mtb,L,carbon,1,4899,true,2025-10-05
WEB-100435,2025-10-03,C000405,IL,RW-3980,road,S,carbon,1,3999,true,2025-10-07
WEB-100436,2025-10-03,C000406,WA,RW-3980,road,S,carbon,1,3999,true,2025-10-05
WEB-100440,2025-10-03,C000410,NM,RW-3980,road,S,carbon,1,3999,true,2025-10-06
WEB-100448,2025-10-03,C000417,MT,RW-9835,road,M,base,1,1899,true,2025-10-08
WEB-100455,2025-10-03,C000424,GA,RW-9835,road,M,base,1,1899,true,2025-10-07
WEB-100457,2025-10-03,C000426,ID,RW-9835,road,M,base,1,1899,true,2025-10-11
WEB-100466,2025-10-03,C000434,MN,RW-9835,road,M,base,1,1899,true,2025-10-05
WEB-100477,2025-10-03,C000445,UT,RW-2984,road,M,carbon,1,3999,true,2025-10-09
WEB-100490,2025-10-03,C000458,MA,RW-1378,road,L,carbon,1,3999,true,2025-10-08
WEB-100491,2025-10-03,C000459,MI,RW-1378,road,L,carbon,1,3999,true,2025-10-08
WEB-100492,2025-10-03,C000460,ID,RW-1378,road,L,carbon,1,3999,true,2025-10-07
WEB-100504,2025-10-03,C000282,MA,RW-9304,mtb,S,carbon,1,4899,true,2025-10-08
WEB-100509,2025-10-03,C000475,PA,RW-9304,mtb,S,carbon,1,4899,true,2025-10-08
WEB-100517,2025-10-03,C000481,VT,RW-9324,mtb,M,base,1,2299,true,2025-10-13
WEB-100540,2025-10-03,C000501,NY,RW-4418,mtb,M,carbon,1,4899,true,2025-10-11
WEB-100541,2025-10-03,C000502,GA,RW-4418,mtb,M,carbon,1,4899,true,2025-10-12
WEB-100552,2025-10-03,C000513,OR,RW-9901,mtb,L,base,1,2299,true,2025-10-07
WEB-100456,2025-10-04,C000425,TX,RW-9835,road,M,base,1,1899,true,2025-10-14
WEB-100469,2025-10-04,C000437,NM,RW-2984,road,M,carbon,1,3999,true,2025-10-06
WEB-100471,2025-10-04,C000439,NC,RW-2984,road,M,carbon,1,3999,true,2025-10-06
WEB-100480,2025-10-04,C000448,NC,RW-7298,road,L,base,1,1899,true,2025-10-12
WEB-100495,2025-10-04,C000463,IL,RW-1378,road,L,carbon,1,3999,true,2025-10-11
WEB-100501,2025-10-04,C000469,TX,RW-1378,road,L,carbon,1,3999,true,2025-10-07
WEB-100513,2025-10-04,C000443,UT,RW-9324,mtb,M,base,1,2299,true,2025-10-14
WEB-100515,2025-10-04,C000479,FL,RW-9324,mtb,M,base,1,2299,true,2025-10-12
WEB-100529,2025-10-04,C000491,NY,RW-9324,mtb,M,base,1,2299,true,2025-10-10
WEB-100532,2025-10-04,C000494,ID,RW-9324,mtb,M,base,1,2299,true,2025-10-11
WEB-100538,2025-10-04,C000499,NM,RW-4418,mtb,M,carbon,1,4899,true,2025-10-08
WEB-100542,2025-10-04,C000503,AZ,RW-4418,mtb,M,carbon,1,4899,true,2025-10-08
WEB-100544,2025-10-04,C000505,VT,RW-9901,mtb,L,base,1,2299,true,2025-10-10
WEB-100547,2025-10-04,C000508,CO,RW-9901,mtb,L,base,1,2299,true,2025-10-14
WEB-100443,2025-10-05,C000413,NY,RW-3980,road,S,carbon,1,3999,true,2025-10-11
WEB-100444,2025-10-05,C000133,WA,RW-3980,road,S,carbon,1,3999,true,2025-10-08
WEB-100446,2025-10-05,C000415,NY,RW-3980,road,S,carbon,1,3999,true,2025-10-10
WEB-100450,2025-10-05,C000419,WA,RW-9835,road,M,base,1,1899,true,2025-10-14
WEB-100453,2025-10-05,C000422,ID,RW-9835,road,M,base,1,1899,true,2025-10-10
WEB-100460,2025-10-05,C000429,FL,RW-9835,road,M,base,1,1899,true,2025-10-08
WEB-100486,2025-10-05,C000454,VT,RW-7298,road,L,base,1,1899,true,2025-10-12
WEB-100488,2025-10-05,C000456,NY,RW-7298,road,L,base,1,1899,true,2025-10-15
WEB-100489,2025-10-05,C000457,MA,RW-7298,road,L,base,1,1899,true,2025-10-14
WEB-100496,2025-10-05,C000464,IL,RW-1378,road,L,carbon,1,3999,true,2025-10-07
WEB-100498,2025-10-05,C000466,UT,RW-1378,road,L,carbon,1,3999,true,2025-10-15
WEB-100507,2025-10-05,C000473,GA,RW-9304,mtb,S,carbon,1,4899,true,2025-10-11
WEB-100522,2025-10-05,C000485,NC,RW-9324,mtb,M,base,1,2299,true,2025-10-15
WEB-100523,2025-10-05,C000486,NY,RW-9324,mtb,M,base,1,2299,true,2025-10-07
WEB-100524,2025-10-05,C000487,MI,RW-9324,mtb,M,base,1,2299,true,2025-10-09
WEB-100527,2025-10-05,C000490,ID,RW-9324,mtb,M,base,1,2299,true,2025-10-13
WEB-100530,2025-10-05,C000492,CA,RW-9324,mtb,M,base,1,2299,true,2025-10-08
WEB-100549,2025-10-05,C000510,CA,RW-9901,mtb,L,base,1,2299,true,2025-10-13
WEB-100556,2025-10-05,C000264,AZ,RW-6416,mtb,L,carbon,1,4899,true,2025-10-08
WEB-100563,2025-10-06,C000522,MN,RW-3980,road,S,carbon,1,3999,true,2025-10-14
WEB-100566,2025-10-06,C000525,MT,RW-3980,road,S,carbon,1,3999,true,2025-10-10
WEB-100570,2025-10-06,C000529,TX,RW-3980,road,S,carbon,1,3999,true,2025-10-13
WEB-100578,2025-10-06,C000536,UT,RW-9835,road,M,base,1,1899,true,2025-10-15
WEB-100584,2025-10-06,C000542,FL,RW-9835,road,M,base,1,1899,true,2025-10-09
WEB-100587,2025-10-06,C000545,NC,RW-9835,road,M,base,1,1899,true,2025-10-15
WEB-100591,2025-10-06,C000549,VT,RW-9835,road,M,base,1,1899,true,2025-10-08
WEB-100595,2025-10-06,C000553,CO,RW-9835,road,M,base,1,1899,true,2025-10-15
WEB-100602,2025-10-06,C000559,MN,RW-9835,road,M,base,1,1899,true,2025-10-15
WEB-100603,2025-10-06,C000560,ID,RW-9835,road,M,base,1,1899,true,2025-10-12
WEB-100609,2025-10-06,C000566,FL,RW-2984,road,M,carbon,1,3999,true,2025-10-12
WEB-100612,2025-10-06,C000568,IL,RW-2984,road,M,carbon,1,3999,true,2025-10-12
WEB-100627,2025-10-06,C000581,MT,RW-7298,road,L,base,1,1899,true,2025-10-10
WEB-100628,2025-10-06,C000582,MA,RW-1378,road,L,carbon,1,3999,true,2025-10-13
WEB-100634,2025-10-06,C000588,GA,RW-1378,road,L,carbon,1,3999,true,2025-10-09
WEB-100635,2025-10-06,C000589,IL,RW-1378,road,L,carbon,1,3999,true,2025-10-12
WEB-100639,2025-10-06,C000592,NC,RW-9304,mtb,S,carbon,1,4899,true,2025-10-16
WEB-100646,2025-10-06,C000599,WA,RW-9304,mtb,S,carbon,1,4899,true,2025-10-16
WEB-100649,2025-10-06,C000602,UT,RW-9304,mtb,S,carbon,1,4899,true,2025-10-08
WEB-100651,2025-10-06,C000604,TX,RW-9324,mtb,M,base,1,2299,true,2025-10-13
WEB-100671,2025-10-06,C000621,GA,RW-9324,mtb,M,base,1,2299,true,2025-10-13
WEB-100678,2025-10-06,C000628,NM,RW-4418,mtb,M,carbon,1,4899,true,2025-10-10
WEB-100683,2025-10-06,C000632,VT,RW-4418,mtb,M,carbon,1,4899,true,2025-10-09
WEB-100696,2025-10-06,C000645,UT,RW-9901,mtb,L,base,1,2299,true,2025-10-14
WEB-100703,2025-10-06,C000652,CA,RW-6416,mtb,L,carbon,1,4899,true,2025-10-12
WEB-100704,2025-10-06,C000149,VT,RW-6416,mtb,L,carbon,1,4899,true,2025-10-14
WEB-100565,2025-10-07,C000524,CA,RW-3980,road,S,carbon,1,3999,true,2025-10-13
WEB-100573,2025-10-07,C000532,ID,RW-3980,road,S,carbon,1,3999,true,2025-10-14
WEB-100574,2025-10-07,C000525,TX,RW-3980,road,S,carbon,1,3999,true,2025-10-17
WEB-100610,2025-10-07,C000567,VT,RW-2984,road,M,carbon,1,3999,true,2025-10-14
WEB-100618,2025-10-07,C000573,CA,RW-7298,road,L,base,1,1899,true,2025-10-13
WEB-100619,2025-10-07,C000574,AZ,RW-7298,road,L,base,1,1899,true,2025-10-14
WEB-100631,2025-10-07,C000585,WA,RW-1378,road,L,carbon,1,3999,true,2025-10-15
WEB-100644,2025-10-07,C000597,GA,RW-9304,mtb,S,carbon,1,4899,true,2025-10-14
WEB-100648,2025-10-07,C000601,AZ,RW-9304,mtb,S,carbon,1,4899,true,2025-10-13
WEB-100664,2025-10-07,C000615,TX,RW-9324,mtb,M,base,1,2299,true,2025-10-14
WEB-100665,2025-10-07,C000022,NY,RW-9324,mtb,M,base,1,2299,true,2025-10-09
WEB-100667,2025-10-07,C000617,AZ,RW-9324,mtb,M,base,1,2299,true,2025-10-17
WEB-100669,2025-10-07,C000619,VT,RW-9324,mtb,M,base,1,2299,true,2025-10-11
WEB-100673,2025-10-07,C000623,UT,RW-9324,mtb,M,base,1,2299,true,2025-10-12
WEB-100677,2025-10-07,C000627,CA,RW-9324,mtb,M,base,1,2299,true,2025-10-16
WEB-100680,2025-10-07,C000630,AZ,RW-4418,mtb,M,carbon,1,4899,true,2025-10-15
WEB-100685,2025-10-07,C000634,NY,RW-4418,mtb,M,carbon,1,4899,true,2025-10-15
WEB-100568,2025-10-08,C000527,FL,RW-3980,road,S,carbon,1,3999,true,2025-10-13
WEB-100580,2025-10-08,C000538,PA,RW-9835,road,M,base,1,1899,true,2025-10-14
WEB-100583,2025-10-08,C000541,MA,RW-9835,road,M,base,1,1899,true,2025-10-12
WEB-100585,2025-10-08,C000543,ID,RW-9835,road,M,base,1,1899,true,2025-10-15
WEB-100592,2025-10-08,C000550,FL,RW-9835,road,M,base,1,1899,true,2025-10-12
WEB-100598,2025-10-08,C000555,NY,RW-9835,road,M,base,1,1899,true,2025-10-11
WEB-100599,2025-10-08,C000556,OR,RW-9835,road,M,base,1,1899,true,2025-10-13
WEB-100611,2025-10-08,C000423,MN,RW-2984,road,M,carbon,1,3999,true,2025-10-12
WEB-100630,2025-10-08,C000584,NC,RW-1378,road,L,carbon,1,3999,true,2025-10-18
WEB-100632,2025-10-08,C000586,FL,RW-1378,road,L,carbon,1,3999,true,2025-10-10
WEB-100640,2025-10-08,C000593,IL,RW-9304,mtb,S,carbon,1,4899,true,2025-10-13
WEB-100641,2025-10-08,C000594,OR,RW-9304,mtb,S,carbon,1,4899,true,2025-10-12
WEB-100653,2025-10-08,C000606,ID,RW-9324,mtb,M,base,1,2299,true,2025-10-16
WEB-100656,2025-10-08,C000102,ID,RW-9324,mtb,M,base,1,2299,true,2025-10-15
WEB-100666,2025-10-08,C000616,MN,RW-9324,mtb,M,base,1,2299,true,2025-10-12
WEB-100679,2025-10-08,C000629,MI,RW-4418,mtb,M,carbon,1,4899,true,2025-10-15
WEB-100681,2025-10-08,C000125,MA,RW-4418,mtb,M,carbon,1,4899,true,2025-10-10
WEB-100686,2025-10-08,C000635,PA,RW-4418,mtb,M,carbon,1,4899,true,2025-10-18
WEB-100699,2025-10-08,C000648,MI,RW-9901,mtb,L,base,1,2299,true,2025-10-18
WEB-100559,2025-10-09,C000518,FL,RW-3980,road,S,carbon,1,3999,true,2025-10-14
WEB-100561,2025-10-09,C000520,WA,RW-3980,road,S,carbon,1,3999,true,2025-10-13
WEB-100562,2025-10-09,C000521,ID,RW-3980,road,S,carbon,1,3999,true,2025-10-15
WEB-100567,2025-10-09,C000526,CA,RW-3980,road,S,carbon,1,3999,true,2025-10-16
WEB-100586,2025-10-09,C000544,FL,RW-9835,road,M,base,1,1899,true,2025-10-12
WEB-100588,2025-10-09,C000546,OR,RW-9835,road,M,base,1,1899,true,2025-10-16
WEB-100590,2025-10-09,C000548,OR,RW-9835,road,M,base,1,1899,true,2025-10-11
WEB-100601,2025-10-09,C000558,FL,RW-9835,road,M,base,1,1899,true,2025-10-16
WEB-100617,2025-10-09,C000455,CO,RW-7298,road,L,base,1,1899,true,2025-10-17
WEB-100636,2025-10-09,C000590,GA,RW-9304,mtb,S,carbon,1,4899,true,2025-10-16
WEB-100645,2025-10-09,C000598,NM,RW-9304,mtb,S,carbon,1,4899,true,2025-10-15
WEB-100647,2025-10-09,C000600,MI,RW-9304,mtb,S,carbon,1,4899,true,2025-10-13
WEB-100655,2025-10-09,C000608,TX,RW-9324,mtb,M,base,1,2299,true,2025-10-13
WEB-100663,2025-10-09,C000614,OR,RW-9324,mtb,M,base,1,2299,true,2025-10-19
WEB-100670,2025-10-09,C000620,WA,RW-9324,mtb,M,base,1,2299,true,2025-10-14
WEB-100688,2025-10-09,C000637,CA,RW-4418,mtb,M,carbon,1,4899,true,2025-10-14
WEB-100689,2025-10-09,C000638,NY,RW-4418,mtb,M,carbon,1,4899,true,2025-10-16
WEB-100692,2025-10-09,C000641,NC,RW-9901,mtb,L,base,1,2299,true,2025-10-16
WEB-100695,2025-10-09,C000644,OR,RW-9901,mtb,L,base,1,2299,true,2025-10-12
WEB-100697,2025-10-09,C000646,VT,RW-9901,mtb,L,base,1,2299,true,2025-10-13
WEB-100698,2025-10-09,C000647,AZ,RW-9901,mtb,L,base,1,2299,true,2025-10-19
WEB-100700,2025-10-09,C000649,CA,RW-6416,mtb,L,carbon,1,4899,true,2025-10-16
WEB-100569,2025-10-10,C000528,CA,RW-3980,road,S,carbon,1,3999,true,2025-10-16
WEB-100571,2025-10-10,C000530,OR,RW-3980,road,S,carbon,1,3999,true,2025-10-12
WEB-100572,2025-10-10,C000531,PA,RW-3980,road,S,carbon,1,3999,true,2025-10-19
WEB-100579,2025-10-10,C000537,MT,RW-9835,road,M,base,1,1899,true,2025-10-20
WEB-100581,2025-10-10,C000539,IL,RW-9835,road,M,base,1,1899,true,2025-10-17
WEB-100604,2025-10-10,C000561,MN,RW-9835,road,M,base,1,1899,true,2025-10-17
WEB-100605,2025-10-10,C000562,NY,RW-2984,road,M,carbon,1,3999,true,2025-10-15
WEB-100606,2025-10-10,C000563,MN,RW-2984,road,M,carbon,1,3999,true,2025-10-13
WEB-100614,2025-10-10,C000570,CA,RW-2984,road,M,carbon,1,3999,true,2025-10-13
WEB-100616,2025-10-10,C000572,AZ,RW-2984,road,M,carbon,1,3999,true,2025-10-17
WEB-100620,2025-10-10,C000575,NM,RW-7298,road,L,base,1,1899,true,2025-10-16
WEB-100621,2025-10-10,C000576,VT,RW-7298,road,L,base,1,1899,true,2025-10-17
WEB-100623,2025-10-10,C000578,AZ,RW-7298,road,L,base,1,1899,true,2025-10-20
WEB-100625,2025-10-10,C000580,NM,RW-7298,road,L,base,1,1899,true,2025-10-18
WEB-100637,2025-10-10,C000591,IL,RW-9304,mtb,S,carbon,1,4899,true,2025-10-16
WEB-100652,2025-10-10,C000605,OR,RW-9324,mtb,M,base,1,2299,true,2025-10-14
WEB-100660,2025-10-10,C000611,IL,RW-9324,mtb,M,base,1,2299,true,2025-10-16
WEB-100668,2025-10-10,C000618,FL,RW-9324,mtb,M,base,1,2299,true,2025-10-12
WEB-100676,2025-10-10,C000626,MT,RW-9324,mtb,M,base,1,2299,true,2025-10-18
WEB-100684,2025-10-10,C000633,MT,RW-4418,mtb,M,carbon,1,4899,true,2025-10-20
WEB-100560,2025-10-11,C000519,VT,RW-3980,road,S,carbon,1,3999,true,2025-10-18
WEB-100575,2025-10-11,C000533,GA,RW-3980,road,S,carbon,1,3999,true,2025-10-17
WEB-100577,2025-10-11,C000535,NY,RW-9835,road,M,base,1,1899,true,2025-10-15
WEB-100582,2025-10-11,C000540,VT,RW-9835,road,M,base,1,1899,true,2025-10-16
WEB-100589,2025-10-11,C000547,PA,RW-9835,road,M,base,1,1899,true,2025-10-17
WEB-100593,2025-10-11,C000551,AZ,RW-9835,road,M,base,1,1899,true,2025-10-21
WEB-100600,2025-10-11,C000557,AZ,RW-9835,road,M,base,1,1899,true,2025-10-20
WEB-100607,2025-10-11,C000564,NC,RW-2984,road,M,carbon,1,3999,true,2025-10-21
WEB-100613,2025-10-11,C000569,IL,RW-2984,road,M,carbon,1,3999,true,2025-10-17
WEB-100626,2025-10-11,C000235,PA,RW-7298,road,L,base,1,1899,true,2025-10-16
WEB-100661,2025-10-11,C000612,IL,RW-9324,mtb,M,base,1,2299,true,2025-10-19
WEB-100693,2025-10-11,C000642,WA,RW-9901,mtb,L,base,1,2299,true,2025-10-19
WEB-100564,2025-10-12,C000523,TX,RW-3980,road,S,carbon,1,3999,true,2025-10-22
WEB-100576,2025-10-12,C000534,PA,RW-3980,road,S,carbon,1,3999,true,2025-10-16
WEB-100594,2025-10-12,C000552,VT,RW-9835,road,M,base,1,1899,true,2025-10-18
WEB-100596,2025-10-12,C000554,PA,RW-9835,road,M,base,1,1899,true,2025-10-16
WEB-100597,2025-10-12,C000176,PA,RW-9835,road,M,base,1,1899,true,2025-10-15
WEB-100608,2025-10-12,C000565,TX,RW-2984,road,M,carbon,1,3999,true,2025-10-17
WEB-100615,2025-10-12,C000571,MI,RW-2984,road,M,carbon,1,3999,true,2025-10-14
WEB-100622,2025-10-12,C000577,TX,RW-7298,road,L,base,1,1899,true,2025-10-21
WEB-100624,2025-10-12,C000579,NC,RW-7298,road,L,base,1,1899,true,2025-10-20
WEB-100629,2025-10-12,C000583,VT,RW-1378,road,L,carbon,1,3999,true,2025-10-19
WEB-100633,2025-10-12,C000587,MA,RW-1378,road,L,carbon,1,3999,true,2025-10-14
WEB-100638,2025-10-12,C000192,MT,RW-9304,mtb,S,carbon,1,4899,true,2025-10-20
WEB-100642,2025-10-12,C000595,CO,RW-9304,mtb,S,carbon,1,4899,true,2025-10-16
WEB-100643,2025-10-12,C000596,CO,RW-9304,mtb,S,carbon,1,4899,true,2025-10-15
WEB-100650,2025-10-12,C000603,CO,RW-9304,mtb,S,carbon,1,4899,true,2025-10-14
WEB-100654,2025-10-12,C000607,PA,RW-9324,mtb,M,base,1,2299,true,2025-10-20
WEB-100657,2025-10-12,C000609,VT,RW-9324,mtb,M,base,1,2299,true,2025-10-16
WEB-100658,2025-10-12,C000610,AZ,RW-9324,mtb,M,base,1,2299,true,2025-10-20
WEB-100659,2025-10-12,C000330,NY,RW-9324,mtb,M,base,1,2299,true,2025-10-17
WEB-100662,2025-10-12,C000613,UT,RW-9324,mtb,M,base,1,2299,true,2025-10-17
WEB-100672,2025-10-12,C000622,NC,RW-9324,mtb,M,base,1,2299,true,2025-10-20
WEB-100674,2025-10-12,C000624,AZ,RW-9324,mtb,M,base,1,2299,true,2025-10-17
WEB-100675,2025-10-12,C000625,MN,RW-9324,mtb,M,base,1,2299,true,2025-10-18
WEB-100682,2025-10-12,C000631,NM,RW-4418,mtb,M,carbon,1,4899,true,2025-10-19
WEB-100687,2025-10-12,C000636,NM,RW-4418,mtb,M,carbon,1,4899,true,2025-10-19
WEB-100690,2025-10-12,C000639,AZ,RW-9901,mtb,L,base,1,2299,true,2025-10-21
WEB-100691,2025-10-12,C000640,PA,RW-9901,mtb,L,base,1,2299,true,2025-10-16
WEB-100694,2025-10-12,C000643,UT,RW-9901,mtb,L,base,1,2299,true,2025-10-19
WEB-100701,2025-10-12,C000650,FL,RW-6416,mtb,L,carbon,1,4899,true,2025-10-19
WEB-100702,2025-10-12,C000651,NM,RW-6416,mtb,L,carbon,1,4899,true,2025-10-20
WEB-100705,2025-10-12,C000386,AZ,RW-6416,mtb,L,carbon,1,4899,true,2025-10-18
WEB-100706,2025-10-12,C000278,PA,RW-6416,mtb,L,carbon,1,4899,true,2025-10-14
WEB-100708,2025-10-13,C000654,MN,RW-3980,road,S,carbon,1,3999,true,2025-10-20
WEB-100709,2025-10-13,C000655,MI,RW-3980,road,S,carbon,1,3999,true,2025-10-22
WEB-100710,2025-10-13,C000656,MA,RW-3980,road,S,carbon,1,3999,true,2025-10-18
WEB-100715,2025-10-13,C000660,ID,RW-3980,road,S,carbon,1,3999,true,2025-10-19
WEB-100719,2025-10-13,C000664,CO,RW-3980,road,S,carbon,1,3999,true,2025-10-15
WEB-100720,2025-10-13,C000665,MI,RW-3980,road,S,carbon,1,3999,true,2025-10-15
WEB-100722,2025-10-13,C000667,CA,RW-3980,road,S,carbon,1,3999,true,2025-10-19
WEB-100723,2025-10-13,C000668,NM,RW-3980,road,S,carbon,1,3999,true,2025-10-20
WEB-100741,2025-10-13,C000021,NC,RW-2984,road,M,carbon,1,3999,true,2025-10-22
WEB-100743,2025-10-13,C000687,NC,RW-2984,road,M,carbon,1,3999,true,2025-10-15
WEB-100752,2025-10-13,C000696,TX,RW-2984,road,M,carbon,1,3999,true,2025-10-19
WEB-100765,2025-10-13,C000709,UT,RW-7298,road,L,base,1,1899,true,2025-10-21
WEB-100770,2025-10-13,C000084,AZ,RW-7298,road,L,base,1,1899,true,2025-10-16
WEB-100781,2025-10-13,C000724,WA,RW-9304,mtb,S,carbon,1,4899,true,2025-10-17
WEB-100789,2025-10-13,C000732,MT,RW-9304,mtb,S,carbon,1,4899,true,2025-10-15
WEB-100793,2025-10-13,C000736,MI,RW-9324,mtb,M,base,1,2299,true,2025-10-23
WEB-100798,2025-10-13,C000741,MA,RW-9324,mtb,M,base,1,2299,true,2025-10-21
WEB-100799,2025-10-13,C000742,NC,RW-9324,mtb,M,base,1,2299,true,2025-10-15
WEB-100803,2025-10-13,C000746,AZ,RW-9324,mtb,M,base,1,2299,true,2025-10-23
WEB-100804,2025-10-13,C000747,MI,RW-9324,mtb,M,base,1,2299,true,2025-10-21
WEB-100807,2025-10-13,C000749,IL,RW-4418,mtb,M,carbon,1,4899,true,2025-10-19
WEB-100811,2025-10-13,C000753,ID,RW-4418,mtb,M,carbon,1,4899,true,2025-10-19
WEB-100814,2025-10-13,C000756,UT,RW-4418,mtb,M,carbon,1,4899,true,2025-10-20
WEB-100826,2025-10-13,C000768,MN,RW-9901,mtb,L,base,1,2299,true,2025-10-22
WEB-100827,2025-10-13,C000769,NY,RW-9901,mtb,L,base,1,2299,true,2025-10-20
WEB-100831,2025-10-13,C000773,MI,RW-6416,mtb,L,carbon,1,4899,true,2025-10-19
WEB-100834,2025-10-13,C000776,AZ,RW-6416,mtb,L,carbon,1,4899,true,2025-10-18
WEB-100711,2025-10-14,C000657,FL,RW-3980,road,S,carbon,1,3999,true,2025-10-21
WEB-100712,2025-10-14,C000658,PA,RW-3980,road,S,carbon,1,3999,true,2025-10-20
WEB-100716,2025-10-14,C000661,OR,RW-3980,road,S,carbon,1,3999,true,2025-10-17
WEB-100717,2025-10-14,C000662,PA,RW-3980,road,S,carbon,1,3999,true,2025-10-22
WEB-100721,2025-10-14,C000666,MA,RW-3980,road,S,carbon,1,3999,true,2025-10-19
WEB-100732,2025-10-14,C000677,IL,RW-9835,road,M,base,1,1899,true,2025-10-23
WEB-100733,2025-10-14,C000678,PA,RW-9835,road,M,base,1,1899,true,2025-10-23
WEB-100780,2025-10-14,C000723,NM,RW-9304,mtb,S,carbon,1,4899,true,2025-10-16
WEB-100784,2025-10-14,C000727,MT,RW-9304,mtb,S,carbon,1,4899,true,2025-10-23
WEB-100790,2025-10-14,C000733,OR,RW-9304,mtb,S,carbon,1,4899,true,2025-10-17
WEB-100802,2025-10-14,C000745,AZ,RW-9324,mtb,M,base,1,2299,true,2025-10-22
WEB-100806,2025-10-14,C000748,CA,RW-9324,mtb,M,base,1,2299,true,2025-10-18
WEB-100809,2025-10-14,C000751,GA,RW-4418,mtb,M,carbon,1,4899,true,2025-10-21
WEB-100713,2025-10-15,C000646,MN,RW-3980,road,S,carbon,1,3999,true,2025-10-18
WEB-100724,2025-10-15,C000669,UT,RW-3980,road,S,carbon,1,3999,true,2025-10-21
WEB-100746,2025-10-15,C000690,CO,RW-2984,road,M,carbon,1,3999,true,2025-10-18
WEB-100748,2025-10-15,C000692,NY,RW-2984,road,M,carbon,1,3999,true,2025-10-21
WEB-100756,2025-10-15,C000700,VT,RW-2984,road,M,carbon,1,3999,true,2025-10-20
WEB-100759,2025-10-15,C000703,UT,RW-7298,road,L,base,1,1899,true,2025-10-19
WEB-100764,2025-10-15,C000708,NM,RW-7298,road,L,base,1,1899,true,2025-10-18
WEB-100771,2025-10-15,C000714,AZ,RW-7298,road,L,base,1,1899,true,2025-10-21
WEB-100777,2025-10-15,C000720,MA,RW-1378,road,L,carbon,1,3999,true,2025-10-22
WEB-100779,2025-10-15,C000722,MN,RW-1378,road,L,carbon,1,3999,true,2025-10-21
WEB-100785,2025-10-15,C000728,MN,RW-9304,mtb,S,carbon,1,4899,true,2025-10-21
WEB-100801,2025-10-15,C000744,CO,RW-9324,mtb,M,base,1,2299,true,2025-10-25
WEB-100818,2025-10-15,C000760,AZ,RW-9901,mtb,L,base,1,2299,true,2025-10-18
WEB-100819,2025-10-15,C000761,MA,RW-9901,mtb,L,base,1,2299,true,2025-10-25
WEB-100821,2025-10-15,C000763,ID,RW-9901,mtb,L,base,1,2299,true,2025-10-21
WEB-100823,2025-10-15,C000765,IL,RW-9901,mtb,L,base,1,2299,true,2025-10-25
WEB-100824,2025-10-15,C000766,FL,RW-9901,mtb,L,base,1,2299,true,2025-10-19
WEB-100825,2025-10-15,C000767,MI,RW-9901,mtb,L,base,1,2299,true,2025-10-23
WEB-100828,2025-10-15,C000770,PA,RW-9901,mtb,L,base,1,2299,true,2025-10-18
WEB-100714,2025-10-16,C000659,OR,RW-3980,road,S,carbon,1,3999,true,2025-10-19
WEB-100727,2025-10-16,C000672,TX,RW-9835,road,M,base,1,1899,true,2025-10-18
WEB-100729,2025-10-16,C000674,PA,RW-9835,road,M,base,1,1899,true,2025-10-23
WEB-100731,2025-10-16,C000676,NC,RW-9835,road,M,base,1,1899,true,2025-10-22
WEB-100737,2025-10-16,C000682,CO,RW-9835,road,M,base,1,1899,true,2025-10-26
WEB-100738,2025-10-16,C000683,NY,RW-9835,road,M,base,1,1899,true,2025-10-19
WEB-100757,2025-10-16,C000701,WA,RW-2984,road,M,carbon,1,3999,true,2025-10-20
WEB-100758,2025-10-16,C000702,OR,RW-7298,road,L,base,1,1899,true,2025-10-18
WEB-100766,2025-10-16,C000710,TX,RW-7298,road,L,base,1,1899,true,2025-10-18
WEB-100769,2025-10-16,C000713,CA,RW-7298,road,L,base,1,1899,true,2025-10-20
WEB-100787,2025-10-16,C000730,VT,RW-9304,mtb,S,carbon,1,4899,true,2025-10-20
WEB-100800,2025-10-16,C000743,CA,RW-9324,mtb,M,base,1,2299,true,2025-10-19
WEB-100808,2025-10-16,C000750,TX,RW-4418,mtb,M,carbon,1,4899,true,2025-10-22
WEB-100812,2025-10-16,C000754,MT,RW-4418,mtb,M,carbon,1,4899,true,2025-10-18
WEB-100830,2025-10-16,C000772,MT,RW-6416,mtb,L,carbon,1,4899,true,2025-10-22
WEB-100832,2025-10-16,C000774,MT,RW-6416,mtb,L,carbon,1,4899,true,2025-10-21
WEB-100837,2025-10-16,C000778,AZ,RW-6416,mtb,L,carbon,1,4899,true,2025-10-21
WEB-100707,2025-10-17,C000653,UT,RW-3980,road,S,carbon,1,3999,true,2025-10-22
WEB-100725,2025-10-17,C000670,AZ,RW-9835,road,M,base,1,1899,true,2025-10-26
WEB-100728,2025-10-17,C000673,CA,RW-9835,road,M,base,1,1899,true,2025-10-27
WEB-100736,2025-10-17,C000681,IL,RW-9835,road,M,base,1,1899,true,2025-10-22
WEB-100742,2025-10-17,C000686,VT,RW-2984,road,M,carbon,1,3999,true,2025-10-25
WEB-100744,2025-10-17,C000688,UT,RW-2984,road,M,carbon,1,3999,true,2025-10-26
WEB-100751,2025-10-17,C000695,AZ,RW-2984,road,M,carbon,1,3999,true,2025-10-24
WEB-100755,2025-10-17,C000699,CA,RW-2984,road,M,carbon,1,3999,true,2025-10-27
WEB-100761,2025-10-17,C000705,FL,RW-7298,road,L,base,1,1899,true,2025-10-27
WEB-100762,2025-10-17,C000706,NM,RW-7298,road,L,base,1,1899,true,2025-10-22
WEB-100763,2025-10-17,C000707,PA,RW-7298,road,L,base,1,1899,true,2025-10-27
WEB-100768,2025-10-17,C000712,IL,RW-7298,road,L,base,1,1899,true,2025-10-21
WEB-100791,2025-10-17,C000734,IL,RW-9304,mtb,S,carbon,1,4899,true,2025-10-20
WEB-100794,2025-10-17,C000737,VT,RW-9324,mtb,M,base,1,2299,true,2025-10-24
WEB-100822,2025-10-17,C000764,MN,RW-9901,mtb,L,base,1,2299,true,2025-10-24
WEB-100829,2025-10-17,C000771,OR,RW-6416,mtb,L,carbon,1,4899,true,2025-10-27
WEB-100718,2025-10-18,C000663,NC,RW-3980,road,S,carbon,1,3999,true,2025-10-24
WEB-100735,2025-10-18,C000680,NY,RW-9835,road,M,base,1,1899,true,2025-10-27
WEB-100740,2025-10-18,C000685,IL,RW-9835,road,M,base,1,1899,true,2025-10-21
WEB-100747,2025-10-18,C000691,IL,RW-2984,road,M,carbon,1,3999,true,2025-10-26
WEB-100750,2025-10-18,C000694,CA,RW-2984,road,M,carbon,1,3999,true,2025-10-24
WEB-100753,2025-10-18,C000697,AZ,RW-2984,road,M,carbon,1,3999,true,2025-10-28
WEB-100760,2025-10-18,C000704,VT,RW-7298,road,L,base,1,1899,true,2025-10-28
WEB-100772,2025-10-18,C000715,PA,RW-1378,road,L,carbon,1,3999,true,2025-10-20
WEB-100775,2025-10-18,C000718,FL,RW-1378,road,L,carbon,1,3999,true,2025-10-22
WEB-100778,2025-10-18,C000721,NY,RW-1378,road,L,carbon,1,3999,true,2025-10-20
WEB-100782,2025-10-18,C000725,MI,RW-9304,mtb,S,carbon,1,4899,true,2025-10-22
WEB-100786,2025-10-18,C000729,MI,RW-9304,mtb,S,carbon,1,4899,true,2025-10-28
WEB-100788,2025-10-18,C000731,NM,RW-9304,mtb,S,carbon,1,4899,true,2025-10-20
WEB-100795,2025-10-18,C000738,CO,RW-9324,mtb,M,base,1,2299,true,2025-10-24
WEB-100796,2025-10-18,C000739,NY,RW-9324,mtb,M,base,1,2299,true,2025-10-26
WEB-100797,2025-10-18,C000740,GA,RW-9324,mtb,M,base,1,2299,true,2025-10-25
WEB-100805,2025-10-18,C000729,TX,RW-9324,mtb,M,base,1,2299,true,2025-10-20
WEB-100813,2025-10-18,C000755,MI,RW-4418,mtb,M,carbon,1,4899,true,2025-10-25
WEB-100815,2025-10-18,C000757,OR,RW-4418,mtb,M,carbon,1,4899,true,2025-10-22
WEB-100833,2025-10-18,C000775,CO,RW-6416,mtb,L,carbon,1,4899,true,2025-10-22
WEB-100726,2025-10-19,C000671,MN,RW-9835,road,M,base,1,1899,true,2025-10-23
WEB-100730,2025-10-19,C000675,MI,RW-9835,road,M,base,1,1899,true,2025-10-21
WEB-100734,2025-10-19,C000679,FL,RW-9835,road,M,base,1,1899,true,2025-10-29
WEB-100739,2025-10-19,C000684,FL,RW-9835,road,M,base,1,1899,true,2025-10-25
WEB-100745,2025-10-19,C000689,GA,RW-2984,road,M,carbon,1,3999,true,2025-10-25
WEB-100749,2025-10-19,C000693,PA,RW-2984,road,M,carbon,1,3999,true,2025-10-28
WEB-100754,2025-10-19,C000698,OR,RW-2984,road,M,carbon,1,3999,true,2025-10-22
WEB-100767,2025-10-19,C000711,FL,RW-7298,road,L,base,1,1899,true,2025-10-28
WEB-100773,2025-10-19,C000716,CO,RW-1378,road,L,carbon,1,3999,true,2025-10-27
WEB-100774,2025-10-19,C000717,VT,RW-1378,road,L,carbon,1,3999,true,2025-10-26
WEB-100776,2025-10-19,C000719,GA,RW-1378,road,L,carbon,1,3999,true,2025-10-26
WEB-100783,2025-10-19,C000726,MN,RW-9304,mtb,S,carbon,1,4899,true,2025-10-28
WEB-100792,2025-10-19,C000735,AZ,RW-9324,mtb,M,base,1,2299,true,2025-10-26
WEB-100810,2025-10-19,C000752,VT,RW-4418,mtb,M,carbon,1,4899,true,2025-10-25
WEB-100816,2025-10-19,C000758,GA,RW-4418,mtb,M,carbon,1,4899,true,2025-10-25
WEB-100817,2025-10-19,C000759,OR,RW-4418,mtb,M,carbon,1,4899,true,2025-10-22
WEB-100820,2025-10-19,C000762,UT,RW-9901,mtb,L,base,1,2299,true,2025-10-23
WEB-100835,2025-10-19,C000552,ID,RW-6416,mtb,L,carbon,1,4899,true,2025-10-25
WEB-100836,2025-10-19,C000777,NC,RW-6416,mtb,L,carbon,1,4899,true,2025-10-26
WEB-100839,2025-10-20,C000780,NM,RW-3980,road,S,carbon,1,3999,true,2025-10-27
WEB-100843,2025-10-20,C000435,MA,RW-3980,road,S,carbon,1,3999,true,2025-10-26
WEB-100846,2025-10-20,C000786,VT,RW-3980,road,S,carbon,1,3999,true,2025-10-26
WEB-100866,2025-10-20,C000804,NC,RW-9835,road,M,base,1,1899,true,2025-10-30
WEB-100869,2025-10-20,C000807,OR,RW-9835,road,M,base,1,1899,true,2025-10-22
WEB-100872,2025-10-20,C000810,OR,RW-9835,road,M,base,1,1899,true,2025-10-28
WEB-100877,2025-10-20,C000815,MA,RW-2984,road,M,carbon,1,3999,true,2025-10-22
WEB-100881,2025-10-20,C000819,GA,RW-2984,road,M,carbon,1,3999,true,2025-10-26
WEB-100902,2025-10-20,C000838,WA,RW-1378,road,L,carbon,1,3999,true,2025-10-29
WEB-100914,2025-10-20,C000850,AZ,RW-9304,mtb,S,carbon,1,4899,true,2025-10-27
WEB-100919,2025-10-20,C000854,IL,RW-9304,mtb,S,carbon,1,4899,true,2025-10-26
WEB-100922,2025-10-20,C000034,FL,RW-9304,mtb,S,carbon,1,4899,true,2025-10-23
WEB-100928,2025-10-20,C000861,UT,RW-9324,mtb,M,base,1,2299,true,2025-10-29
WEB-100939,2025-10-20,C000871,MI,RW-9324,mtb,M,base,1,2299,true,2025-10-28
WEB-100950,2025-10-20,C000882,NC,RW-4418,mtb,M,carbon,1,4899,true,2025-10-22
WEB-100951,2025-10-20,C000883,TX,RW-4418,mtb,M,carbon,1,4899,true,2025-10-22
WEB-100968,2025-10-20,C000899,MA,RW-6416,mtb,L,carbon,1,4899,true,2025-10-23
WEB-100972,2025-10-20,C000902,TX,RW-6416,mtb,L,carbon,1,4899,true,2025-10-29
WEB-100848,2025-10-21,C000788,UT,RW-3980,road,S,carbon,1,3999,true,2025-10-29
WEB-100853,2025-10-21,C000793,NM,RW-3980,road,S,carbon,1,3999,true,2025-10-23
WEB-100855,2025-10-21,C000795,FL,RW-9835,road,M,base,1,1899,true,2025-10-28
WEB-100856,2025-10-21,C000796,UT,RW-9835,road,M,base,1,1899,true,2025-10-30
WEB-100860,2025-10-21,C000799,CA,RW-9835,road,M,base,1,1899,true,2025-10-30
WEB-100863,2025-10-21,C000801,NY,RW-9835,road,M,base,1,1899,true,2025-10-25
WEB-100876,2025-10-21,C000814,UT,RW-2984,road,M,carbon,1,3999,true,2025-10-28
WEB-100884,2025-10-21,C000822,WA,RW-2984,road,M,carbon,1,3999,true,2025-10-31
WEB-100886,2025-10-21,C000824,ID,RW-7298,road,L,base,1,1899,true,2025-10-25
WEB-100887,2025-10-21,C000825,FL,RW-7298,road,L,base,1,1899,true,2025-10-23
WEB-100892,2025-10-21,C000828,PA,RW-7298,road,L,base,1,1899,true,2025-10-29
WEB-100929,2025-10-21,C000862,MT,RW-9324,mtb,M,base,1,2299,true,2025-10-29
WEB-100932,2025-10-21,C000864,NM,RW-9324,mtb,M,base,1,2299,true,2025-10-29
WEB-100935,2025-10-21,C000867,IL,RW-9324,mtb,M,base,1,2299,true,2025-10-23
WEB-100936,2025-10-21,C000868,ID,RW-9324,mtb,M,base,1,2299,true,2025-10-26
WEB-100937,2025-10-21,C000869,GA,RW-9324,mtb,M,base,1,2299,true,2025-10-30
WEB-100943,2025-10-21,C000875,PA,RW-9324,mtb,M,base,1,2299,true,2025-10-30
WEB-100944,2025-10-21,C000876,MT,RW-9324,mtb,M,base,1,2299,true,2025-10-31
WEB-100949,2025-10-21,C000881,CA,RW-4418,mtb,M,carbon,1,4899,true,2025-10-25
WEB-100956,2025-10-21,C000888,NC,RW-9901,mtb,L,base,1,2299,true,2025-10-27
WEB-100960,2025-10-21,C000892,UT,RW-9901,mtb,L,base,1,2299,true,2025-10-30
WEB-100964,2025-10-21,C000895,PA,RW-9901,mtb,L,base,1,2299,true,2025-10-26
WEB-100965,2025-10-21,C000896,ID,RW-9901,mtb,L,base,1,2299,true,2025-10-27
WEB-100840,2025-10-22,C000781,CO,RW-3980,road,S,carbon,1,3999,true,2025-10-30
WEB-100841,2025-10-22,C000782,ID,RW-3980,road,S,carbon,1,3999,true,2025-10-25
WEB-100851,2025-10-22,C000791,IL,RW-3980,road,S,carbon,1,3999,true,2025-10-27
WEB-100868,2025-10-22,C000806,GA,RW-9835,road,M,base,1,1899,true,2025-10-30
WEB-100871,2025-10-22,C000809,MA,RW-9835,road,M,base,1,1899,true,2025-10-27
WEB-100878,2025-10-22,C000816,VT,RW-2984,road,M,carbon,1,3999,true,2025-10-31
WEB-100883,2025-10-22,C000821,GA,RW-2984,road,M,carbon,1,3999,true,2025-10-26
WEB-100894,2025-10-22,C000830,IL,RW-7298,road,L,base,1,1899,true,2025-10-27
WEB-100899,2025-10-22,C000835,IL,RW-1378,road,L,carbon,1,3999,true,2025-10-27
WEB-100904,2025-10-22,C000840,UT,RW-1378,road,L,carbon,1,3999,true,2025-10-29
WEB-100905,2025-10-22,C000841,MI,RW-1378,road,L,carbon,1,3999,true,2025-10-28
WEB-100915,2025-10-22,C000050,MA,RW-9304,mtb,S,carbon,1,4899,true,2025-10-25
WEB-100926,2025-10-22,C000859,ID,RW-9304,mtb,S,carbon,1,4899,true,2025-10-26
WEB-100933,2025-10-22,C000865,ID,RW-9324,mtb,M,base,1,2299,true,2025-10-29
WEB-100934,2025-10-22,C000866,OR,RW-9324,mtb,M,base,1,2299,true,2025-10-26
WEB-100940,2025-10-22,C000872,ID,RW-9324,mtb,M,base,1,2299,true,2025-10-31
WEB-100942,2025-10-22,C000874,FL,RW-9324,mtb,M,base,1,2299,true,2025-10-30
WEB-100952,2025-10-22,C000884,MA,RW-4418,mtb,M,carbon,1,4899,true,2025-11-01
WEB-100954,2025-10-22,C000886,PA,RW-4418,mtb,M,carbon,1,4899,true,2025-10-27
WEB-100958,2025-10-22,C000890,NM,RW-9901,mtb,L,base,1,2299,true,2025-11-01
WEB-100961,2025-10-22,C000427,NM,RW-9901,mtb,L,base,1,2299,true,2025-10-28
WEB-100966,2025-10-22,C000897,CA,RW-6416,mtb,L,carbon,1,4899,true,2025-10-31
WEB-100973,2025-10-22,C000903,NC,RW-6416,mtb,L,carbon,1,4899,true,2025-10-29
WEB-100845,2025-10-23,C000785,TX,RW-3980,road,S,carbon,1,3999,true,2025-10-27
WEB-100847,2025-10-23,C000787,GA,RW-3980,road,S,carbon,1,3999,true,2025-10-27
WEB-100850,2025-10-23,C000790,GA,RW-3980,road,S,carbon,1,3999,true,2025-10-27
WEB-100852,2025-10-23,C000792,MT,RW-3980,road,S,carbon,1,3999,true,2025-10-26
WEB-100861,2025-10-23,C000330,PA,RW-9835,road,M,base,1,1899,true,2025-10-27
WEB-100867,2025-10-23,C000805,CO,RW-9835,road,M,base,1,1899,true,2025-11-02
WEB-100873,2025-10-23,C000811,NY,RW-2984,road,M,carbon,1,3999,true,2025-10-25
WEB-100874,2025-10-23,C000812,CO,RW-2984,road,M,carbon,1,3999,true,2025-10-31
WEB-100879,2025-10-23,C000817,NY,RW-2984,road,M,carbon,1,3999,true,2025-10-28
WEB-100882,2025-10-23,C000820,MN,RW-2984,road,M,carbon,1,3999,true,2025-10-26
WEB-100885,2025-10-23,C000823,MA,RW-7298,road,L,base,1,1899,true,2025-10-25
WEB-100889,2025-10-23,C000428,VT,RW-7298,road,L,base,1,1899,true,2025-11-02
WEB-100891,2025-10-23,C000827,NM,RW-7298,road,L,base,1,1899,true,2025-10-30
WEB-100896,2025-10-23,C000832,VT,RW-7298,road,L,base,1,1899,true,2025-10-30
WEB-100901,2025-10-23,C000837,MA,RW-1378,road,L,carbon,1,3999,true,2025-10-25
WEB-100907,2025-10-23,C000843,MT,RW-9304,mtb,S,carbon,1,4899,true,2025-10-31
WEB-100910,2025-10-23,C000846,NC,RW-9304,mtb,S,carbon,1,4899,true,2025-11-02
WEB-100917,2025-10-23,C000852,ID,RW-9304,mtb,S,carbon,1,4899,true,2025-10-29
WEB-100931,2025-10-23,C000863,MT,RW-9324,mtb,M,base,1,2299,true,2025-10-25
WEB-100838,2025-10-24,C000779,MA,RW-3980,road,S,carbon,1,3999,true,2025-10-30
WEB-100858,2025-10-24,C000447,CA,RW-9835,road,M,base,1,1899,true,2025-10-30
WEB-100862,2025-10-24,C000800,ID,RW-9835,road,M,base,1,1899,true,2025-10-30
WEB-100865,2025-10-24,C000803,GA,RW-9835,road,M,base,1,1899,true,2025-10-27
WEB-100875,2025-10-24,C000813,CO,RW-2984,road,M,carbon,1,3999,true,2025-11-03
WEB-100893,2025-10-24,C000829,CA,RW-7298,road,L,base,1,1899,true,2025-10-30
WEB-100895,2025-10-24,C000831,ID,RW-7298,road,L,base,1,1899,true,2025-11-03
WEB-100900,2025-10-24,C000836,FL,RW-1378,road,L,carbon,1,3999,true,2025-11-02
WEB-100908,2025-10-24,C000844,NC,RW-9304,mtb,S,carbon,1,4899,true,2025-11-01
WEB-100912,2025-10-24,C000848,VT,RW-9304,mtb,S,carbon,1,4899,true,2025-10-26
WEB-100918,2025-10-24,C000853,NY,RW-9304,mtb,S,carbon,1,4899,true,2025-10-29
WEB-100923,2025-10-24,C000650,OR,RW-9304,mtb,S,carbon,1,4899,true,2025-10-31
WEB-100927,2025-10-24,C000860,ID,RW-9324,mtb,M,base,1,2299,true,2025-10-30
WEB-100938,2025-10-24,C000870,MT,RW-9324,mtb,M,base,1,2299,true,2025-10-27
WEB-100941,2025-10-24,C000873,NM,RW-9324,mtb,M,base,1,2299,true,2025-10-29
WEB-100946,2025-10-24,C000878,UT,RW-9324,mtb,M,base,1,2299,true,2025-10-28
WEB-100957,2025-10-24,C000889,UT,RW-9901,mtb,L,base,1,2299,true,2025-11-03
WEB-100963,2025-10-24,C000894,TX,RW-9901,mtb,L,base,1,2299,true,2025-10-26
WEB-100969,2025-10-24,C000900,MN,RW-6416,mtb,L,carbon,1,4899,true,2025-10-27
WEB-100844,2025-10-25,C000784,MA,RW-3980,road,S,carbon,1,3999,true,2025-10-29
WEB-100849,2025-10-25,C000789,MN,RW-3980,road,S,carbon,1,3999,true,2025-11-01
WEB-100854,2025-10-25,C000794,MT,RW-3980,road,S,carbon,1,3999,true,2025-10-31
WEB-100859,2025-10-25,C000798,GA,RW-9835,road,M,base,1,1899,true,2025-10-27
WEB-100864,2025-10-25,C000802,ID,RW-9835,road,M,base,1,1899,true,2025-11-01
WEB-100888,2025-10-25,C000826,AZ,RW-7298,road,L,base,1,1899,true,2025-11-02
WEB-100903,2025-10-25,C000839,AZ,RW-1378,road,L,carbon,1,3999,true,2025-10-28
WEB-100906,2025-10-25,C000842,PA,RW-1378,road,L,carbon,1,3999,true,2025-11-04
WEB-100909,2025-10-25,C000845,MN,RW-9304,mtb,S,carbon,1,4899,true,2025-10-27
WEB-100911,2025-10-25,C000847,GA,RW-9304,mtb,S,carbon,1,4899,true,2025-10-28
WEB-100913,2025-10-25,C000849,CA,RW-9304,mtb,S,carbon,1,4899,true,2025-10-30
WEB-100924,2025-10-25,C000857,NM,RW-9304,mtb,S,carbon,1,4899,true,2025-11-04
WEB-100930,2025-10-25,C000371,MA,RW-9324,mtb,M,base,1,2299,true,2025-10-27
WEB-100945,2025-10-25,C000877,CO,RW-9324,mtb,M,base,1,2299,true,2025-11-03
WEB-100953,2025-10-25,C000885,UT,RW-4418,mtb,M,carbon,1,4899,true,2025-11-03
WEB-100959,2025-10-25,C000891,IL,RW-9901,mtb,L,base,1,2299,true,2025-10-30
WEB-100842,2025-10-26,C000783,MN,RW-3980,road,S,carbon,1,3999,true,2025-11-02
WEB-100857,2025-10-26,C000797,CA,RW-9835,road,M,base,1,1899,true,2025-11-03
WEB-100870,2025-10-26,C000808,UT,RW-9835,road,M,base,1,1899,true,2025-11-04
WEB-100880,2025-10-26,C000818,IL,RW-2984,road,M,carbon,1,3999,true,2025-11-03
WEB-100890,2025-10-26,C000057,ID,RW-7298,road,L,base,1,1899,true,2025-11-05
WEB-100897,2025-10-26,C000833,MA,RW-7298,road,L,base,1,1899,true,2025-10-30
WEB-100898,2025-10-26,C000834,ID,RW-1378,road,L,carbon,1,3999,true,2025-10-31
WEB-100916,2025-10-26,C000851,OR,RW-9304,mtb,S,carbon,1,4899,true,2025-11-01
WEB-100920,2025-10-26,C000855,UT,RW-9304,mtb,S,carbon,1,4899,true,2025-10-28
WEB-100921,2025-10-26,C000856,CA,RW-9304,mtb,S,carbon,1,4899,true,2025-11-02
WEB-100925,2025-10-26,C000858,CO,RW-9304,mtb,S,carbon,1,4899,true,2025-11-01
WEB-100947,2025-10-26,C000879,MA,RW-4418,mtb,M,carbon,1,4899,true,2025-10-30
WEB-100948,2025-10-26,C000880,WA,RW-4418,mtb,M,carbon,1,4899,true,2025-10-28
WEB-100955,2025-10-26,C000887,NM,RW-4418,mtb,M,carbon,1,4899,true,2025-10-30
WEB-100962,2025-10-26,C000893,PA,RW-9901,mtb,L,base,1,2299,true,2025-11-01
WEB-100967,2025-10-26,C000898,MA,RW-6416,mtb,L,carbon,1,4899,true,2025-10-29
WEB-100970,2025-10-26,C000399,PA,RW-6416,mtb,L,carbon,1,4899,true,2025-11-02
WEB-100971,2025-10-26,C000901,NY,RW-6416,mtb,L,carbon,1,4899,true,2025-11-01
WEB-100987,2025-10-27,C000916,ID,RW-3980,road,S,carbon,1,3999,true,2025-11-03
WEB-100995,2025-10-27,C000924,NY,RW-9835,road,M,base,1,1899,true,2025-11-02
WEB-101012,2025-10-27,C000941,CO,RW-2984,road,M,carbon,1,3999,true,2025-11-02
WEB-101019,2025-10-27,C000948,ID,RW-2984,road,M,carbon,1,3999,true,2025-10-30
WEB-101033,2025-10-27,C000960,VT,RW-7298,road,L,base,1,1899,true,2025-11-06
WEB-101035,2025-10-27,C000962,CO,RW-1378,road,L,carbon,1,3999,true,2025-10-31
WEB-101047,2025-10-27,C000971,GA,RW-9304,mtb,S,carbon,1,4899,true,2025-11-05
WEB-101048,2025-10-27,C000972,NC,RW-9304,mtb,S,carbon,1,4899,true,2025-10-29
WEB-101054,2025-10-27,C000978,OR,RW-9304,mtb,S,carbon,1,4899,true,2025-11-02
WEB-101070,2025-10-27,C000993,UT,RW-9324,mtb,M,base,1,2299,true,2025-11-04
WEB-101071,2025-10-27,C000994,MA,RW-9324,mtb,M,base,1,2299,true,2025-10-31
WEB-101075,2025-10-27,C000753,NY,RW-9324,mtb,M,base,1,2299,true,2025-11-04
WEB-101080,2025-10-27,C001001,NM,RW-9324,mtb,M,base,1,2299,true,2025-10-30
WEB-101092,2025-10-27,C001013,CA,RW-4418,mtb,M,carbon,1,4899,true,2025-10-29
WEB-101095,2025-10-27,C001016,NY,RW-4418,mtb,M,carbon,1,4899,true,2025-10-31
WEB-101110,2025-10-27,C001030,CA,RW-6416,mtb,L,carbon,1,4899,true,2025-10-30
WEB-100979,2025-10-28,C000908,CO,RW-3980,road,S,carbon,1,3999,true,2025-11-03
WEB-100981,2025-10-28,C000910,PA,RW-3980,road,S,carbon,1,3999,true,2025-11-05
WEB-100985,2025-10-28,C000914,AZ,RW-3980,road,S,carbon,1,3999,true,2025-10-30
WEB-100986,2025-10-28,C000915,OR,RW-3980,road,S,carbon,1,3999,true,2025-10-31
WEB-100990,2025-10-28,C000919,NY,RW-9835,road,M,base,1,1899,true,2025-11-04
WEB-100992,2025-10-28,C000921,CA,RW-9835,road,M,base,1,1899,true,2025-11-04
WEB-101003,2025-10-28,C000932,AZ,RW-9835,road,M,base,1,1899,true,2025-11-04
WEB-101007,2025-10-28,C000936,FL,RW-9835,road,M,base,1,1899,true,2025-11-01
WEB-101013,2025-10-28,C000942,OR,RW-2984,road,M,carbon,1,3999,true,2025-11-02
WEB-101020,2025-10-28,C000949,NC,RW-2984,road,M,carbon,1,3999,true,2025-10-31
WEB-101023,2025-10-28,C000713,UT,RW-2984,road,M,carbon,1,3999,true,2025-11-02
WEB-101027,2025-10-28,C000955,WA,RW-2984,road,M,carbon,1,3999,true,2025-11-03
WEB-101031,2025-10-28,C000891,CA,RW-7298,road,L,base,1,1899,true,2025-10-31
WEB-101040,2025-10-28,C000683,UT,RW-1378,road,L,carbon,1,3999,true,2025-11-01
WEB-101056,2025-10-28,C000980,GA,RW-9304,mtb,S,carbon,1,4899,true,2025-10-30
WEB-101057,2025-10-28,C000488,CA,RW-9304,mtb,S,carbon,1,4899,true,2025-11-05
WEB-101061,2025-10-28,C000984,MA,RW-9304,mtb,S,carbon,1,4899,true,2025-11-03
WEB-101073,2025-10-28,C000996,OR,RW-9324,mtb,M,base,1,2299,true,2025-11-07
WEB-101079,2025-10-28,C000860,AZ,RW-9324,mtb,M,base,1,2299,true,2025-10-31
WEB-101086,2025-10-28,C001007,WA,RW-9324,mtb,M,base,1,2299,true,2025-11-03
WEB-101087,2025-10-28,C001008,MI,RW-4418,mtb,M,carbon,1,4899,true,2025-11-02
WEB-101098,2025-10-28,C001019,FL,RW-9901,mtb,L,base,1,2299,true,2025-11-02
WEB-101104,2025-10-28,C001025,TX,RW-9901,mtb,L,base,1,2299,true,2025-10-31
WEB-101105,2025-10-28,C000969,OR,RW-9901,mtb,L,base,1,2299,true,2025-10-31
WEB-101108,2025-10-28,C001028,OR,RW-6416,mtb,L,carbon,1,4899,true,2025-11-02
WEB-100974,2025-10-29,C000241,GA,RW-3980,road,S,carbon,1,3999,true,2025-11-06
WEB-100977,2025-10-29,C000906,IL,RW-3980,road,S,carbon,1,3999,true,2025-11-03
WEB-100989,2025-10-29,C000918,OR,RW-9835,road,M,base,1,1899,true,2025-11-04
WEB-100993,2025-10-29,C000922,FL,RW-9835,road,M,base,1,1899,true,2025-11-07
WEB-101000,2025-10-29,C000929,ID,RW-9835,road,M,base,1,1899,true,2025-10-31
WEB-101004,2025-10-29,C000933,IL,RW-9835,road,M,base,1,1899,true,2025-11-08
WEB-101011,2025-10-29,C000940,VT,RW-2984,road,M,carbon,1,3999,true,2025-11-08
WEB-101021,2025-10-29,C000950,ID,RW-2984,road,M,carbon,1,3999,true,2025-10-31
WEB-101022,2025-10-29,C000951,WA,RW-2984,road,M,carbon,1,3999,true,2025-11-04
WEB-101028,2025-10-29,C000956,CO,RW-7298,road,L,base,1,1899,true,2025-11-04
WEB-101030,2025-10-29,C000958,CA,RW-7298,road,L,base,1,1899,true,2025-11-02
WEB-101042,2025-10-29,C000967,CO,RW-1378,road,L,carbon,1,3999,true,2025-11-02
WEB-101044,2025-10-29,C000554,NC,RW-1378,road,L,carbon,1,3999,true,2025-11-01
WEB-101046,2025-10-29,C000970,NC,RW-1378,road,L,carbon,1,3999,true,2025-10-31
WEB-101049,2025-10-29,C000973,MA,RW-9304,mtb,S,carbon,1,4899,true,2025-11-02
WEB-101064,2025-10-29,C000987,CA,RW-9324,mtb,M,base,1,2299,true,2025-11-04
WEB-101066,2025-10-29,C000989,UT,RW-9324,mtb,M,base,1,2299,true,2025-11-01
WEB-101067,2025-10-29,C000990,WA,RW-9324,mtb,M,base,1,2299,true,2025-10-31
WEB-101072,2025-10-29,C000995,TX,RW-9324,mtb,M,base,1,2299,true,2025-11-04
WEB-101090,2025-10-29,C001011,NM,RW-4418,mtb,M,carbon,1,4899,true,2025-11-01
WEB-101091,2025-10-29,C001012,AZ,RW-4418,mtb,M,carbon,1,4899,true,2025-11-01
WEB-101093,2025-10-29,C001014,VT,RW-4418,mtb,M,carbon,1,4899,true,2025-11-04
WEB-101101,2025-10-29,C001022,GA,RW-9901,mtb,L,base,1,2299,true,2025-11-03
WEB-101102,2025-10-29,C001023,GA,RW-9901,mtb,L,base,1,2299,true,2025-11-01
WEB-101111,2025-10-29,C001031,NM,RW-6416,mtb,L,carbon,1,4899,true,2025-11-04
WEB-100983,2025-10-30,C000912,IL,RW-3980,road,S,carbon,1,3999,true,2025-11-05
WEB-100984,2025-10-30,C000913,VT,RW-3980,road,S,carbon,1,3999,true,2025-11-08
WEB-100988,2025-10-30,C000917,IL,RW-3980,road,S,carbon,1,3999,true,2025-11-03
WEB-100991,2025-10-30,C000920,GA,RW-9835,road,M,base,1,1899,true,2025-11-07
WEB-101008,2025-10-30,C000937,NY,RW-9835,road,M,base,1,1899,true,2025-11-06
WEB-101010,2025-10-30,C000939,MI,RW-2984,road,M,carbon,1,3999,true,2025-11-06
WEB-101016,2025-10-30,C000945,FL,RW-2984,road,M,carbon,1,3999,true,2025-11-01
WEB-101026,2025-10-30,C000954,IL,RW-2984,road,M,carbon,1,3999,true,2025-11-03
WEB-101055,2025-10-30,C000979,IL,RW-9304,mtb,S,carbon,1,4899,true,2025-11-03
WEB-101059,2025-10-30,C000982,UT,RW-9304,mtb,S,carbon,1,4899,true,2025-11-01
WEB-101060,2025-10-30,C000983,WA,RW-9304,mtb,S,carbon,1,4899,true,2025-11-03
WEB-101081,2025-10-30,C001002,PA,RW-9324,mtb,M,base,1,2299,true,2025-11-01
WEB-101106,2025-10-30,C001026,UT,RW-9901,mtb,L,base,1,2299,true,2025-11-07
WEB-101107,2025-10-30,C001027,NC,RW-6416,mtb,L,carbon,1,4899,true,2025-11-09
WEB-100982,2025-10-31,C000911,MN,RW-3980,road,S,carbon,1,3999,true,2025-11-07
WEB-100997,2025-10-31,C000926,NY,RW-9835,road,M,base,1,1899,true,2025-11-04
WEB-101005,2025-10-31,C000934,WA,RW-9835,road,M,base,1,1899,true,2025-11-10
WEB-101006,2025-10-31,C000935,NM,RW-9835,road,M,base,1,1899,true,2025-11-04
WEB-101009,2025-10-31,C000938,CA,RW-2984,road,M,carbon,1,3999,true,2025-11-10
WEB-101014,2025-10-31,C000943,NC,RW-2984,road,M,carbon,1,3999,true,2025-11-08
WEB-101017,2025-10-31,C000946,VT,RW-2984,road,M,carbon,1,3999,true,2025-11-04
WEB-101024,2025-10-31,C000952,GA,RW-2984,road,M,carbon,1,3999,true,2025-11-06
WEB-101032,2025-10-31,C000959,MI,RW-7298,road,L,base,1,1899,true,2025-11-07
WEB-101034,2025-10-31,C000961,ID,RW-7298,road,L,base,1,1899,true,2025-11-03
WEB-101036,2025-10-31,C000963,MT,RW-1378,road,L,carbon,1,3999,true,2025-11-04
WEB-101041,2025-10-31,C000966,ID,RW-1378,road,L,carbon,1,3999,true,2025-11-10
WEB-101058,2025-10-31,C000981,OR,RW-9304,mtb,S,carbon,1,4899,true,2025-11-06
WEB-101062,2025-10-31,C000985,GA,RW-9304,mtb,S,carbon,1,4899,true,2025-11-09
WEB-101076,2025-10-31,C000998,NM,RW-9324,mtb,M,base,1,2299,true,2025-11-02
WEB-101078,2025-10-31,C001000,VT,RW-9324,mtb,M,base,1,2299,true,2025-11-10
WEB-101083,2025-10-31,C001004,WA,RW-9324,mtb,M,base,1,2299,true,2025-11-08
WEB-101089,2025-10-31,C001010,NY,RW-4418,mtb,M,carbon,1,4899,true,2025-11-04
WEB-101094,2025-10-31,C001015,CO,RW-4418,mtb,M,carbon,1,4899,true,2025-11-07
WEB-101099,2025-10-31,C001020,MI,RW-9901,mtb,L,base,1,2299,true,2025-11-06
WEB-101100,2025-10-31,C001021,PA,RW-9901,mtb,L,base,1,2299,true,2025-11-03
WEB-100978,2025-11-01,C000907,UT,RW-3980,road,S,carbon,1,3999,true,2025-11-03
WEB-100996,2025-11-01,C000925,CO,RW-9835,road,M,base,1,1899,true,2025-11-10
WEB-100998,2025-11-01,C000927,MT,RW-9835,road,M,base,1,1899,true,2025-11-05
WEB-101001,2025-11-01,C000930,VT,RW-9835,road,M,base,1,1899,true,2025-11-05
WEB-101002,2025-11-01,C000931,TX,RW-9835,road,M,base,1,1899,true,2025-11-07
WEB-101037,2025-11-01,C000964,CA,RW-1378,road,L,carbon,1,3999,true,2025-11-05
WEB-101039,2025-11-01,C000965,MA,RW-1378,road,L,carbon,1,3999,true,2025-11-07
WEB-101050,2025-11-01,C000974,NM,RW-9304,mtb,S,carbon,1,4899,true,2025-11-05
WEB-101051,2025-11-01,C000975,OR,RW-9304,mtb,S,carbon,1,4899,true,2025-11-08
WEB-101052,2025-11-01,C000976,MN,RW-9304,mtb,S,carbon,1,4899,true,2025-11-08
WEB-101053,2025-11-01,C000977,VT,RW-9304,mtb,S,carbon,1,4899,true,2025-11-05
WEB-101063,2025-11-01,C000986,GA,RW-9324,mtb,M,base,1,2299,true,2025-11-09
WEB-101065,2025-11-01,C000988,NC,RW-9324,mtb,M,base,1,2299,true,2025-11-09
WEB-101068,2025-11-01,C000991,FL,RW-9324,mtb,M,base,1,2299,true,2025-11-11
WEB-101077,2025-11-01,C000999,VT,RW-9324,mtb,M,base,1,2299,true,2025-11-07
WEB-101082,2025-11-01,C001003,NY,RW-9324,mtb,M,base,1,2299,true,2025-11-06
WEB-101084,2025-11-01,C001005,ID,RW-9324,mtb,M,base,1,2299,true,2025-11-05
WEB-101097,2025-11-01,C001018,GA,RW-9901,mtb,L,base,1,2299,true,2025-11-06
WEB-101109,2025-11-01,C001029,MA,RW-6416,mtb,L,carbon,1,4899,true,2025-11-09
WEB-100975,2025-11-02,C000904,TX,RW-3980,road,S,carbon,1,3999,true,2025-11-04
WEB-100976,2025-11-02,C000905,PA,RW-3980,road,S,carbon,1,3999,true,2025-11-07
WEB-100980,2025-11-02,C000909,AZ,RW-3980,road,S,carbon,1,3999,true,2025-11-08
WEB-100994,2025-11-02,C000923,UT,RW-9835,road,M,base,1,1899,true,2025-11-10
WEB-100999,2025-11-02,C000928,FL,RW-9835,road,M,base,1,1899,true,2025-11-12
WEB-101015,2025-11-02,C000944,NC,RW-2984,road,M,carbon,1,3999,true,2025-11-04
WEB-101018,2025-11-02,C000947,UT,RW-2984,road,M,carbon,1,3999,true,2025-11-10
WEB-101025,2025-11-02,C000953,MN,RW-2984,road,M,carbon,1,3999,true,2025-11-06
WEB-101029,2025-11-02,C000957,CO,RW-7298,road,L,base,1,1899,true,2025-11-10
WEB-101038,2025-11-02,C000028,MI,RW-1378,road,L,carbon,1,3999,true,2025-11-04
WEB-101043,2025-11-02,C000968,VT,RW-1378,road,L,carbon,1,3999,true,2025-11-05
WEB-101045,2025-11-02,C000969,MN,RW-1378,road,L,carbon,1,3999,true,2025-11-05
WEB-101069,2025-11-02,C000992,PA,RW-9324,mtb,M,base,1,2299,true,2025-11-12
WEB-101074,2025-11-02,C000997,FL,RW-9324,mtb,M,base,1,2299,true,2025-11-08
WEB-101085,2025-11-02,C001006,OR,RW-9324,mtb,M,base,1,2299,true,2025-11-07
WEB-101088,2025-11-02,C001009,NC,RW-4418,mtb,M,carbon,1,4899,true,2025-11-06
WEB-101096,2025-11-02,C001017,MN,RW-9901,mtb,L,base,1,2299,true,2025-11-06
WEB-101103,2025-11-02,C001024,UT,RW-9901,mtb,L,base,1,2299,true,2025-11-07
WEB-101133,2025-11-03,C001049,WA,RW-9835,road,M,base,1,1899,true,2025-11-07
WEB-101141,2025-11-03,C001057,CO,RW-9835,road,M,base,1,1899,true,2025-11-12
WEB-101162,2025-11-03,C001077,FL,RW-2984,road,M,carbon,1,3999,true,2025-11-06
WEB-101168,2025-11-03,C001083,AZ,RW-7298,road,L,base,1,1899,true,2025-11-10
WEB-101169,2025-11-03,C001084,MI,RW-7298,road,L,base,1,1899,true,2025-11-13
WEB-101182,2025-11-03,C001095,TX,RW-1378,road,L,carbon,1,3999,true,2025-11-08
WEB-101187,2025-11-03,C001100,NY,RW-1378,road,L,carbon,1,3999,true,2025-11-07
WEB-101190,2025-11-03,C001103,MN,RW-9304,mtb,S,carbon,1,4899,true,2025-11-06
WEB-101197,2025-11-03,C001052,MI,RW-9304,mtb,S,carbon,1,4899,true,2025-11-12
WEB-101204,2025-11-03,C001114,TX,RW-9324,mtb,M,base,1,2299,true,2025-11-05
WEB-101206,2025-11-03,C001116,AZ,RW-9324,mtb,M,base,1,2299,true,2025-11-06
WEB-101214,2025-11-03,C001123,CA,RW-9324,mtb,M,base,1,2299,true,2025-11-08
WEB-101223,2025-11-03,C001130,CO,RW-4418,mtb,M,carbon,1,4899,true,2025-11-09
WEB-101239,2025-11-03,C000658,AZ,RW-6416,mtb,L,carbon,1,4899,true,2025-11-13
WEB-101241,2025-11-03,C000920,MT,RW-6416,mtb,L,carbon,1,4899,true,2025-11-05
WEB-101243,2025-11-03,C001145,MN,RW-6416,mtb,L,carbon,1,4899,true,2025-11-07
WEB-101121,2025-11-04,C001040,FL,RW-3980,road,S,carbon,1,3999,true,2025-11-08
WEB-101136,2025-11-04,C001052,IL,RW-9835,road,M,base,1,1899,true,2025-11-06
WEB-101139,2025-11-04,C001055,VT,RW-9835,road,M,base,1,1899,true,2025-11-13
WEB-101156,2025-11-04,C001072,ID,RW-2984,road,M,carbon,1,3999,true,2025-11-13
WEB-101166,2025-11-04,C001081,UT,RW-2984,road,M,carbon,1,3999,true,2025-11-13
WEB-101172,2025-11-04,C001087,TX,RW-7298,road,L,base,1,1899,true,2025-11-06
WEB-101173,2025-11-04,C001088,MN,RW-7298,road,L,base,1,1899,true,2025-11-10
WEB-101174,2025-11-04,C001089,ID,RW-7298,road,L,base,1,1899,true,2025-11-09
WEB-101179,2025-11-04,C001093,WA,RW-7298,road,L,base,1,1899,true,2025-11-11
WEB-101194,2025-11-04,C001107,NC,RW-9304,mtb,S,carbon,1,4899,true,2025-11-11
WEB-101213,2025-11-04,C001122,CO,RW-9324,mtb,M,base,1,2299,true,2025-11-11
WEB-101218,2025-11-04,C000234,FL,RW-9324,mtb,M,base,1,2299,true,2025-11-11
WEB-101242,2025-11-04,C001144,VT,RW-6416,mtb,L,carbon,1,4899,true,2025-11-11
WEB-101115,2025-11-05,C001034,OR,RW-3980,road,S,carbon,1,3999,true,2025-11-12
WEB-101122,2025-11-05,C001041,CA,RW-3980,road,S,carbon,1,3999,true,2025-11-15
WEB-101124,2025-11-05,C001042,TX,RW-3980,road,S,carbon,1,3999,true,2025-11-10
WEB-101129,2025-11-05,C000716,MI,RW-3980,road,S,carbon,1,3999,true,2025-11-09
WEB-101135,2025-11-05,C001051,CO,RW-9835,road,M,base,1,1899,true,2025-11-09
WEB-101145,2025-11-05,C001061,GA,RW-9835,road,M,base,1,1899,true,2025-11-12
WEB-101146,2025-11-05,C001062,ID,RW-9835,road,M,base,1,1899,true,2025-11-12
WEB-101148,2025-11-05,C001064,NY,RW-9835,road,M,base,1,1899,true,2025-11-15
WEB-101151,2025-11-05,C001067,WA,RW-9835,road,M,base,1,1899,true,2025-11-08
WEB-101153,2025-11-05,C001069,OR,RW-2984,road,M,carbon,1,3999,true,2025-11-10
WEB-101155,2025-11-05,C001071,OR,RW-2984,road,M,carbon,1,3999,true,2025-11-15
WEB-101178,2025-11-05,C001092,NC,RW-7298,road,L,base,1,1899,true,2025-11-10
WEB-101192,2025-11-05,C001105,WA,RW-9304,mtb,S,carbon,1,4899,true,2025-11-13
WEB-101217,2025-11-05,C000360,MN,RW-9324,mtb,M,base,1,2299,true,2025-11-11
WEB-101219,2025-11-05,C001126,OR,RW-9324,mtb,M,base,1,2299,true,2025-11-15
WEB-101226,2025-11-05,C001133,TX,RW-4418,mtb,M,carbon,1,4899,true,2025-11-11
WEB-101230,2025-11-05,C001135,MT,RW-9901,mtb,L,base,1,2299,true,2025-11-09
WEB-101231,2025-11-05,C001136,ID,RW-9901,mtb,L,base,1,2299,true,2025-11-12
WEB-101232,2025-11-05,C000545,CO,RW-9901,mtb,L,base,1,2299,true,2025-11-09
WEB-101112,2025-11-06,C001032,OR,RW-3980,road,S,carbon,1,3999,true,2025-11-15
WEB-101117,2025-11-06,C001036,NM,RW-3980,road,S,carbon,1,3999,true,2025-11-08
WEB-101118,2025-11-06,C001037,PA,RW-3980,road,S,carbon,1,3999,true,2025-11-10
WEB-101126,2025-11-06,C001043,FL,RW-3980,road,S,carbon,1,3999,true,2025-11-11
WEB-101131,2025-11-06,C001047,FL,RW-9835,road,M,base,1,1899,true,2025-11-09
WEB-101143,2025-11-06,C001059,MN,RW-9835,road,M,base,1,1899,true,2025-11-16
WEB-101147,2025-11-06,C001063,GA,RW-9835,road,M,base,1,1899,true,2025-11-13
WEB-101161,2025-11-06,C001076,NC,RW-2984,road,M,carbon,1,3999,true,2025-11-10
WEB-101165,2025-11-06,C001080,NM,RW-2984,road,M,carbon,1,3999,true,2025-11-16
WEB-101183,2025-11-06,C001096,GA,RW-1378,road,L,carbon,1,3999,true,2025-11-08
WEB-101188,2025-11-06,C001101,MN,RW-1378,road,L,carbon,1,3999,true,2025-11-16
WEB-101189,2025-11-06,C001102,NM,RW-1378,road,L,carbon,1,3999,true,2025-11-09
WEB-101196,2025-11-06,C001109,NY,RW-9304,mtb,S,carbon,1,4899,true,2025-11-15
WEB-101200,2025-11-06,C000867,NC,RW-9304,mtb,S,carbon,1,4899,true,2025-11-08
WEB-101202,2025-11-06,C001113,UT,RW-9304,mtb,S,carbon,1,4899,true,2025-11-09
WEB-101207,2025-11-06,C001117,AZ,RW-9324,mtb,M,base,1,2299,true,2025-11-11
WEB-101208,2025-11-06,C001118,NC,RW-9324,mtb,M,base,1,2299,true,2025-11-14
WEB-101211,2025-11-06,C001121,ID,RW-9324,mtb,M,base,1,2299,true,2025-11-09
WEB-101220,2025-11-06,C001127,MA,RW-9324,mtb,M,base,1,2299,true,2025-11-10
WEB-101224,2025-11-06,C001131,VT,RW-4418,mtb,M,carbon,1,4899,true,2025-11-09
WEB-101119,2025-11-07,C001038,ID,RW-3980,road,S,carbon,1,3999,true,2025-11-17
WEB-101123,2025-11-07,C000234,CA,RW-3980,road,S,carbon,1,3999,true,2025-11-13
WEB-101130,2025-11-07,C001046,WA,RW-9835,road,M,base,1,1899,true,2025-11-17
WEB-101132,2025-11-07,C001048,MA,RW-9835,road,M,base,1,1899,true,2025-11-11
WEB-101138,2025-11-07,C001054,MA,RW-9835,road,M,base,1,1899,true,2025-11-12
WEB-101144,2025-11-07,C001060,FL,RW-9835,road,M,base,1,1899,true,2025-11-17
WEB-101157,2025-11-07,C001073,IL,RW-2984,road,M,carbon,1,3999,true,2025-11-12
WEB-101159,2025-11-07,C001075,VT,RW-2984,road,M,carbon,1,3999,true,2025-11-15
WEB-101163,2025-11-07,C001078,IL,RW-2984,road,M,carbon,1,3999,true,2025-11-17
WEB-101170,2025-11-07,C001085,IL,RW-7298,road,L,base,1,1899,true,2025-11-13
WEB-101175,2025-11-07,C001090,PA,RW-7298,road,L,base,1,1899,true,2025-11-13
WEB-101177,2025-11-07,C001091,ID,RW-7298,road,L,base,1,1899,true,2025-11-09
WEB-101180,2025-11-07,C001094,VT,RW-7298,road,L,base,1,1899,true,2025-11-09
WEB-101186,2025-11-07,C001099,ID,RW-1378,road,L,carbon,1,3999,true,2025-11-14
WEB-101198,2025-11-07,C001110,UT,RW-9304,mtb,S,carbon,1,4899,true,2025-11-12
WEB-101199,2025-11-07,C001111,MT,RW-9304,mtb,S,carbon,1,4899,true,2025-11-14
WEB-101215,2025-11-07,C001124,MI,RW-9324,mtb,M,base,1,2299,true,2025-11-16
WEB-101216,2025-11-07,C001125,IL,RW-9324,mtb,M,base,1,2299,true,2025-11-12
WEB-101221,2025-11-07,C001128,GA,RW-9324,mtb,M,base,1,2299,true,2025-11-17
WEB-101227,2025-11-07,C000074,WA,RW-4418,mtb,M,carbon,1,4899,true,2025-11-13
WEB-101233,2025-11-07,C001137,MN,RW-9901,mtb,L,base,1,2299,true,2025-11-13
WEB-101236,2025-11-07,C001140,ID,RW-9901,mtb,L,base,1,2299,true,2025-11-14
WEB-101114,2025-11-08,C000393,NC,RW-3980,road,S,carbon,1,3999,true,2025-11-16
WEB-101120,2025-11-08,C001039,PA,RW-3980,road,S,carbon,1,3999,true,2025-11-16
WEB-101127,2025-11-08,C001044,WA,RW-3980,road,S,carbon,1,3999,true,2025-11-17
WEB-101128,2025-11-08,C001045,ID,RW-3980,road,S,carbon,1,3999,true,2025-11-13
WEB-101134,2025-11-08,C001050,FL,RW-9835,road,M,base,1,1899,true,2025-11-17
WEB-101140,2025-11-08,C001056,MI,RW-9835,road,M,base,1,1899,true,2025-11-13
WEB-101142,2025-11-08,C001058,MN,RW-9835,road,M,base,1,1899,true,2025-11-16
WEB-101150,2025-11-08,C001066,ID,RW-9835,road,M,base,1,1899,true,2025-11-15
WEB-101152,2025-11-08,C001068,UT,RW-9835,road,M,base,1,1899,true,2025-11-15
WEB-101176,2025-11-08,C000586,TX,RW-7298,road,L,base,1,1899,true,2025-11-13
WEB-101181,2025-11-08,C000477,GA,RW-1378,road,L,carbon,1,3999,true,2025-11-18
WEB-101185,2025-11-08,C001098,NY,RW-1378,road,L,carbon,1,3999,true,2025-11-13
WEB-101191,2025-11-08,C001104,FL,RW-9304,mtb,S,carbon,1,4899,true,2025-11-11
WEB-101193,2025-11-08,C001106,MA,RW-9304,mtb,S,carbon,1,4899,true,2025-11-18
WEB-101205,2025-11-08,C001115,ID,RW-9324,mtb,M,base,1,2299,true,2025-11-13
WEB-101209,2025-11-08,C001119,AZ,RW-9324,mtb,M,base,1,2299,true,2025-11-11
WEB-101210,2025-11-08,C001120,VT,RW-9324,mtb,M,base,1,2299,true,2025-11-13
WEB-101212,2025-11-08,C000002,ID,RW-9324,mtb,M,base,1,2299,true,2025-11-11
WEB-101222,2025-11-08,C001129,MA,RW-9324,mtb,M,base,1,2299,true,2025-11-17
WEB-101228,2025-11-08,C001134,UT,RW-4418,mtb,M,carbon,1,4899,true,2025-11-10
WEB-101229,2025-11-08,C001055,CA,RW-9901,mtb,L,base,1,2299,true,2025-11-11
WEB-101234,2025-11-08,C001138,UT,RW-9901,mtb,L,base,1,2299,true,2025-11-15
WEB-101235,2025-11-08,C001139,CA,RW-9901,mtb,L,base,1,2299,true,2025-11-11
WEB-101237,2025-11-08,C001141,MA,RW-9901,mtb,L,base,1,2299,true,2025-11-10
WEB-101113,2025-11-09,C001033,GA,RW-3980,road,S,carbon,1,3999,true,2025-11-12
WEB-101116,2025-11-09,C001035,NM,RW-3980,road,S,carbon,1,3999,true,2025-11-12
WEB-101125,2025-11-09,C000116,MN,RW-3980,road,S,carbon,1,3999,true,2025-11-18
WEB-101137,2025-11-09,C001053,TX,RW-9835,road,M,base,1,1899,true,2025-11-13
WEB-101149,2025-11-09,C001065,TX,RW-9835,road,M,base,1,1899,true,2025-11-17
WEB-101154,2025-11-09,C001070,NM,RW-2984,road,M,carbon,1,3999,true,2025-11-15
WEB-101158,2025-11-09,C001074,NC,RW-2984,road,M,carbon,1,3999,true,2025-11-13
WEB-101160,2025-11-09,C001062,MA,RW-2984,road,M,carbon,1,3999,true,2025-11-14
WEB-101164,2025-11-09,C001079,IL,RW-2984,road,M,carbon,1,3999,true,2025-11-18
WEB-101167,2025-11-09,C001082,NM,RW-2984,road,M,carbon,1,3999,true,2025-11-17
WEB-101171,2025-11-09,C001086,UT,RW-7298,road,L,base,1,1899,true,2025-11-16
WEB-101184,2025-11-09,C001097,MT,RW-1378,road,L,carbon,1,3999,true,2025-11-12
WEB-101195,2025-11-09,C001108,AZ,RW-9304,mtb,S,carbon,1,4899,true,2025-11-12
WEB-101201,2025-11-09,C001112,AZ,RW-9304,mtb,S,carbon,1,4899,true,2025-11-13
WEB-101203,2025-11-09,C000987,CA,RW-9304,mtb,S,carbon,1,4899,true,2025-11-14
WEB-101225,2025-11-09,C001132,FL,RW-4418,mtb,M,carbon,1,4899,true,2025-11-15
WEB-101238,2025-11-09,C001142,MA,RW-9901,mtb,L,base,1,2299,true,2025-11-12
WEB-101240,2025-11-09,C001143,NC,RW-6416,mtb,L,carbon,1,4899,true,2025-11-17
WEB-101244,2025-11-10,C001146,GA,RW-3980,road,S,carbon,1,3999,true,2025-11-18
WEB-101246,2025-11-10,C001148,WA,RW-3980,road,S,carbon,1,3999,true,2025-11-18
WEB-101253,2025-11-10,C000362,CO,RW-3980,road,S,carbon,1,3999,true,2025-11-19
WEB-101254,2025-11-10,C001155,MT,RW-3980,road,S,carbon,1,3999,true,2025-11-19
WEB-101258,2025-11-10,C001159,VT,RW-3980,road,S,carbon,1,3999,true,2025-11-20
WEB-101260,2025-11-10,C001161,ID,RW-3980,road,S,carbon,1,3999,true,2025-11-12
WEB-101271,2025-11-10,C001171,CA,RW-9835,road,M,base,1,1899,true,2025-11-12
WEB-101278,2025-11-10,C001177,WA,RW-9835,road,M,base,1,1899,true,2025-11-18
WEB-101296,2025-11-10,C000087,UT,RW-2984,road,M,carbon,1,3999,true,2025-11-18
WEB-101299,2025-11-10,C001195,MI,RW-2984,road,M,carbon,1,3999,true,2025-11-20
WEB-101323,2025-11-10,C001025,NM,RW-9304,mtb,S,carbon,1,4899,true,2025-11-16
WEB-101327,2025-11-10,C001220,WA,RW-9304,mtb,S,carbon,1,4899,true,2025-11-17
WEB-101328,2025-11-10,C001221,NC,RW-9304,mtb,S,carbon,1,4899,true,2025-11-16
WEB-101333,2025-11-10,C001226,OR,RW-9304,mtb,S,carbon,1,4899,true,2025-11-15
WEB-101349,2025-11-10,C001240,VT,RW-4418,mtb,M,carbon,1,4899,true,2025-11-19
WEB-101351,2025-11-10,C001242,PA,RW-4418,mtb,M,carbon,1,4899,true,2025-11-18
WEB-101354,2025-11-10,C001245,OR,RW-9901,mtb,L,base,1,2299,true,2025-11-20
WEB-101355,2025-11-10,C001246,OR,RW-9901,mtb,L,base,1,2299,true,2025-11-20
WEB-101356,2025-11-10,C001247,GA,RW-9901,mtb,L,base,1,2299,true,2025-11-16
WEB-101358,2025-11-10,C001249,AZ,RW-9901,mtb,L,base,1,2299,true,2025-11-20
WEB-101255,2025-11-11,C001156,PA,RW-3980,road,S,carbon,1,3999,true,2025-11-14
WEB-101257,2025-11-11,C001158,NM,RW-3980,road,S,carbon,1,3999,true,2025-11-16
WEB-101264,2025-11-11,C001165,UT,RW-9835,road,M,base,1,1899,true,2025-11-19
WEB-101269,2025-11-11,C000137,WA,RW-9835,road,M,base,1,1899,true,2025-11-18
WEB-101279,2025-11-11,C001178,GA,RW-9835,road,M,base,1,1899,true,2025-11-21
WEB-101308,2025-11-11,C001204,AZ,RW-7298,road,L,base,1,1899,true,2025-11-13
WEB-101320,2025-11-11,C001216,CO,RW-1378,road,L,carbon,1,3999,true,2025-11-14
WEB-101330,2025-11-11,C001223,VT,RW-9304,mtb,S,carbon,1,4899,true,2025-11-18
WEB-101341,2025-11-11,C001233,MT,RW-9324,mtb,M,base,1,2299,true,2025-11-18
WEB-101245,2025-11-12,C001147,MI,RW-3980,road,S,carbon,1,3999,true,2025-11-21
WEB-101262,2025-11-12,C001163,PA,RW-3980,road,S,carbon,1,3999,true,2025-11-14
WEB-101265,2025-11-12,C001166,ID,RW-9835,road,M,base,1,1899,true,2025-11-15
WEB-101268,2025-11-12,C001169,ID,RW-9835,road,M,base,1,1899,true,2025-11-20
WEB-101285,2025-11-12,C001184,CO,RW-2984,road,M,carbon,1,3999,true,2025-11-16
WEB-101286,2025-11-12,C000146,OR,RW-2984,road,M,carbon,1,3999,true,2025-11-16
WEB-101292,2025-11-12,C001190,ID,RW-2984,road,M,carbon,1,3999,true,2025-11-17
WEB-101294,2025-11-12,C001192,CO,RW-2984,road,M,carbon,1,3999,true,2025-11-22
WEB-101309,2025-11-12,C001205,OR,RW-7298,road,L,base,1,1899,true,2025-11-18
WEB-101310,2025-11-12,C001206,NC,RW-7298,road,L,base,1,1899,true,2025-11-17
WEB-101312,2025-11-12,C001208,MN,RW-7298,road,L,base,1,1899,true,2025-11-20
WEB-101326,2025-11-12,C001219,VT,RW-9304,mtb,S,carbon,1,4899,true,2025-11-17
WEB-101329,2025-11-12,C001222,GA,RW-9304,mtb,S,carbon,1,4899,true,2025-11-21
WEB-101339,2025-11-12,C001231,TX,RW-9324,mtb,M,base,1,2299,true,2025-11-21
WEB-101340,2025-11-12,C001232,FL,RW-9324,mtb,M,base,1,2299,true,2025-11-22
WEB-101343,2025-11-12,C001235,PA,RW-9324,mtb,M,base,1,2299,true,2025-11-19
WEB-101348,2025-11-12,C001239,NY,RW-4418,mtb,M,carbon,1,4899,true,2025-11-19
WEB-101350,2025-11-12,C001241,VT,RW-4418,mtb,M,carbon,1,4899,true,2025-11-16
WEB-101361,2025-11-12,C001252,IL,RW-9901,mtb,L,base,1,2299,true,2025-11-21
WEB-101362,2025-11-12,C001253,CO,RW-9901,mtb,L,base,1,2299,true,2025-11-22
WEB-101363,2025-11-12,C001254,UT,RW-9901,mtb,L,base,1,2299,true,2025-11-14
WEB-101266,2025-11-13,C001167,TX,RW-9835,road,M,base,1,1899,true,2025-11-18
WEB-101283,2025-11-13,C001182,NM,RW-2984,road,M,carbon,1,3999,true,2025-11-18
WEB-101289,2025-11-13,C001187,CA,RW-2984,road,M,carbon,1,3999,true,2025-11-22
WEB-101300,2025-11-13,C001196,MA,RW-2984,road,M,carbon,1,3999,true,2025-11-17
WEB-101306,2025-11-13,C001202,MT,RW-7298,road,L,base,1,1899,true,2025-11-22
WEB-101307,2025-11-13,C001203,PA,RW-7298,road,L,base,1,1899,true,2025-11-15
WEB-101313,2025-11-13,C001209,VT,RW-7298,road,L,base,1,1899,true,2025-11-19
WEB-101316,2025-11-13,C001212,TX,RW-1378,road,L,carbon,1,3999,true,2025-11-19
WEB-101317,2025-11-13,C001213,NC,RW-1378,road,L,carbon,1,3999,true,2025-11-23
WEB-101318,2025-11-13,C001214,CO,RW-1378,road,L,carbon,1,3999,true,2025-11-15
WEB-101322,2025-11-13,C001217,MI,RW-1378,road,L,carbon,1,3999,true,2025-11-15
WEB-101324,2025-11-13,C001218,MI,RW-9304,mtb,S,carbon,1,4899,true,2025-11-20
WEB-101325,2025-11-13,C000684,MN,RW-9304,mtb,S,carbon,1,4899,true,2025-11-19
WEB-101336,2025-11-13,C000536,GA,RW-9324,mtb,M,base,1,2299,true,2025-11-19
WEB-101345,2025-11-13,C000674,WA,RW-4418,mtb,M,carbon,1,4899,true,2025-11-20
WEB-101346,2025-11-13,C001237,NM,RW-4418,mtb,M,carbon,1,4899,true,2025-11-18
WEB-101364,2025-11-13,C001255,OR,RW-6416,mtb,L,carbon,1,4899,true,2025-11-21
WEB-101368,2025-11-13,C001259,TX,RW-6416,mtb,L,carbon,1,4899,true,2025-11-23
WEB-101247,2025-11-14,C001149,NM,RW-3980,road,S,carbon,1,3999,true,2025-11-20
WEB-101249,2025-11-14,C001151,FL,RW-3980,road,S,carbon,1,3999,true,2025-11-20
WEB-101256,2025-11-14,C001157,MA,RW-3980,road,S,carbon,1,3999,true,2025-11-22
WEB-101261,2025-11-14,C001162,PA,RW-3980,road,S,carbon,1,3999,true,2025-11-21
WEB-101263,2025-11-14,C001164,AZ,RW-3980,road,S,carbon,1,3999,true,2025-11-20
WEB-101272,2025-11-14,C001172,UT,RW-9835,road,M,base,1,1899,true,2025-11-18
WEB-101273,2025-11-14,C000279,MI,RW-9835,road,M,base,1,1899,true,2025-11-22
WEB-101276,2025-11-14,C001175,MA,RW-9835,road,M,base,1,1899,true,2025-11-18
WEB-101277,2025-11-14,C001176,FL,RW-9835,road,M,base,1,1899,true,2025-11-21
WEB-101280,2025-11-14,C001179,MT,RW-9835,road,M,base,1,1899,true,2025-11-22
WEB-101282,2025-11-14,C001181,MA,RW-2984,road,M,carbon,1,3999,true,2025-11-16
WEB-101284,2025-11-14,C001183,NY,RW-2984,road,M,carbon,1,3999,true,2025-11-24
WEB-101290,2025-11-14,C001188,MN,RW-2984,road,M,carbon,1,3999,true,2025-11-23
WEB-101291,2025-11-14,C001189,NC,RW-2984,road,M,carbon,1,3999,true,2025-11-22
WEB-101298,2025-11-14,C001194,OR,RW-2984,road,M,carbon,1,3999,true,2025-11-24
WEB-101302,2025-11-14,C001198,OR,RW-2984,road,M,carbon,1,3999,true,2025-11-18
WEB-101311,2025-11-14,C001207,MI,RW-7298,road,L,base,1,1899,true,2025-11-23
WEB-101335,2025-11-14,C001228,NY,RW-9324,mtb,M,base,1,2299,true,2025-11-23
WEB-101342,2025-11-14,C001234,NM,RW-9324,mtb,M,base,1,2299,true,2025-11-19
WEB-101347,2025-11-14,C001238,NM,RW-4418,mtb,M,carbon,1,4899,true,2025-11-21
WEB-101251,2025-11-15,C001153,CA,RW-3980,road,S,carbon,1,3999,true,2025-11-23
WEB-101281,2025-11-15,C001180,UT,RW-9835,road,M,base,1,1899,true,2025-11-19
WEB-101293,2025-11-15,C001191,FL,RW-2984,road,M,carbon,1,3999,true,2025-11-19
WEB-101303,2025-11-15,C001199,VT,RW-2984,road,M,carbon,1,3999,true,2025-11-19
WEB-101305,2025-11-15,C001201,ID,RW-7298,road,L,base,1,1899,true,2025-11-19
WEB-101314,2025-11-15,C001210,MN,RW-7298,road,L,base,1,1899,true,2025-11-18
WEB-101315,2025-11-15,C001211,AZ,RW-1378,road,L,carbon,1,3999,true,2025-11-23
WEB-101319,2025-11-15,C001215,FL,RW-1378,road,L,carbon,1,3999,true,2025-11-24
WEB-101332,2025-11-15,C001225,NC,RW-9304,mtb,S,carbon,1,4899,true,2025-11-21
WEB-101334,2025-11-15,C001227,MA,RW-9324,mtb,M,base,1,2299,true,2025-11-23
WEB-101337,2025-11-15,C001229,MA,RW-9324,mtb,M,base,1,2299,true,2025-11-22
WEB-101338,2025-11-15,C001230,TX,RW-9324,mtb,M,base,1,2299,true,2025-11-22
WEB-101360,2025-11-15,C001251,IL,RW-9901,mtb,L,base,1,2299,true,2025-11-20
WEB-101365,2025-11-15,C001256,ID,RW-6416,mtb,L,carbon,1,4899,true,2025-11-24
WEB-101367,2025-11-15,C001258,CO,RW-6416,mtb,L,carbon,1,4899,true,2025-11-20
WEB-101248,2025-11-16,C001150,NY,RW-3980,road,S,carbon,1,3999,true,2025-11-22
WEB-101250,2025-11-16,C001152,MA,RW-3980,road,S,carbon,1,3999,true,2025-11-25
WEB-101252,2025-11-16,C001154,NC,RW-3980,road,S,carbon,1,3999,true,2025-11-20
WEB-101259,2025-11-16,C001160,AZ,RW-3980,road,S,carbon,1,3999,true,2025-11-26
WEB-101267,2025-11-16,C001168,IL,RW-9835,road,M,base,1,1899,true,2025-11-20
WEB-101270,2025-11-16,C001170,GA,RW-9835,road,M,base,1,1899,true,2025-11-26
WEB-101274,2025-11-16,C001173,PA,RW-9835,road,M,base,1,1899,true,2025-11-24
WEB-101275,2025-11-16,C001174,WA,RW-9835,road,M,base,1,1899,true,2025-11-20
WEB-101287,2025-11-16,C001185,ID,RW-2984,road,M,carbon,1,3999,true,2025-11-18
WEB-101288,2025-11-16,C001186,CA,RW-2984,road,M,carbon,1,3999,true,2025-11-18
WEB-101295,2025-11-16,C000732,FL,RW-2984,road,M,carbon,1,3999,true,2025-11-26
WEB-101297,2025-11-16,C001193,CA,RW-2984,road,M,carbon,1,3999,true,2025-11-21
WEB-101301,2025-11-16,C001197,PA,RW-2984,road,M,carbon,1,3999,true,2025-11-18
WEB-101304,2025-11-16,C001200,ID,RW-2984,road,M,carbon,1,3999,true,2025-11-18
WEB-101321,2025-11-16,C000574,TX,RW-1378,road,L,carbon,1,3999,true,2025-11-18
WEB-101331,2025-11-16,C001224,MA,RW-9304,mtb,S,carbon,1,4899,true,2025-11-23
WEB-101344,2025-11-16,C001236,WA,RW-4418,mtb,M,carbon,1,4899,true,2025-11-23
WEB-101352,2025-11-16,C001243,GA,RW-9901,mtb,L,base,1,2299,true,2025-11-23
WEB-101353,2025-11-16,C001244,NY,RW-9901,mtb,L,base,1,2299,true,2025-11-24
WEB-101357,2025-11-16,C001248,NM,RW-9901,mtb,L,base,1,2299,true,2025-11-22
WEB-101359,2025-11-16,C001250,FL,RW-9901,mtb,L,base,1,2299,true,2025-11-22
WEB-101366,2025-11-16,C001257,UT,RW-6416,mtb,L,carbon,1,4899,true,2025-11-26
WEB-101381,2025-11-17,C001272,CA,RW-3980,road,S,carbon,1,3999,true,2025-11-19
WEB-101386,2025-11-17,C001276,NC,RW-9835,road,M,base,1,1899,true,2025-11-25
WEB-101398,2025-11-17,C001287,MT,RW-9835,road,M,base,1,1899,true,2025-11-24
WEB-101400,2025-11-17,C001289,OR,RW-9835,road,M,base,1,1899,true,2025-11-21
WEB-101439,2025-11-17,C001324,NC,RW-9304,mtb,S,carbon,1,4899,true,2025-11-25
WEB-101440,2025-11-17,C001325,GA,RW-9304,mtb,S,carbon,1,4899,true,2025-11-19
WEB-101441,2025-11-17,C001326,UT,RW-9304,mtb,S,carbon,1,4899,true,2025-11-19
WEB-101453,2025-11-17,C001338,ID,RW-9324,mtb,M,base,1,2299,true,2025-11-25
WEB-101461,2025-11-17,C001346,CO,RW-9324,mtb,M,base,1,2299,true,2025-11-22
WEB-101471,2025-11-17,C001355,MA,RW-9324,mtb,M,base,1,2299,true,2025-11-22
WEB-101481,2025-11-17,C001365,NM,RW-4418,mtb,M,carbon,1,4899,true,2025-11-20
WEB-101488,2025-11-17,C001372,NY,RW-9901,mtb,L,base,1,2299,true,2025-11-23
WEB-101492,2025-11-17,C001375,MT,RW-9901,mtb,L,base,1,2299,true,2025-11-22
WEB-101495,2025-11-17,C001378,MN,RW-9901,mtb,L,base,1,2299,true,2025-11-25
WEB-101497,2025-11-17,C001380,FL,RW-9901,mtb,L,base,1,2299,true,2025-11-25
WEB-101499,2025-11-17,C001382,IL,RW-6416,mtb,L,carbon,1,4899,true,2025-11-27
WEB-101503,2025-11-17,C001385,NC,RW-6416,mtb,L,carbon,1,4899,true,2025-11-24
WEB-101505,2025-11-17,C001387,IL,RW-6416,mtb,L,carbon,1,4899,true,2025-11-20
WEB-101370,2025-11-18,C001261,GA,RW-3980,road,S,carbon,1,3999,true,2025-11-28
WEB-101375,2025-11-18,C001266,UT,RW-3980,road,S,carbon,1,3999,true,2025-11-26
WEB-101383,2025-11-18,C001274,OR,RW-3980,road,S,carbon,1,3999,true,2025-11-25
WEB-101385,2025-11-18,C001209,NC,RW-9835,road,M,base,1,1899,true,2025-11-24
WEB-101392,2025-11-18,C001282,ID,RW-9835,road,M,base,1,1899,true,2025-11-23
WEB-101394,2025-11-18,C001284,FL,RW-9835,road,M,base,1,1899,true,2025-11-26
WEB-101404,2025-11-18,C001293,TX,RW-2984,road,M,carbon,1,3999,true,2025-11-25
WEB-101411,2025-11-18,C001106,CO,RW-2984,road,M,carbon,1,3999,true,2025-11-20
WEB-101414,2025-11-18,C001302,FL,RW-2984,road,M,carbon,1,3999,true,2025-11-28
WEB-101417,2025-11-18,C001305,NC,RW-7298,road,L,base,1,1899,true,2025-11-23
WEB-101422,2025-11-18,C001310,CO,RW-7298,road,L,base,1,1899,true,2025-11-22
WEB-101425,2025-11-18,C000108,GA,RW-7298,road,L,base,1,1899,true,2025-11-27
WEB-101433,2025-11-18,C001319,MT,RW-1378,road,L,carbon,1,3999,true,2025-11-23
WEB-101438,2025-11-18,C001323,MI,RW-9304,mtb,S,carbon,1,4899,true,2025-11-23
WEB-101442,2025-11-18,C001327,NC,RW-9304,mtb,S,carbon,1,4899,true,2025-11-27
WEB-101452,2025-11-18,C001337,NC,RW-9324,mtb,M,base,1,2299,true,2025-11-28
WEB-101458,2025-11-18,C001343,CA,RW-9324,mtb,M,base,1,2299,true,2025-11-25
WEB-101464,2025-11-18,C001349,MA,RW-9324,mtb,M,base,1,2299,true,2025-11-24
WEB-101466,2025-11-18,C001351,WA,RW-9324,mtb,M,base,1,2299,true,2025-11-26
WEB-101467,2025-11-18,C000600,CA,RW-9324,mtb,M,base,1,2299,true,2025-11-21
WEB-101468,2025-11-18,C001352,VT,RW-9324,mtb,M,base,1,2299,true,2025-11-28
WEB-101486,2025-11-18,C001370,IL,RW-4418,mtb,M,carbon,1,4899,true,2025-11-21
WEB-101493,2025-11-18,C001376,MT,RW-9901,mtb,L,base,1,2299,true,2025-11-26
WEB-101496,2025-11-18,C001379,AZ,RW-9901,mtb,L,base,1,2299,true,2025-11-24
WEB-101498,2025-11-18,C001381,ID,RW-6416,mtb,L,carbon,1,4899,true,2025-11-27
WEB-101502,2025-11-18,C001384,OR,RW-6416,mtb,L,carbon,1,4899,true,2025-11-28
WEB-101369,2025-11-19,C001260,UT,RW-3980,road,S,carbon,1,3999,true,2025-11-25
WEB-101378,2025-11-19,C001269,CO,RW-3980,road,S,carbon,1,3999,true,2025-11-24
WEB-101393,2025-11-19,C001283,UT,RW-9835,road,M,base,1,1899,true,2025-11-26
WEB-101399,2025-11-19,C001288,UT,RW-9835,road,M,base,1,1899,true,2025-11-22
WEB-101407,2025-11-19,C001296,PA,RW-2984,road,M,carbon,1,3999,true,2025-11-29
WEB-101413,2025-11-19,C001301,CA,RW-2984,road,M,carbon,1,3999,true,2025-11-24
WEB-101436,2025-11-19,C001321,ID,RW-9304,mtb,S,carbon,1,4899,true,2025-11-21
WEB-101454,2025-11-19,C001339,IL,RW-9324,mtb,M,base,1,2299,true,2025-11-29
WEB-101455,2025-11-19,C001340,MA,RW-9324,mtb,M,base,1,2299,true,2025-11-29
WEB-101456,2025-11-19,C001341,MA,RW-9324,mtb,M,base,1,2299,true,2025-11-29
WEB-101477,2025-11-19,C001361,MT,RW-4418,mtb,M,carbon,1,4899,true,2025-11-21
WEB-101479,2025-11-19,C001363,NY,RW-4418,mtb,M,carbon,1,4899,true,2025-11-26
WEB-101489,2025-11-19,C001373,CO,RW-9901,mtb,L,base,1,2299,true,2025-11-26
WEB-101500,2025-11-19,C000774,MI,RW-6416,mtb,L,carbon,1,4899,true,2025-11-27
WEB-101504,2025-11-19,C001386,TX,RW-6416,mtb,L,carbon,1,4899,true,2025-11-26
WEB-101507,2025-11-19,C001389,GA,RW-6416,mtb,L,carbon,1,4899,true,2025-11-22
WEB-101374,2025-11-20,C001265,NM,RW-3980,road,S,carbon,1,3999,true,2025-11-27
WEB-101391,2025-11-20,C001281,FL,RW-9835,road,M,base,1,1899,true,2025-11-29
WEB-101395,2025-11-20,C000473,MA,RW-9835,road,M,base,1,1899,true,2025-11-28
WEB-101396,2025-11-20,C001285,FL,RW-9835,road,M,base,1,1899,true,2025-11-25
WEB-101397,2025-11-20,C001286,MN,RW-9835,road,M,base,1,1899,true,2025-11-22
WEB-101403,2025-11-20,C001292,NM,RW-9835,road,M,base,1,1899,true,2025-11-26
WEB-101405,2025-11-20,C001294,UT,RW-2984,road,M,carbon,1,3999,true,2025-11-22
WEB-101409,2025-11-20,C001298,CO,RW-2984,road,M,carbon,1,3999,true,2025-11-25
WEB-101412,2025-11-20,C001300,NY,RW-2984,road,M,carbon,1,3999,true,2025-11-27
WEB-101416,2025-11-20,C001304,IL,RW-2984,road,M,carbon,1,3999,true,2025-11-24
WEB-101420,2025-11-20,C001308,NM,RW-7298,road,L,base,1,1899,true,2025-11-28
WEB-101421,2025-11-20,C001309,NY,RW-7298,road,L,base,1,1899,true,2025-11-22
WEB-101428,2025-11-20,C001315,PA,RW-1378,road,L,carbon,1,3999,true,2025-11-25
WEB-101431,2025-11-20,C001317,NM,RW-1378,road,L,carbon,1,3999,true,2025-11-30
WEB-101435,2025-11-20,C001320,WA,RW-9304,mtb,S,carbon,1,4899,true,2025-11-25
WEB-101444,2025-11-20,C001329,FL,RW-9304,mtb,S,carbon,1,4899,true,2025-11-24
WEB-101451,2025-11-20,C001336,WA,RW-9324,mtb,M,base,1,2299,true,2025-11-27
WEB-101460,2025-11-20,C001345,MA,RW-9324,mtb,M,base,1,2299,true,2025-11-24
WEB-101480,2025-11-20,C001364,NM,RW-4418,mtb,M,carbon,1,4899,true,2025-11-29
WEB-101487,2025-11-20,C001371,ID,RW-4418,mtb,M,carbon,1,4899,true,2025-11-29
WEB-101373,2025-11-21,C001264,AZ,RW-3980,road,S,carbon,1,3999,true,2025-11-28
WEB-101379,2025-11-21,C001270,MT,RW-3980,road,S,carbon,1,3999,true,2025-11-29
WEB-101389,2025-11-21,C001279,NC,RW-9835,road,M,base,1,1899,true,2025-11-30
WEB-101408,2025-11-21,C001297,FL,RW-2984,road,M,carbon,1,3999,true,2025-11-23
WEB-101410,2025-11-21,C001299,FL,RW-2984,road,M,carbon,1,3999,true,2025-11-30
WEB-101415,2025-11-21,C001303,MT,RW-2984,road,M,carbon,1,3999,true,2025-11-28
WEB-101432,2025-11-21,C001318,CO,RW-1378,road,L,carbon,1,3999,true,2025-11-25
WEB-101437,2025-11-21,C001322,FL,RW-9304,mtb,S,carbon,1,4899,true,2025-11-24
WEB-101447,2025-11-21,C001332,UT,RW-9304,mtb,S,carbon,1,4899,true,2025-11-24
WEB-101459,2025-11-21,C001344,CO,RW-9324,mtb,M,base,1,2299,true,2025-11-24
WEB-101462,2025-11-21,C001347,NC,RW-9324,mtb,M,base,1,2299,true,2025-11-26
WEB-101463,2025-11-21,C001348,NM,RW-9324,mtb,M,base,1,2299,true,2025-11-25
WEB-101470,2025-11-21,C001354,FL,RW-9324,mtb,M,base,1,2299,true,2025-11-30
WEB-101472,2025-11-21,C001356,OR,RW-9324,mtb,M,base,1,2299,true,2025-11-25
WEB-101473,2025-11-21,C001357,VT,RW-4418,mtb,M,carbon,1,4899,true,2025-11-24
WEB-101372,2025-11-22,C001263,NY,RW-3980,road,S,carbon,1,3999,true,2025-11-27
WEB-101387,2025-11-22,C001277,CO,RW-9835,road,M,base,1,1899,true,2025-11-29
WEB-101388,2025-11-22,C001278,MA,RW-9835,road,M,base,1,1899,true,2025-12-01
WEB-101390,2025-11-22,C001280,TX,RW-9835,road,M,base,1,1899,true,2025-11-30
WEB-101402,2025-11-22,C001291,AZ,RW-9835,road,M,base,1,1899,true,2025-11-28
WEB-101406,2025-11-22,C001295,MA,RW-2984,road,M,carbon,1,3999,true,2025-11-25
WEB-101424,2025-11-22,C001312,CA,RW-7298,road,L,base,1,1899,true,2025-11-25
WEB-101427,2025-11-22,C001314,MT,RW-1378,road,L,carbon,1,3999,true,2025-11-26
WEB-101429,2025-11-22,C001316,NC,RW-1378,road,L,carbon,1,3999,true,2025-11-29
WEB-101430,2025-11-22,C000692,AZ,RW-1378,road,L,carbon,1,3999,true,2025-12-02
WEB-101434,2025-11-22,C000779,UT,RW-1378,road,L,carbon,1,3999,true,2025-11-29
WEB-101448,2025-11-22,C001333,UT,RW-9304,mtb,S,carbon,1,4899,true,2025-11-28
WEB-101450,2025-11-22,C001335,CA,RW-9304,mtb,S,carbon,1,4899,true,2025-11-27
WEB-101465,2025-11-22,C001350,NC,RW-9324,mtb,M,base,1,2299,true,2025-11-26
WEB-101476,2025-11-22,C001360,PA,RW-4418,mtb,M,carbon,1,4899,true,2025-11-27
WEB-101478,2025-11-22,C001362,CA,RW-4418,mtb,M,carbon,1,4899,true,2025-11-27
WEB-101491,2025-11-22,C001374,MN,RW-9901,mtb,L,base,1,2299,true,2025-11-26
WEB-101501,2025-11-22,C001383,VT,RW-6416,mtb,L,carbon,1,4899,true,2025-12-02
WEB-101506,2025-11-22,C001388,MT,RW-6416,mtb,L,carbon,1,4899,true,2025-11-28
WEB-101371,2025-11-23,C001262,FL,RW-3980,road,S,carbon,1,3999,true,2025-12-01
WEB-101376,2025-11-23,C001267,GA,RW-3980,road,S,carbon,1,3999,true,2025-12-03
WEB-101377,2025-11-23,C001268,CO,RW-3980,road,S,carbon,1,3999,true,2025-11-28
WEB-101380,2025-11-23,C001271,IL,RW-3980,road,S,carbon,1,3999,true,2025-11-25
WEB-101382,2025-11-23,C001273,ID,RW-3980,road,S,carbon,1,3999,true,2025-11-30
WEB-101384,2025-11-23,C001275,CA,RW-3980,road,S,carbon,1,3999,true,2025-12-02
WEB-101401,2025-11-23,C001290,NC,RW-9835,road,M,base,1,1899,true,2025-11-26
WEB-101418,2025-11-23,C001306,MI,RW-7298,road,L,base,1,1899,true,2025-12-02
WEB-101419,2025-11-23,C001307,UT,RW-7298,road,L,base,1,1899,true,2025-12-03
WEB-101423,2025-11-23,C001311,GA,RW-7298,road,L,base,1,1899,true,2025-11-30
WEB-101426,2025-11-23,C001313,IL,RW-7298,road,L,base,1,1899,true,2025-11-27
WEB-101443,2025-11-23,C001328,NY,RW-9304,mtb,S,carbon,1,4899,true,2025-12-01
WEB-101445,2025-11-23,C001330,WA,RW-9304,mtb,S,carbon,1,4899,true,2025-11-27
WEB-101446,2025-11-23,C001331,NM,RW-9304,mtb,S,carbon,1,4899,true,2025-11-26
WEB-101449,2025-11-23,C001334,NM,RW-9304,mtb,S,carbon,1,4899,true,2025-11-26
WEB-101457,2025-11-23,C001342,AZ,RW-9324,mtb,M,base,1,2299,true,2025-11-29
WEB-101469,2025-11-23,C001353,OR,RW-9324,mtb,M,base,1,2299,true,2025-11-27
WEB-101474,2025-11-23,C001358,TX,RW-4418,mtb,M,carbon,1,4899,true,2025-11-28
WEB-101475,2025-11-23,C001359,WA,RW-4418,mtb,M,carbon,1,4899,true,2025-11-27
WEB-101482,2025-11-23,C001366,MN,RW-4418,mtb,M,carbon,1,4899,true,2025-11-26
WEB-101483,2025-11-23,C001367,MT,RW-4418,mtb,M,carbon,1,4899,true,2025-12-03
WEB-101484,2025-11-23,C001368,VT,RW-4418,mtb,M,carbon,1,4899,true,2025-11-25
WEB-101485,2025-11-23,C001369,CA,RW-4418,mtb,M,carbon,1,4899,true,2025-11-28
WEB-101490,2025-11-23,C000103,NC,RW-9901,mtb,L,base,1,2299,true,2025-12-01
WEB-101494,2025-11-23,C001377,MN,RW-9901,mtb,L,base,1,2299,true,2025-12-02
WEB-101512,2025-11-24,C001394,NC,RW-3980,road,S,carbon,1,3999,true,2025-12-02
WEB-101524,2025-11-24,C001404,MA,RW-9835,road,M,base,1,1899,true,2025-11-26
WEB-101529,2025-11-24,C001409,MT,RW-9835,road,M,base,1,1899,true,2025-11-27
WEB-101530,2025-11-24,C001410,PA,RW-9835,road,M,base,1,1899,true,2025-12-02
WEB-101532,2025-11-24,C001411,CO,RW-9835,road,M,base,1,1899,true,2025-11-29
WEB-101537,2025-11-24,C001415,VT,RW-9835,road,M,base,1,1899,true,2025-11-27
WEB-101543,2025-11-24,C001421,MN,RW-2984,road,M,carbon,1,3999,true,2025-12-04
WEB-101549,2025-11-24,C001427,PA,RW-2984,road,M,carbon,1,3999,true,2025-11-27
WEB-101569,2025-11-24,C001445,MT,RW-1378,road,L,carbon,1,3999,true,2025-11-29
WEB-101595,2025-11-24,C001470,MT,RW-9304,mtb,S,carbon,1,4899,true,2025-12-03
WEB-101604,2025-11-24,C001478,NM,RW-9324,mtb,M,base,1,2299,true,2025-12-02
WEB-101610,2025-11-24,C001484,MN,RW-9324,mtb,M,base,1,2299,true,2025-11-26
WEB-101613,2025-11-24,C001487,FL,RW-4418,mtb,M,carbon,1,4899,true,2025-11-29
WEB-101617,2025-11-24,C001491,AZ,RW-4418,mtb,M,carbon,1,4899,true,2025-12-04
WEB-101634,2025-11-24,C001506,NM,RW-9901,mtb,L,base,1,2299,true,2025-11-28
WEB-101641,2025-11-24,C000183,MA,RW-6416,mtb,L,carbon,1,4899,true,2025-12-02
WEB-101511,2025-11-25,C001393,MT,RW-3980,road,S,carbon,1,3999,true,2025-12-02
WEB-101515,2025-11-25,C001397,TX,RW-3980,road,S,carbon,1,3999,true,2025-12-04
WEB-101516,2025-11-25,C001398,IL,RW-3980,road,S,carbon,1,3999,true,2025-11-29
WEB-101531,2025-11-25,C001382,GA,RW-9835,road,M,base,1,1899,true,2025-12-03
WEB-101541,2025-11-25,C001419,MN,RW-9835,road,M,base,1,1899,true,2025-11-28
WEB-101550,2025-11-25,C001428,CO,RW-2984,road,M,carbon,1,3999,true,2025-11-27
WEB-101554,2025-11-25,C001432,PA,RW-2984,road,M,carbon,1,3999,true,2025-11-30
WEB-101555,2025-11-25,C001433,MA,RW-7298,road,L,base,1,1899,true,2025-11-28
WEB-101562,2025-11-25,C001438,FL,RW-7298,road,L,base,1,1899,true,2025-11-28
WEB-101564,2025-11-25,C001440,VT,RW-7298,road,L,base,1,1899,true,2025-12-01
WEB-101570,2025-11-25,C001446,UT,RW-1378,road,L,carbon,1,3999,true,2025-11-29
WEB-101571,2025-11-25,C001447,UT,RW-1378,road,L,carbon,1,3999,true,2025-11-29
WEB-101572,2025-11-25,C000604,WA,RW-1378,road,L,carbon,1,3999,true,2025-12-05
WEB-101579,2025-11-25,C001454,NY,RW-9304,mtb,S,carbon,1,4899,true,2025-12-04
WEB-101580,2025-11-25,C001455,NM,RW-9304,mtb,S,carbon,1,4899,true,2025-12-04
WEB-101586,2025-11-25,C001461,GA,RW-9304,mtb,S,carbon,1,4899,true,2025-11-27
WEB-101588,2025-11-25,C001463,MI,RW-9304,mtb,S,carbon,1,4899,true,2025-12-01
WEB-101606,2025-11-25,C001480,CA,RW-9324,mtb,M,base,1,2299,true,2025-12-04
WEB-101629,2025-11-25,C001501,UT,RW-9901,mtb,L,base,1,2299,true,2025-12-03
WEB-101640,2025-11-25,C001252,NY,RW-6416,mtb,L,carbon,1,4899,true,2025-12-01
WEB-101642,2025-11-25,C001512,MA,RW-6416,mtb,L,carbon,1,4899,true,2025-11-29
WEB-101646,2025-11-25,C001516,FL,RW-6416,mtb,L,carbon,1,4899,true,2025-11-29
WEB-101510,2025-11-26,C001392,TX,RW-3980,road,S,carbon,1,3999,true,2025-11-29
WEB-101533,2025-11-26,C001412,AZ,RW-9835,road,M,base,1,1899,true,2025-12-02
WEB-101547,2025-11-26,C001425,VT,RW-2984,road,M,carbon,1,3999,true,2025-11-30
WEB-101548,2025-11-26,C001426,TX,RW-2984,road,M,carbon,1,3999,true,2025-11-30
WEB-101552,2025-11-26,C001430,OR,RW-2984,road,M,carbon,1,3999,true,2025-12-05
WEB-101553,2025-11-26,C001431,GA,RW-2984,road,M,carbon,1,3999,true,2025-12-05
WEB-101574,2025-11-26,C001449,GA,RW-1378,road,L,carbon,1,3999,true,2025-12-01
WEB-101577,2025-11-26,C001452,MA,RW-1378,road,L,carbon,1,3999,true,2025-12-06
WEB-101583,2025-11-26,C001458,WA,RW-9304,mtb,S,carbon,1,4899,true,2025-11-29
WEB-101592,2025-11-26,C001467,FL,RW-9304,mtb,S,carbon,1,4899,true,2025-11-29
WEB-101599,2025-11-26,C001473,GA,RW-9304,mtb,S,carbon,1,4899,true,2025-11-28
WEB-101601,2025-11-26,C001475,CO,RW-9324,mtb,M,base,1,2299,true,2025-11-30
WEB-101620,2025-11-26,C001493,AZ,RW-4418,mtb,M,carbon,1,4899,true,2025-11-29
WEB-101622,2025-11-26,C001495,AZ,RW-9901,mtb,L,base,1,2299,true,2025-11-29
WEB-101628,2025-11-26,C001500,CO,RW-9901,mtb,L,base,1,2299,true,2025-11-30
WEB-101630,2025-11-26,C001502,WA,RW-9901,mtb,L,base,1,2299,true,2025-12-01
WEB-101632,2025-11-26,C001504,OR,RW-9901,mtb,L,base,1,2299,true,2025-11-29
WEB-101636,2025-11-26,C001508,ID,RW-6416,mtb,L,carbon,1,4899,true,2025-11-29
WEB-101644,2025-11-26,C001514,AZ,RW-6416,mtb,L,carbon,1,4899,true,2025-12-03
WEB-101647,2025-11-26,C001517,GA,RW-6416,mtb,L,carbon,1,4899,true,2025-12-06
WEB-101525,2025-11-27,C001405,FL,RW-9835,road,M,base,1,1899,true,2025-12-03
WEB-101535,2025-11-27,C000273,NC,RW-9835,road,M,base,1,1899,true,2025-11-29
WEB-101536,2025-11-27,C001414,NM,RW-9835,road,M,base,1,1899,true,2025-12-03
WEB-101538,2025-11-27,C001416,NY,RW-9835,road,M,base,1,1899,true,2025-12-02
WEB-101539,2025-11-27,C001417,NC,RW-9835,road,M,base,1,1899,true,2025-12-04
WEB-101544,2025-11-27,C001422,FL,RW-2984,road,M,carbon,1,3999,true,2025-12-01
WEB-101556,2025-11-27,C001434,CO,RW-7298,road,L,base,1,1899,true,2025-12-02
WEB-101585,2025-11-27,C001460,CA,RW-9304,mtb,S,carbon,1,4899,true,2025-12-01
WEB-101587,2025-11-27,C001462,MN,RW-9304,mtb,S,carbon,1,4899,true,2025-12-01
WEB-101591,2025-11-27,C001466,ID,RW-9304,mtb,S,carbon,1,4899,true,2025-12-01
WEB-101594,2025-11-27,C001469,WA,RW-9304,mtb,S,carbon,1,4899,true,2025-12-03
WEB-101598,2025-11-27,C001472,TX,RW-9304,mtb,S,carbon,1,4899,true,2025-12-07
WEB-101603,2025-11-27,C001477,MN,RW-9324,mtb,M,base,1,2299,true,2025-12-06
WEB-101607,2025-11-27,C001481,VT,RW-9324,mtb,M,base,1,2299,true,2025-12-07
WEB-101619,2025-11-27,C001076,MN,RW-4418,mtb,M,carbon,1,4899,true,2025-12-03
WEB-101623,2025-11-27,C001496,MA,RW-9901,mtb,L,base,1,2299,true,2025-11-30
WEB-101631,2025-11-27,C001503,MT,RW-9901,mtb,L,base,1,2299,true,2025-11-29
WEB-101645,2025-11-27,C001515,GA,RW-6416,mtb,L,carbon,1,4899,true,2025-11-30
WEB-101509,2025-11-28,C001391,NM,RW-3980,road,S,carbon,1,3999,true,2025-12-06
WEB-101517,2025-11-28,C001399,CA,RW-3980,road,S,carbon,1,3999,true,2025-11-30
WEB-101526,2025-11-28,C001406,FL,RW-9835,road,M,base,1,1899,true,2025-12-07
WEB-101527,2025-11-28,C001407,NC,RW-9835,road,M,base,1,1899,true,2025-12-03
WEB-101528,2025-11-28,C001408,MN,RW-9835,road,M,base,1,1899,true,2025-12-01
WEB-101534,2025-11-28,C001413,FL,RW-9835,road,M,base,1,1899,true,2025-12-08
WEB-101542,2025-11-28,C001420,CO,RW-2984,road,M,carbon,1,3999,true,2025-12-07
WEB-101557,2025-11-28,C001435,ID,RW-7298,road,L,base,1,1899,true,2025-12-02
WEB-101560,2025-11-28,C000525,MA,RW-7298,road,L,base,1,1899,true,2025-12-06
WEB-101565,2025-11-28,C001441,OR,RW-7298,road,L,base,1,1899,true,2025-12-08
WEB-101573,2025-11-28,C001448,MI,RW-1378,road,L,carbon,1,3999,true,2025-12-08
WEB-101576,2025-11-28,C001451,UT,RW-1378,road,L,carbon,1,3999,true,2025-12-07
WEB-101582,2025-11-28,C001457,FL,RW-9304,mtb,S,carbon,1,4899,true,2025-12-07
WEB-101584,2025-11-28,C001459,MN,RW-9304,mtb,S,carbon,1,4899,true,2025-12-06
WEB-101590,2025-11-28,C001465,PA,RW-9304,mtb,S,carbon,1,4899,true,2025-12-07
WEB-101593,2025-11-28,C001468,MA,RW-9304,mtb,S,carbon,1,4899,true,2025-12-02
WEB-101597,2025-11-28,C000382,MA,RW-9304,mtb,S,carbon,1,4899,true,2025-12-04
WEB-101602,2025-11-28,C001476,CO,RW-9324,mtb,M,base,1,2299,true,2025-12-08
WEB-101605,2025-11-28,C001479,MA,RW-9324,mtb,M,base,1,2299,true,2025-12-03
WEB-101611,2025-11-28,C001485,MN,RW-9324,mtb,M,base,1,2299,true,2025-12-04
WEB-101626,2025-11-28,C001309,MI,RW-9901,mtb,L,base,1,2299,true,2025-12-04
WEB-101638,2025-11-28,C001510,ID,RW-6416,mtb,L,carbon,1,4899,true,2025-12-05
WEB-101643,2025-11-28,C001513,MA,RW-6416,mtb,L,carbon,1,4899,true,2025-12-03
WEB-101648,2025-11-28,C001518,TX,RW-6416,mtb,L,carbon,1,4899,true,2025-12-02
WEB-101508,2025-11-29,C001390,ID,RW-3980,road,S,carbon,1,3999,true,2025-12-05
WEB-101513,2025-11-29,C001395,MA,RW-3980,road,S,carbon,1,3999,true,2025-12-02
WEB-101514,2025-11-29,C001396,MT,RW-3980,road,S,carbon,1,3999,true,2025-12-02
WEB-101518,2025-11-29,C001400,MA,RW-3980,road,S,carbon,1,3999,true,2025-12-06
WEB-101519,2025-11-29,C000535,WA,RW-3980,road,S,carbon,1,3999,true,2025-12-02
WEB-101521,2025-11-29,C001402,MN,RW-9835,road,M,base,1,1899,true,2025-12-04
WEB-101522,2025-11-29,C001403,MT,RW-9835,road,M,base,1,1899,true,2025-12-05
WEB-101523,2025-11-29,C000515,MN,RW-9835,road,M,base,1,1899,true,2025-12-05
WEB-101540,2025-11-29,C001418,MN,RW-9835,road,M,base,1,1899,true,2025-12-06
WEB-101546,2025-11-29,C001424,FL,RW-2984,road,M,carbon,1,3999,true,2025-12-05
WEB-101551,2025-11-29,C001429,AZ,RW-2984,road,M,carbon,1,3999,true,2025-12-02
WEB-101561,2025-11-29,C001437,NC,RW-7298,road,L,base,1,1899,true,2025-12-04
WEB-101589,2025-11-29,C001464,GA,RW-9304,mtb,S,carbon,1,4899,true,2025-12-09
WEB-101596,2025-11-29,C001471,VT,RW-9304,mtb,S,carbon,1,4899,true,2025-12-01
WEB-101608,2025-11-29,C001482,ID,RW-9324,mtb,M,base,1,2299,true,2025-12-04
WEB-101609,2025-11-29,C001483,MA,RW-9324,mtb,M,base,1,2299,true,2025-12-08
WEB-101612,2025-11-29,C001486,MN,RW-9324,mtb,M,base,1,2299,true,2025-12-06
WEB-101614,2025-11-29,C001488,AZ,RW-4418,mtb,M,carbon,1,4899,true,2025-12-06
WEB-101624,2025-11-29,C001497,NY,RW-9901,mtb,L,base,1,2299,true,2025-12-02
WEB-101635,2025-11-29,C001507,AZ,RW-9901,mtb,L,base,1,2299,true,2025-12-08
WEB-101520,2025-11-30,C001401,OR,RW-3980,road,S,carbon,1,3999,true,2025-12-02
WEB-101545,2025-11-30,C001423,CO,RW-2984,road,M,carbon,1,3999,true,2025-12-08
WEB-101558,2025-11-30,C000566,MA,RW-7298,road,L,base,1,1899,true,2025-12-05
WEB-101559,2025-11-30,C001436,UT,RW-7298,road,L,base,1,1899,true,2025-12-02
WEB-101563,2025-11-30,C001439,VT,RW-7298,road,L,base,1,1899,true,2025-12-03
WEB-101566,2025-11-30,C001442,CO,RW-7298,road,L,base,1,1899,true,2025-12-09
WEB-101567,2025-11-30,C001443,NY,RW-7298,road,L,base,1,1899,true,2025-12-02
WEB-101568,2025-11-30,C001444,MA,RW-7298,road,L,base,1,1899,true,2025-12-10
WEB-101575,2025-11-30,C001450,MN,RW-1378,road,L,carbon,1,3999,true,2025-12-10
WEB-101578,2025-11-30,C001453,OR,RW-1378,road,L,carbon,1,3999,true,2025-12-05
WEB-101581,2025-11-30,C001456,UT,RW-9304,mtb,S,carbon,1,4899,true,2025-12-02
WEB-101600,2025-11-30,C001474,OR,RW-9324,mtb,M,base,1,2299,true,2025-12-04
WEB-101615,2025-11-30,C001489,WA,RW-4418,mtb,M,carbon,1,4899,true,2025-12-08
WEB-101616,2025-11-30,C001490,MT,RW-4418,mtb,M,carbon,1,4899,true,2025-12-10
WEB-101618,2025-11-30,C001492,MN,RW-4418,mtb,M,carbon,1,4899,true,2025-12-03
WEB-101621,2025-11-30,C001494,TX,RW-4418,mtb,M,carbon,1,4899,true,2025-12-03
WEB-101625,2025-11-30,C001498,NY,RW-9901,mtb,L,base,1,2299,true,2025-12-07
WEB-101627,2025-11-30,C001499,NM,RW-9901,mtb,L,base,1,2299,true,2025-12-05
WEB-101633,2025-11-30,C001505,TX,RW-9901,mtb,L,base,1,2299,true,2025-12-09
WEB-101637,2025-11-30,C001509,PA,RW-6416,mtb,L,carbon,1,4899,true,2025-12-06
WEB-101639,2025-11-30,C001511,MN,RW-6416,mtb,L,carbon,1,4899,true,2025-12-02
WEB-101653,2025-12-01,C001523,VT,RW-3980,road,S,carbon,1,3999,true,2025-12-09
WEB-101668,2025-12-01,C001536,MT,RW-9835,road,M,base,1,1899,true,2025-12-08
WEB-101674,2025-12-01,C001541,UT,RW-9835,road,M,base,1,1899,true,2025-12-10
WEB-101676,2025-12-01,C001543,MN,RW-9835,road,M,base,1,1899,true,2025-12-08
WEB-101685,2025-12-01,C001550,OR,RW-9835,road,M,base,1,1899,true,2025-12-10
WEB-101700,2025-12-01,C001563,IL,RW-2984,road,M,carbon,1,3999,true,2025-12-09
WEB-101702,2025-12-01,C001565,UT,RW-2984,road,M,carbon,1,3999,true,2025-12-03
WEB-101703,2025-12-01,C001566,UT,RW-2984,road,M,carbon,1,3999,true,2025-12-11
WEB-101708,2025-12-01,C001571,CA,RW-2984,road,M,carbon,1,3999,true,2025-12-09
WEB-101717,2025-12-01,C001579,PA,RW-2984,road,M,carbon,1,3999,true,2025-12-09
WEB-101718,2025-12-01,C001580,MA,RW-2984,road,M,carbon,1,3999,true,2025-12-09
WEB-101727,2025-12-01,C001589,ID,RW-7298,road,L,base,1,1899,true,2025-12-03
WEB-101728,2025-12-01,C001590,PA,RW-7298,road,L,base,1,1899,true,2025-12-04
WEB-101736,2025-12-01,C001598,IL,RW-1378,road,L,carbon,1,3999,true,2025-12-11
WEB-101747,2025-12-01,C001279,NC,RW-9304,mtb,S,carbon,1,4899,true,2025-12-08
WEB-101769,2025-12-01,C000835,WA,RW-9324,mtb,M,base,1,2299,true,2025-12-10
WEB-101782,2025-12-01,C001637,PA,RW-9324,mtb,M,base,1,2299,true,2025-12-06
WEB-101785,2025-12-01,C001640,PA,RW-4418,mtb,M,carbon,1,4899,true,2025-12-11
WEB-101788,2025-12-01,C001643,NY,RW-4418,mtb,M,carbon,1,4899,true,2025-12-05
WEB-101793,2025-12-01,C001648,ID,RW-4418,mtb,M,carbon,1,4899,true,2025-12-04
WEB-101800,2025-12-01,C001655,ID,RW-4418,mtb,M,carbon,1,4899,true,2025-12-05
WEB-101807,2025-12-01,C000468,GA,RW-4418,mtb,M,carbon,1,4899,true,2025-12-05
WEB-101822,2025-12-01,C001674,MT,RW-9901,mtb,L,base,1,2299,true,2025-12-03
WEB-101663,2025-12-02,C001531,MA,RW-3980,road,S,carbon,1,3999,true,2025-12-11
WEB-101664,2025-12-02,C001532,NC,RW-3980,road,S,carbon,1,3999,true,2025-12-12
WEB-101667,2025-12-02,C001535,AZ,RW-9835,road,M,base,1,1899,true,2025-12-12
WEB-101689,2025-12-02,C001553,NC,RW-9835,road,M,base,1,1899,true,2025-12-04
WEB-101701,2025-12-02,C001564,CO,RW-2984,road,M,carbon,1,3999,true,2025-12-05
WEB-101704,2025-12-02,C001567,IL,RW-2984,road,M,carbon,1,3999,true,2025-12-10
WEB-101724,2025-12-02,C001586,NM,RW-7298,road,L,base,1,1899,true,2025-12-10
WEB-101729,2025-12-02,C001591,TX,RW-7298,road,L,base,1,1899,true,2025-12-05
WEB-101731,2025-12-02,C001593,IL,RW-1378,road,L,carbon,1,3999,true,2025-12-05
WEB-101735,2025-12-02,C001597,NY,RW-1378,road,L,carbon,1,3999,true,2025-12-08
WEB-101737,2025-12-02,C000296,AZ,RW-1378,road,L,carbon,1,3999,true,2025-12-11
WEB-101751,2025-12-02,C001611,AZ,RW-9304,mtb,S,carbon,1,4899,true,2025-12-08
WEB-101752,2025-12-02,C001612,NY,RW-9304,mtb,S,carbon,1,4899,true,2025-12-09
WEB-101756,2025-12-02,C000471,VT,RW-9304,mtb,S,carbon,1,4899,true,2025-12-06
WEB-101762,2025-12-02,C001322,VT,RW-9324,mtb,M,base,1,2299,true,2025-12-12
WEB-101771,2025-12-02,C001627,FL,RW-9324,mtb,M,base,1,2299,true,2025-12-07
WEB-101775,2025-12-02,C001631,MA,RW-9324,mtb,M,base,1,2299,true,2025-12-06
WEB-101780,2025-12-02,C001635,OR,RW-9324,mtb,M,base,1,2299,true,2025-12-10
WEB-101792,2025-12-02,C001647,MI,RW-4418,mtb,M,carbon,1,4899,true,2025-12-07
WEB-101797,2025-12-02,C001652,MI,RW-4418,mtb,M,carbon,1,4899,true,2025-12-07
WEB-101803,2025-12-02,C001657,ID,RW-4418,mtb,M,carbon,1,4899,true,2025-12-05
WEB-101809,2025-12-02,C001662,NY,RW-9901,mtb,L,base,1,2299,true,2025-12-07
WEB-101816,2025-12-02,C001668,MA,RW-9901,mtb,L,base,1,2299,true,2025-12-10
WEB-101817,2025-12-02,C001669,MA,RW-9901,mtb,L,base,1,2299,true,2025-12-09
WEB-101821,2025-12-02,C001673,OR,RW-9901,mtb,L,base,1,2299,true,2025-12-12
WEB-101826,2025-12-02,C001677,MA,RW-6416,mtb,L,carbon,1,4899,true,2025-12-05
WEB-101659,2025-12-03,C001528,FL,RW-3980,road,S,carbon,1,3999,true,2025-12-09
WEB-101661,2025-12-03,C001529,CA,RW-3980,road,S,carbon,1,3999,true,2025-12-10
WEB-101665,2025-12-03,C001533,OR,RW-3980,road,S,carbon,1,3999,true,2025-12-13
WEB-101679,2025-12-03,C001545,CA,RW-9835,road,M,base,1,1899,true,2025-12-13
WEB-101692,2025-12-03,C001556,CA,RW-9835,road,M,base,1,1899,true,2025-12-06
WEB-101705,2025-12-03,C001568,AZ,RW-2984,road,M,carbon,1,3999,true,2025-12-11
WEB-101711,2025-12-03,C001574,MI,RW-2984,road,M,carbon,1,3999,true,2025-12-13
WEB-101722,2025-12-03,C001584,MT,RW-7298,road,L,base,1,1899,true,2025-12-05
WEB-101738,2025-12-03,C001599,NM,RW-1378,road,L,carbon,1,3999,true,2025-12-07
WEB-101744,2025-12-03,C001605,WA,RW-1378,road,L,carbon,1,3999,true,2025-12-12
WEB-101760,2025-12-03,C001619,MN,RW-9304,mtb,S,carbon,1,4899,true,2025-12-13
WEB-101764,2025-12-03,C001622,GA,RW-9324,mtb,M,base,1,2299,true,2025-12-13
WEB-101766,2025-12-03,C001623,MI,RW-9324,mtb,M,base,1,2299,true,2025-12-06
WEB-101767,2025-12-03,C001624,FL,RW-9324,mtb,M,base,1,2299,true,2025-12-05
WEB-101781,2025-12-03,C001636,OR,RW-9324,mtb,M,base,1,2299,true,2025-12-12
WEB-101794,2025-12-03,C001649,WA,RW-4418,mtb,M,carbon,1,4899,true,2025-12-13
WEB-101654,2025-12-04,C001524,NC,RW-3980,road,S,carbon,1,3999,true,2025-12-14
WEB-101657,2025-12-04,C001526,IL,RW-3980,road,S,carbon,1,3999,true,2025-12-13
WEB-101662,2025-12-04,C001530,ID,RW-3980,road,S,carbon,1,3999,true,2025-12-14
WEB-101671,2025-12-04,C001539,WA,RW-9835,road,M,base,1,1899,true,2025-12-12
WEB-101678,2025-12-04,C000650,GA,RW-9835,road,M,base,1,1899,true,2025-12-11
WEB-101686,2025-12-04,C001551,CO,RW-9835,road,M,base,1,1899,true,2025-12-06
WEB-101687,2025-12-04,C001421,OR,RW-9835,road,M,base,1,1899,true,2025-12-14
WEB-101695,2025-12-04,C001558,IL,RW-2984,road,M,carbon,1,3999,true,2025-12-11
WEB-101707,2025-12-04,C001570,UT,RW-2984,road,M,carbon,1,3999,true,2025-12-08
WEB-101713,2025-12-04,C001576,WA,RW-2984,road,M,carbon,1,3999,true,2025-12-11
WEB-101714,2025-12-04,C000646,GA,RW-2984,road,M,carbon,1,3999,true,2025-12-08
WEB-101721,2025-12-04,C001583,FL,RW-7298,road,L,base,1,1899,true,2025-12-14
WEB-101725,2025-12-04,C001587,CO,RW-7298,road,L,base,1,1899,true,2025-12-08
WEB-101732,2025-12-04,C001594,MI,RW-1378,road,L,carbon,1,3999,true,2025-12-13
WEB-101734,2025-12-04,C001596,UT,RW-1378,road,L,carbon,1,3999,true,2025-12-09
WEB-101742,2025-12-04,C001603,GA,RW-1378,road,L,carbon,1,3999,true,2025-12-12
WEB-101750,2025-12-04,C001610,TX,RW-9304,mtb,S,carbon,1,4899,true,2025-12-09
WEB-101755,2025-12-04,C001615,TX,RW-9304,mtb,S,carbon,1,4899,true,2025-12-14
WEB-101774,2025-12-04,C001630,PA,RW-9324,mtb,M,base,1,2299,true,2025-12-07
WEB-101777,2025-12-04,C001371,NC,RW-9324,mtb,M,base,1,2299,true,2025-12-11
WEB-101784,2025-12-04,C001639,NM,RW-9324,mtb,M,base,1,2299,true,2025-12-06
WEB-101790,2025-12-04,C001645,ID,RW-4418,mtb,M,carbon,1,4899,true,2025-12-14
WEB-101791,2025-12-04,C001646,ID,RW-4418,mtb,M,carbon,1,4899,true,2025-12-14
WEB-101795,2025-12-04,C001650,NY,RW-4418,mtb,M,carbon,1,4899,true,2025-12-06
WEB-101801,2025-12-04,C001656,MN,RW-4418,mtb,M,carbon,1,4899,true,2025-12-06
WEB-101813,2025-12-04,C000302,AZ,RW-9901,mtb,L,base,1,2299,true,2025-12-11
WEB-101823,2025-12-04,C001675,GA,RW-6416,mtb,L,carbon,1,4899,true,2025-12-07
WEB-101650,2025-12-05,C001520,MN,RW-3980,road,S,carbon,1,3999,true,2025-12-15
WEB-101651,2025-12-05,C001521,MA,RW-3980,road,S,carbon,1,3999,true,2025-12-11
WEB-101655,2025-12-05,C001013,MT,RW-3980,road,S,carbon,1,3999,true,2025-12-12
WEB-101672,2025-12-05,C000350,MI,RW-9835,road,M,base,1,1899,true,2025-12-08
WEB-101675,2025-12-05,C001542,ID,RW-9835,road,M,base,1,1899,true,2025-12-07
WEB-101682,2025-12-05,C001548,ID,RW-9835,road,M,base,1,1899,true,2025-12-10
WEB-101683,2025-12-05,C001521,MT,RW-9835,road,M,base,1,1899,true,2025-12-13
WEB-101684,2025-12-05,C001549,NY,RW-9835,road,M,base,1,1899,true,2025-12-08
WEB-101691,2025-12-05,C001555,NY,RW-9835,road,M,base,1,1899,true,2025-12-10
WEB-101694,2025-12-05,C000905,CA,RW-2984,road,M,carbon,1,3999,true,2025-12-07
WEB-101696,2025-12-05,C001559,OR,RW-2984,road,M,carbon,1,3999,true,2025-12-10
WEB-101699,2025-12-05,C001562,NY,RW-2984,road,M,carbon,1,3999,true,2025-12-09
WEB-101706,2025-12-05,C001569,GA,RW-2984,road,M,carbon,1,3999,true,2025-12-12
WEB-101710,2025-12-05,C001573,TX,RW-2984,road,M,carbon,1,3999,true,2025-12-12
WEB-101716,2025-12-05,C001578,MN,RW-2984,road,M,carbon,1,3999,true,2025-12-14
WEB-101720,2025-12-05,C001582,OR,RW-7298,road,L,base,1,1899,true,2025-12-09
WEB-101741,2025-12-05,C001602,OR,RW-1378,road,L,carbon,1,3999,true,2025-12-11
WEB-101746,2025-12-05,C001607,MA,RW-9304,mtb,S,carbon,1,4899,true,2025-12-11
WEB-101754,2025-12-05,C001614,AZ,RW-9304,mtb,S,carbon,1,4899,true,2025-12-14
WEB-101761,2025-12-05,C001620,ID,RW-9324,mtb,M,base,1,2299,true,2025-12-12
WEB-101779,2025-12-05,C001634,ID,RW-9324,mtb,M,base,1,2299,true,2025-12-10
WEB-101783,2025-12-05,C001638,MN,RW-9324,mtb,M,base,1,2299,true,2025-12-12
WEB-101804,2025-12-05,C001658,OR,RW-4418,mtb,M,carbon,1,4899,true,2025-12-13
WEB-101805,2025-12-05,C001659,NM,RW-4418,mtb,M,carbon,1,4899,true,2025-12-08
WEB-101806,2025-12-05,C001660,CO,RW-4418,mtb,M,carbon,1,4899,true,2025-12-07
WEB-101810,2025-12-05,C001663,ID,RW-9901,mtb,L,base,1,2299,true,2025-12-15
WEB-101815,2025-12-05,C001667,OR,RW-9901,mtb,L,base,1,2299,true,2025-12-07
WEB-101818,2025-12-05,C001670,MA,RW-9901,mtb,L,base,1,2299,true,2025-12-08
WEB-101824,2025-12-05,C001639,IL,RW-6416,mtb,L,carbon,1,4899,true,2025-12-08
WEB-101825,2025-12-05,C001676,AZ,RW-6416,mtb,L,carbon,1,4899,true,2025-12-07
WEB-101830,2025-12-05,C001405,NM,RW-6416,mtb,L,carbon,1,4899,true,2025-12-15
WEB-101649,2025-12-06,C001519,MA,RW-3980,road,S,carbon,1,3999,true,2025-12-09
WEB-101652,2025-12-06,C001522,PA,RW-3980,road,S,carbon,1,3999,true,2025-12-14
WEB-101660,2025-12-06,C001148,MT,RW-3980,road,S,carbon,1,3999,true,2025-12-11
WEB-101669,2025-12-06,C001537,ID,RW-9835,road,M,base,1,1899,true,2025-12-09
WEB-101690,2025-12-06,C001554,UT,RW-9835,road,M,base,1,1899,true,2025-12-16
WEB-101697,2025-12-06,C001560,PA,RW-2984,road,M,carbon,1,3999,true,2025-12-16
WEB-101709,2025-12-06,C001572,MT,RW-2984,road,M,carbon,1,3999,true,2025-12-15
WEB-101719,2025-12-06,C001581,CO,RW-2984,road,M,carbon,1,3999,true,2025-12-10
WEB-101723,2025-12-06,C001585,NM,RW-7298,road,L,base,1,1899,true,2025-12-08
WEB-101726,2025-12-06,C001588,VT,RW-7298,road,L,base,1,1899,true,2025-12-13
WEB-101739,2025-12-06,C001600,OR,RW-1378,road,L,carbon,1,3999,true,2025-12-15
WEB-101740,2025-12-06,C001601,VT,RW-1378,road,L,carbon,1,3999,true,2025-12-15
WEB-101743,2025-12-06,C001604,NM,RW-1378,road,L,carbon,1,3999,true,2025-12-15
WEB-101745,2025-12-06,C001606,NY,RW-9304,mtb,S,carbon,1,4899,true,2025-12-11
WEB-101748,2025-12-06,C001608,AZ,RW-9304,mtb,S,carbon,1,4899,true,2025-12-15
WEB-101749,2025-12-06,C001609,AZ,RW-9304,mtb,S,carbon,1,4899,true,2025-12-15
WEB-101759,2025-12-06,C001618,NM,RW-9304,mtb,S,carbon,1,4899,true,2025-12-15
WEB-101763,2025-12-06,C001621,NY,RW-9324,mtb,M,base,1,2299,true,2025-12-13
WEB-101765,2025-12-06,C001382,AZ,RW-9324,mtb,M,base,1,2299,true,2025-12-08
WEB-101768,2025-12-06,C001625,CA,RW-9324,mtb,M,base,1,2299,true,2025-12-15
WEB-101772,2025-12-06,C001628,AZ,RW-9324,mtb,M,base,1,2299,true,2025-12-16
WEB-101773,2025-12-06,C001629,NY,RW-9324,mtb,M,base,1,2299,true,2025-12-14
WEB-101786,2025-12-06,C001641,AZ,RW-4418,mtb,M,carbon,1,4899,true,2025-12-16
WEB-101789,2025-12-06,C001644,OR,RW-4418,mtb,M,carbon,1,4899,true,2025-12-09
WEB-101798,2025-12-06,C001653,FL,RW-4418,mtb,M,carbon,1,4899,true,2025-12-15
WEB-101799,2025-12-06,C001654,TX,RW-4418,mtb,M,carbon,1,4899,true,2025-12-12
WEB-101802,2025-12-06,C001232,PA,RW-4418,mtb,M,carbon,1,4899,true,2025-12-13
WEB-101808,2025-12-06,C001661,MI,RW-4418,mtb,M,carbon,1,4899,true,2025-12-12
WEB-101814,2025-12-06,C001666,AZ,RW-9901,mtb,L,base,1,2299,true,2025-12-16
WEB-101819,2025-12-06,C001671,CO,RW-9901,mtb,L,base,1,2299,true,2025-12-10
WEB-101656,2025-12-07,C001525,MT,RW-3980,road,S,carbon,1,3999,true,2025-12-12
WEB-101658,2025-12-07,C001527,MA,RW-3980,road,S,carbon,1,3999,true,2025-12-11
WEB-101666,2025-12-07,C001534,CO,RW-3980,road,S,carbon,1,3999,true,2025-12-11
WEB-101670,2025-12-07,C001538,CA,RW-9835,road,M,base,1,1899,true,2025-12-09
WEB-101673,2025-12-07,C001540,GA,RW-9835,road,M,base,1,1899,true,2025-12-11
WEB-101677,2025-12-07,C001544,MA,RW-9835,road,M,base,1,1899,true,2025-12-10
WEB-101680,2025-12-07,C001546,PA,RW-9835,road,M,base,1,1899,true,2025-12-13
WEB-101681,2025-12-07,C001547,AZ,RW-9835,road,M,base,1,1899,true,2025-12-12
WEB-101688,2025-12-07,C001552,MI,RW-9835,road,M,base,1,1899,true,2025-12-11
WEB-101693,2025-12-07,C001557,NC,RW-9835,road,M,base,1,1899,true,2025-12-15
WEB-101698,2025-12-07,C001561,FL,RW-2984,road,M,carbon,1,3999,true,2025-12-11
WEB-101712,2025-12-07,C001575,UT,RW-2984,road,M,carbon,1,3999,true,2025-12-09
WEB-101715,2025-12-07,C001577,VT,RW-2984,road,M,carbon,1,3999,true,2025-12-10
WEB-101730,2025-12-07,C001592,PA,RW-7298,road,L,base,1,1899,true,2025-12-14
WEB-101733,2025-12-07,C001595,PA,RW-1378,road,L,carbon,1,3999,true,2025-12-13
WEB-101753,2025-12-07,C001613,OR,RW-9304,mtb,S,carbon,1,4899,true,2025-12-13
WEB-101757,2025-12-07,C001616,GA,RW-9304,mtb,S,carbon,1,4899,true,2025-12-11
WEB-101758,2025-12-07,C001617,CO,RW-9304,mtb,S,carbon,1,4899,true,2025-12-10
WEB-101770,2025-12-07,C001626,NY,RW-9324,mtb,M,base,1,2299,true,2025-12-11
WEB-101776,2025-12-07,C001632,GA,RW-9324,mtb,M,base,1,2299,true,2025-12-17
WEB-101778,2025-12-07,C001633,OR,RW-9324,mtb,M,base,1,2299,true,2025-12-12
WEB-101787,2025-12-07,C001642,ID,RW-4418,mtb,M,carbon,1,4899,true,2025-12-14
WEB-101796,2025-12-07,C001651,MI,RW-4418,mtb,M,carbon,1,4899,true,2025-12-09
WEB-101811,2025-12-07,C001664,OR,RW-9901,mtb,L,base,1,2299,true,2025-12-15
WEB-101812,2025-12-07,C001665,MI,RW-9901,mtb,L,base,1,2299,true,2025-12-11
WEB-101820,2025-12-07,C001672,ID,RW-9901,mtb,L,base,1,2299,true,2025-12-15
WEB-101827,2025-12-07,C001678,MT,RW-6416,mtb,L,carbon,1,4899,true,2025-12-09
WEB-101828,2025-12-07,C001679,ID,RW-6416,mtb,L,carbon,1,4899,true,2025-12-17
WEB-101829,2025-12-07,C000581,TX,RW-6416,mtb,L,carbon,1,4899,true,2025-12-10
WEB-101831,2025-12-07,C001680,NM,RW-6416,mtb,L,carbon,1,4899,true,2025-12-10
WEB-101836,2025-12-08,C001685,MA,RW-3980,road,S,carbon,1,3999,true,2025-12-10
WEB-101838,2025-12-08,C001687,FL,RW-3980,road,S,carbon,1,3999,true,2025-12-13
WEB-101839,2025-12-08,C001688,CO,RW-3980,road,S,carbon,1,3999,true,2025-12-12
WEB-101847,2025-12-08,C001695,MN,RW-9835,road,M,base,1,1899,true,2025-12-14
WEB-101856,2025-12-08,C001703,VT,RW-2984,road,M,carbon,1,3999,true,2025-12-15
WEB-101858,2025-12-08,C001705,UT,RW-2984,road,M,carbon,1,3999,true,2025-12-16
WEB-101865,2025-12-08,C001712,NY,RW-2984,road,M,carbon,1,3999,true,2025-12-16
WEB-101866,2025-12-08,C001713,MA,RW-2984,road,M,carbon,1,3999,true,2025-12-16
WEB-101873,2025-12-08,C001719,NM,RW-2984,road,M,carbon,1,3999,true,2025-12-15
WEB-101880,2025-12-08,C001726,MA,RW-7298,road,L,base,1,1899,true,2025-12-16
WEB-101885,2025-12-08,C001730,OR,RW-1378,road,L,carbon,1,3999,true,2025-12-11
WEB-101889,2025-12-08,C001734,VT,RW-1378,road,L,carbon,1,3999,true,2025-12-11
WEB-101892,2025-12-08,C001737,TX,RW-1378,road,L,carbon,1,3999,true,2025-12-18
WEB-101896,2025-12-08,C001741,TX,RW-9304,mtb,S,carbon,1,4899,true,2025-12-12
WEB-101897,2025-12-08,C001742,TX,RW-9304,mtb,S,carbon,1,4899,true,2025-12-16
WEB-101905,2025-12-08,C001749,NC,RW-9304,mtb,S,carbon,1,4899,true,2025-12-14
WEB-101920,2025-12-08,C001763,MN,RW-9324,mtb,M,base,1,2299,true,2025-12-12
WEB-101933,2025-12-08,C000136,IL,RW-4418,mtb,M,carbon,1,4899,true,2025-12-10
WEB-101954,2025-12-08,C001793,MI,RW-9901,mtb,L,base,1,2299,true,2025-12-14
WEB-101959,2025-12-08,C001798,IL,RW-6416,mtb,L,carbon,1,4899,true,2025-12-10
WEB-101963,2025-12-08,C001802,IL,RW-6416,mtb,L,carbon,1,4899,true,2025-12-18
WEB-101964,2025-12-08,C001803,MA,RW-6416,mtb,L,carbon,1,4899,true,2025-12-17
WEB-101969,2025-12-08,C001808,UT,RW-6416,mtb,L,carbon,1,4899,true,2025-12-16
WEB-101970,2025-12-08,C001809,NM,RW-6416,mtb,L,carbon,1,4899,true,2025-12-13
WEB-101835,2025-12-09,C001684,PA,RW-3980,road,S,carbon,1,3999,true,2025-12-18
WEB-101841,2025-12-09,C001690,ID,RW-9835,road,M,base,1,1899,true,2025-12-11
WEB-101844,2025-12-09,C001693,MI,RW-9835,road,M,base,1,1899,true,2025-12-13
WEB-101849,2025-12-09,C001697,MN,RW-9835,road,M,base,1,1899,true,2025-12-11
WEB-101853,2025-12-09,C001701,MI,RW-9835,road,M,base,1,1899,true,2025-12-15
WEB-101860,2025-12-09,C001707,CO,RW-2984,road,M,carbon,1,3999,true,2025-12-16
WEB-101863,2025-12-09,C001710,CO,RW-2984,road,M,carbon,1,3999,true,2025-12-19
WEB-101864,2025-12-09,C001711,FL,RW-2984,road,M,carbon,1,3999,true,2025-12-11
WEB-101877,2025-12-09,C001723,VT,RW-7298,road,L,base,1,1899,true,2025-12-13
WEB-101884,2025-12-09,C001729,MN,RW-1378,road,L,carbon,1,3999,true,2025-12-14
WEB-101904,2025-12-09,C001748,PA,RW-9304,mtb,S,carbon,1,4899,true,2025-12-11
WEB-101907,2025-12-09,C001751,TX,RW-9324,mtb,M,base,1,2299,true,2025-12-14
WEB-101922,2025-12-09,C001765,FL,RW-9324,mtb,M,base,1,2299,true,2025-12-12
WEB-101929,2025-12-09,C001771,GA,RW-4418,mtb,M,carbon,1,4899,true,2025-12-19
WEB-101930,2025-12-09,C000582,ID,RW-4418,mtb,M,carbon,1,4899,true,2025-12-12
WEB-101931,2025-12-09,C001772,ID,RW-4418,mtb,M,carbon,1,4899,true,2025-12-16
WEB-101944,2025-12-09,C000110,MT,RW-9901,mtb,L,base,1,2299,true,2025-12-11
WEB-101949,2025-12-09,C001788,WA,RW-9901,mtb,L,base,1,2299,true,2025-12-17
WEB-101953,2025-12-09,C001792,AZ,RW-9901,mtb,L,base,1,2299,true,2025-12-18
WEB-101960,2025-12-09,C001799,FL,RW-6416,mtb,L,carbon,1,4899,true,2025-12-17
WEB-101965,2025-12-09,C001804,TX,RW-6416,mtb,L,carbon,1,4899,true,2025-12-17
WEB-101845,2025-12-10,C000417,NM,RW-9835,road,M,base,1,1899,true,2025-12-19
WEB-101846,2025-12-10,C001694,CA,RW-9835,road,M,base,1,1899,true,2025-12-15
WEB-101861,2025-12-10,C001708,NC,RW-2984,road,M,carbon,1,3999,true,2025-12-19
WEB-101871,2025-12-10,C001717,PA,RW-2984,road,M,carbon,1,3999,true,2025-12-18
WEB-101874,2025-12-10,C001720,MT,RW-2984,road,M,carbon,1,3999,true,2025-12-17
WEB-101878,2025-12-10,C001724,MA,RW-7298,road,L,base,1,1899,true,2025-12-16
WEB-101890,2025-12-10,C001735,FL,RW-1378,road,L,carbon,1,3999,true,2025-12-12
WEB-101894,2025-12-10,C001739,AZ,RW-1378,road,L,carbon,1,3999,true,2025-12-18
WEB-101909,2025-12-10,C001753,CA,RW-9324,mtb,M,base,1,2299,true,2025-12-14
WEB-101911,2025-12-10,C001755,NY,RW-9324,mtb,M,base,1,2299,true,2025-12-20
WEB-101913,2025-12-10,C001756,MI,RW-9324,mtb,M,base,1,2299,true,2025-12-13
WEB-101914,2025-12-10,C001757,AZ,RW-9324,mtb,M,base,1,2299,true,2025-12-16
WEB-101921,2025-12-10,C001764,UT,RW-9324,mtb,M,base,1,2299,true,2025-12-20
WEB-101925,2025-12-10,C001768,NC,RW-9324,mtb,M,base,1,2299,true,2025-12-12
WEB-101932,2025-12-10,C001773,TX,RW-4418,mtb,M,carbon,1,4899,true,2025-12-12
WEB-101937,2025-12-10,C001777,OR,RW-4418,mtb,M,carbon,1,4899,true,2025-12-16
WEB-101938,2025-12-10,C001778,MN,RW-4418,mtb,M,carbon,1,4899,true,2025-12-20
WEB-101945,2025-12-10,C001784,ID,RW-9901,mtb,L,base,1,2299,true,2025-12-18
WEB-101834,2025-12-11,C001683,NM,RW-3980,road,S,carbon,1,3999,true,2025-12-15
WEB-101843,2025-12-11,C001692,CA,RW-9835,road,M,base,1,1899,true,2025-12-18
WEB-101862,2025-12-11,C001709,VT,RW-2984,road,M,carbon,1,3999,true,2025-12-13
WEB-101867,2025-12-11,C001714,MI,RW-2984,road,M,carbon,1,3999,true,2025-12-16
WEB-101870,2025-12-11,C000625,AZ,RW-2984,road,M,carbon,1,3999,true,2025-12-14
WEB-101872,2025-12-11,C001718,ID,RW-2984,road,M,carbon,1,3999,true,2025-12-14
WEB-101881,2025-12-11,C001727,PA,RW-7298,road,L,base,1,1899,true,2025-12-21
WEB-101883,2025-12-11,C000270,AZ,RW-1378,road,L,carbon,1,3999,true,2025-12-20
WEB-101895,2025-12-11,C001740,NC,RW-9304,mtb,S,carbon,1,4899,true,2025-12-20
WEB-101900,2025-12-11,C001745,CA,RW-9304,mtb,S,carbon,1,4899,true,2025-12-14
WEB-101917,2025-12-11,C001760,AZ,RW-9324,mtb,M,base,1,2299,true,2025-12-19
WEB-101918,2025-12-11,C001761,VT,RW-9324,mtb,M,base,1,2299,true,2025-12-18
WEB-101923,2025-12-11,C001766,GA,RW-9324,mtb,M,base,1,2299,true,2025-12-14
WEB-101926,2025-12-11,C001769,IL,RW-9324,mtb,M,base,1,2299,true,2025-12-14
WEB-101943,2025-12-11,C001783,CA,RW-4418,mtb,M,carbon,1,4899,true,2025-12-14
WEB-101950,2025-12-11,C001789,OR,RW-9901,mtb,L,base,1,2299,true,2025-12-21
WEB-101968,2025-12-11,C001807,MT,RW-6416,mtb,L,carbon,1,4899,true,2025-12-19
WEB-101833,2025-12-12,C001682,MA,RW-3980,road,S,carbon,1,3999,true,2025-12-15
WEB-101852,2025-12-12,C001700,MN,RW-9835,road,M,base,1,1899,true,2025-12-22
WEB-101859,2025-12-12,C001706,UT,RW-2984,road,M,carbon,1,3999,true,2025-12-16
WEB-101882,2025-12-12,C001728,CO,RW-7298,road,L,base,1,1899,true,2025-12-17
WEB-101887,2025-12-12,C001732,PA,RW-1378,road,L,carbon,1,3999,true,2025-12-17
WEB-101888,2025-12-12,C001733,TX,RW-1378,road,L,carbon,1,3999,true,2025-12-18
WEB-101898,2025-12-12,C001743,IL,RW-9304,mtb,S,carbon,1,4899,true,2025-12-15
WEB-101899,2025-12-12,C001744,OR,RW-9304,mtb,S,carbon,1,4899,true,2025-12-16
WEB-101908,2025-12-12,C001752,TX,RW-9324,mtb,M,base,1,2299,true,2025-12-21
WEB-101915,2025-12-12,C001758,GA,RW-9324,mtb,M,base,1,2299,true,2025-12-17
WEB-101919,2025-12-12,C001762,NY,RW-9324,mtb,M,base,1,2299,true,2025-12-16
WEB-101927,2025-12-12,C000462,GA,RW-9324,mtb,M,base,1,2299,true,2025-12-20
WEB-101940,2025-12-12,C001780,GA,RW-4418,mtb,M,carbon,1,4899,true,2025-12-20
WEB-101942,2025-12-12,C001782,IL,RW-4418,mtb,M,carbon,1,4899,true,2025-12-19
WEB-101947,2025-12-12,C001786,WA,RW-9901,mtb,L,base,1,2299,true,2025-12-17
WEB-101951,2025-12-12,C001790,MA,RW-9901,mtb,L,base,1,2299,true,2025-12-21
WEB-101952,2025-12-12,C001791,CA,RW-9901,mtb,L,base,1,2299,true,2025-12-17
WEB-101956,2025-12-12,C001795,CA,RW-9901,mtb,L,base,1,2299,true,2025-12-14
WEB-101957,2025-12-12,C001796,NM,RW-9901,mtb,L,base,1,2299,true,2025-12-21
WEB-101962,2025-12-12,C001801,IL,RW-6416,mtb,L,carbon,1,4899,true,2025-12-16
WEB-101832,2025-12-13,C001681,NY,RW-3980,road,S,carbon,1,3999,true,2025-12-22
WEB-101842,2025-12-13,C001691,CO,RW-9835,road,M,base,1,1899,true,2025-12-16
WEB-101851,2025-12-13,C001699,MI,RW-9835,road,M,base,1,1899,true,2025-12-20
WEB-101854,2025-12-13,C000409,CO,RW-9835,road,M,base,1,1899,true,2025-12-15
WEB-101855,2025-12-13,C001702,AZ,RW-2984,road,M,carbon,1,3999,true,2025-12-23
WEB-101857,2025-12-13,C001704,MI,RW-2984,road,M,carbon,1,3999,true,2025-12-20
WEB-101868,2025-12-13,C001715,WA,RW-2984,road,M,carbon,1,3999,true,2025-12-18
WEB-101879,2025-12-13,C001725,ID,RW-7298,road,L,base,1,1899,true,2025-12-16
WEB-101886,2025-12-13,C001731,MT,RW-1378,road,L,carbon,1,3999,true,2025-12-22
WEB-101893,2025-12-13,C001738,PA,RW-1378,road,L,carbon,1,3999,true,2025-12-15
WEB-101901,2025-12-13,C000433,AZ,RW-9304,mtb,S,carbon,1,4899,true,2025-12-23
WEB-101903,2025-12-13,C001747,UT,RW-9304,mtb,S,carbon,1,4899,true,2025-12-23
WEB-101910,2025-12-13,C001754,IL,RW-9324,mtb,M,base,1,2299,true,2025-12-23
WEB-101912,2025-12-13,C000253,VT,RW-9324,mtb,M,base,1,2299,true,2025-12-15
WEB-101916,2025-12-13,C001759,VT,RW-9324,mtb,M,base,1,2299,true,2025-12-18
WEB-101924,2025-12-13,C001767,PA,RW-9324,mtb,M,base,1,2299,true,2025-12-22
WEB-101928,2025-12-13,C001770,CO,RW-4418,mtb,M,carbon,1,4899,true,2025-12-18
WEB-101936,2025-12-13,C001776,CA,RW-4418,mtb,M,carbon,1,4899,true,2025-12-17
WEB-101939,2025-12-13,C001779,OR,RW-4418,mtb,M,carbon,1,4899,true,2025-12-17
WEB-101941,2025-12-13,C001781,FL,RW-4418,mtb,M,carbon,1,4899,true,2025-12-16
WEB-101946,2025-12-13,C001785,ID,RW-9901,mtb,L,base,1,2299,true,2025-12-16
WEB-101955,2025-12-13,C001794,NY,RW-9901,mtb,L,base,1,2299,true,2025-12-22
WEB-101966,2025-12-13,C001805,GA,RW-6416,mtb,L,carbon,1,4899,true,2025-12-16
WEB-101967,2025-12-13,C001806,MI,RW-6416,mtb,L,carbon,1,4899,true,2025-12-17
WEB-101837,2025-12-14,C001686,NC,RW-3980,road,S,carbon,1,3999,true,2025-12-23
WEB-101840,2025-12-14,C001689,CO,RW-3980,road,S,carbon,1,3999,true,2025-12-22
WEB-101848,2025-12-14,C001696,NM,RW-9835,road,M,base,1,1899,true,2025-12-24
WEB-101850,2025-12-14,C001698,FL,RW-9835,road,M,base,1,1899,true,2025-12-19
WEB-101869,2025-12-14,C001716,PA,RW-2984,road,M,carbon,1,3999,true,2025-12-16
WEB-101875,2025-12-14,C001721,TX,RW-2984,road,M,carbon,1,3999,true,2025-12-24
WEB-101876,2025-12-14,C001722,MA,RW-7298,road,L,base,1,1899,true,2025-12-16
WEB-101891,2025-12-14,C001736,NY,RW-1378,road,L,carbon,1,3999,true,2025-12-17
WEB-101902,2025-12-14,C001746,OR,RW-9304,mtb,S,carbon,1,4899,true,2025-12-16
WEB-101906,2025-12-14,C001750,MT,RW-9324,mtb,M,base,1,2299,true,2025-12-19
WEB-101934,2025-12-14,C001774,UT,RW-4418,mtb,M,carbon,1,4899,true,2025-12-19
WEB-101935,2025-12-14,C001775,CO,RW-4418,mtb,M,carbon,1,4899,true,2025-12-18
WEB-101948,2025-12-14,C001787,NC,RW-9901,mtb,L,base,1,2299,true,2025-12-16
WEB-101958,2025-12-14,C001797,MN,RW-9901,mtb,L,base,1,2299,true,2025-12-16
WEB-101961,2025-12-14,C001800,MN,RW-6416,mtb,L,carbon,1,4899,true,2025-12-20
WEB-101984,2025-12-15,C001466,MI,RW-3980,road,S,carbon,1,3999,true,2025-12-17
WEB-101990,2025-12-15,C001827,UT,RW-3980,road,S,carbon,1,3999,true,2025-12-19
WEB-102001,2025-12-15,C001836,MI,RW-9835,road,M,base,1,1899,true,2025-12-21
WEB-102002,2025-12-15,C001837,TX,RW-9835,road,M,base,1,1899,true,2025-12-20
WEB-102009,2025-12-15,C001844,IL,RW-9835,road,M,base,1,1899,true,2025-12-25
WEB-102020,2025-12-15,C001855,WA,RW-9835,road,M,base,1,1899,true,2025-12-19
WEB-102021,2025-12-15,C001856,MN,RW-9835,road,M,base,1,1899,true,2025-12-20
WEB-102026,2025-12-15,C001267,TX,RW-2984,road,M,carbon,1,3999,true,2025-12-25
WEB-102047,2025-12-15,C001880,MI,RW-7298,road,L,base,1,1899,true,2025-12-24
WEB-102051,2025-12-15,C001884,NM,RW-7298,road,L,base,1,1899,true,2025-12-20
WEB-102059,2025-12-15,C001891,NY,RW-1378,road,L,carbon,1,3999,true,2025-12-25
WEB-102081,2025-12-15,C001912,CO,RW-9304,mtb,S,carbon,1,4899,true,2025-12-24
WEB-102100,2025-12-15,C001930,CA,RW-9304,mtb,S,carbon,1,4899,true,2025-12-22
WEB-102127,2025-12-15,C001955,WA,RW-4418,mtb,M,carbon,1,4899,true,2025-12-21
WEB-102137,2025-12-15,C001964,CO,RW-9901,mtb,L,base,1,2299,true,2025-12-19
WEB-101974,2025-12-16,C001813,NM,RW-3980,road,S,carbon,1,3999,true,2025-12-20
WEB-101985,2025-12-16,C001822,IL,RW-3980,road,S,carbon,1,3999,true,2025-12-21
WEB-101989,2025-12-16,C001826,CA,RW-3980,road,S,carbon,1,3999,true,2025-12-21
WEB-101994,2025-12-16,C001830,GA,RW-3980,road,S,carbon,1,3999,true,2025-12-20
WEB-101999,2025-12-16,C000708,MI,RW-9835,road,M,base,1,1899,true,2025-12-20
WEB-102000,2025-12-16,C001835,ID,RW-9835,road,M,base,1,1899,true,2025-12-18
WEB-102004,2025-12-16,C001839,CO,RW-9835,road,M,base,1,1899,true,2025-12-21
WEB-102005,2025-12-16,C001840,MI,RW-9835,road,M,base,1,1899,true,2025-12-21
WEB-102011,2025-12-16,C001846,CO,RW-9835,road,M,base,1,1899,true,2025-12-21
WEB-102013,2025-12-16,C001848,MA,RW-9835,road,M,base,1,1899,true,2025-12-25
WEB-102029,2025-12-16,C001863,MN,RW-2984,road,M,carbon,1,3999,true,2025-12-21
WEB-102034,2025-12-16,C001868,IL,RW-2984,road,M,carbon,1,3999,true,2025-12-22
WEB-102054,2025-12-16,C001886,OR,RW-7298,road,L,base,1,1899,true,2025-12-23
WEB-102060,2025-12-16,C001892,CA,RW-1378,road,L,carbon,1,3999,true,2025-12-18
WEB-102063,2025-12-16,C001895,FL,RW-1378,road,L,carbon,1,3999,true,2025-12-26
WEB-102074,2025-12-16,C001905,NM,RW-1378,road,L,carbon,1,3999,true,2025-12-22
WEB-102077,2025-12-16,C001908,FL,RW-9304,mtb,S,carbon,1,4899,true,2025-12-26
WEB-102084,2025-12-16,C001914,WA,RW-9304,mtb,S,carbon,1,4899,true,2025-12-18
WEB-102090,2025-12-16,C001920,TX,RW-9304,mtb,S,carbon,1,4899,true,2025-12-23
WEB-102096,2025-12-16,C001926,NM,RW-9304,mtb,S,carbon,1,4899,true,2025-12-21
WEB-102097,2025-12-16,C001927,AZ,RW-9304,mtb,S,carbon,1,4899,true,2025-12-24
WEB-102103,2025-12-16,C001933,OR,RW-9324,mtb,M,base,1,2299,true,2025-12-21
WEB-102108,2025-12-16,C001936,IL,RW-9324,mtb,M,base,1,2299,true,2025-12-26
WEB-102114,2025-12-16,C001942,MN,RW-9324,mtb,M,base,1,2299,true,2025-12-22
WEB-102115,2025-12-16,C001943,PA,RW-9324,mtb,M,base,1,2299,true,2025-12-18
WEB-102124,2025-12-16,C001952,MI,RW-4418,mtb,M,carbon,1,4899,true,2025-12-24
WEB-102126,2025-12-16,C001954,CA,RW-4418,mtb,M,carbon,1,4899,true,2025-12-25
WEB-102131,2025-12-16,C001959,OR,RW-9901,mtb,L,base,1,2299,true,2025-12-23
WEB-102146,2025-12-16,C000447,TX,RW-6416,mtb,L,carbon,1,4899,true,2025-12-20
WEB-102152,2025-12-16,C001977,NY,RW-6416,mtb,L,carbon,1,4899,true,2025-12-19
WEB-101971,2025-12-17,C001810,PA,RW-3980,road,S,carbon,1,3999,true,2025-12-24
WEB-101980,2025-12-17,C001819,OR,RW-3980,road,S,carbon,1,3999,true,2025-12-27
WEB-101981,2025-12-17,C001820,UT,RW-3980,road,S,carbon,1,3999,true,2025-12-25
WEB-101982,2025-12-17,C001821,VT,RW-3980,road,S,carbon,1,3999,true,2025-12-21
WEB-101992,2025-12-17,C001828,MA,RW-3980,road,S,carbon,1,3999,true,2025-12-24
WEB-102003,2025-12-17,C001838,FL,RW-9835,road,M,base,1,1899,true,2025-12-19
WEB-102012,2025-12-17,C001847,ID,RW-9835,road,M,base,1,1899,true,2025-12-22
WEB-102016,2025-12-17,C001851,CA,RW-9835,road,M,base,1,1899,true,2025-12-21
WEB-102017,2025-12-17,C001852,NC,RW-9835,road,M,base,1,1899,true,2025-12-27
WEB-102019,2025-12-17,C001854,FL,RW-9835,road,M,base,1,1899,true,2025-12-27
WEB-102025,2025-12-17,C001860,WA,RW-2984,road,M,carbon,1,3999,true,2025-12-22
WEB-102028,2025-12-17,C001862,MI,RW-2984,road,M,carbon,1,3999,true,2025-12-23
WEB-102039,2025-12-17,C001872,MA,RW-2984,road,M,carbon,1,3999,true,2025-12-21
WEB-102041,2025-12-17,C001874,AZ,RW-2984,road,M,carbon,1,3999,true,2025-12-23
WEB-102043,2025-12-17,C001876,IL,RW-2984,road,M,carbon,1,3999,true,2025-12-20
WEB-102052,2025-12-17,C001284,CA,RW-7298,road,L,base,1,1899,true,2025-12-26
WEB-102065,2025-12-17,C001897,NY,RW-1378,road,L,carbon,1,3999,true,2025-12-19
WEB-102068,2025-12-17,C001900,MN,RW-1378,road,L,carbon,1,3999,true,2025-12-22
WEB-102069,2025-12-17,C001901,OR,RW-1378,road,L,carbon,1,3999,true,2025-12-27
WEB-102075,2025-12-17,C001906,UT,RW-9304,mtb,S,carbon,1,4899,true,2025-12-24
WEB-102093,2025-12-17,C001923,MI,RW-9304,mtb,S,carbon,1,4899,true,2025-12-21
WEB-102102,2025-12-17,C001932,CA,RW-9304,mtb,S,carbon,1,4899,true,2025-12-24
WEB-102109,2025-12-17,C001937,MI,RW-9324,mtb,M,base,1,2299,true,2025-12-23
WEB-102110,2025-12-17,C001938,MI,RW-9324,mtb,M,base,1,2299,true,2025-12-20
WEB-102113,2025-12-17,C001941,CA,RW-9324,mtb,M,base,1,2299,true,2025-12-27
WEB-102135,2025-12-17,C001962,NC,RW-9901,mtb,L,base,1,2299,true,2025-12-25
WEB-102143,2025-12-17,C000507,MT,RW-6416,mtb,L,carbon,1,4899,true,2025-12-21
WEB-102147,2025-12-17,C001972,GA,RW-6416,mtb,L,carbon,1,4899,true,2025-12-20
WEB-102149,2025-12-17,C001974,ID,RW-6416,mtb,L,carbon,1,4899,true,2025-12-25
WEB-101973,2025-12-18,C001812,AZ,RW-3980,road,S,carbon,1,3999,true,2025-12-23
WEB-101975,2025-12-18,C001814,CO,RW-3980,road,S,carbon,1,3999,true,2025-12-22
WEB-101997,2025-12-18,C001833,AZ,RW-9835,road,M,base,1,1899,true,2025-12-22
WEB-102006,2025-12-18,C001841,PA,RW-9835,road,M,base,1,1899,true,2025-12-26
WEB-102008,2025-12-18,C001843,MI,RW-9835,road,M,base,1,1899,true,2025-12-20
WEB-102015,2025-12-18,C001850,PA,RW-9835,road,M,base,1,1899,true,2025-12-27
WEB-102022,2025-12-18,C001857,OR,RW-9835,road,M,base,1,1899,true,2025-12-21
WEB-102037,2025-12-18,C001870,TX,RW-2984,road,M,carbon,1,3999,true,2025-12-20
WEB-102050,2025-12-18,C001883,CO,RW-7298,road,L,base,1,1899,true,2025-12-21
WEB-102055,2025-12-18,C001887,MI,RW-7298,road,L,base,1,1899,true,2025-12-28
WEB-102061,2025-12-18,C001893,NY,RW-1378,road,L,carbon,1,3999,true,2025-12-26
WEB-102076,2025-12-18,C001907,TX,RW-9304,mtb,S,carbon,1,4899,true,2025-12-26
WEB-102078,2025-12-18,C001909,MT,RW-9304,mtb,S,carbon,1,4899,true,2025-12-25
WEB-102079,2025-12-18,C001910,MN,RW-9304,mtb,S,carbon,1,4899,true,2025-12-25
WEB-102080,2025-12-18,C001911,MA,RW-9304,mtb,S,carbon,1,4899,true,2025-12-22
WEB-102086,2025-12-18,C001916,MT,RW-9304,mtb,S,carbon,1,4899,true,2025-12-28
WEB-102094,2025-12-18,C001924,MI,RW-9304,mtb,S,carbon,1,4899,true,2025-12-26
WEB-102098,2025-12-18,C001928,MT,RW-9304,mtb,S,carbon,1,4899,true,2025-12-22
WEB-102099,2025-12-18,C001929,NM,RW-9304,mtb,S,carbon,1,4899,true,2025-12-22
WEB-102104,2025-12-18,C001934,NM,RW-9324,mtb,M,base,1,2299,true,2025-12-20
WEB-102105,2025-12-18,C000187,CO,RW-9324,mtb,M,base,1,2299,true,2025-12-20
WEB-102106,2025-12-18,C000078,WA,RW-9324,mtb,M,base,1,2299,true,2025-12-28
WEB-102117,2025-12-18,C001945,WA,RW-9324,mtb,M,base,1,2299,true,2025-12-22
WEB-102119,2025-12-18,C001947,PA,RW-4418,mtb,M,carbon,1,4899,true,2025-12-23
WEB-102121,2025-12-18,C001949,TX,RW-4418,mtb,M,carbon,1,4899,true,2025-12-20
WEB-102122,2025-12-18,C001950,MI,RW-4418,mtb,M,carbon,1,4899,true,2025-12-25
WEB-102129,2025-12-18,C001957,CA,RW-9901,mtb,L,base,1,2299,true,2025-12-23
WEB-102133,2025-12-18,C001961,WA,RW-9901,mtb,L,base,1,2299,true,2025-12-27
WEB-102142,2025-12-18,C001969,MI,RW-6416,mtb,L,carbon,1,4899,true,2025-12-26
WEB-102153,2025-12-18,C001978,FL,RW-6416,mtb,L,carbon,1,4899,true,2025-12-22
WEB-101978,2025-12-19,C001817,AZ,RW-3980,road,S,carbon,1,3999,true,2025-12-29
WEB-101987,2025-12-19,C001824,MN,RW-3980,road,S,carbon,1,3999,true,2025-12-29
WEB-101995,2025-12-19,C001831,NY,RW-9835,road,M,base,1,1899,true,2025-12-26
WEB-101998,2025-12-19,C001834,MT,RW-9835,road,M,base,1,1899,true,2025-12-25
WEB-102007,2025-12-19,C001842,MI,RW-9835,road,M,base,1,1899,true,2025-12-29
WEB-102010,2025-12-19,C001845,ID,RW-9835,road,M,base,1,1899,true,2025-12-25
WEB-102018,2025-12-19,C001853,NM,RW-9835,road,M,base,1,1899,true,2025-12-22
WEB-102027,2025-12-19,C001861,NC,RW-2984,road,M,carbon,1,3999,true,2025-12-26
WEB-102031,2025-12-19,C001865,TX,RW-2984,road,M,carbon,1,3999,true,2025-12-24
WEB-102036,2025-12-19,C001869,GA,RW-2984,road,M,carbon,1,3999,true,2025-12-24
WEB-102040,2025-12-19,C001873,ID,RW-2984,road,M,carbon,1,3999,true,2025-12-22
WEB-102045,2025-12-19,C001878,AZ,RW-2984,road,M,carbon,1,3999,true,2025-12-26
WEB-102053,2025-12-19,C001885,NC,RW-7298,road,L,base,1,1899,true,2025-12-25
WEB-102056,2025-12-19,C001888,NM,RW-7298,road,L,base,1,1899,true,2025-12-26
WEB-102057,2025-12-19,C001889,CO,RW-7298,road,L,base,1,1899,true,2025-12-25
WEB-102062,2025-12-19,C001894,OR,RW-1378,road,L,carbon,1,3999,true,2025-12-24
WEB-102064,2025-12-19,C001896,AZ,RW-1378,road,L,carbon,1,3999,true,2025-12-21
WEB-102066,2025-12-19,C001898,CO,RW-1378,road,L,carbon,1,3999,true,2025-12-23
WEB-102067,2025-12-19,C001899,AZ,RW-1378,road,L,carbon,1,3999,true,2025-12-23
WEB-102070,2025-12-19,C001902,MT,RW-1378,road,L,carbon,1,3999,true,2025-12-25
WEB-102073,2025-12-19,C001904,CO,RW-1378,road,L,carbon,1,3999,true,2025-12-23
WEB-102087,2025-12-19,C001917,MN,RW-9304,mtb,S,carbon,1,4899,true,2025-12-24
WEB-102088,2025-12-19,C001918,CO,RW-9304,mtb,S,carbon,1,4899,true,2025-12-27
WEB-102089,2025-12-19,C001919,TX,RW-9304,mtb,S,carbon,1,4899,true,2025-12-22
WEB-102092,2025-12-19,C001922,GA,RW-9304,mtb,S,carbon,1,4899,true,2025-12-24
WEB-102101,2025-12-19,C001931,GA,RW-9304,mtb,S,carbon,1,4899,true,2025-12-26
WEB-102120,2025-12-19,C001948,OR,RW-4418,mtb,M,carbon,1,4899,true,2025-12-23
WEB-102123,2025-12-19,C001951,WA,RW-4418,mtb,M,carbon,1,4899,true,2025-12-28
WEB-102132,2025-12-19,C001960,PA,RW-9901,mtb,L,base,1,2299,true,2025-12-21
WEB-102139,2025-12-19,C001966,MI,RW-9901,mtb,L,base,1,2299,true,2025-12-23
WEB-102144,2025-12-19,C001970,OR,RW-6416,mtb,L,carbon,1,4899,true,2025-12-25
WEB-102145,2025-12-19,C001971,WA,RW-6416,mtb,L,carbon,1,4899,true,2025-12-25
WEB-102150,2025-12-19,C001975,CO,RW-6416,mtb,L,carbon,1,4899,true,2025-12-29
WEB-101972,2025-12-20,C001811,AZ,RW-3980,road,S,carbon,1,3999,true,2025-12-29
WEB-101977,2025-12-20,C001816,VT,RW-3980,road,S,carbon,1,3999,true,2025-12-26
WEB-101979,2025-12-20,C001818,IL,RW-3980,road,S,carbon,1,3999,true,2025-12-25
WEB-101983,2025-12-20,C000292,MI,RW-3980,road,S,carbon,1,3999,true,2025-12-24
WEB-101986,2025-12-20,C001823,MI,RW-3980,road,S,carbon,1,3999,true,2025-12-24
WEB-101988,2025-12-20,C001825,NM,RW-3980,road,S,carbon,1,3999,true,2025-12-26
WEB-101991,2025-12-20,C000872,CO,RW-3980,road,S,carbon,1,3999,true,2025-12-23
WEB-101996,2025-12-20,C001832,TX,RW-9835,road,M,base,1,1899,true,2025-12-27
WEB-102024,2025-12-20,C001859,NM,RW-2984,road,M,carbon,1,3999,true,2025-12-24
WEB-102032,2025-12-20,C001866,NC,RW-2984,road,M,carbon,1,3999,true,2025-12-25
WEB-102038,2025-12-20,C001871,VT,RW-2984,road,M,carbon,1,3999,true,2025-12-25
WEB-102042,2025-12-20,C001875,TX,RW-2984,road,M,carbon,1,3999,true,2025-12-26
WEB-102046,2025-12-20,C001879,NY,RW-7298,road,L,base,1,1899,true,2025-12-24
WEB-102058,2025-12-20,C001890,WA,RW-7298,road,L,base,1,1899,true,2025-12-24
WEB-102071,2025-12-20,C001870,IL,RW-1378,road,L,carbon,1,3999,true,2025-12-28
WEB-102111,2025-12-20,C001939,OR,RW-9324,mtb,M,base,1,2299,true,2025-12-30
WEB-102118,2025-12-20,C001946,VT,RW-4418,mtb,M,carbon,1,4899,true,2025-12-27
WEB-102125,2025-12-20,C001953,CO,RW-4418,mtb,M,carbon,1,4899,true,2025-12-29
WEB-102128,2025-12-20,C001956,UT,RW-9901,mtb,L,base,1,2299,true,2025-12-24
WEB-102130,2025-12-20,C001958,MA,RW-9901,mtb,L,base,1,2299,true,2025-12-30
WEB-102134,2025-12-20,C000769,PA,RW-9901,mtb,L,base,1,2299,true,2025-12-28
WEB-102136,2025-12-20,C001963,UT,RW-9901,mtb,L,base,1,2299,true,2025-12-23
WEB-102140,2025-12-20,C001967,IL,RW-9901,mtb,L,base,1,2299,true,2025-12-27
WEB-102151,2025-12-20,C001976,MI,RW-6416,mtb,L,carbon,1,4899,true,2025-12-29
WEB-101976,2025-12-21,C001815,CA,RW-3980,road,S,carbon,1,3999,true,2025-12-29
WEB-101993,2025-12-21,C001829,MA,RW-3980,road,S,carbon,1,3999,true,2025-12-31
WEB-102014,2025-12-21,C001849,UT,RW-9835,road,M,base,1,1899,true,2025-12-23
WEB-102023,2025-12-21,C001858,MN,RW-9835,road,M,base,1,1899,true,2025-12-25
WEB-102030,2025-12-21,C001864,OR,RW-2984,road,M,carbon,1,3999,true,2025-12-23
WEB-102033,2025-12-21,C001867,VT,RW-2984,road,M,carbon,1,3999,true,2025-12-31
WEB-102035,2025-12-21,C001757,TX,RW-2984,road,M,carbon,1,3999,true,2025-12-29
WEB-102044,2025-12-21,C001877,AZ,RW-2984,road,M,carbon,1,3999,true,2025-12-26
WEB-102048,2025-12-21,C001881,NC,RW-7298,road,L,base,1,1899,true,2025-12-29
WEB-102049,2025-12-21,C001882,NY,RW-7298,road,L,base,1,1899,true,2025-12-31
WEB-102072,2025-12-21,C001903,MI,RW-1378,road,L,carbon,1,3999,true,2025-12-29
WEB-102082,2025-12-21,C001819,NC,RW-9304,mtb,S,carbon,1,4899,true,2025-12-23
WEB-102083,2025-12-21,C001913,ID,RW-9304,mtb,S,carbon,1,4899,true,2025-12-27
WEB-102085,2025-12-21,C001915,MI,RW-9304,mtb,S,carbon,1,4899,true,2025-12-31
WEB-102091,2025-12-21,C001921,WA,RW-9304,mtb,S,carbon,1,4899,true,2025-12-27
WEB-102095,2025-12-21,C001925,ID,RW-9304,mtb,S,carbon,1,4899,true,2025-12-31
WEB-102107,2025-12-21,C001935,FL,RW-9324,mtb,M,base,1,2299,true,2025-12-30
WEB-102112,2025-12-21,C001940,MT,RW-9324,mtb,M,base,1,2299,true,2025-12-30
WEB-102116,2025-12-21,C001944,VT,RW-9324,mtb,M,base,1,2299,true,2025-12-28
WEB-102138,2025-12-21,C001965,AZ,RW-9901,mtb,L,base,1,2299,true,2025-12-31
WEB-102141,2025-12-21,C001968,MN,RW-9901,mtb,L,base,1,2299,true,2025-12-23
WEB-102148,2025-12-21,C001973,CO,RW-6416,mtb,L,carbon,1,4899,true,2025-12-31
WEB-102156,2025-12-22,C001981,FL,RW-3980,road,S,carbon,1,3999,true,2025-12-24
WEB-102160,2025-12-22,C001984,TX,RW-3980,road,S,carbon,1,3999,true,2025-12-31
WEB-102161,2025-12-22,C001985,MT,RW-3980,road,S,carbon,1,3999,true,2025-12-29
WEB-102164,2025-12-22,C001987,NM,RW-3980,road,S,carbon,1,3999,true,2025-12-31
WEB-102170,2025-12-22,C001993,OR,RW-3980,road,S,carbon,1,3999,true,2025-12-24
WEB-102178,2025-12-22,C001999,VT,RW-9835,road,M,base,1,1899,true,2025-12-25
WEB-102188,2025-12-22,C002009,MT,RW-9835,road,M,base,1,1899,true,2025-12-25
WEB-102193,2025-12-22,C002014,AZ,RW-2984,road,M,carbon,1,3999,true,2025-12-25
WEB-102201,2025-12-22,C002022,TX,RW-2984,road,M,carbon,1,3999,true,2025-12-24
WEB-102209,2025-12-22,C002030,MI,RW-2984,road,M,carbon,1,3999,true,2025-12-25
WEB-102218,2025-12-22,C002037,OR,RW-7298,road,L,base,1,1899,true,2025-12-27
WEB-102225,2025-12-22,C002044,GA,RW-7298,road,L,base,1,1899,true,2026-01-01
WEB-102235,2025-12-22,C002054,MN,RW-1378,road,L,carbon,1,3999,true,2025-12-28
WEB-102248,2025-12-22,C002065,NY,RW-9304,mtb,S,carbon,1,4899,true,2025-12-31
WEB-102254,2025-12-22,C002071,WA,RW-9304,mtb,S,carbon,1,4899,true,2025-12-28
WEB-102257,2025-12-22,C002074,VT,RW-9324,mtb,M,base,1,2299,true,2025-12-31
WEB-102258,2025-12-22,C002075,ID,RW-9324,mtb,M,base,1,2299,true,2026-01-01
WEB-102267,2025-12-22,C002083,NC,RW-9324,mtb,M,base,1,2299,true,2026-01-01
WEB-102274,2025-12-22,C002089,MI,RW-9324,mtb,M,base,1,2299,true,2025-12-30
WEB-102276,2025-12-22,C002091,WA,RW-9324,mtb,M,base,1,2299,true,2025-12-24
WEB-102278,2025-12-22,C002093,CO,RW-9324,mtb,M,base,1,2299,true,2025-12-27
WEB-102291,2025-12-22,C002106,OR,RW-4418,mtb,M,carbon,1,4899,true,2025-12-31
WEB-102321,2025-12-22,C002132,CA,RW-6416,mtb,L,carbon,1,4899,true,2026-01-01
WEB-102337,2025-12-22,C002147,NM,RW-6416,mtb,L,carbon,1,4899,true,2025-12-28
WEB-102159,2025-12-23,C001983,AZ,RW-3980,road,S,carbon,1,3999,true,2026-01-02
WEB-102173,2025-12-23,C000638,MN,RW-9835,road,M,base,1,1899,true,2026-01-02
WEB-102198,2025-12-23,C002019,UT,RW-2984,road,M,carbon,1,3999,true,2025-12-31
WEB-102199,2025-12-23,C002020,FL,RW-2984,road,M,carbon,1,3999,true,2025-12-29
WEB-102204,2025-12-23,C002025,AZ,RW-2984,road,M,carbon,1,3999,true,2025-12-26
WEB-102207,2025-12-23,C002028,CO,RW-2984,road,M,carbon,1,3999,true,2025-12-26
WEB-102213,2025-12-23,C002032,NY,RW-7298,road,L,base,1,1899,true,2025-12-29
WEB-102221,2025-12-23,C002040,IL,RW-7298,road,L,base,1,1899,true,2026-01-02
WEB-102222,2025-12-23,C002041,VT,RW-7298,road,L,base,1,1899,true,2025-12-27
WEB-102223,2025-12-23,C002042,TX,RW-7298,road,L,base,1,1899,true,2025-12-31
WEB-102229,2025-12-23,C002048,OR,RW-1378,road,L,carbon,1,3999,true,2025-12-25
WEB-102249,2025-12-23,C002066,UT,RW-9304,mtb,S,carbon,1,4899,true,2025-12-26
WEB-102252,2025-12-23,C002069,UT,RW-9304,mtb,S,carbon,1,4899,true,2025-12-28
WEB-102253,2025-12-23,C002070,MI,RW-9304,mtb,S,carbon,1,4899,true,2025-12-25
WEB-102256,2025-12-23,C002073,TX,RW-9304,mtb,S,carbon,1,4899,true,2025-12-26
WEB-102262,2025-12-23,C002078,MT,RW-9324,mtb,M,base,1,2299,true,2026-01-01
WEB-102265,2025-12-23,C002081,PA,RW-9324,mtb,M,base,1,2299,true,2025-12-26
WEB-102266,2025-12-23,C002082,CO,RW-9324,mtb,M,base,1,2299,true,2026-01-01
WEB-102273,2025-12-23,C002088,ID,RW-9324,mtb,M,base,1,2299,true,2025-12-26
WEB-102283,2025-12-23,C002098,CO,RW-9324,mtb,M,base,1,2299,true,2026-01-02
WEB-102289,2025-12-23,C002104,NM,RW-4418,mtb,M,carbon,1,4899,true,2025-12-31
WEB-102290,2025-12-23,C002105,NC,RW-4418,mtb,M,carbon,1,4899,true,2025-12-26
WEB-102303,2025-12-23,C002115,NC,RW-4418,mtb,M,carbon,1,4899,true,2025-12-27
WEB-102309,2025-12-23,C002120,OR,RW-9901,mtb,L,base,1,2299,true,2025-12-26
WEB-102310,2025-12-23,C002121,WA,RW-9901,mtb,L,base,1,2299,true,2025-12-27
WEB-102323,2025-12-23,C002134,FL,RW-6416,mtb,L,carbon,1,4899,true,2025-12-29
WEB-102326,2025-12-23,C002137,MI,RW-6416,mtb,L,carbon,1,4899,true,2025-12-27
WEB-102158,2025-12-24,C001982,CO,RW-3980,road,S,carbon,1,3999,true,2026-01-02
WEB-102167,2025-12-24,C001990,PA,RW-3980,road,S,carbon,1,3999,true,2026-01-01
WEB-102168,2025-12-24,C001991,MI,RW-3980,road,S,carbon,1,3999,true,2025-12-29
WEB-102175,2025-12-24,C001996,UT,RW-9835,road,M,base,1,1899,true,2025-12-30
WEB-102177,2025-12-24,C001998,PA,RW-9835,road,M,base,1,1899,true,2025-12-31
WEB-102181,2025-12-24,C002002,AZ,RW-9835,road,M,base,1,1899,true,2026-01-01
WEB-102182,2025-12-24,C002003,PA,RW-9835,road,M,base,1,1899,true,2025-12-31
WEB-102183,2025-12-24,C002004,VT,RW-9835,road,M,base,1,1899,true,2026-01-01
WEB-102187,2025-12-24,C002008,NC,RW-9835,road,M,base,1,1899,true,2025-12-30
WEB-102190,2025-12-24,C002011,ID,RW-9835,road,M,base,1,1899,true,2025-12-27
WEB-102191,2025-12-24,C002012,TX,RW-9835,road,M,base,1,1899,true,2025-12-31
WEB-102214,2025-12-24,C002033,VT,RW-7298,road,L,base,1,1899,true,2025-12-27
WEB-102220,2025-12-24,C002039,NC,RW-7298,road,L,base,1,1899,true,2026-01-02
WEB-102227,2025-12-24,C002046,UT,RW-1378,road,L,carbon,1,3999,true,2025-12-26
WEB-102230,2025-12-24,C002049,WA,RW-1378,road,L,carbon,1,3999,true,2025-12-28
WEB-102239,2025-12-24,C002058,MT,RW-1378,road,L,carbon,1,3999,true,2026-01-03
WEB-102245,2025-12-24,C002061,MT,RW-9304,mtb,S,carbon,1,4899,true,2026-01-03
WEB-102259,2025-12-24,C000286,MI,RW-9324,mtb,M,base,1,2299,true,2025-12-31
WEB-102279,2025-12-24,C002094,GA,RW-9324,mtb,M,base,1,2299,true,2025-12-30
WEB-102282,2025-12-24,C002097,PA,RW-9324,mtb,M,base,1,2299,true,2026-01-01
WEB-102286,2025-12-24,C002101,TX,RW-4418,mtb,M,carbon,1,4899,true,2025-12-30
WEB-102294,2025-12-24,C002109,NM,RW-4418,mtb,M,carbon,1,4899,true,2026-01-03
WEB-102295,2025-12-24,C002110,ID,RW-4418,mtb,M,carbon,1,4899,true,2026-01-01
WEB-102297,2025-12-24,C002111,CO,RW-4418,mtb,M,carbon,1,4899,true,2025-12-30
WEB-102302,2025-12-24,C002114,NY,RW-4418,mtb,M,carbon,1,4899,true,2026-01-03
WEB-102304,2025-12-24,C002116,UT,RW-4418,mtb,M,carbon,1,4899,true,2025-12-28
WEB-102308,2025-12-24,C002119,MT,RW-9901,mtb,L,base,1,2299,true,2026-01-01
WEB-102313,2025-12-24,C002124,VT,RW-9901,mtb,L,base,1,2299,true,2025-12-30
WEB-102317,2025-12-24,C002128,MT,RW-6416,mtb,L,carbon,1,4899,true,2025-12-26
WEB-102329,2025-12-24,C001676,MN,RW-6416,mtb,L,carbon,1,4899,true,2025-12-27
WEB-102331,2025-12-24,C002141,UT,RW-6416,mtb,L,carbon,1,4899,true,2025-12-30
WEB-102335,2025-12-24,C002145,NM,RW-6416,mtb,L,carbon,1,4899,true,2025-12-31
WEB-102169,2025-12-25,C001992,NM,RW-3980,road,S,carbon,1,3999,true,2025-12-30
WEB-102186,2025-12-25,C002007,CA,RW-9835,road,M,base,1,1899,true,2025-12-28
WEB-102192,2025-12-25,C002013,NY,RW-9835,road,M,base,1,1899,true,2026-01-03
WEB-102202,2025-12-25,C002023,PA,RW-2984,road,M,carbon,1,3999,true,2025-12-31
WEB-102203,2025-12-25,C002024,IL,RW-2984,road,M,carbon,1,3999,true,2025-12-31
WEB-102206,2025-12-25,C002027,AZ,RW-2984,road,M,carbon,1,3999,true,2026-01-03
WEB-102219,2025-12-25,C002038,IL,RW-7298,road,L,base,1,1899,true,2025-12-29
WEB-102228,2025-12-25,C002047,VT,RW-1378,road,L,carbon,1,3999,true,2025-12-31
WEB-102231,2025-12-25,C002050,IL,RW-1378,road,L,carbon,1,3999,true,2026-01-04
WEB-102237,2025-12-25,C002056,NC,RW-1378,road,L,carbon,1,3999,true,2025-12-31
WEB-102240,2025-12-25,C002059,UT,RW-9304,mtb,S,carbon,1,4899,true,2025-12-30
WEB-102244,2025-12-25,C002062,UT,RW-9304,mtb,S,carbon,1,4899,true,2025-12-29
WEB-102250,2025-12-25,C002067,IL,RW-9304,mtb,S,carbon,1,4899,true,2025-12-27
WEB-102269,2025-12-25,C002085,CA,RW-9324,mtb,M,base,1,2299,true,2026-01-02
WEB-102270,2025-12-25,C000817,NC,RW-9324,mtb,M,base,1,2299,true,2025-12-30
WEB-102272,2025-12-25,C002087,UT,RW-9324,mtb,M,base,1,2299,true,2025-12-27
WEB-102275,2025-12-25,C002090,WA,RW-9324,mtb,M,base,1,2299,true,2026-01-04
WEB-102280,2025-12-25,C002095,PA,RW-9324,mtb,M,base,1,2299,true,2025-12-28
WEB-102284,2025-12-25,C002099,MI,RW-9324,mtb,M,base,1,2299,true,2025-12-30
WEB-102285,2025-12-25,C002100,PA,RW-9324,mtb,M,base,1,2299,true,2025-12-31
WEB-102287,2025-12-25,C002102,PA,RW-4418,mtb,M,carbon,1,4899,true,2026-01-03
WEB-102292,2025-12-25,C002107,ID,RW-4418,mtb,M,carbon,1,4899,true,2026-01-02
WEB-102298,2025-12-25,C000328,OR,RW-4418,mtb,M,carbon,1,4899,true,2026-01-01
WEB-102305,2025-12-25,C000802,MA,RW-4418,mtb,M,carbon,1,4899,true,2026-01-03
WEB-102306,2025-12-25,C002117,UT,RW-9901,mtb,L,base,1,2299,true,2025-12-31
WEB-102316,2025-12-25,C002127,NM,RW-9901,mtb,L,base,1,2299,true,2026-01-02
WEB-102322,2025-12-25,C002133,NC,RW-6416,mtb,L,carbon,1,4899,true,2025-12-31
WEB-102332,2025-12-25,C002142,WA,RW-6416,mtb,L,carbon,1,4899,true,2025-12-27
WEB-102334,2025-12-25,C002144,NC,RW-6416,mtb,L,carbon,1,4899,true,2025-12-28
WEB-102154,2025-12-26,C001979,TX,RW-3980,road,S,carbon,1,3999,true,2026-01-02
WEB-102157,2025-12-26,C000517,NM,RW-3980,road,S,carbon,1,3999,true,2026-01-03
WEB-102162,2025-12-26,C001317,OR,RW-3980,road,S,carbon,1,3999,true,2026-01-04
WEB-102163,2025-12-26,C001986,CA,RW-3980,road,S,carbon,1,3999,true,2026-01-04
WEB-102166,2025-12-26,C001989,NY,RW-3980,road,S,carbon,1,3999,true,2026-01-04
WEB-102171,2025-12-26,C001994,GA,RW-9835,road,M,base,1,1899,true,2025-12-28
WEB-102180,2025-12-26,C002001,IL,RW-9835,road,M,base,1,1899,true,2026-01-05
WEB-102184,2025-12-26,C002005,MI,RW-9835,road,M,base,1,1899,true,2026-01-04
WEB-102185,2025-12-26,C002006,CA,RW-9835,road,M,base,1,1899,true,2026-01-02
WEB-102189,2025-12-26,C002010,CO,RW-9835,road,M,base,1,1899,true,2025-12-30
WEB-102195,2025-12-26,C002016,VT,RW-2984,road,M,carbon,1,3999,true,2026-01-01
WEB-102215,2025-12-26,C002034,GA,RW-7298,road,L,base,1,1899,true,2025-12-29
WEB-102233,2025-12-26,C002052,AZ,RW-1378,road,L,carbon,1,3999,true,2025-12-28
WEB-102234,2025-12-26,C002053,OR,RW-1378,road,L,carbon,1,3999,true,2025-12-29
WEB-102242,2025-12-26,C001945,MT,RW-9304,mtb,S,carbon,1,4899,true,2025-12-30
WEB-102251,2025-12-26,C002068,GA,RW-9304,mtb,S,carbon,1,4899,true,2025-12-30
WEB-102260,2025-12-26,C002076,PA,RW-9324,mtb,M,base,1,2299,true,2025-12-28
WEB-102263,2025-12-26,C002079,MN,RW-9324,mtb,M,base,1,2299,true,2026-01-03
WEB-102264,2025-12-26,C002080,CO,RW-9324,mtb,M,base,1,2299,true,2026-01-05
WEB-102277,2025-12-26,C002092,PA,RW-9324,mtb,M,base,1,2299,true,2026-01-04
WEB-102299,2025-12-26,C002112,TX,RW-4418,mtb,M,carbon,1,4899,true,2026-01-02
WEB-102300,2025-12-26,C000432,CA,RW-4418,mtb,M,carbon,1,4899,true,2025-12-31
WEB-102311,2025-12-26,C002122,CO,RW-9901,mtb,L,base,1,2299,true,2025-12-29
WEB-102318,2025-12-26,C002129,CO,RW-6416,mtb,L,carbon,1,4899,true,2026-01-02
WEB-102319,2025-12-26,C002130,CO,RW-6416,mtb,L,carbon,1,4899,true,2026-01-05
WEB-102325,2025-12-26,C002136,GA,RW-6416,mtb,L,carbon,1,4899,true,2026-01-04
WEB-102328,2025-12-26,C002139,VT,RW-6416,mtb,L,carbon,1,4899,true,2026-01-03
WEB-102330,2025-12-26,C002140,NM,RW-6416,mtb,L,carbon,1,4899,true,2025-12-28
WEB-102155,2025-12-27,C001980,UT,RW-3980,road,S,carbon,1,3999,true,2025-12-30
WEB-102174,2025-12-27,C001995,NM,RW-9835,road,M,base,1,1899,true,2025-12-31
WEB-102176,2025-12-27,C001997,NM,RW-9835,road,M,base,1,1899,true,2025-12-31
WEB-102194,2025-12-27,C002015,CO,RW-2984,road,M,carbon,1,3999,true,2025-12-29
WEB-102196,2025-12-27,C002017,AZ,RW-2984,road,M,carbon,1,3999,true,2025-12-31
WEB-102197,2025-12-27,C002018,FL,RW-2984,road,M,carbon,1,3999,true,2025-12-30
WEB-102205,2025-12-27,C002026,VT,RW-2984,road,M,carbon,1,3999,true,2025-12-31
WEB-102212,2025-12-27,C002031,ID,RW-7298,road,L,base,1,1899,true,2026-01-03
WEB-102217,2025-12-27,C002036,CA,RW-7298,road,L,base,1,1899,true,2026-01-05
WEB-102224,2025-12-27,C002043,WA,RW-7298,road,L,base,1,1899,true,2026-01-02
WEB-102226,2025-12-27,C002045,MI,RW-7298,road,L,base,1,1899,true,2026-01-03
WEB-102232,2025-12-27,C002051,TX,RW-1378,road,L,carbon,1,3999,true,2026-01-05
WEB-102238,2025-12-27,C002057,PA,RW-1378,road,L,carbon,1,3999,true,2026-01-05
WEB-102241,2025-12-27,C002060,ID,RW-9304,mtb,S,carbon,1,4899,true,2026-01-03
WEB-102246,2025-12-27,C002063,MN,RW-9304,mtb,S,carbon,1,4899,true,2026-01-02
WEB-102255,2025-12-27,C002072,IL,RW-9304,mtb,S,carbon,1,4899,true,2026-01-01
WEB-102288,2025-12-27,C002103,MT,RW-4418,mtb,M,carbon,1,4899,true,2025-12-31
WEB-102301,2025-12-27,C002113,MN,RW-4418,mtb,M,carbon,1,4899,true,2026-01-02
WEB-102307,2025-12-27,C002118,OR,RW-9901,mtb,L,base,1,2299,true,2026-01-05
WEB-102314,2025-12-27,C002125,MA,RW-9901,mtb,L,base,1,2299,true,2026-01-06
WEB-102324,2025-12-27,C002135,WA,RW-6416,mtb,L,carbon,1,4899,true,2025-12-30
WEB-102327,2025-12-27,C002138,GA,RW-6416,mtb,L,carbon,1,4899,true,2025-12-31
WEB-102336,2025-12-27,C002146,MT,RW-6416,mtb,L,carbon,1,4899,true,2026-01-01
WEB-102165,2025-12-28,C001988,VT,RW-3980,road,S,carbon,1,3999,true,2026-01-07
WEB-102172,2025-12-28,C001454,NY,RW-9835,road,M,base,1,1899,true,2026-01-01
WEB-102179,2025-12-28,C002000,IL,RW-9835,road,M,base,1,1899,true,2026-01-07
WEB-102200,2025-12-28,C002021,CO,RW-2984,road,M,carbon,1,3999,true,2025-12-30
WEB-102208,2025-12-28,C002029,GA,RW-2984,road,M,carbon,1,3999,true,2026-01-03
WEB-102210,2025-12-28,C000882,NY,RW-2984,road,M,carbon,1,3999,true,2026-01-02
WEB-102211,2025-12-28,C001129,CO,RW-2984,road,M,carbon,1,3999,true,2026-01-03
WEB-102216,2025-12-28,C002035,OR,RW-7298,road,L,base,1,1899,true,2025-12-31
WEB-102236,2025-12-28,C002055,CO,RW-1378,road,L,carbon,1,3999,true,2025-12-31
WEB-102243,2025-12-28,C002061,MN,RW-9304,mtb,S,carbon,1,4899,true,2026-01-06
WEB-102247,2025-12-28,C002064,ID,RW-9304,mtb,S,carbon,1,4899,true,2026-01-02
WEB-102261,2025-12-28,C002077,TX,RW-9324,mtb,M,base,1,2299,true,2025-12-31
WEB-102268,2025-12-28,C002084,CA,RW-9324,mtb,M,base,1,2299,true,2026-01-02
WEB-102271,2025-12-28,C002086,GA,RW-9324,mtb,M,base,1,2299,true,2026-01-05
WEB-102281,2025-12-28,C002096,WA,RW-9324,mtb,M,base,1,2299,true,2026-01-04
WEB-102293,2025-12-28,C002108,IL,RW-4418,mtb,M,carbon,1,4899,true,2026-01-04
WEB-102296,2025-12-28,C001722,UT,RW-4418,mtb,M,carbon,1,4899,true,2025-12-31
WEB-102312,2025-12-28,C002123,MT,RW-9901,mtb,L,base,1,2299,true,2026-01-02
WEB-102315,2025-12-28,C002126,FL,RW-9901,mtb,L,base,1,2299,true,2026-01-04
WEB-102320,2025-12-28,C002131,PA,RW-6416,mtb,L,carbon,1,4899,true,2026-01-01
WEB-102333,2025-12-28,C002143,NM,RW-6416,mtb,L,carbon,1,4899,true,2026-01-03
WEB-102338,2025-12-28,C002148,NY,RW-6416,mtb,L,carbon,1,4899,true,2026-01-04
WEB-102345,2025-12-29,C002155,UT,RW-3980,road,S,carbon,1,3999,true,2026-01-08
WEB-102348,2025-12-29,C002156,NC,RW-3980,road,S,carbon,1,3999,true,2025-12-31
WEB-102354,2025-12-29,C002161,TX,RW-3980,road,S,carbon,1,3999,true,2026-01-03
WEB-102360,2025-12-29,C002166,NM,RW-3980,road,S,carbon,1,3999,true,2026-01-07
WEB-102368,2025-12-29,C002173,OR,RW-9835,road,M,base,1,1899,true,2026-01-05
WEB-102384,2025-12-29,C002187,MA,RW-9835,road,M,base,1,1899,true,2026-01-03
WEB-102392,2025-12-29,C002194,IL,RW-2984,road,M,carbon,1,3999,true,2026-01-08
WEB-102398,2025-12-29,C002200,NY,RW-2984,road,M,carbon,1,3999,true,2026-01-01
WEB-102419,2025-12-29,C002061,MT,RW-1378,road,L,carbon,1,3999,true,2025-12-31
WEB-102424,2025-12-29,C002224,IL,RW-1378,road,L,carbon,1,3999,true,2026-01-01
WEB-102429,2025-12-29,C002228,MT,RW-1378,road,L,carbon,1,3999,true,2026-01-02
WEB-102441,2025-12-29,C002239,FL,RW-1378,road,L,carbon,1,3999,true,2026-01-01
WEB-102446,2025-12-29,C002244,NM,RW-9304,mtb,S,carbon,1,4899,true,2026-01-02
WEB-102451,2025-12-29,C002249,OR,RW-9304,mtb,S,carbon,1,4899,true,2025-12-31
WEB-102453,2025-12-29,C002251,MA,RW-9304,mtb,S,carbon,1,4899,true,2026-01-07
WEB-102465,2025-12-29,C002262,ID,RW-9324,mtb,M,base,1,2299,true,2026-01-08
WEB-102471,2025-12-29,C002268,VT,RW-9324,mtb,M,base,1,2299,true,2026-01-01
WEB-102478,2025-12-29,C002274,CA,RW-9324,mtb,M,base,1,2299,true,2026-01-08
WEB-102483,2025-12-29,C002279,UT,RW-4418,mtb,M,carbon,1,4899,true,2026-01-07
WEB-102497,2025-12-29,C002292,UT,RW-9901,mtb,L,base,1,2299,true,2026-01-05
WEB-102509,2025-12-29,C002303,WA,RW-6416,mtb,L,carbon,1,4899,true,2026-01-06
WEB-102510,2025-12-29,C002304,GA,RW-6416,mtb,L,carbon,1,4899,true,2026-01-01
WEB-102512,2025-12-29,C002306,OR,RW-6416,mtb,L,carbon,1,4899,true,2026-01-02
WEB-102514,2025-12-29,C002308,ID,RW-6416,mtb,L,carbon,1,4899,true,2025-12-31
WEB-102339,2025-12-30,C002149,VT,RW-3980,road,S,carbon,1,3999,true,2026-01-03
WEB-102341,2025-12-30,C002151,CO,RW-3980,road,S,carbon,1,3999,true,2026-01-06
WEB-102346,2025-12-30,C000469,ID,RW-3980,road,S,carbon,1,3999,true,2026-01-07
WEB-102349,2025-12-30,C002157,VT,RW-3980,road,S,carbon,1,3999,true,2026-01-08
WEB-102350,2025-12-30,C002158,FL,RW-3980,road,S,carbon,1,3999,true,2026-01-02
WEB-102372,2025-12-30,C002176,MT,RW-9835,road,M,base,1,1899,true,2026-01-01
WEB-102375,2025-12-30,C002179,CO,RW-9835,road,M,base,1,1899,true,2026-01-07
WEB-102395,2025-12-30,C002197,MT,RW-2984,road,M,carbon,1,3999,true,2026-01-07
WEB-102399,2025-12-30,C002201,GA,RW-2984,road,M,carbon,1,3999,true,2026-01-01
WEB-102407,2025-12-30,C002209,CA,RW-7298,road,L,base,1,1899,true,2026-01-01
WEB-102418,2025-12-30,C002219,OR,RW-7298,road,L,base,1,1899,true,2026-01-04
WEB-102425,2025-12-30,C002225,TX,RW-1378,road,L,carbon,1,3999,true,2026-01-03
WEB-102427,2025-12-30,C001958,FL,RW-1378,road,L,carbon,1,3999,true,2026-01-02
WEB-102433,2025-12-30,C002232,MT,RW-1378,road,L,carbon,1,3999,true,2026-01-07
WEB-102454,2025-12-30,C002252,NY,RW-9304,mtb,S,carbon,1,4899,true,2026-01-05
WEB-102456,2025-12-30,C000170,IL,RW-9324,mtb,M,base,1,2299,true,2026-01-04
WEB-102468,2025-12-30,C002265,CA,RW-9324,mtb,M,base,1,2299,true,2026-01-03
WEB-102474,2025-12-30,C002271,OR,RW-9324,mtb,M,base,1,2299,true,2026-01-02
WEB-102480,2025-12-30,C002276,NM,RW-4418,mtb,M,carbon,1,4899,true,2026-01-03
WEB-102482,2025-12-30,C002278,TX,RW-4418,mtb,M,carbon,1,4899,true,2026-01-01
WEB-102488,2025-12-30,C002284,MA,RW-4418,mtb,M,carbon,1,4899,true,2026-01-04
WEB-102490,2025-12-30,C002286,TX,RW-4418,mtb,M,carbon,1,4899,true,2026-01-07
WEB-102494,2025-12-30,C002289,MI,RW-9901,mtb,L,base,1,2299,true,2026-01-08
WEB-102498,2025-12-30,C002293,NY,RW-9901,mtb,L,base,1,2299,true,2026-01-07
WEB-102500,2025-12-30,C002295,FL,RW-9901,mtb,L,base,1,2299,true,2026-01-04
WEB-102507,2025-12-30,C002301,NY,RW-6416,mtb,L,carbon,1,4899,true,2026-01-01
WEB-102363,2025-12-31,C002169,CO,RW-3980,road,S,carbon,1,3999,true,2026-01-09
WEB-102365,2025-12-31,C002171,VT,RW-3980,road,S,carbon,1,3999,true,2026-01-04
WEB-102367,2025-12-31,C002172,MI,RW-3980,road,S,carbon,1,3999,true,2026-01-04
WEB-102371,2025-12-31,C000609,CA,RW-9835,road,M,base,1,1899,true,2026-01-10
WEB-102385,2025-12-31,C002188,NM,RW-9835,road,M,base,1,1899,true,2026-01-08
WEB-102386,2025-12-31,C002189,ID,RW-2984,road,M,carbon,1,3999,true,2026-01-07
WEB-102393,2025-12-31,C002195,GA,RW-2984,road,M,carbon,1,3999,true,2026-01-06
WEB-102396,2025-12-31,C002198,MA,RW-2984,road,M,carbon,1,3999,true,2026-01-08
WEB-102401,2025-12-31,C002203,FL,RW-2984,road,M,carbon,1,3999,true,2026-01-10
WEB-102402,2025-12-31,C002204,IL,RW-2984,road,M,carbon,1,3999,true,2026-01-05
WEB-102403,2025-12-31,C002205,UT,RW-2984,road,M,carbon,1,3999,true,2026-01-09
WEB-102405,2025-12-31,C002207,NC,RW-7298,road,L,base,1,1899,true,2026-01-03
WEB-102411,2025-12-31,C002213,VT,RW-7298,road,L,base,1,1899,true,2026-01-06
WEB-102413,2025-12-31,C002214,NC,RW-7298,road,L,base,1,1899,true,2026-01-08
WEB-102414,2025-12-31,C002215,ID,RW-7298,road,L,base,1,1899,true,2026-01-03
WEB-102415,2025-12-31,C002216,MI,RW-7298,road,L,base,1,1899,true,2026-01-05
WEB-102420,2025-12-31,C002220,MI,RW-1378,road,L,carbon,1,3999,true,2026-01-03
WEB-102423,2025-12-31,C002223,NY,RW-1378,road,L,carbon,1,3999,true,2026-01-08
WEB-102426,2025-12-31,C002226,MT,RW-1378,road,L,carbon,1,3999,true,2026-01-06
WEB-102430,2025-12-31,C002229,MN,RW-1378,road,L,carbon,1,3999,true,2026-01-02
WEB-102431,2025-12-31,C002230,NC,RW-1378,road,L,carbon,1,3999,true,2026-01-05
WEB-102434,2025-12-31,C002233,NC,RW-1378,road,L,carbon,1,3999,true,2026-01-07
WEB-102435,2025-12-31,C002234,VT,RW-1378,road,L,carbon,1,3999,true,2026-01-02
WEB-102437,2025-12-31,C002236,CO,RW-1378,road,L,carbon,1,3999,true,2026-01-02
WEB-102439,2025-12-31,C002010,CA,RW-1378,road,L,carbon,1,3999,true,2026-01-05
WEB-102442,2025-12-31,C002240,MI,RW-9304,mtb,S,carbon,1,4899,true,2026-01-10
WEB-102443,2025-12-31,C002241,UT,RW-9304,mtb,S,carbon,1,4899,true,2026-01-07
WEB-102450,2025-12-31,C002248,NY,RW-9304,mtb,S,carbon,1,4899,true,2026-01-09
WEB-102455,2025-12-31,C002253,OR,RW-9324,mtb,M,base,1,2299,true,2026-01-02
WEB-102475,2025-12-31,C002272,GA,RW-9324,mtb,M,base,1,2299,true,2026-01-10
WEB-102489,2025-12-31,C002285,OR,RW-4418,mtb,M,carbon,1,4899,true,2026-01-10
WEB-102496,2025-12-31,C002291,MN,RW-9901,mtb,L,base,1,2299,true,2026-01-08
WEB-102499,2025-12-31,C002294,MI,RW-9901,mtb,L,base,1,2299,true,2026-01-07
WEB-102501,2025-12-31,C001800,IL,RW-9901,mtb,L,base,1,2299,true,2026-01-03
WEB-102505,2025-12-31,C002299,PA,RW-9901,mtb,L,base,1,2299,true,2026-01-06
WEB-102506,2025-12-31,C002300,IL,RW-6416,mtb,L,carbon,1,4899,true,2026-01-04
WEB-102508,2025-12-31,C002302,VT,RW-6416,mtb,L,carbon,1,4899,true,2026-01-05
WEB-102513,2025-12-31,C002307,VT,RW-6416,mtb,L,carbon,1,4899,true,2026-01-05
WEB-102342,2026-01-01,C002152,IL,RW-3980,road,S,carbon,1,3999,true,2026-01-03
WEB-102352,2026-01-01,C002160,PA,RW-3980,road,S,carbon,1,3999,true,2026-01-04
WEB-102353,2026-01-01,C000245,TX,RW-3980,road,S,carbon,1,3999,true,2026-01-07
WEB-102362,2026-01-01,C002168,CA,RW-3980,road,S,carbon,1,3999,true,2026-01-11
WEB-102364,2026-01-01,C002170,MA,RW-3980,road,S,carbon,1,3999,true,2026-01-09
WEB-102369,2026-01-01,C002174,MN,RW-9835,road,M,base,1,1899,true,2026-01-09
WEB-102374,2026-01-01,C002178,PA,RW-9835,road,M,base,1,1899,true,2026-01-08
WEB-102376,2026-01-01,C002180,VT,RW-9835,road,M,base,1,1899,true,2026-01-07
WEB-102383,2026-01-01,C000410,MI,RW-9835,road,M,base,1,1899,true,2026-01-04
WEB-102391,2026-01-01,C002193,UT,RW-2984,road,M,carbon,1,3999,true,2026-01-03
WEB-102406,2026-01-01,C002208,VT,RW-7298,road,L,base,1,1899,true,2026-01-04
WEB-102412,2026-01-01,C001229,MI,RW-7298,road,L,base,1,1899,true,2026-01-07
WEB-102417,2026-01-01,C002218,NM,RW-7298,road,L,base,1,1899,true,2026-01-05
WEB-102422,2026-01-01,C002222,MI,RW-1378,road,L,carbon,1,3999,true,2026-01-10
WEB-102445,2026-01-01,C002243,VT,RW-9304,mtb,S,carbon,1,4899,true,2026-01-09
WEB-102476,2026-01-01,C000550,NM,RW-9324,mtb,M,base,1,2299,true,2026-01-10
WEB-102492,2026-01-01,C001155,CO,RW-9901,mtb,L,base,1,2299,true,2026-01-09
WEB-102495,2026-01-01,C002290,MT,RW-9901,mtb,L,base,1,2299,true,2026-01-09
WEB-102517,2026-01-01,C002310,GA,RW-6416,mtb,L,carbon,1,4899,true,2026-01-07
WEB-102340,2026-01-02,C002150,TX,RW-3980,road,S,carbon,1,3999,true,2026-01-10
WEB-102344,2026-01-02,C002154,MN,RW-3980,road,S,carbon,1,3999,true,2026-01-07
WEB-102356,2026-01-02,C002163,NM,RW-3980,road,S,carbon,1,3999,true,2026-01-08
WEB-102361,2026-01-02,C002167,MN,RW-3980,road,S,carbon,1,3999,true,2026-01-04
WEB-102378,2026-01-02,C002182,UT,RW-9835,road,M,base,1,1899,true,2026-01-08
WEB-102382,2026-01-02,C002186,WA,RW-9835,road,M,base,1,1899,true,2026-01-06
WEB-102387,2026-01-02,C001039,NM,RW-2984,road,M,carbon,1,3999,true,2026-01-07
WEB-102388,2026-01-02,C002190,AZ,RW-2984,road,M,carbon,1,3999,true,2026-01-06
WEB-102397,2026-01-02,C002199,MT,RW-2984,road,M,carbon,1,3999,true,2026-01-08
WEB-102404,2026-01-02,C002206,PA,RW-7298,road,L,base,1,1899,true,2026-01-11
WEB-102421,2026-01-02,C002221,FL,RW-1378,road,L,carbon,1,3999,true,2026-01-08
WEB-102428,2026-01-02,C002227,CA,RW-1378,road,L,carbon,1,3999,true,2026-01-11
WEB-102438,2026-01-02,C002237,UT,RW-1378,road,L,carbon,1,3999,true,2026-01-11
WEB-102448,2026-01-02,C002246,NM,RW-9304,mtb,S,carbon,1,4899,true,2026-01-11
WEB-102467,2026-01-02,C002264,MT,RW-9324,mtb,M,base,1,2299,true,2026-01-08
WEB-102485,2026-01-02,C002281,CA,RW-4418,mtb,M,carbon,1,4899,true,2026-01-08
WEB-102491,2026-01-02,C002287,MA,RW-9901,mtb,L,base,1,2299,true,2026-01-08
WEB-102502,2026-01-02,C002296,VT,RW-9901,mtb,L,base,1,2299,true,2026-01-12
WEB-102504,2026-01-02,C002298,NC,RW-9901,mtb,L,base,1,2299,true,2026-01-04
WEB-102511,2026-01-02,C002305,NC,RW-6416,mtb,L,carbon,1,4899,true,2026-01-08
WEB-102516,2026-01-02,C001665,NM,RW-6416,mtb,L,carbon,1,4899,true,2026-01-06
WEB-102347,2026-01-03,C000432,NM,RW-3980,road,S,carbon,1,3999,true,2026-01-08
WEB-102357,2026-01-03,C002164,TX,RW-3980,road,S,carbon,1,3999,true,2026-01-09
WEB-102359,2026-01-03,C001197,MN,RW-3980,road,S,carbon,1,3999,true,2026-01-09
WEB-102370,2026-01-03,C002175,MT,RW-9835,road,M,base,1,1899,true,2026-01-06
WEB-102373,2026-01-03,C002177,GA,RW-9835,road,M,base,1,1899,true,2026-01-10
WEB-102377,2026-01-03,C002181,WA,RW-9835,road,M,base,1,1899,true,2026-01-11
WEB-102380,2026-01-03,C002184,NM,RW-9835,road,M,base,1,1899,true,2026-01-13
WEB-102389,2026-01-03,C002191,GA,RW-2984,road,M,carbon,1,3999,true,2026-01-13
WEB-102394,2026-01-03,C002196,FL,RW-2984,road,M,carbon,1,3999,true,2026-01-08
WEB-102408,2026-01-03,C002210,WA,RW-7298,road,L,base,1,1899,true,2026-01-05
WEB-102409,2026-01-03,C002211,MI,RW-7298,road,L,base,1,1899,true,2026-01-12
WEB-102436,2026-01-03,C002235,UT,RW-1378,road,L,carbon,1,3999,true,2026-01-09
WEB-102444,2026-01-03,C002242,FL,RW-9304,mtb,S,carbon,1,4899,true,2026-01-13
WEB-102449,2026-01-03,C002247,AZ,RW-9304,mtb,S,carbon,1,4899,true,2026-01-12
WEB-102452,2026-01-03,C002250,AZ,RW-9304,mtb,S,carbon,1,4899,true,2026-01-10
WEB-102459,2026-01-03,C002256,FL,RW-9324,mtb,M,base,1,2299,true,2026-01-05
WEB-102460,2026-01-03,C002257,CO,RW-9324,mtb,M,base,1,2299,true,2026-01-08
WEB-102463,2026-01-03,C002260,MT,RW-9324,mtb,M,base,1,2299,true,2026-01-07
WEB-102472,2026-01-03,C002269,FL,RW-9324,mtb,M,base,1,2299,true,2026-01-13
WEB-102477,2026-01-03,C002273,MA,RW-9324,mtb,M,base,1,2299,true,2026-01-08
WEB-102487,2026-01-03,C002283,PA,RW-4418,mtb,M,carbon,1,4899,true,2026-01-13
WEB-102493,2026-01-03,C002288,NM,RW-9901,mtb,L,base,1,2299,true,2026-01-05
WEB-102503,2026-01-03,C002297,CO,RW-9901,mtb,L,base,1,2299,true,2026-01-05
WEB-102515,2026-01-03,C002309,NC,RW-6416,mtb,L,carbon,1,4899,true,2026-01-10
WEB-102343,2026-01-04,C002153,NC,RW-3980,road,S,carbon,1,3999,true,2026-01-11
WEB-102351,2026-01-04,C002159,MA,RW-3980,road,S,carbon,1,3999,true,2026-01-14
WEB-102355,2026-01-04,C002162,PA,RW-3980,road,S,carbon,1,3999,true,2026-01-11
WEB-102358,2026-01-04,C002165,MN,RW-3980,road,S,carbon,1,3999,true,2026-01-09
WEB-102366,2026-01-04,C000709,NM,RW-3980,road,S,carbon,1,3999,true,2026-01-13
WEB-102379,2026-01-04,C002183,ID,RW-9835,road,M,base,1,1899,true,2026-01-13
WEB-102381,2026-01-04,C002185,AZ,RW-9835,road,M,base,1,1899,true,2026-01-07
WEB-102390,2026-01-04,C002192,AZ,RW-2984,road,M,carbon,1,3999,true,2026-01-11
WEB-102400,2026-01-04,C002202,MI,RW-2984,road,M,carbon,1,3999,true,2026-01-10
WEB-102410,2026-01-04,C002212,CA,RW-7298,road,L,base,1,1899,true,2026-01-08
WEB-102416,2026-01-04,C002217,CA,RW-7298,road,L,base,1,1899,true,2026-01-13
WEB-102432,2026-01-04,C002231,MN,RW-1378,road,L,carbon,1,3999,true,2026-01-09
WEB-102440,2026-01-04,C002238,MA,RW-1378,road,L,carbon,1,3999,true,2026-01-13
WEB-102447,2026-01-04,C002245,CO,RW-9304,mtb,S,carbon,1,4899,true,2026-01-12
WEB-102457,2026-01-04,C002254,NM,RW-9324,mtb,M,base,1,2299,true,2026-01-11
WEB-102458,2026-01-04,C002255,VT,RW-9324,mtb,M,base,1,2299,true,2026-01-14
WEB-102461,2026-01-04,C002258,MT,RW-9324,mtb,M,base,1,2299,true,2026-01-10
WEB-102462,2026-01-04,C002259,NY,RW-9324,mtb,M,base,1,2299,true,2026-01-09
WEB-102464,2026-01-04,C002261,MI,RW-9324,mtb,M,base,1,2299,true,2026-01-11
WEB-102466,2026-01-04,C002263,FL,RW-9324,mtb,M,base,1,2299,true,2026-01-08
WEB-102469,2026-01-04,C002266,WA,RW-9324,mtb,M,base,1,2299,true,2026-01-09
WEB-102470,2026-01-04,C002267,CO,RW-9324,mtb,M,base,1,2299,true,2026-01-13
WEB-102473,2026-01-04,C002270,MN,RW-9324,mtb,M,base,1,2299,true,2026-01-08
WEB-102479,2026-01-04,C002275,CA,RW-9324,mtb,M,base,1,2299,true,2026-01-11
WEB-102481,2026-01-04,C002277,AZ,RW-4418,mtb,M,carbon,1,4899,true,2026-01-12
WEB-102484,2026-01-04,C002280,NM,RW-4418,mtb,M,carbon,1,4899,true,2026-01-13
WEB-102486,2026-01-04,C002282,MA,RW-4418,mtb,M,carbon,1,4899,true,2026-01-12
WEB-102549,2026-01-05,C002339,ID,RW-9835,road,M,base,1,1899,true,2026-01-11
WEB-102566,2026-01-05,C002354,GA,RW-2984,road,M,carbon,1,3999,true,2026-01-14
WEB-102570,2026-01-05,C002358,GA,RW-2984,road,M,carbon,1,3999,true,2026-01-13
WEB-102578,2026-01-05,C000113,MT,RW-2984,road,M,carbon,1,3999,true,2026-01-13
WEB-102584,2026-01-05,C002017,CO,RW-7298,road,L,base,1,1899,true,2026-01-12
WEB-102602,2026-01-05,C001076,MI,RW-1378,road,L,carbon,1,3999,true,2026-01-09
WEB-102603,2026-01-05,C002386,FL,RW-1378,road,L,carbon,1,3999,true,2026-01-13
WEB-102605,2026-01-05,C002388,AZ,RW-1378,road,L,carbon,1,3999,true,2026-01-14
WEB-102613,2026-01-05,C002396,TX,RW-9304,mtb,S,carbon,1,4899,true,2026-01-09
WEB-102632,2026-01-05,C002412,MN,RW-9304,mtb,S,carbon,1,4899,true,2026-01-13
WEB-102650,2026-01-05,C002428,CO,RW-9324,mtb,M,base,1,2299,true,2026-01-09
WEB-102658,2026-01-05,C002436,PA,RW-4418,mtb,M,carbon,1,4899,true,2026-01-11
WEB-102664,2026-01-05,C002442,UT,RW-4418,mtb,M,carbon,1,4899,true,2026-01-14
WEB-102672,2026-01-05,C002450,CO,RW-9901,mtb,L,base,1,2299,true,2026-01-10
WEB-102681,2026-01-05,C002230,CA,RW-9901,mtb,L,base,1,2299,true,2026-01-11
WEB-102687,2026-01-05,C002462,MA,RW-9901,mtb,L,base,1,2299,true,2026-01-11
WEB-102691,2026-01-05,C002466,NM,RW-6416,mtb,L,carbon,1,4899,true,2026-01-12
WEB-102696,2026-01-05,C002470,ID,RW-6416,mtb,L,carbon,1,4899,true,2026-01-14
WEB-102522,2026-01-06,C002315,NY,RW-3980,road,S,carbon,1,3999,true,2026-01-11
WEB-102532,2026-01-06,C002324,GA,RW-3980,road,S,carbon,1,3999,true,2026-01-15
WEB-102541,2026-01-06,C002333,PA,RW-9835,road,M,base,1,1899,true,2026-01-09
WEB-102547,2026-01-06,C002337,UT,RW-9835,road,M,base,1,1899,true,2026-01-08
WEB-102557,2026-01-06,C002346,AZ,RW-2984,road,M,carbon,1,3999,true,2026-01-16
WEB-102560,2026-01-06,C002349,AZ,RW-2984,road,M,carbon,1,3999,true,2026-01-10
WEB-102568,2026-01-06,C002356,ID,RW-2984,road,M,carbon,1,3999,true,2026-01-08
WEB-102577,2026-01-06,C002365,ID,RW-2984,road,M,carbon,1,3999,true,2026-01-12
WEB-102586,2026-01-06,C002372,FL,RW-7298,road,L,base,1,1899,true,2026-01-10
WEB-102591,2026-01-06,C002377,FL,RW-7298,road,L,base,1,1899,true,2026-01-09
WEB-102594,2026-01-06,C002379,ID,RW-1378,road,L,carbon,1,3999,true,2026-01-08
WEB-102598,2026-01-06,C002382,NM,RW-1378,road,L,carbon,1,3999,true,2026-01-10
WEB-102601,2026-01-06,C002385,WA,RW-1378,road,L,carbon,1,3999,true,2026-01-09
WEB-102608,2026-01-06,C002391,WA,RW-1378,road,L,carbon,1,3999,true,2026-01-10
WEB-102610,2026-01-06,C002393,CO,RW-9304,mtb,S,carbon,1,4899,true,2026-01-16
WEB-102612,2026-01-06,C002395,MT,RW-9304,mtb,S,carbon,1,4899,true,2026-01-15
WEB-102616,2026-01-06,C002399,WA,RW-9304,mtb,S,carbon,1,4899,true,2026-01-14
WEB-102618,2026-01-06,C002400,CO,RW-9304,mtb,S,carbon,1,4899,true,2026-01-13
WEB-102621,2026-01-06,C002402,UT,RW-9304,mtb,S,carbon,1,4899,true,2026-01-13
WEB-102630,2026-01-06,C002410,OR,RW-9304,mtb,S,carbon,1,4899,true,2026-01-09
WEB-102636,2026-01-06,C002416,MN,RW-9324,mtb,M,base,1,2299,true,2026-01-16
WEB-102639,2026-01-06,C002419,IL,RW-9324,mtb,M,base,1,2299,true,2026-01-15
WEB-102648,2026-01-06,C002426,TX,RW-9324,mtb,M,base,1,2299,true,2026-01-09
WEB-102653,2026-01-06,C002431,MT,RW-4418,mtb,M,carbon,1,4899,true,2026-01-13
WEB-102665,2026-01-06,C002443,CA,RW-4418,mtb,M,carbon,1,4899,true,2026-01-13
WEB-102675,2026-01-06,C002453,CA,RW-9901,mtb,L,base,1,2299,true,2026-01-08
WEB-102684,2026-01-06,C002228,PA,RW-9901,mtb,L,base,1,2299,true,2026-01-12
WEB-102695,2026-01-06,C002469,MA,RW-6416,mtb,L,carbon,1,4899,true,2026-01-13
WEB-102697,2026-01-06,C002471,NY,RW-6416,mtb,L,carbon,1,4899,true,2026-01-12
WEB-102698,2026-01-06,C002472,ID,RW-6416,mtb,L,carbon,1,4899,true,2026-01-11
WEB-102527,2026-01-07,C002319,VT,RW-3980,road,S,carbon,1,3999,true,2026-01-10
WEB-102530,2026-01-07,C002322,NY,RW-3980,road,S,carbon,1,3999,true,2026-01-17
WEB-102536,2026-01-07,C002328,UT,RW-3980,road,S,carbon,1,3999,true,2026-01-09
WEB-102546,2026-01-07,C002336,NM,RW-9835,road,M,base,1,1899,true,2026-01-14
WEB-102551,2026-01-07,C002341,CA,RW-9835,road,M,base,1,1899,true,2026-01-15
WEB-102554,2026-01-07,C002344,MN,RW-9835,road,M,base,1,1899,true,2026-01-12
WEB-102556,2026-01-07,C000605,VT,RW-9835,road,M,base,1,1899,true,2026-01-13
WEB-102565,2026-01-07,C002353,WA,RW-2984,road,M,carbon,1,3999,true,2026-01-16
WEB-102575,2026-01-07,C002363,TX,RW-2984,road,M,carbon,1,3999,true,2026-01-13
WEB-102580,2026-01-07,C002367,TX,RW-7298,road,L,base,1,1899,true,2026-01-10
WEB-102587,2026-01-07,C002373,FL,RW-7298,road,L,base,1,1899,true,2026-01-12
WEB-102592,2026-01-07,C002004,GA,RW-7298,road,L,base,1,1899,true,2026-01-16
WEB-102595,2026-01-07,C002380,PA,RW-1378,road,L,carbon,1,3999,true,2026-01-14
WEB-102597,2026-01-07,C002381,NC,RW-1378,road,L,carbon,1,3999,true,2026-01-17
WEB-102604,2026-01-07,C002387,MI,RW-1378,road,L,carbon,1,3999,true,2026-01-16
WEB-102606,2026-01-07,C002389,UT,RW-1378,road,L,carbon,1,3999,true,2026-01-10
WEB-102609,2026-01-07,C002392,MT,RW-1378,road,L,carbon,1,3999,true,2026-01-10
WEB-102617,2026-01-07,C002045,NY,RW-9304,mtb,S,carbon,1,4899,true,2026-01-15
WEB-102620,2026-01-07,C002401,GA,RW-9304,mtb,S,carbon,1,4899,true,2026-01-17
WEB-102626,2026-01-07,C002406,NY,RW-9304,mtb,S,carbon,1,4899,true,2026-01-16
WEB-102628,2026-01-07,C002408,MA,RW-9304,mtb,S,carbon,1,4899,true,2026-01-11
WEB-102634,2026-01-07,C002414,VT,RW-9324,mtb,M,base,1,2299,true,2026-01-16
WEB-102635,2026-01-07,C002415,MI,RW-9324,mtb,M,base,1,2299,true,2026-01-17
WEB-102667,2026-01-07,C002445,OR,RW-4418,mtb,M,carbon,1,4899,true,2026-01-13
WEB-102669,2026-01-07,C002447,CA,RW-4418,mtb,M,carbon,1,4899,true,2026-01-11
WEB-102682,2026-01-07,C002458,MN,RW-9901,mtb,L,base,1,2299,true,2026-01-11
WEB-102519,2026-01-08,C002312,PA,RW-3980,road,S,carbon,1,3999,true,2026-01-18
WEB-102531,2026-01-08,C002323,UT,RW-3980,road,S,carbon,1,3999,true,2026-01-10
WEB-102535,2026-01-08,C002327,OR,RW-3980,road,S,carbon,1,3999,true,2026-01-13
WEB-102539,2026-01-08,C002331,IL,RW-9835,road,M,base,1,1899,true,2026-01-16
WEB-102545,2026-01-08,C002335,NY,RW-9835,road,M,base,1,1899,true,2026-01-18
WEB-102550,2026-01-08,C002340,FL,RW-9835,road,M,base,1,1899,true,2026-01-17
WEB-102559,2026-01-08,C002348,MT,RW-2984,road,M,carbon,1,3999,true,2026-01-16
WEB-102562,2026-01-08,C000454,MI,RW-2984,road,M,carbon,1,3999,true,2026-01-17
WEB-102569,2026-01-08,C002357,UT,RW-2984,road,M,carbon,1,3999,true,2026-01-11
WEB-102572,2026-01-08,C002360,VT,RW-2984,road,M,carbon,1,3999,true,2026-01-11
WEB-102589,2026-01-08,C002375,WA,RW-7298,road,L,base,1,1899,true,2026-01-18
WEB-102599,2026-01-08,C002383,UT,RW-1378,road,L,carbon,1,3999,true,2026-01-16
WEB-102619,2026-01-08,C001800,MA,RW-9304,mtb,S,carbon,1,4899,true,2026-01-16
WEB-102623,2026-01-08,C002273,UT,RW-9304,mtb,S,carbon,1,4899,true,2026-01-14
WEB-102625,2026-01-08,C002405,CO,RW-9304,mtb,S,carbon,1,4899,true,2026-01-14
WEB-102645,2026-01-08,C002424,FL,RW-9324,mtb,M,base,1,2299,true,2026-01-13
WEB-102651,2026-01-08,C002429,UT,RW-9324,mtb,M,base,1,2299,true,2026-01-13
WEB-102676,2026-01-08,C002454,VT,RW-9901,mtb,L,base,1,2299,true,2026-01-13
WEB-102678,2026-01-08,C001538,FL,RW-9901,mtb,L,base,1,2299,true,2026-01-12
WEB-102679,2026-01-08,C002456,TX,RW-9901,mtb,L,base,1,2299,true,2026-01-11
WEB-102680,2026-01-08,C002457,VT,RW-9901,mtb,L,base,1,2299,true,2026-01-18
WEB-102686,2026-01-08,C002461,OR,RW-9901,mtb,L,base,1,2299,true,2026-01-14
WEB-102528,2026-01-09,C002320,MT,RW-3980,road,S,carbon,1,3999,true,2026-01-18
WEB-102543,2026-01-09,C000710,FL,RW-9835,road,M,base,1,1899,true,2026-01-17
WEB-102558,2026-01-09,C002347,MT,RW-2984,road,M,carbon,1,3999,true,2026-01-12
WEB-102561,2026-01-09,C002350,NY,RW-2984,road,M,carbon,1,3999,true,2026-01-11
WEB-102563,2026-01-09,C002351,MN,RW-2984,road,M,carbon,1,3999,true,2026-01-11
WEB-102567,2026-01-09,C002355,OR,RW-2984,road,M,carbon,1,3999,true,2026-01-15
WEB-102573,2026-01-09,C002361,CA,RW-2984,road,M,carbon,1,3999,true,2026-01-15
WEB-102585,2026-01-09,C002371,IL,RW-7298,road,L,base,1,1899,true,2026-01-18
WEB-102600,2026-01-09,C002384,MI,RW-1378,road,L,carbon,1,3999,true,2026-01-15
WEB-102615,2026-01-09,C002398,PA,RW-9304,mtb,S,carbon,1,4899,true,2026-01-19
WEB-102627,2026-01-09,C002407,MI,RW-9304,mtb,S,carbon,1,4899,true,2026-01-15
WEB-102629,2026-01-09,C002409,WA,RW-9304,mtb,S,carbon,1,4899,true,2026-01-19
WEB-102638,2026-01-09,C002418,VT,RW-9324,mtb,M,base,1,2299,true,2026-01-13
WEB-102642,2026-01-09,C002139,MN,RW-9324,mtb,M,base,1,2299,true,2026-01-12
WEB-102652,2026-01-09,C002430,MT,RW-4418,mtb,M,carbon,1,4899,true,2026-01-13
WEB-102659,2026-01-09,C002437,UT,RW-4418,mtb,M,carbon,1,4899,true,2026-01-16
WEB-102668,2026-01-09,C002446,VT,RW-4418,mtb,M,carbon,1,4899,true,2026-01-19
WEB-102671,2026-01-09,C002449,TX,RW-9901,mtb,L,base,1,2299,true,2026-01-14
WEB-102685,2026-01-09,C002460,MA,RW-9901,mtb,L,base,1,2299,true,2026-01-18
WEB-102692,2026-01-09,C002467,PA,RW-6416,mtb,L,carbon,1,4899,true,2026-01-16
WEB-102693,2026-01-09,C000323,UT,RW-6416,mtb,L,carbon,1,4899,true,2026-01-19
WEB-102694,2026-01-09,C002468,UT,RW-6416,mtb,L,carbon,1,4899,true,2026-01-15
WEB-102699,2026-01-09,C002473,TX,RW-6416,mtb,L,carbon,1,4899,true,2026-01-16
WEB-102520,2026-01-10,C002313,IL,RW-3980,road,S,carbon,1,3999,true,2026-01-20
WEB-102524,2026-01-10,C002317,AZ,RW-3980,road,S,carbon,1,3999,true,2026-01-15
WEB-102534,2026-01-10,C002326,MT,RW-3980,road,S,carbon,1,3999,true,2026-01-15
WEB-102540,2026-01-10,C002332,UT,RW-9835,road,M,base,1,1899,true,2026-01-16
WEB-102544,2026-01-10,C001442,NM,RW-9835,road,M,base,1,1899,true,2026-01-16
WEB-102548,2026-01-10,C002338,VT,RW-9835,road,M,base,1,1899,true,2026-01-18
WEB-102553,2026-01-10,C002343,CA,RW-9835,road,M,base,1,1899,true,2026-01-14
WEB-102555,2026-01-10,C002345,WA,RW-9835,road,M,base,1,1899,true,2026-01-15
WEB-102564,2026-01-10,C002352,WA,RW-2984,road,M,carbon,1,3999,true,2026-01-18
WEB-102574,2026-01-10,C002362,NM,RW-2984,road,M,carbon,1,3999,true,2026-01-17
WEB-102576,2026-01-10,C002364,MT,RW-2984,road,M,carbon,1,3999,true,2026-01-20
WEB-102583,2026-01-10,C002370,CA,RW-7298,road,L,base,1,1899,true,2026-01-17
WEB-102588,2026-01-10,C002374,MT,RW-7298,road,L,base,1,1899,true,2026-01-16
WEB-102590,2026-01-10,C002376,AZ,RW-7298,road,L,base,1,1899,true,2026-01-14
WEB-102593,2026-01-10,C002378,VT,RW-7298,road,L,base,1,1899,true,2026-01-18
WEB-102614,2026-01-10,C002397,PA,RW-9304,mtb,S,carbon,1,4899,true,2026-01-18
WEB-102631,2026-01-10,C002411,NC,RW-9304,mtb,S,carbon,1,4899,true,2026-01-18
WEB-102637,2026-01-10,C002417,NC,RW-9324,mtb,M,base,1,2299,true,2026-01-16
WEB-102643,2026-01-10,C002422,OR,RW-9324,mtb,M,base,1,2299,true,2026-01-15
WEB-102644,2026-01-10,C002423,PA,RW-9324,mtb,M,base,1,2299,true,2026-01-12
WEB-102649,2026-01-10,C002427,ID,RW-9324,mtb,M,base,1,2299,true,2026-01-15
WEB-102655,2026-01-10,C002433,ID,RW-4418,mtb,M,carbon,1,4899,true,2026-01-19
WEB-102656,2026-01-10,C002434,CA,RW-4418,mtb,M,carbon,1,4899,true,2026-01-20
WEB-102661,2026-01-10,C002439,FL,RW-4418,mtb,M,carbon,1,4899,true,2026-01-13
WEB-102662,2026-01-10,C002440,IL,RW-4418,mtb,M,carbon,1,4899,true,2026-01-18
WEB-102670,2026-01-10,C002448,GA,RW-9901,mtb,L,base,1,2299,true,2026-01-18
WEB-102677,2026-01-10,C002455,CO,RW-9901,mtb,L,base,1,2299,true,2026-01-15
WEB-102683,2026-01-10,C002459,TX,RW-9901,mtb,L,base,1,2299,true,2026-01-20
WEB-102689,2026-01-10,C002464,CA,RW-9901,mtb,L,base,1,2299,true,2026-01-20
WEB-102518,2026-01-11,C002311,TX,RW-3980,road,S,carbon,1,3999,true,2026-01-13
WEB-102521,2026-01-11,C002314,GA,RW-3980,road,S,carbon,1,3999,true,2026-01-17
WEB-102523,2026-01-11,C002316,MT,RW-3980,road,S,carbon,1,3999,true,2026-01-21
WEB-102525,2026-01-11,C001160,VT,RW-3980,road,S,carbon,1,3999,true,2026-01-14
WEB-102526,2026-01-11,C002318,GA,RW-3980,road,S,carbon,1,3999,true,2026-01-19
WEB-102529,2026-01-11,C002321,FL,RW-3980,road,S,carbon,1,3999,true,2026-01-19
WEB-102533,2026-01-11,C002325,AZ,RW-3980,road,S,carbon,1,3999,true,2026-01-17
WEB-102537,2026-01-11,C002329,NM,RW-3980,road,S,carbon,1,3999,true,2026-01-21
WEB-102538,2026-01-11,C002330,MA,RW-3980,road,S,carbon,1,3999,true,2026-01-20
WEB-102542,2026-01-11,C002334,WA,RW-9835,road,M,base,1,1899,true,2026-01-17
WEB-102552,2026-01-11,C002342,AZ,RW-9835,road,M,base,1,1899,true,2026-01-20
WEB-102571,2026-01-11,C002359,NM,RW-2984,road,M,carbon,1,3999,true,2026-01-17
WEB-102579,2026-01-11,C002366,OR,RW-2984,road,M,carbon,1,3999,true,2026-01-13
WEB-102581,2026-01-11,C002368,MT,RW-7298,road,L,base,1,1899,true,2026-01-18
WEB-102582,2026-01-11,C002369,ID,RW-7298,road,L,base,1,1899,true,2026-01-16
WEB-102596,2026-01-11,C000508,TX,RW-1378,road,L,carbon,1,3999,true,2026-01-21
WEB-102607,2026-01-11,C002390,OR,RW-1378,road,L,carbon,1,3999,true,2026-01-16
WEB-102611,2026-01-11,C002394,NC,RW-9304,mtb,S,carbon,1,4899,true,2026-01-16
WEB-102622,2026-01-11,C002403,UT,RW-9304,mtb,S,carbon,1,4899,true,2026-01-18
WEB-102624,2026-01-11,C002404,MI,RW-9304,mtb,S,carbon,1,4899,true,2026-01-18
WEB-102633,2026-01-11,C002413,OR,RW-9324,mtb,M,base,1,2299,true,2026-01-15
WEB-102640,2026-01-11,C002420,ID,RW-9324,mtb,M,base,1,2299,true,2026-01-18
WEB-102641,2026-01-11,C002421,ID,RW-9324,mtb,M,base,1,2299,true,2026-01-13
WEB-102646,2026-01-11,C000679,PA,RW-9324,mtb,M,base,1,2299,true,2026-01-15
WEB-102647,2026-01-11,C002425,OR,RW-9324,mtb,M,base,1,2299,true,2026-01-21
WEB-102654,2026-01-11,C002432,ID,RW-4418,mtb,M,carbon,1,4899,true,2026-01-17
WEB-102657,2026-01-11,C002435,CO,RW-4418,mtb,M,carbon,1,4899,true,2026-01-14
WEB-102660,2026-01-11,C002438,OR,RW-4418,mtb,M,carbon,1,4899,true,2026-01-15
WEB-102663,2026-01-11,C002441,NY,RW-4418,mtb,M,carbon,1,4899,true,2026-01-16
WEB-102666,2026-01-11,C002444,GA,RW-4418,mtb,M,carbon,1,4899,true,2026-01-16
WEB-102673,2026-01-11,C002451,AZ,RW-9901,mtb,L,base,1,2299,true,2026-01-18
WEB-102674,2026-01-11,C002452,MI,RW-9901,mtb,L,base,1,2299,true,2026-01-13
WEB-102688,2026-01-11,C002463,NM,RW-9901,mtb,L,base,1,2299,true,2026-01-18
WEB-102690,2026-01-11,C002465,AZ,RW-9901,mtb,L,base,1,2299,true,2026-01-15
WEB-102701,2026-01-12,C002475,TX,RW-3980,road,S,carbon,1,3999,true,2026-01-21
WEB-102704,2026-01-12,C002478,CO,RW-3980,road,S,carbon,1,3999,true,2026-01-20
WEB-102705,2026-01-12,C002479,ID,RW-3980,road,S,carbon,1,3999,true,2026-01-15
WEB-102710,2026-01-12,C002484,FL,RW-3980,road,S,carbon,1,3999,true,2026-01-16
WEB-102711,2026-01-12,C002485,CO,RW-3980,road,S,carbon,1,3999,true,2026-01-18
WEB-102724,2026-01-12,C002496,NY,RW-9835,road,M,base,1,1899,true,2026-01-17
WEB-102730,2026-01-12,C002502,IL,RW-9835,road,M,base,1,1899,true,2026-01-21
WEB-102741,2026-01-12,C002510,NC,RW-9835,road,M,base,1,1899,true,2026-01-14
WEB-102761,2026-01-12,C001858,MN,RW-2984,road,M,carbon,1,3999,true,2026-01-17
WEB-102762,2026-01-12,C002527,OR,RW-2984,road,M,carbon,1,3999,true,2026-01-15
WEB-102767,2026-01-12,C002532,NM,RW-2984,road,M,carbon,1,3999,true,2026-01-21
WEB-102776,2026-01-12,C002539,FL,RW-7298,road,L,base,1,1899,true,2026-01-19
WEB-102801,2026-01-12,C002561,UT,RW-9304,mtb,S,carbon,1,4899,true,2026-01-22
WEB-102812,2026-01-12,C002567,CO,RW-9324,mtb,M,base,1,2299,true,2026-01-15
WEB-102814,2026-01-12,C002569,WA,RW-9324,mtb,M,base,1,2299,true,2026-01-15
WEB-102841,2026-01-12,C002595,NC,RW-4418,mtb,M,carbon,1,4899,true,2026-01-21
WEB-102877,2026-01-12,C002628,FL,RW-6416,mtb,L,carbon,1,4899,true,2026-01-22
WEB-102708,2026-01-13,C002482,CO,RW-3980,road,S,carbon,1,3999,true,2026-01-23
WEB-102750,2026-01-13,C002519,MN,RW-2984,road,M,carbon,1,3999,true,2026-01-19
WEB-102752,2026-01-13,C002521,NY,RW-2984,road,M,carbon,1,3999,true,2026-01-22
WEB-102765,2026-01-13,C002530,PA,RW-2984,road,M,carbon,1,3999,true,2026-01-15
WEB-102785,2026-01-13,C001325,TX,RW-1378,road,L,carbon,1,3999,true,2026-01-18
WEB-102797,2026-01-13,C002557,GA,RW-9304,mtb,S,carbon,1,4899,true,2026-01-20
WEB-102803,2026-01-13,C002563,NY,RW-9304,mtb,S,carbon,1,4899,true,2026-01-15
WEB-102824,2026-01-13,C002579,GA,RW-9324,mtb,M,base,1,2299,true,2026-01-21
WEB-102833,2026-01-13,C002587,UT,RW-9324,mtb,M,base,1,2299,true,2026-01-21
WEB-102839,2026-01-13,C002593,AZ,RW-4418,mtb,M,carbon,1,4899,true,2026-01-22
WEB-102843,2026-01-13,C002597,MA,RW-4418,mtb,M,carbon,1,4899,true,2026-01-23
WEB-102844,2026-01-13,C002598,VT,RW-4418,mtb,M,carbon,1,4899,true,2026-01-20
WEB-102851,2026-01-13,C002604,CA,RW-4418,mtb,M,carbon,1,4899,true,2026-01-20
WEB-102869,2026-01-13,C002621,CA,RW-9901,mtb,L,base,1,2299,true,2026-01-17
WEB-102703,2026-01-14,C002477,GA,RW-3980,road,S,carbon,1,3999,true,2026-01-18
WEB-102715,2026-01-14,C002488,CO,RW-3980,road,S,carbon,1,3999,true,2026-01-19
WEB-102716,2026-01-14,C002489,CO,RW-3980,road,S,carbon,1,3999,true,2026-01-22
WEB-102723,2026-01-14,C002495,VT,RW-9835,road,M,base,1,1899,true,2026-01-21
WEB-102731,2026-01-14,C001308,AZ,RW-9835,road,M,base,1,1899,true,2026-01-19
WEB-102739,2026-01-14,C002508,NM,RW-9835,road,M,base,1,1899,true,2026-01-23
WEB-102740,2026-01-14,C002509,ID,RW-9835,road,M,base,1,1899,true,2026-01-24
WEB-102743,2026-01-14,C002512,TX,RW-9835,road,M,base,1,1899,true,2026-01-16
WEB-102755,2026-01-14,C000719,GA,RW-2984,road,M,carbon,1,3999,true,2026-01-22
WEB-102758,2026-01-14,C000360,CA,RW-2984,road,M,carbon,1,3999,true,2026-01-16
WEB-102769,2026-01-14,C002533,MN,RW-2984,road,M,carbon,1,3999,true,2026-01-21
WEB-102789,2026-01-14,C002551,UT,RW-1378,road,L,carbon,1,3999,true,2026-01-16
WEB-102805,2026-01-14,C001876,FL,RW-9304,mtb,S,carbon,1,4899,true,2026-01-16
WEB-102817,2026-01-14,C002572,CA,RW-9324,mtb,M,base,1,2299,true,2026-01-23
WEB-102819,2026-01-14,C002574,MN,RW-9324,mtb,M,base,1,2299,true,2026-01-24
WEB-102822,2026-01-14,C002577,MT,RW-9324,mtb,M,base,1,2299,true,2026-01-17
WEB-102829,2026-01-14,C002583,MA,RW-9324,mtb,M,base,1,2299,true,2026-01-16
WEB-102834,2026-01-14,C002588,IL,RW-9324,mtb,M,base,1,2299,true,2026-01-16
WEB-102835,2026-01-14,C002589,CO,RW-9324,mtb,M,base,1,2299,true,2026-01-23
WEB-102838,2026-01-14,C002592,AZ,RW-4418,mtb,M,carbon,1,4899,true,2026-01-20
WEB-102849,2026-01-14,C002602,CA,RW-4418,mtb,M,carbon,1,4899,true,2026-01-22
WEB-102866,2026-01-14,C002618,MI,RW-9901,mtb,L,base,1,2299,true,2026-01-19
WEB-102871,2026-01-14,C002623,OR,RW-6416,mtb,L,carbon,1,4899,true,2026-01-18
WEB-102876,2026-01-14,C002627,VT,RW-6416,mtb,L,carbon,1,4899,true,2026-01-23
WEB-102879,2026-01-14,C002630,NY,RW-6416,mtb,L,carbon,1,4899,true,2026-01-22
WEB-102712,2026-01-15,C002486,PA,RW-3980,road,S,carbon,1,3999,true,2026-01-24
WEB-102726,2026-01-15,C002498,GA,RW-9835,road,M,base,1,1899,true,2026-01-24
WEB-102728,2026-01-15,C002500,VT,RW-9835,road,M,base,1,1899,true,2026-01-22
WEB-102729,2026-01-15,C002501,NY,RW-9835,road,M,base,1,1899,true,2026-01-22
WEB-102733,2026-01-15,C000203,WA,RW-9835,road,M,base,1,1899,true,2026-01-23
WEB-102742,2026-01-15,C002511,AZ,RW-9835,road,M,base,1,1899,true,2026-01-19
WEB-102744,2026-01-15,C002513,AZ,RW-9835,road,M,base,1,1899,true,2026-01-19
WEB-102746,2026-01-15,C002515,ID,RW-9835,road,M,base,1,1899,true,2026-01-24
WEB-102748,2026-01-15,C002517,NY,RW-2984,road,M,carbon,1,3999,true,2026-01-17
WEB-102756,2026-01-15,C002524,AZ,RW-2984,road,M,carbon,1,3999,true,2026-01-25
WEB-102757,2026-01-15,C002295,MT,RW-2984,road,M,carbon,1,3999,true,2026-01-18
WEB-102760,2026-01-15,C002526,GA,RW-2984,road,M,carbon,1,3999,true,2026-01-17
WEB-102766,2026-01-15,C002531,CA,RW-2984,road,M,carbon,1,3999,true,2026-01-25
WEB-102778,2026-01-15,C002541,CA,RW-7298,road,L,base,1,1899,true,2026-01-24
WEB-102780,2026-01-15,C002543,VT,RW-7298,road,L,base,1,1899,true,2026-01-22
WEB-102781,2026-01-15,C002544,MI,RW-7298,road,L,base,1,1899,true,2026-01-20
WEB-102790,2026-01-15,C001322,MA,RW-1378,road,L,carbon,1,3999,true,2026-01-19
WEB-102794,2026-01-15,C001714,NC,RW-9304,mtb,S,carbon,1,4899,true,2026-01-24
WEB-102796,2026-01-15,C002556,VT,RW-9304,mtb,S,carbon,1,4899,true,2026-01-20
WEB-102802,2026-01-15,C002562,TX,RW-9304,mtb,S,carbon,1,4899,true,2026-01-20
WEB-102806,2026-01-15,C001089,MI,RW-9304,mtb,S,carbon,1,4899,true,2026-01-19
WEB-102813,2026-01-15,C002568,IL,RW-9324,mtb,M,base,1,2299,true,2026-01-19
WEB-102821,2026-01-15,C002576,MI,RW-9324,mtb,M,base,1,2299,true,2026-01-24
WEB-102827,2026-01-15,C002581,MA,RW-9324,mtb,M,base,1,2299,true,2026-01-19
WEB-102830,2026-01-15,C002584,WA,RW-9324,mtb,M,base,1,2299,true,2026-01-23
WEB-102831,2026-01-15,C002585,MN,RW-9324,mtb,M,base,1,2299,true,2026-01-18
WEB-102836,2026-01-15,C002590,GA,RW-4418,mtb,M,carbon,1,4899,true,2026-01-24
WEB-102840,2026-01-15,C002594,MA,RW-4418,mtb,M,carbon,1,4899,true,2026-01-17
WEB-102845,2026-01-15,C002599,FL,RW-4418,mtb,M,carbon,1,4899,true,2026-01-18
WEB-102854,2026-01-15,C002607,MI,RW-4418,mtb,M,carbon,1,4899,true,2026-01-17
WEB-102857,2026-01-15,C002610,IL,RW-9901,mtb,L,base,1,2299,true,2026-01-22
WEB-102858,2026-01-15,C002611,MT,RW-9901,mtb,L,base,1,2299,true,2026-01-22
WEB-102859,2026-01-15,C000396,NM,RW-9901,mtb,L,base,1,2299,true,2026-01-21
WEB-102863,2026-01-15,C002615,MA,RW-9901,mtb,L,base,1,2299,true,2026-01-22
WEB-102864,2026-01-15,C002616,TX,RW-9901,mtb,L,base,1,2299,true,2026-01-18
WEB-102870,2026-01-15,C002622,FL,RW-6416,mtb,L,carbon,1,4899,true,2026-01-20
WEB-102874,2026-01-15,C002625,CA,RW-6416,mtb,L,carbon,1,4899,true,2026-01-23
WEB-102875,2026-01-15,C002626,NY,RW-6416,mtb,L,carbon,1,4899,true,2026-01-24
WEB-102878,2026-01-15,C002629,MT,RW-6416,mtb,L,carbon,1,4899,true,2026-01-22
WEB-102706,2026-01-16,C002480,NY,RW-3980,road,S,carbon,1,3999,true,2026-01-20
WEB-102707,2026-01-16,C002481,ID,RW-3980,road,S,carbon,1,3999,true,2026-01-18
WEB-102717,2026-01-16,C002490,NC,RW-3980,road,S,carbon,1,3999,true,2026-01-20
WEB-102727,2026-01-16,C002499,GA,RW-9835,road,M,base,1,1899,true,2026-01-21
WEB-102732,2026-01-16,C002503,PA,RW-9835,road,M,base,1,1899,true,2026-01-25
WEB-102734,2026-01-16,C002504,VT,RW-9835,road,M,base,1,1899,true,2026-01-20
WEB-102745,2026-01-16,C002514,OR,RW-9835,road,M,base,1,1899,true,2026-01-24
WEB-102764,2026-01-16,C002529,CO,RW-2984,road,M,carbon,1,3999,true,2026-01-20
WEB-102768,2026-01-16,C001346,NM,RW-2984,road,M,carbon,1,3999,true,2026-01-26
WEB-102783,2026-01-16,C002546,MT,RW-7298,road,L,base,1,1899,true,2026-01-25
WEB-102787,2026-01-16,C002549,MA,RW-1378,road,L,carbon,1,3999,true,2026-01-25
WEB-102791,2026-01-16,C002552,ID,RW-1378,road,L,carbon,1,3999,true,2026-01-24
WEB-102792,2026-01-16,C002553,MT,RW-9304,mtb,S,carbon,1,4899,true,2026-01-19
WEB-102800,2026-01-16,C002560,UT,RW-9304,mtb,S,carbon,1,4899,true,2026-01-25
WEB-102809,2026-01-16,C002405,UT,RW-9324,mtb,M,base,1,2299,true,2026-01-24
WEB-102811,2026-01-16,C002566,WA,RW-9324,mtb,M,base,1,2299,true,2026-01-18
WEB-102847,2026-01-16,C002600,CO,RW-4418,mtb,M,carbon,1,4899,true,2026-01-18
WEB-102855,2026-01-16,C002608,UT,RW-4418,mtb,M,carbon,1,4899,true,2026-01-25
WEB-102872,2026-01-16,C000915,FL,RW-6416,mtb,L,carbon,1,4899,true,2026-01-22
WEB-102873,2026-01-16,C002624,TX,RW-6416,mtb,L,carbon,1,4899,true,2026-01-26
WEB-102702,2026-01-17,C002476,TX,RW-3980,road,S,carbon,1,3999,true,2026-01-23
WEB-102709,2026-01-17,C002483,MA,RW-3980,road,S,carbon,1,3999,true,2026-01-23
WEB-102718,2026-01-17,C002491,CA,RW-3980,road,S,carbon,1,3999,true,2026-01-27
WEB-102720,2026-01-17,C002493,GA,RW-3980,road,S,carbon,1,3999,true,2026-01-25
WEB-102725,2026-01-17,C002497,VT,RW-9835,road,M,base,1,1899,true,2026-01-24
WEB-102735,2026-01-17,C002505,AZ,RW-9835,road,M,base,1,1899,true,2026-01-26
WEB-102736,2026-01-17,C002506,MI,RW-9835,road,M,base,1,1899,true,2026-01-26
WEB-102738,2026-01-17,C002507,MT,RW-9835,road,M,base,1,1899,true,2026-01-19
WEB-102747,2026-01-17,C002516,WA,RW-2984,road,M,carbon,1,3999,true,2026-01-21
WEB-102749,2026-01-17,C002518,GA,RW-2984,road,M,carbon,1,3999,true,2026-01-27
WEB-102754,2026-01-17,C002523,ID,RW-2984,road,M,carbon,1,3999,true,2026-01-21
WEB-102759,2026-01-17,C002525,MI,RW-2984,road,M,carbon,1,3999,true,2026-01-25
WEB-102772,2026-01-17,C002536,TX,RW-2984,road,M,carbon,1,3999,true,2026-01-20
WEB-102774,2026-01-17,C002230,NY,RW-7298,road,L,base,1,1899,true,2026-01-22
WEB-102775,2026-01-17,C002538,ID,RW-7298,road,L,base,1,1899,true,2026-01-19
WEB-102777,2026-01-17,C002540,VT,RW-7298,road,L,base,1,1899,true,2026-01-24
WEB-102788,2026-01-17,C002550,OR,RW-1378,road,L,carbon,1,3999,true,2026-01-24
WEB-102793,2026-01-17,C002554,MN,RW-9304,mtb,S,carbon,1,4899,true,2026-01-24
WEB-102795,2026-01-17,C002555,CA,RW-9304,mtb,S,carbon,1,4899,true,2026-01-24
WEB-102799,2026-01-17,C002559,MI,RW-9304,mtb,S,carbon,1,4899,true,2026-01-24
WEB-102804,2026-01-17,C002564,ID,RW-9304,mtb,S,carbon,1,4899,true,2026-01-23
WEB-102807,2026-01-17,C002379,MN,RW-9324,mtb,M,base,1,2299,true,2026-01-23
WEB-102808,2026-01-17,C002565,MI,RW-9324,mtb,M,base,1,2299,true,2026-01-27
WEB-102810,2026-01-17,C002246,VT,RW-9324,mtb,M,base,1,2299,true,2026-01-26
WEB-102816,2026-01-17,C002571,MT,RW-9324,mtb,M,base,1,2299,true,2026-01-27
WEB-102818,2026-01-17,C002573,PA,RW-9324,mtb,M,base,1,2299,true,2026-01-25
WEB-102832,2026-01-17,C002586,MI,RW-9324,mtb,M,base,1,2299,true,2026-01-20
WEB-102842,2026-01-17,C002596,IL,RW-4418,mtb,M,carbon,1,4899,true,2026-01-19
WEB-102852,2026-01-17,C002605,TX,RW-4418,mtb,M,carbon,1,4899,true,2026-01-26
WEB-102853,2026-01-17,C002606,CA,RW-4418,mtb,M,carbon,1,4899,true,2026-01-26
WEB-102856,2026-01-17,C002609,MN,RW-4418,mtb,M,carbon,1,4899,true,2026-01-26
WEB-102860,2026-01-17,C002612,AZ,RW-9901,mtb,L,base,1,2299,true,2026-01-26
WEB-102865,2026-01-17,C002617,CO,RW-9901,mtb,L,base,1,2299,true,2026-01-27
WEB-102867,2026-01-17,C002619,ID,RW-9901,mtb,L,base,1,2299,true,2026-01-20
WEB-102868,2026-01-17,C002620,NM,RW-9901,mtb,L,base,1,2299,true,2026-01-26
WEB-102700,2026-01-18,C002474,NC,RW-3980,road,S,carbon,1,3999,true,2026-01-27
WEB-102713,2026-01-18,C002487,IL,RW-3980,road,S,carbon,1,3999,true,2026-01-24
WEB-102714,2026-01-18,C000353,NC,RW-3980,road,S,carbon,1,3999,true,2026-01-23
WEB-102719,2026-01-18,C002492,CA,RW-3980,road,S,carbon,1,3999,true,2026-01-21
WEB-102721,2026-01-18,C001031,UT,RW-9835,road,M,base,1,1899,true,2026-01-25
WEB-102722,2026-01-18,C002494,ID,RW-9835,road,M,base,1,1899,true,2026-01-21
WEB-102737,2026-01-18,C000584,CO,RW-9835,road,M,base,1,1899,true,2026-01-21
WEB-102751,2026-01-18,C002520,MI,RW-2984,road,M,carbon,1,3999,true,2026-01-26
WEB-102753,2026-01-18,C002522,AZ,RW-2984,road,M,carbon,1,3999,true,2026-01-28
WEB-102763,2026-01-18,C002528,MT,RW-2984,road,M,carbon,1,3999,true,2026-01-25
WEB-102770,2026-01-18,C002534,ID,RW-2984,road,M,carbon,1,3999,true,2026-01-27
WEB-102771,2026-01-18,C002535,MI,RW-2984,road,M,carbon,1,3999,true,2026-01-20
WEB-102773,2026-01-18,C002537,NC,RW-7298,road,L,base,1,1899,true,2026-01-23
WEB-102779,2026-01-18,C002542,AZ,RW-7298,road,L,base,1,1899,true,2026-01-20
WEB-102782,2026-01-18,C002545,MA,RW-7298,road,L,base,1,1899,true,2026-01-25
WEB-102784,2026-01-18,C002547,UT,RW-7298,road,L,base,1,1899,true,2026-01-27
WEB-102786,2026-01-18,C002548,TX,RW-1378,road,L,carbon,1,3999,true,2026-01-20
WEB-102798,2026-01-18,C002558,MN,RW-9304,mtb,S,carbon,1,4899,true,2026-01-27
WEB-102815,2026-01-18,C002570,OR,RW-9324,mtb,M,base,1,2299,true,2026-01-20
WEB-102820,2026-01-18,C002575,VT,RW-9324,mtb,M,base,1,2299,true,2026-01-21
WEB-102823,2026-01-18,C002578,NM,RW-9324,mtb,M,base,1,2299,true,2026-01-23
WEB-102825,2026-01-18,C002580,CA,RW-9324,mtb,M,base,1,2299,true,2026-01-28
WEB-102826,2026-01-18,C001921,VT,RW-9324,mtb,M,base,1,2299,true,2026-01-24
WEB-102828,2026-01-18,C002582,MT,RW-9324,mtb,M,base,1,2299,true,2026-01-26
WEB-102837,2026-01-18,C002591,MI,RW-4418,mtb,M,carbon,1,4899,true,2026-01-24
WEB-102846,2026-01-18,C002455,MN,RW-4418,mtb,M,carbon,1,4899,true,2026-01-26
WEB-102848,2026-01-18,C002601,MA,RW-4418,mtb,M,carbon,1,4899,true,2026-01-25
WEB-102850,2026-01-18,C002603,TX,RW-4418,mtb,M,carbon,1,4899,true,2026-01-22
WEB-102861,2026-01-18,C002613,MI,RW-9901,mtb,L,base,1,2299,true,2026-01-28
WEB-102862,2026-01-18,C002614,MN,RW-9901,mtb,L,base,1,2299,true,2026-01-24
WEB-102881,2026-01-19,C002632,TX,RW-3980,road,S,carbon,1,3999,true,2026-01-27
WEB-102887,2026-01-19,C002638,AZ,RW-3980,road,S,carbon,1,3999,true,2026-01-28
WEB-102892,2026-01-19,C002643,MA,RW-3980,road,S,carbon,1,3999,true,2026-01-22
WEB-102894,2026-01-19,C002645,NC,RW-3980,road,S,carbon,1,3999,true,2026-01-25
WEB-102895,2026-01-19,C002646,CO,RW-3980,road,S,carbon,1,3999,true,2026-01-25
WEB-102917,2026-01-19,C002667,PA,RW-9835,road,M,base,1,1899,true,2026-01-28
WEB-102920,2026-01-19,C002670,AZ,RW-9835,road,M,base,1,1899,true,2026-01-21
WEB-102921,2026-01-19,C002671,AZ,RW-9835,road,M,base,1,1899,true,2026-01-28
WEB-102922,2026-01-19,C002672,OR,RW-9835,road,M,base,1,1899,true,2026-01-26
WEB-102924,2026-01-19,C002674,VT,RW-9835,road,M,base,1,1899,true,2026-01-23
WEB-102927,2026-01-19,C002677,NC,RW-2984,road,M,carbon,1,3999,true,2026-01-24
WEB-102931,2026-01-19,C002681,AZ,RW-2984,road,M,carbon,1,3999,true,2026-01-24
WEB-102947,2026-01-19,C002696,MA,RW-2984,road,M,carbon,1,3999,true,2026-01-26
WEB-102957,2026-01-19,C002706,TX,RW-7298,road,L,base,1,1899,true,2026-01-21
WEB-102959,2026-01-19,C002708,NC,RW-7298,road,L,base,1,1899,true,2026-01-25
WEB-102961,2026-01-19,C002710,VT,RW-1378,road,L,carbon,1,3999,true,2026-01-29
WEB-102964,2026-01-19,C002713,OR,RW-1378,road,L,carbon,1,3999,true,2026-01-23
WEB-102966,2026-01-19,C002715,TX,RW-1378,road,L,carbon,1,3999,true,2026-01-21
WEB-102974,2026-01-19,C002723,IL,RW-9304,mtb,S,carbon,1,4899,true,2026-01-28
WEB-102977,2026-01-19,C002726,MA,RW-9304,mtb,S,carbon,1,4899,true,2026-01-25
WEB-102979,2026-01-19,C002728,AZ,RW-9304,mtb,S,carbon,1,4899,true,2026-01-25
WEB-102980,2026-01-19,C002729,IL,RW-9304,mtb,S,carbon,1,4899,true,2026-01-24
WEB-102981,2026-01-19,C002730,PA,RW-9304,mtb,S,carbon,1,4899,true,2026-01-22
WEB-102984,2026-01-19,C001998,NM,RW-9304,mtb,S,carbon,1,4899,true,2026-01-23
WEB-102992,2026-01-19,C002740,CO,RW-9304,mtb,S,carbon,1,4899,true,2026-01-29
WEB-102993,2026-01-19,C002741,NY,RW-9304,mtb,S,carbon,1,4899,true,2026-01-24
WEB-102997,2026-01-19,C002745,CA,RW-9324,mtb,M,base,1,2299,true,2026-01-27
WEB-103003,2026-01-19,C002751,PA,RW-9324,mtb,M,base,1,2299,true,2026-01-22
WEB-103010,2026-01-19,C002756,MI,RW-9324,mtb,M,base,1,2299,true,2026-01-27
WEB-103022,2026-01-19,C002767,ID,RW-4418,mtb,M,carbon,1,4899,true,2026-01-21
WEB-103025,2026-01-19,C002770,FL,RW-4418,mtb,M,carbon,1,4899,true,2026-01-24
WEB-103033,2026-01-19,C002778,GA,RW-9901,mtb,L,base,1,2299,true,2026-01-21
WEB-103044,2026-01-19,C002789,MN,RW-9901,mtb,L,base,1,2299,true,2026-01-29
WEB-103046,2026-01-19,C002791,NC,RW-6416,mtb,L,carbon,1,4899,true,2026-01-25
WEB-102882,2026-01-20,C002633,MA,RW-3980,road,S,carbon,1,3999,true,2026-01-27
WEB-102893,2026-01-20,C002644,NC,RW-3980,road,S,carbon,1,3999,true,2026-01-29
WEB-102910,2026-01-20,C002661,NC,RW-9835,road,M,base,1,1899,true,2026-01-30
WEB-102919,2026-01-20,C002669,MN,RW-9835,road,M,base,1,1899,true,2026-01-24
WEB-102923,2026-01-20,C002673,WA,RW-9835,road,M,base,1,1899,true,2026-01-26
WEB-102928,2026-01-20,C002678,NY,RW-2984,road,M,carbon,1,3999,true,2026-01-26
WEB-102929,2026-01-20,C002679,GA,RW-2984,road,M,carbon,1,3999,true,2026-01-28
WEB-102937,2026-01-20,C002687,UT,RW-2984,road,M,carbon,1,3999,true,2026-01-23
WEB-102944,2026-01-20,C002694,TX,RW-2984,road,M,carbon,1,3999,true,2026-01-29
WEB-102950,2026-01-20,C002699,GA,RW-7298,road,L,base,1,1899,true,2026-01-30
WEB-102963,2026-01-20,C002712,UT,RW-1378,road,L,carbon,1,3999,true,2026-01-28
WEB-102965,2026-01-20,C002714,MT,RW-1378,road,L,carbon,1,3999,true,2026-01-30
WEB-102973,2026-01-20,C002722,PA,RW-9304,mtb,S,carbon,1,4899,true,2026-01-23
WEB-102991,2026-01-20,C002739,FL,RW-9304,mtb,S,carbon,1,4899,true,2026-01-23
WEB-102994,2026-01-20,C002742,WA,RW-9304,mtb,S,carbon,1,4899,true,2026-01-23
WEB-102998,2026-01-20,C002746,NC,RW-9324,mtb,M,base,1,2299,true,2026-01-28
WEB-102999,2026-01-20,C002747,GA,RW-9324,mtb,M,base,1,2299,true,2026-01-27
WEB-103000,2026-01-20,C002748,TX,RW-9324,mtb,M,base,1,2299,true,2026-01-26
WEB-103002,2026-01-20,C002750,NC,RW-9324,mtb,M,base,1,2299,true,2026-01-29
WEB-103013,2026-01-20,C002759,CO,RW-9324,mtb,M,base,1,2299,true,2026-01-25
WEB-103029,2026-01-20,C002774,IL,RW-4418,mtb,M,carbon,1,4899,true,2026-01-28
WEB-103032,2026-01-20,C002777,WA,RW-9901,mtb,L,base,1,2299,true,2026-01-26
WEB-103040,2026-01-20,C002785,CO,RW-9901,mtb,L,base,1,2299,true,2026-01-24
WEB-102884,2026-01-21,C002635,MT,RW-3980,road,S,carbon,1,3999,true,2026-01-23
WEB-102891,2026-01-21,C002642,MI,RW-3980,road,S,carbon,1,3999,true,2026-01-29
WEB-102897,2026-01-21,C002648,VT,RW-3980,road,S,carbon,1,3999,true,2026-01-29
WEB-102898,2026-01-21,C002649,AZ,RW-3980,road,S,carbon,1,3999,true,2026-01-28
WEB-102900,2026-01-21,C002651,UT,RW-3980,road,S,carbon,1,3999,true,2026-01-30
WEB-102901,2026-01-21,C002652,NY,RW-3980,road,S,carbon,1,3999,true,2026-01-25
WEB-102907,2026-01-21,C002658,WA,RW-9835,road,M,base,1,1899,true,2026-01-26
WEB-102909,2026-01-21,C002660,PA,RW-9835,road,M,base,1,1899,true,2026-01-25
WEB-102913,2026-01-21,C002663,MI,RW-9835,road,M,base,1,1899,true,2026-01-26
WEB-102918,2026-01-21,C002668,IL,RW-9835,road,M,base,1,1899,true,2026-01-28
WEB-102933,2026-01-21,C002683,AZ,RW-2984,road,M,carbon,1,3999,true,2026-01-25
WEB-102943,2026-01-21,C002693,VT,RW-2984,road,M,carbon,1,3999,true,2026-01-27
WEB-102945,2026-01-21,C000002,OR,RW-2984,road,M,carbon,1,3999,true,2026-01-28
WEB-102956,2026-01-21,C002705,GA,RW-7298,road,L,base,1,1899,true,2026-01-29
WEB-102970,2026-01-21,C002719,UT,RW-1378,road,L,carbon,1,3999,true,2026-01-26
WEB-102972,2026-01-21,C002721,TX,RW-1378,road,L,carbon,1,3999,true,2026-01-29
WEB-103004,2026-01-21,C002752,FL,RW-9324,mtb,M,base,1,2299,true,2026-01-31
WEB-103005,2026-01-21,C000300,MT,RW-9324,mtb,M,base,1,2299,true,2026-01-27
WEB-103007,2026-01-21,C002754,ID,RW-9324,mtb,M,base,1,2299,true,2026-01-29
WEB-103015,2026-01-21,C002761,GA,RW-9324,mtb,M,base,1,2299,true,2026-01-23
WEB-103038,2026-01-21,C002783,NC,RW-9901,mtb,L,base,1,2299,true,2026-01-28
WEB-102883,2026-01-22,C002634,MT,RW-3980,road,S,carbon,1,3999,true,2026-01-30
WEB-102890,2026-01-22,C002641,AZ,RW-3980,road,S,carbon,1,3999,true,2026-01-26
WEB-102902,2026-01-22,C002653,MI,RW-3980,road,S,carbon,1,3999,true,2026-01-30
WEB-102903,2026-01-22,C002654,FL,RW-9835,road,M,base,1,1899,true,2026-01-31
WEB-102911,2026-01-22,C001321,OR,RW-9835,road,M,base,1,1899,true,2026-01-31
WEB-102912,2026-01-22,C002662,VT,RW-9835,road,M,base,1,1899,true,2026-01-28
WEB-102926,2026-01-22,C002676,AZ,RW-9835,road,M,base,1,1899,true,2026-01-31
WEB-102934,2026-01-22,C002684,NC,RW-2984,road,M,carbon,1,3999,true,2026-01-27
WEB-102936,2026-01-22,C002686,MN,RW-2984,road,M,carbon,1,3999,true,2026-01-27
WEB-102939,2026-01-22,C002689,MI,RW-2984,road,M,carbon,1,3999,true,2026-01-28
WEB-102941,2026-01-22,C002691,NM,RW-2984,road,M,carbon,1,3999,true,2026-01-31
WEB-102942,2026-01-22,C002692,AZ,RW-2984,road,M,carbon,1,3999,true,2026-01-27
WEB-102946,2026-01-22,C002695,MA,RW-2984,road,M,carbon,1,3999,true,2026-01-26
WEB-102949,2026-01-22,C002698,CA,RW-7298,road,L,base,1,1899,true,2026-02-01
WEB-102951,2026-01-22,C002700,CO,RW-7298,road,L,base,1,1899,true,2026-01-24
WEB-102952,2026-01-22,C002701,IL,RW-7298,road,L,base,1,1899,true,2026-01-25
WEB-102967,2026-01-22,C002716,MT,RW-1378,road,L,carbon,1,3999,true,2026-01-26
WEB-102968,2026-01-22,C002717,MA,RW-1378,road,L,carbon,1,3999,true,2026-01-31
WEB-102975,2026-01-22,C002724,CA,RW-9304,mtb,S,carbon,1,4899,true,2026-01-29
WEB-102982,2026-01-22,C002731,OR,RW-9304,mtb,S,carbon,1,4899,true,2026-01-31
WEB-102986,2026-01-22,C002734,GA,RW-9304,mtb,S,carbon,1,4899,true,2026-02-01
WEB-102988,2026-01-22,C002736,NM,RW-9304,mtb,S,carbon,1,4899,true,2026-02-01
WEB-102990,2026-01-22,C002738,MT,RW-9304,mtb,S,carbon,1,4899,true,2026-01-27
WEB-103008,2026-01-22,C000307,MI,RW-9324,mtb,M,base,1,2299,true,2026-01-31
WEB-103021,2026-01-22,C002766,OR,RW-4418,mtb,M,carbon,1,4899,true,2026-01-30
WEB-103024,2026-01-22,C002769,MA,RW-4418,mtb,M,carbon,1,4899,true,2026-01-27
WEB-103027,2026-01-22,C002772,NY,RW-4418,mtb,M,carbon,1,4899,true,2026-01-26
WEB-103030,2026-01-22,C002775,VT,RW-9901,mtb,L,base,1,2299,true,2026-01-31
WEB-103031,2026-01-22,C002776,UT,RW-9901,mtb,L,base,1,2299,true,2026-02-01
WEB-103034,2026-01-22,C002779,WA,RW-9901,mtb,L,base,1,2299,true,2026-01-25
WEB-102880,2026-01-23,C002631,VT,RW-3980,road,S,carbon,1,3999,true,2026-01-29
WEB-102888,2026-01-23,C002639,CA,RW-3980,road,S,carbon,1,3999,true,2026-01-27
WEB-102889,2026-01-23,C002640,AZ,RW-3980,road,S,carbon,1,3999,true,2026-01-29
WEB-102905,2026-01-23,C002656,AZ,RW-9835,road,M,base,1,1899,true,2026-02-01
WEB-102953,2026-01-23,C002702,WA,RW-7298,road,L,base,1,1899,true,2026-02-02
WEB-102960,2026-01-23,C002709,UT,RW-1378,road,L,carbon,1,3999,true,2026-01-25
WEB-102978,2026-01-23,C002727,MA,RW-9304,mtb,S,carbon,1,4899,true,2026-01-31
WEB-102985,2026-01-23,C002733,PA,RW-9304,mtb,S,carbon,1,4899,true,2026-02-02
WEB-102989,2026-01-23,C002737,UT,RW-9304,mtb,S,carbon,1,4899,true,2026-01-28
WEB-103001,2026-01-23,C002749,AZ,RW-9324,mtb,M,base,1,2299,true,2026-01-26
WEB-103006,2026-01-23,C002753,TX,RW-9324,mtb,M,base,1,2299,true,2026-01-30
WEB-103009,2026-01-23,C002755,CO,RW-9324,mtb,M,base,1,2299,true,2026-01-31
WEB-103016,2026-01-23,C002762,ID,RW-4418,mtb,M,carbon,1,4899,true,2026-01-26
WEB-103026,2026-01-23,C002771,TX,RW-4418,mtb,M,carbon,1,4899,true,2026-02-01
WEB-103048,2026-01-23,C001265,CA,RW-6416,mtb,L,carbon,1,4899,true,2026-01-29
WEB-102885,2026-01-24,C002636,UT,RW-3980,road,S,carbon,1,3999,true,2026-01-28
WEB-102896,2026-01-24,C002647,CO,RW-3980,road,S,carbon,1,3999,true,2026-02-02
WEB-102904,2026-01-24,C002655,MN,RW-9835,road,M,base,1,1899,true,2026-01-26
WEB-102906,2026-01-24,C002657,ID,RW-9835,road,M,base,1,1899,true,2026-01-26
WEB-102915,2026-01-24,C002665,NY,RW-9835,road,M,base,1,1899,true,2026-01-30
WEB-102916,2026-01-24,C002666,MI,RW-9835,road,M,base,1,1899,true,2026-02-02
WEB-102935,2026-01-24,C002685,CO,RW-2984,road,M,carbon,1,3999,true,2026-01-30
WEB-102938,2026-01-24,C002688,CA,RW-2984,road,M,carbon,1,3999,true,2026-02-02
WEB-102962,2026-01-24,C002711,MI,RW-1378,road,L,carbon,1,3999,true,2026-01-28
WEB-102969,2026-01-24,C002718,UT,RW-1378,road,L,carbon,1,3999,true,2026-01-30
WEB-102976,2026-01-24,C002725,VT,RW-9304,mtb,S,carbon,1,4899,true,2026-01-30
WEB-102983,2026-01-24,C002732,NY,RW-9304,mtb,S,carbon,1,4899,true,2026-01-31
WEB-102996,2026-01-24,C002744,WA,RW-9324,mtb,M,base,1,2299,true,2026-01-29
WEB-103011,2026-01-24,C002757,MA,RW-9324,mtb,M,base,1,2299,true,2026-01-31
WEB-103014,2026-01-24,C002760,TX,RW-9324,mtb,M,base,1,2299,true,2026-01-26
WEB-103019,2026-01-24,C002764,IL,RW-4418,mtb,M,carbon,1,4899,true,2026-02-03
WEB-103028,2026-01-24,C002773,NC,RW-4418,mtb,M,carbon,1,4899,true,2026-01-31
WEB-103035,2026-01-24,C002780,MN,RW-9901,mtb,L,base,1,2299,true,2026-01-31
WEB-103042,2026-01-24,C002787,MA,RW-9901,mtb,L,base,1,2299,true,2026-02-03
WEB-103045,2026-01-24,C002790,NY,RW-6416,mtb,L,carbon,1,4899,true,2026-02-01
WEB-103047,2026-01-24,C002792,ID,RW-6416,mtb,L,carbon,1,4899,true,2026-01-26
WEB-103049,2026-01-24,C002793,OR,RW-6416,mtb,L,carbon,1,4899,true,2026-01-29
WEB-103050,2026-01-24,C002794,PA,RW-6416,mtb,L,carbon,1,4899,true,2026-02-01
WEB-103051,2026-01-24,C002795,CO,RW-6416,mtb,L,carbon,1,4899,true,2026-01-29
WEB-102886,2026-01-25,C002637,NY,RW-3980,road,S,carbon,1,3999,true,2026-02-04
WEB-102899,2026-01-25,C002650,AZ,RW-3980,road,S,carbon,1,3999,true,2026-02-01
WEB-102908,2026-01-25,C002659,NC,RW-9835,road,M,base,1,1899,true,2026-02-02
WEB-102914,2026-01-25,C002664,CO,RW-9835,road,M,base,1,1899,true,2026-02-02
WEB-102925,2026-01-25,C002675,FL,RW-9835,road,M,base,1,1899,true,2026-02-02
WEB-102930,2026-01-25,C002680,MA,RW-2984,road,M,carbon,1,3999,true,2026-01-29
WEB-102932,2026-01-25,C002682,GA,RW-2984,road,M,carbon,1,3999,true,2026-01-27
WEB-102940,2026-01-25,C002690,IL,RW-2984,road,M,carbon,1,3999,true,2026-01-29
WEB-102948,2026-01-25,C002697,WA,RW-7298,road,L,base,1,1899,true,2026-01-29
WEB-102954,2026-01-25,C002703,MA,RW-7298,road,L,base,1,1899,true,2026-01-28
WEB-102955,2026-01-25,C002704,IL,RW-7298,road,L,base,1,1899,true,2026-01-31
WEB-102958,2026-01-25,C002707,TX,RW-7298,road,L,base,1,1899,true,2026-01-28
WEB-102971,2026-01-25,C002720,MA,RW-1378,road,L,carbon,1,3999,true,2026-02-01
WEB-102987,2026-01-25,C002735,MN,RW-9304,mtb,S,carbon,1,4899,true,2026-01-27
WEB-102995,2026-01-25,C002743,CA,RW-9304,mtb,S,carbon,1,4899,true,2026-02-02
WEB-103012,2026-01-25,C002758,GA,RW-9324,mtb,M,base,1,2299,true,2026-02-04
WEB-103017,2026-01-25,C001877,GA,RW-4418,mtb,M,carbon,1,4899,true,2026-01-27
WEB-103018,2026-01-25,C002763,GA,RW-4418,mtb,M,carbon,1,4899,true,2026-01-30
WEB-103020,2026-01-25,C002765,UT,RW-4418,mtb,M,carbon,1,4899,true,2026-02-03
WEB-103023,2026-01-25,C002768,ID,RW-4418,mtb,M,carbon,1,4899,true,2026-02-01
WEB-103036,2026-01-25,C002781,MI,RW-9901,mtb,L,base,1,2299,true,2026-02-04
WEB-103037,2026-01-25,C002782,UT,RW-9901,mtb,L,base,1,2299,true,2026-02-04
WEB-103039,2026-01-25,C002784,PA,RW-9901,mtb,L,base,1,2299,true,2026-01-31
WEB-103041,2026-01-25,C002786,MA,RW-9901,mtb,L,base,1,2299,true,2026-02-04
WEB-103043,2026-01-25,C002788,IL,RW-9901,mtb,L,base,1,2299,true,2026-01-27
WEB-103074,2026-01-26,C002818,PA,RW-3980,road,S,carbon,1,3999,true,2026-01-31
WEB-103076,2026-01-26,C002820,NC,RW-9835,road,M,base,1,1899,true,2026-01-30
WEB-103080,2026-01-26,C002823,MN,RW-9835,road,M,base,1,1899,true,2026-01-31
WEB-103081,2026-01-26,C002824,VT,RW-9835,road,M,base,1,1899,true,2026-02-04
WEB-103102,2026-01-26,C002844,TX,RW-2984,road,M,carbon,1,3999,true,2026-02-02
WEB-103113,2026-01-26,C002855,ID,RW-7298,road,L,base,1,1899,true,2026-02-04
WEB-103117,2026-01-26,C002859,TX,RW-7298,road,L,base,1,1899,true,2026-01-28
WEB-103121,2026-01-26,C002863,NM,RW-1378,road,L,carbon,1,3999,true,2026-01-30
WEB-103129,2026-01-26,C002870,MN,RW-1378,road,L,carbon,1,3999,true,2026-02-03
WEB-103132,2026-01-26,C002873,MA,RW-1378,road,L,carbon,1,3999,true,2026-01-30
WEB-103139,2026-01-26,C002880,PA,RW-1378,road,L,carbon,1,3999,true,2026-02-04
WEB-103152,2026-01-26,C002893,MI,RW-9304,mtb,S,carbon,1,4899,true,2026-02-02
WEB-103161,2026-01-26,C002901,ID,RW-9304,mtb,S,carbon,1,4899,true,2026-02-01
WEB-103165,2026-01-26,C002905,IL,RW-9324,mtb,M,base,1,2299,true,2026-02-02
WEB-103168,2026-01-26,C002908,FL,RW-9324,mtb,M,base,1,2299,true,2026-02-01
WEB-103169,2026-01-26,C002753,UT,RW-9324,mtb,M,base,1,2299,true,2026-01-30
WEB-103170,2026-01-26,C002909,OR,RW-9324,mtb,M,base,1,2299,true,2026-01-29
WEB-103176,2026-01-26,C002915,ID,RW-9324,mtb,M,base,1,2299,true,2026-01-30
WEB-103181,2026-01-26,C002920,VT,RW-9324,mtb,M,base,1,2299,true,2026-01-31
WEB-103186,2026-01-26,C002925,GA,RW-9324,mtb,M,base,1,2299,true,2026-01-31
WEB-103187,2026-01-26,C000611,WA,RW-4418,mtb,M,carbon,1,4899,true,2026-02-04
WEB-103188,2026-01-26,C002926,MI,RW-4418,mtb,M,carbon,1,4899,true,2026-01-30
WEB-103194,2026-01-26,C002932,GA,RW-4418,mtb,M,carbon,1,4899,true,2026-02-02
WEB-103196,2026-01-26,C002934,ID,RW-4418,mtb,M,carbon,1,4899,true,2026-02-04
WEB-103198,2026-01-26,C002936,NC,RW-4418,mtb,M,carbon,1,4899,true,2026-02-05
WEB-103201,2026-01-26,C002939,GA,RW-4418,mtb,M,carbon,1,4899,true,2026-01-29
WEB-103203,2026-01-26,C002940,NC,RW-4418,mtb,M,carbon,1,4899,true,2026-01-30
WEB-103215,2026-01-26,C002950,MN,RW-9901,mtb,L,base,1,2299,true,2026-01-29
WEB-103226,2026-01-26,C002960,TX,RW-6416,mtb,L,carbon,1,4899,true,2026-02-05
WEB-103053,2026-01-27,C002797,VT,RW-3980,road,S,carbon,1,3999,true,2026-02-02
WEB-103055,2026-01-27,C002799,IL,RW-3980,road,S,carbon,1,3999,true,2026-01-30
WEB-103067,2026-01-27,C002811,MI,RW-3980,road,S,carbon,1,3999,true,2026-01-29
WEB-103092,2026-01-27,C001482,NC,RW-9835,road,M,base,1,1899,true,2026-01-31
WEB-103097,2026-01-27,C002839,GA,RW-2984,road,M,carbon,1,3999,true,2026-02-02
WEB-103120,2026-01-27,C002862,MT,RW-7298,road,L,base,1,1899,true,2026-02-04
WEB-103125,2026-01-27,C002866,ID,RW-1378,road,L,carbon,1,3999,true,2026-01-29
WEB-103126,2026-01-27,C002867,NY,RW-1378,road,L,carbon,1,3999,true,2026-02-05
WEB-103141,2026-01-27,C002882,NM,RW-9304,mtb,S,carbon,1,4899,true,2026-02-04
WEB-103145,2026-01-27,C002886,IL,RW-9304,mtb,S,carbon,1,4899,true,2026-02-04
WEB-103148,2026-01-27,C002889,VT,RW-9304,mtb,S,carbon,1,4899,true,2026-02-05
WEB-103151,2026-01-27,C002892,PA,RW-9304,mtb,S,carbon,1,4899,true,2026-02-01
WEB-103157,2026-01-27,C002897,MN,RW-9304,mtb,S,carbon,1,4899,true,2026-02-03
WEB-103159,2026-01-27,C002899,MI,RW-9304,mtb,S,carbon,1,4899,true,2026-01-30
WEB-103167,2026-01-27,C002907,MA,RW-9324,mtb,M,base,1,2299,true,2026-02-01
WEB-103172,2026-01-27,C002911,NC,RW-9324,mtb,M,base,1,2299,true,2026-02-01
WEB-103184,2026-01-27,C002923,WA,RW-9324,mtb,M,base,1,2299,true,2026-02-03
WEB-103190,2026-01-27,C002928,AZ,RW-4418,mtb,M,carbon,1,4899,true,2026-01-31
WEB-103193,2026-01-27,C002931,MI,RW-4418,mtb,M,carbon,1,4899,true,2026-02-06
WEB-103213,2026-01-27,C002948,VT,RW-9901,mtb,L,base,1,2299,true,2026-02-02
WEB-103217,2026-01-27,C002952,FL,RW-9901,mtb,L,base,1,2299,true,2026-02-04
WEB-103223,2026-01-27,C002957,OR,RW-6416,mtb,L,carbon,1,4899,true,2026-02-06
WEB-103061,2026-01-28,C002805,CO,RW-3980,road,S,carbon,1,3999,true,2026-01-31
WEB-103088,2026-01-28,C002831,PA,RW-9835,road,M,base,1,1899,true,2026-02-06
WEB-103090,2026-01-28,C002833,MI,RW-9835,road,M,base,1,1899,true,2026-02-01
WEB-103091,2026-01-28,C002834,TX,RW-9835,road,M,base,1,1899,true,2026-02-05
WEB-103093,2026-01-28,C002835,NC,RW-2984,road,M,carbon,1,3999,true,2026-02-05
WEB-103095,2026-01-28,C002837,MT,RW-2984,road,M,carbon,1,3999,true,2026-02-05
WEB-103098,2026-01-28,C002840,PA,RW-2984,road,M,carbon,1,3999,true,2026-02-04
WEB-103103,2026-01-28,C002845,WA,RW-2984,road,M,carbon,1,3999,true,2026-02-01
WEB-103104,2026-01-28,C002846,CO,RW-2984,road,M,carbon,1,3999,true,2026-02-03
WEB-103109,2026-01-28,C002851,NC,RW-7298,road,L,base,1,1899,true,2026-02-04
WEB-103123,2026-01-28,C002865,FL,RW-1378,road,L,carbon,1,3999,true,2026-02-03
WEB-103124,2026-01-28,C001920,IL,RW-1378,road,L,carbon,1,3999,true,2026-01-30
WEB-103131,2026-01-28,C002872,NY,RW-1378,road,L,carbon,1,3999,true,2026-02-07
WEB-103133,2026-01-28,C002874,ID,RW-1378,road,L,carbon,1,3999,true,2026-02-07
WEB-103163,2026-01-28,C002903,PA,RW-9324,mtb,M,base,1,2299,true,2026-02-02
WEB-103177,2026-01-28,C002916,ID,RW-9324,mtb,M,base,1,2299,true,2026-02-01
WEB-103178,2026-01-28,C002917,FL,RW-9324,mtb,M,base,1,2299,true,2026-02-07
WEB-103183,2026-01-28,C002922,OR,RW-9324,mtb,M,base,1,2299,true,2026-01-31
WEB-103204,2026-01-28,C002941,AZ,RW-4418,mtb,M,carbon,1,4899,true,2026-02-03
WEB-103211,2026-01-28,C002946,PA,RW-9901,mtb,L,base,1,2299,true,2026-02-06
WEB-103218,2026-01-28,C002086,MA,RW-9901,mtb,L,base,1,2299,true,2026-02-04
WEB-103220,2026-01-28,C002954,ID,RW-6416,mtb,L,carbon,1,4899,true,2026-02-02
WEB-103052,2026-01-29,C002796,NM,RW-3980,road,S,carbon,1,3999,true,2026-02-04
WEB-103057,2026-01-29,C002801,MN,RW-3980,road,S,carbon,1,3999,true,2026-02-07
WEB-103058,2026-01-29,C002802,OR,RW-3980,road,S,carbon,1,3999,true,2026-02-01
WEB-103059,2026-01-29,C002803,CO,RW-3980,road,S,carbon,1,3999,true,2026-02-02
WEB-103064,2026-01-29,C002808,PA,RW-3980,road,S,carbon,1,3999,true,2026-02-01
WEB-103065,2026-01-29,C002809,FL,RW-3980,road,S,carbon,1,3999,true,2026-02-07
WEB-103068,2026-01-29,C002812,CA,RW-3980,road,S,carbon,1,3999,true,2026-02-01
WEB-103071,2026-01-29,C002815,TX,RW-3980,road,S,carbon,1,3999,true,2026-02-01
WEB-103072,2026-01-29,C002816,CO,RW-3980,road,S,carbon,1,3999,true,2026-02-05
WEB-103073,2026-01-29,C002817,NY,RW-3980,road,S,carbon,1,3999,true,2026-02-04
WEB-103086,2026-01-29,C002829,WA,RW-9835,road,M,base,1,1899,true,2026-02-08
WEB-103096,2026-01-29,C002838,MN,RW-2984,road,M,carbon,1,3999,true,2026-02-01
WEB-103099,2026-01-29,C002841,IL,RW-2984,road,M,carbon,1,3999,true,2026-02-08
WEB-103107,2026-01-29,C002849,MT,RW-7298,road,L,base,1,1899,true,2026-02-01
WEB-103114,2026-01-29,C002856,AZ,RW-7298,road,L,base,1,1899,true,2026-01-31
WEB-103116,2026-01-29,C002858,GA,RW-7298,road,L,base,1,1899,true,2026-02-04
WEB-103127,2026-01-29,C002868,CO,RW-1378,road,L,carbon,1,3999,true,2026-02-01
WEB-103128,2026-01-29,C002869,NC,RW-1378,road,L,carbon,1,3999,true,2026-02-06
WEB-103138,2026-01-29,C002879,NM,RW-1378,road,L,carbon,1,3999,true,2026-02-03
WEB-103146,2026-01-29,C002887,GA,RW-9304,mtb,S,carbon,1,4899,true,2026-02-05
WEB-103153,2026-01-29,C002894,IL,RW-9304,mtb,S,carbon,1,4899,true,2026-02-06
WEB-103160,2026-01-29,C002900,WA,RW-9304,mtb,S,carbon,1,4899,true,2026-02-05
WEB-103174,2026-01-29,C002913,TX,RW-9324,mtb,M,base,1,2299,true,2026-02-05
WEB-103182,2026-01-29,C002921,IL,RW-9324,mtb,M,base,1,2299,true,2026-02-03
WEB-103189,2026-01-29,C002927,AZ,RW-4418,mtb,M,carbon,1,4899,true,2026-02-08
WEB-103202,2026-01-29,C002049,FL,RW-4418,mtb,M,carbon,1,4899,true,2026-02-02
WEB-103207,2026-01-29,C001952,CA,RW-9901,mtb,L,base,1,2299,true,2026-02-04
WEB-103209,2026-01-29,C002944,CO,RW-9901,mtb,L,base,1,2299,true,2026-02-04
WEB-103216,2026-01-29,C002951,AZ,RW-9901,mtb,L,base,1,2299,true,2026-02-04
WEB-103222,2026-01-29,C002956,VT,RW-6416,mtb,L,carbon,1,4899,true,2026-02-05
WEB-103224,2026-01-29,C002958,VT,RW-6416,mtb,L,carbon,1,4899,true,2026-02-04
WEB-103060,2026-01-30,C002804,UT,RW-3980,road,S,carbon,1,3999,true,2026-02-09
WEB-103063,2026-01-30,C002807,MA,RW-3980,road,S,carbon,1,3999,true,2026-02-06
WEB-103069,2026-01-30,C002813,CA,RW-3980,road,S,carbon,1,3999,true,2026-02-04
WEB-103082,2026-01-30,C002825,IL,RW-9835,road,M,base,1,1899,true,2026-02-01
WEB-103089,2026-01-30,C002832,IL,RW-9835,road,M,base,1,1899,true,2026-02-04
WEB-103094,2026-01-30,C002836,GA,RW-2984,road,M,carbon,1,3999,true,2026-02-06
WEB-103105,2026-01-30,C002847,MA,RW-7298,road,L,base,1,1899,true,2026-02-08
WEB-103106,2026-01-30,C002848,UT,RW-7298,road,L,base,1,1899,true,2026-02-01
WEB-103110,2026-01-30,C002852,WA,RW-7298,road,L,base,1,1899,true,2026-02-04
WEB-103118,2026-01-30,C002860,ID,RW-7298,road,L,base,1,1899,true,2026-02-04
WEB-103130,2026-01-30,C002871,PA,RW-1378,road,L,carbon,1,3999,true,2026-02-04
WEB-103135,2026-01-30,C002876,NC,RW-1378,road,L,carbon,1,3999,true,2026-02-07
WEB-103137,2026-01-30,C002878,PA,RW-1378,road,L,carbon,1,3999,true,2026-02-08
WEB-103147,2026-01-30,C002888,FL,RW-9304,mtb,S,carbon,1,4899,true,2026-02-01
WEB-103171,2026-01-30,C002910,MI,RW-9324,mtb,M,base,1,2299,true,2026-02-07
WEB-103185,2026-01-30,C002924,ID,RW-9324,mtb,M,base,1,2299,true,2026-02-06
WEB-103195,2026-01-30,C002933,AZ,RW-4418,mtb,M,carbon,1,4899,true,2026-02-02
WEB-103200,2026-01-30,C002938,CO,RW-4418,mtb,M,carbon,1,4899,true,2026-02-04
WEB-103208,2026-01-30,C002943,MT,RW-9901,mtb,L,base,1,2299,true,2026-02-09
WEB-103221,2026-01-30,C002955,MT,RW-6416,mtb,L,carbon,1,4899,true,2026-02-06
WEB-103070,2026-01-31,C002814,OR,RW-3980,road,S,carbon,1,3999,true,2026-02-08
WEB-103078,2026-01-31,C002822,PA,RW-9835,road,M,base,1,1899,true,2026-02-02
WEB-103079,2026-01-31,C000007,NM,RW-9835,road,M,base,1,1899,true,2026-02-05
WEB-103083,2026-01-31,C002826,CO,RW-9835,road,M,base,1,1899,true,2026-02-03
WEB-103084,2026-01-31,C002827,UT,RW-9835,road,M,base,1,1899,true,2026-02-09
WEB-103085,2026-01-31,C002828,MI,RW-9835,road,M,base,1,1899,true,2026-02-06
WEB-103087,2026-01-31,C002830,AZ,RW-9835,road,M,base,1,1899,true,2026-02-02
WEB-103108,2026-01-31,C002850,GA,RW-7298,road,L,base,1,1899,true,2026-02-08
WEB-103119,2026-01-31,C002861,CA,RW-7298,road,L,base,1,1899,true,2026-02-05
WEB-103122,2026-01-31,C002864,CA,RW-1378,road,L,carbon,1,3999,true,2026-02-08
WEB-103142,2026-01-31,C002883,UT,RW-9304,mtb,S,carbon,1,4899,true,2026-02-09
WEB-103144,2026-01-31,C002885,NC,RW-9304,mtb,S,carbon,1,4899,true,2026-02-09
WEB-103149,2026-01-31,C002890,CA,RW-9304,mtb,S,carbon,1,4899,true,2026-02-08
WEB-103155,2026-01-31,C002395,MN,RW-9304,mtb,S,carbon,1,4899,true,2026-02-08
WEB-103156,2026-01-31,C002896,GA,RW-9304,mtb,S,carbon,1,4899,true,2026-02-09
WEB-103158,2026-01-31,C002898,WA,RW-9304,mtb,S,carbon,1,4899,true,2026-02-09
WEB-103173,2026-01-31,C002912,AZ,RW-9324,mtb,M,base,1,2299,true,2026-02-10
WEB-103175,2026-01-31,C002914,NM,RW-9324,mtb,M,base,1,2299,true,2026-02-10
WEB-103179,2026-01-31,C002918,GA,RW-9324,mtb,M,base,1,2299,true,2026-02-02
WEB-103192,2026-01-31,C002930,UT,RW-4418,mtb,M,carbon,1,4899,true,2026-02-04
WEB-103199,2026-01-31,C002937,CO,RW-4418,mtb,M,carbon,1,4899,true,2026-02-07
WEB-103205,2026-01-31,C002942,FL,RW-4418,mtb,M,carbon,1,4899,true,2026-02-09
WEB-103210,2026-01-31,C002945,MT,RW-9901,mtb,L,base,1,2299,true,2026-02-10
WEB-103225,2026-01-31,C002959,GA,RW-6416,mtb,L,carbon,1,4899,true,2026-02-07
WEB-103227,2026-01-31,C002961,MA,RW-6416,mtb,L,carbon,1,4899,true,2026-02-07
WEB-103054,2026-02-01,C002798,PA,RW-3980,road,S,carbon,1,3999,true,2026-02-07
WEB-103056,2026-02-01,C002800,WA,RW-3980,road,S,carbon,1,3999,true,2026-02-08
WEB-103062,2026-02-01,C002806,MI,RW-3980,road,S,carbon,1,3999,true,2026-02-04
WEB-103066,2026-02-01,C002810,CA,RW-3980,road,S,carbon,1,3999,true,2026-02-05
WEB-103075,2026-02-01,C002819,NY,RW-9835,road,M,base,1,1899,true,2026-02-07
WEB-103077,2026-02-01,C002821,FL,RW-9835,road,M,base,1,1899,true,2026-02-08
WEB-103100,2026-02-01,C002842,ID,RW-2984,road,M,carbon,1,3999,true,2026-02-10
WEB-103101,2026-02-01,C002843,VT,RW-2984,road,M,carbon,1,3999,true,2026-02-05
WEB-103111,2026-02-01,C002853,IL,RW-7298,road,L,base,1,1899,true,2026-02-05
WEB-103112,2026-02-01,C002854,ID,RW-7298,road,L,base,1,1899,true,2026-02-05
WEB-103115,2026-02-01,C002857,NC,RW-7298,road,L,base,1,1899,true,2026-02-03
WEB-103134,2026-02-01,C002875,MN,RW-1378,road,L,carbon,1,3999,true,2026-02-11
WEB-103136,2026-02-01,C002877,IL,RW-1378,road,L,carbon,1,3999,true,2026-02-07
WEB-103140,2026-02-01,C002881,NM,RW-1378,road,L,carbon,1,3999,true,2026-02-05
WEB-103143,2026-02-01,C002884,AZ,RW-9304,mtb,S,carbon,1,4899,true,2026-02-11
WEB-103150,2026-02-01,C002891,CA,RW-9304,mtb,S,carbon,1,4899,true,2026-02-10
WEB-103154,2026-02-01,C002895,MI,RW-9304,mtb,S,carbon,1,4899,true,2026-02-06
WEB-103162,2026-02-01,C002902,WA,RW-9304,mtb,S,carbon,1,4899,true,2026-02-11
WEB-103164,2026-02-01,C002904,MI,RW-9324,mtb,M,base,1,2299,true,2026-02-07
WEB-103166,2026-02-01,C002906,MT,RW-9324,mtb,M,base,1,2299,true,2026-02-03
WEB-103180,2026-02-01,C002919,NC,RW-9324,mtb,M,base,1,2299,true,2026-02-04
WEB-103191,2026-02-01,C002929,CO,RW-4418,mtb,M,carbon,1,4899,true,2026-02-05
WEB-103197,2026-02-01,C002935,CA,RW-4418,mtb,M,carbon,1,4899,true,2026-02-10
WEB-103206,2026-02-01,C001637,MI,RW-9901,mtb,L,base,1,2299,true,2026-02-04
WEB-103212,2026-02-01,C002947,CA,RW-9901,mtb,L,base,1,2299,true,2026-02-03
WEB-103214,2026-02-01,C002949,VT,RW-9901,mtb,L,base,1,2299,true,2026-02-07
WEB-103219,2026-02-01,C002953,MN,RW-6416,mtb,L,carbon,1,4899,true,2026-02-08
WEB-103231,2026-02-02,C002965,FL,RW-3980,road,S,carbon,1,3999,true,2026-02-06
WEB-103232,2026-02-02,C002966,UT,RW-3980,road,S,carbon,1,3999,true,2026-02-08
WEB-103237,2026-02-02,C002971,IL,RW-3980,road,S,carbon,1,3999,true,2026-02-09
WEB-103240,2026-02-02,C002974,PA,RW-3980,road,S,carbon,1,3999,true,2026-02-09
WEB-103243,2026-02-02,C002977,MI,RW-3980,road,S,carbon,1,3999,true,2026-02-09
WEB-103257,2026-02-02,C001501,GA,RW-9835,road,M,base,1,1899,true,2026-02-08
WEB-103258,2026-02-02,C002991,CO,RW-9835,road,M,base,1,1899,true,2026-02-04
WEB-103262,2026-02-02,C002995,AZ,RW-9835,road,M,base,1,1899,true,2026-02-09
WEB-103266,2026-02-02,C002998,MN,RW-9835,road,M,base,1,1899,true,2026-02-09
WEB-103271,2026-02-02,C003003,TX,RW-9835,road,M,base,1,1899,true,2026-02-10
WEB-103273,2026-02-02,C003005,UT,RW-2984,road,M,carbon,1,3999,true,2026-02-11
WEB-103277,2026-02-02,C003009,AZ,RW-2984,road,M,carbon,1,3999,true,2026-02-11
WEB-103279,2026-02-02,C003011,IL,RW-2984,road,M,carbon,1,3999,true,2026-02-06
WEB-103289,2026-02-02,C003021,OR,RW-2984,road,M,carbon,1,3999,true,2026-02-12
WEB-103290,2026-02-02,C003022,MI,RW-2984,road,M,carbon,1,3999,true,2026-02-07
WEB-103292,2026-02-02,C003024,MA,RW-2984,road,M,carbon,1,3999,true,2026-02-11
WEB-103295,2026-02-02,C003027,MT,RW-2984,road,M,carbon,1,3999,true,2026-02-05
WEB-103313,2026-02-02,C003042,PA,RW-7298,road,L,base,1,1899,true,2026-02-12
WEB-103314,2026-02-02,C003043,MT,RW-1378,road,L,carbon,1,3999,true,2026-02-11
WEB-103324,2026-02-02,C003052,UT,RW-1378,road,L,carbon,1,3999,true,2026-02-05
WEB-103340,2026-02-02,C003065,CO,RW-9304,mtb,S,carbon,1,4899,true,2026-02-06
WEB-103344,2026-02-02,C003068,GA,RW-9304,mtb,S,carbon,1,4899,true,2026-02-08
WEB-103346,2026-02-02,C003070,MT,RW-9304,mtb,S,carbon,1,4899,true,2026-02-10
WEB-103347,2026-02-02,C003071,NY,RW-9324,mtb,M,base,1,2299,true,2026-02-11
WEB-103351,2026-02-02,C003075,MN,RW-9324,mtb,M,base,1,2299,true,2026-02-07
WEB-103352,2026-02-02,C003076,MI,RW-9324,mtb,M,base,1,2299,true,2026-02-05
WEB-103360,2026-02-02,C003084,ID,RW-9324,mtb,M,base,1,2299,true,2026-02-10
WEB-103372,2026-02-02,C003096,TX,RW-4418,mtb,M,carbon,1,4899,true,2026-02-04
WEB-103373,2026-02-02,C003097,CO,RW-4418,mtb,M,carbon,1,4899,true,2026-02-04
WEB-103374,2026-02-02,C001876,ID,RW-4418,mtb,M,carbon,1,4899,true,2026-02-04
WEB-103381,2026-02-02,C003104,NC,RW-4418,mtb,M,carbon,1,4899,true,2026-02-11
WEB-103382,2026-02-02,C003105,OR,RW-4418,mtb,M,carbon,1,4899,true,2026-02-08
WEB-103389,2026-02-02,C003111,CO,RW-9901,mtb,L,base,1,2299,true,2026-02-08
WEB-103403,2026-02-02,C003123,CO,RW-6416,mtb,L,carbon,1,4899,true,2026-02-04
WEB-103230,2026-02-03,C002964,NC,RW-3980,road,S,carbon,1,3999,true,2026-02-07
WEB-103239,2026-02-03,C002973,NY,RW-3980,road,S,carbon,1,3999,true,2026-02-06
WEB-103251,2026-02-03,C002985,VT,RW-3980,road,S,carbon,1,3999,true,2026-02-07
WEB-103265,2026-02-03,C002997,MT,RW-9835,road,M,base,1,1899,true,2026-02-05
WEB-103267,2026-02-03,C002999,PA,RW-9835,road,M,base,1,1899,true,2026-02-10
WEB-103281,2026-02-03,C003013,OR,RW-2984,road,M,carbon,1,3999,true,2026-02-05
WEB-103286,2026-02-03,C003018,PA,RW-2984,road,M,carbon,1,3999,true,2026-02-05
WEB-103296,2026-02-03,C003028,OR,RW-2984,road,M,carbon,1,3999,true,2026-02-09
WEB-103306,2026-02-03,C003036,NC,RW-7298,road,L,base,1,1899,true,2026-02-11
WEB-103312,2026-02-03,C001375,ID,RW-7298,road,L,base,1,1899,true,2026-02-05
WEB-103328,2026-02-03,C000554,MN,RW-9304,mtb,S,carbon,1,4899,true,2026-02-11
WEB-103337,2026-02-03,C003062,CA,RW-9304,mtb,S,carbon,1,4899,true,2026-02-06
WEB-103345,2026-02-03,C003069,VT,RW-9304,mtb,S,carbon,1,4899,true,2026-02-11
WEB-103348,2026-02-03,C003072,MI,RW-9324,mtb,M,base,1,2299,true,2026-02-07
WEB-103353,2026-02-03,C003077,VT,RW-9324,mtb,M,base,1,2299,true,2026-02-11
WEB-103355,2026-02-03,C003079,MT,RW-9324,mtb,M,base,1,2299,true,2026-02-12
WEB-103362,2026-02-03,C003086,MT,RW-9324,mtb,M,base,1,2299,true,2026-02-05
WEB-103371,2026-02-03,C003095,WA,RW-4418,mtb,M,carbon,1,4899,true,2026-02-12
WEB-103388,2026-02-03,C002699,VT,RW-9901,mtb,L,base,1,2299,true,2026-02-05
WEB-103397,2026-02-03,C003118,NY,RW-6416,mtb,L,carbon,1,4899,true,2026-02-07
WEB-103234,2026-02-04,C002968,GA,RW-3980,road,S,carbon,1,3999,true,2026-02-13
WEB-103242,2026-02-04,C002976,NC,RW-3980,road,S,carbon,1,3999,true,2026-02-09
WEB-103244,2026-02-04,C002978,VT,RW-3980,road,S,carbon,1,3999,true,2026-02-08
WEB-103247,2026-02-04,C002981,NM,RW-3980,road,S,carbon,1,3999,true,2026-02-12
WEB-103253,2026-02-04,C002987,AZ,RW-9835,road,M,base,1,1899,true,2026-02-10
WEB-103270,2026-02-04,C003002,WA,RW-9835,road,M,base,1,1899,true,2026-02-06
WEB-103280,2026-02-04,C003012,PA,RW-2984,road,M,carbon,1,3999,true,2026-02-10
WEB-103282,2026-02-04,C003014,UT,RW-2984,road,M,carbon,1,3999,true,2026-02-08
WEB-103283,2026-02-04,C003015,GA,RW-2984,road,M,carbon,1,3999,true,2026-02-11
WEB-103285,2026-02-04,C003017,MT,RW-2984,road,M,carbon,1,3999,true,2026-02-12
WEB-103287,2026-02-04,C003019,OR,RW-2984,road,M,carbon,1,3999,true,2026-02-06
WEB-103291,2026-02-04,C003023,PA,RW-2984,road,M,carbon,1,3999,true,2026-02-07
WEB-103298,2026-02-04,C003030,AZ,RW-2984,road,M,carbon,1,3999,true,2026-02-10
WEB-103302,2026-02-04,C003032,CO,RW-7298,road,L,base,1,1899,true,2026-02-10
WEB-103307,2026-02-04,C003037,AZ,RW-7298,road,L,base,1,1899,true,2026-02-14
WEB-103311,2026-02-04,C003041,CO,RW-7298,road,L,base,1,1899,true,2026-02-06
WEB-103318,2026-02-04,C003046,GA,RW-1378,road,L,carbon,1,3999,true,2026-02-08
WEB-103322,2026-02-04,C003050,NM,RW-1378,road,L,carbon,1,3999,true,2026-02-12
WEB-103330,2026-02-04,C002886,OR,RW-9304,mtb,S,carbon,1,4899,true,2026-02-11
WEB-103331,2026-02-04,C003057,MT,RW-9304,mtb,S,carbon,1,4899,true,2026-02-10
WEB-103334,2026-02-04,C003060,FL,RW-9304,mtb,S,carbon,1,4899,true,2026-02-12
WEB-103336,2026-02-04,C000031,GA,RW-9304,mtb,S,carbon,1,4899,true,2026-02-14
WEB-103354,2026-02-04,C003078,MT,RW-9324,mtb,M,base,1,2299,true,2026-02-14
WEB-103361,2026-02-04,C003085,NC,RW-9324,mtb,M,base,1,2299,true,2026-02-14
WEB-103368,2026-02-04,C003092,MA,RW-4418,mtb,M,carbon,1,4899,true,2026-02-13
WEB-103369,2026-02-04,C003093,ID,RW-4418,mtb,M,carbon,1,4899,true,2026-02-13
WEB-103376,2026-02-04,C003099,MT,RW-4418,mtb,M,carbon,1,4899,true,2026-02-06
WEB-103384,2026-02-04,C003107,FL,RW-9901,mtb,L,base,1,2299,true,2026-02-12
WEB-103393,2026-02-04,C003114,AZ,RW-6416,mtb,L,carbon,1,4899,true,2026-02-13
WEB-103396,2026-02-04,C003117,IL,RW-6416,mtb,L,carbon,1,4899,true,2026-02-07
WEB-103398,2026-02-04,C003119,WA,RW-6416,mtb,L,carbon,1,4899,true,2026-02-14
WEB-103401,2026-02-04,C003122,ID,RW-6416,mtb,L,carbon,1,4899,true,2026-02-14
WEB-103402,2026-02-04,C001522,NC,RW-6416,mtb,L,carbon,1,4899,true,2026-02-12
WEB-103228,2026-02-05,C002962,MA,RW-3980,road,S,carbon,1,3999,true,2026-02-13
WEB-103238,2026-02-05,C002972,MT,RW-3980,road,S,carbon,1,3999,true,2026-02-09
WEB-103249,2026-02-05,C002983,WA,RW-3980,road,S,carbon,1,3999,true,2026-02-08
WEB-103250,2026-02-05,C002984,NC,RW-3980,road,S,carbon,1,3999,true,2026-02-08
WEB-103254,2026-02-05,C002988,ID,RW-9835,road,M,base,1,1899,true,2026-02-15
WEB-103255,2026-02-05,C002989,NC,RW-9835,road,M,base,1,1899,true,2026-02-14
WEB-103274,2026-02-05,C003006,NY,RW-2984,road,M,carbon,1,3999,true,2026-02-11
WEB-103275,2026-02-05,C003007,ID,RW-2984,road,M,carbon,1,3999,true,2026-02-14
WEB-103284,2026-02-05,C003016,CO,RW-2984,road,M,carbon,1,3999,true,2026-02-11
WEB-103297,2026-02-05,C003029,CA,RW-2984,road,M,carbon,1,3999,true,2026-02-10
WEB-103317,2026-02-05,C003045,UT,RW-1378,road,L,carbon,1,3999,true,2026-02-13
WEB-103327,2026-02-05,C003055,OR,RW-9304,mtb,S,carbon,1,4899,true,2026-02-09
WEB-103332,2026-02-05,C003058,CA,RW-9304,mtb,S,carbon,1,4899,true,2026-02-14
WEB-103339,2026-02-05,C003064,VT,RW-9304,mtb,S,carbon,1,4899,true,2026-02-12
WEB-103342,2026-02-05,C003067,WA,RW-9304,mtb,S,carbon,1,4899,true,2026-02-12
WEB-103363,2026-02-05,C003087,TX,RW-9324,mtb,M,base,1,2299,true,2026-02-08
WEB-103365,2026-02-05,C003089,MI,RW-4418,mtb,M,carbon,1,4899,true,2026-02-11
WEB-103367,2026-02-05,C003091,CO,RW-4418,mtb,M,carbon,1,4899,true,2026-02-11
WEB-103383,2026-02-05,C003106,UT,RW-9901,mtb,L,base,1,2299,true,2026-02-09
WEB-103387,2026-02-05,C003110,NC,RW-9901,mtb,L,base,1,2299,true,2026-02-15
WEB-103233,2026-02-06,C002967,PA,RW-3980,road,S,carbon,1,3999,true,2026-02-14
WEB-103235,2026-02-06,C002969,VT,RW-3980,road,S,carbon,1,3999,true,2026-02-16
WEB-103236,2026-02-06,C002970,MN,RW-3980,road,S,carbon,1,3999,true,2026-02-16
WEB-103241,2026-02-06,C002975,CA,RW-3980,road,S,carbon,1,3999,true,2026-02-11
WEB-103246,2026-02-06,C002980,OR,RW-3980,road,S,carbon,1,3999,true,2026-02-09
WEB-103256,2026-02-06,C002990,IL,RW-9835,road,M,base,1,1899,true,2026-02-13
WEB-103259,2026-02-06,C002992,MN,RW-9835,road,M,base,1,1899,true,2026-02-15
WEB-103272,2026-02-06,C003004,ID,RW-9835,road,M,base,1,1899,true,2026-02-15
WEB-103276,2026-02-06,C003008,WA,RW-2984,road,M,carbon,1,3999,true,2026-02-12
WEB-103293,2026-02-06,C003025,MI,RW-2984,road,M,carbon,1,3999,true,2026-02-15
WEB-103294,2026-02-06,C003026,ID,RW-2984,road,M,carbon,1,3999,true,2026-02-11
WEB-103299,2026-02-06,C002576,MA,RW-7298,road,L,base,1,1899,true,2026-02-11
WEB-103300,2026-02-06,C003031,PA,RW-7298,road,L,base,1,1899,true,2026-02-10
WEB-103304,2026-02-06,C003034,MI,RW-7298,road,L,base,1,1899,true,2026-02-11
WEB-103320,2026-02-06,C003048,MN,RW-1378,road,L,carbon,1,3999,true,2026-02-08
WEB-103321,2026-02-06,C003049,CA,RW-1378,road,L,carbon,1,3999,true,2026-02-08
WEB-103329,2026-02-06,C003056,ID,RW-9304,mtb,S,carbon,1,4899,true,2026-02-13
WEB-103335,2026-02-06,C003061,MN,RW-9304,mtb,S,carbon,1,4899,true,2026-02-15
WEB-103338,2026-02-06,C003063,VT,RW-9304,mtb,S,carbon,1,4899,true,2026-02-10
WEB-103341,2026-02-06,C003066,MA,RW-9304,mtb,S,carbon,1,4899,true,2026-02-11
WEB-103350,2026-02-06,C003074,CO,RW-9324,mtb,M,base,1,2299,true,2026-02-09
WEB-103356,2026-02-06,C003080,NM,RW-9324,mtb,M,base,1,2299,true,2026-02-13
WEB-103357,2026-02-06,C003081,CO,RW-9324,mtb,M,base,1,2299,true,2026-02-08
WEB-103364,2026-02-06,C003088,CA,RW-9324,mtb,M,base,1,2299,true,2026-02-14
WEB-103380,2026-02-06,C003103,MT,RW-4418,mtb,M,carbon,1,4899,true,2026-02-12
WEB-103385,2026-02-06,C003108,NM,RW-9901,mtb,L,base,1,2299,true,2026-02-08
WEB-103386,2026-02-06,C003109,MI,RW-9901,mtb,L,base,1,2299,true,2026-02-16
WEB-103390,2026-02-06,C000466,FL,RW-9901,mtb,L,base,1,2299,true,2026-02-15
WEB-103392,2026-02-06,C003113,OR,RW-6416,mtb,L,carbon,1,4899,true,2026-02-09
WEB-103229,2026-02-07,C002963,CA,RW-3980,road,S,carbon,1,3999,true,2026-02-16
WEB-103268,2026-02-07,C003000,MN,RW-9835,road,M,base,1,1899,true,2026-02-14
WEB-103269,2026-02-07,C003001,MA,RW-9835,road,M,base,1,1899,true,2026-02-10
WEB-103288,2026-02-07,C003020,FL,RW-2984,road,M,carbon,1,3999,true,2026-02-16
WEB-103303,2026-02-07,C003033,ID,RW-7298,road,L,base,1,1899,true,2026-02-11
WEB-103308,2026-02-07,C003038,MN,RW-7298,road,L,base,1,1899,true,2026-02-13
WEB-103310,2026-02-07,C003040,WA,RW-7298,road,L,base,1,1899,true,2026-02-14
WEB-103316,2026-02-07,C003044,NY,RW-1378,road,L,carbon,1,3999,true,2026-02-17
WEB-103325,2026-02-07,C003053,VT,RW-1378,road,L,carbon,1,3999,true,2026-02-12
WEB-103326,2026-02-07,C003054,AZ,RW-1378,road,L,carbon,1,3999,true,2026-02-15
WEB-103333,2026-02-07,C003059,AZ,RW-9304,mtb,S,carbon,1,4899,true,2026-02-12
WEB-103343,2026-02-07,C001819,ID,RW-9304,mtb,S,carbon,1,4899,true,2026-02-11
WEB-103349,2026-02-07,C003073,FL,RW-9324,mtb,M,base,1,2299,true,2026-02-10
WEB-103358,2026-02-07,C003082,MT,RW-9324,mtb,M,base,1,2299,true,2026-02-14
WEB-103359,2026-02-07,C003083,IL,RW-9324,mtb,M,base,1,2299,true,2026-02-10
WEB-103366,2026-02-07,C003090,MN,RW-4418,mtb,M,carbon,1,4899,true,2026-02-14
WEB-103370,2026-02-07,C003094,ID,RW-4418,mtb,M,carbon,1,4899,true,2026-02-09
WEB-103375,2026-02-07,C003098,CO,RW-4418,mtb,M,carbon,1,4899,true,2026-02-14
WEB-103391,2026-02-07,C003112,UT,RW-9901,mtb,L,base,1,2299,true,2026-02-13
WEB-103399,2026-02-07,C003120,CA,RW-6416,mtb,L,carbon,1,4899,true,2026-02-12
WEB-103400,2026-02-07,C003121,GA,RW-6416,mtb,L,carbon,1,4899,true,2026-02-17
WEB-103245,2026-02-08,C002979,GA,RW-3980,road,S,carbon,1,3999,true,2026-02-18
WEB-103248,2026-02-08,C002982,MN,RW-3980,road,S,carbon,1,3999,true,2026-02-14
WEB-103252,2026-02-08,C002986,WA,RW-9835,road,M,base,1,1899,true,2026-02-10
WEB-103260,2026-02-08,C002993,MI,RW-9835,road,M,base,1,1899,true,2026-02-18
WEB-103261,2026-02-08,C002994,TX,RW-9835,road,M,base,1,1899,true,2026-02-13
WEB-103263,2026-02-08,C002996,WA,RW-9835,road,M,base,1,1899,true,2026-02-15
WEB-103264,2026-02-08,C001168,OR,RW-9835,road,M,base,1,1899,true,2026-02-14
WEB-103278,2026-02-08,C003010,MT,RW-2984,road,M,carbon,1,3999,true,2026-02-18
WEB-103301,2026-02-08,C002167,TX,RW-7298,road,L,base,1,1899,true,2026-02-10
WEB-103305,2026-02-08,C003035,PA,RW-7298,road,L,base,1,1899,true,2026-02-11
WEB-103309,2026-02-08,C003039,MN,RW-7298,road,L,base,1,1899,true,2026-02-18
WEB-103315,2026-02-08,C001471,MT,RW-1378,road,L,carbon,1,3999,true,2026-02-11
WEB-103319,2026-02-08,C003047,AZ,RW-1378,road,L,carbon,1,3999,true,2026-02-16
WEB-103323,2026-02-08,C003051,ID,RW-1378,road,L,carbon,1,3999,true,2026-02-10
WEB-103377,2026-02-08,C003100,FL,RW-4418,mtb,M,carbon,1,4899,true,2026-02-12
WEB-103378,2026-02-08,C003101,UT,RW-4418,mtb,M,carbon,1,4899,true,2026-02-12
WEB-103379,2026-02-08,C003102,MT,RW-4418,mtb,M,carbon,1,4899,true,2026-02-15
WEB-103394,2026-02-08,C003115,VT,RW-6416,mtb,L,carbon,1,4899,true,2026-02-18
WEB-103395,2026-02-08,C003116,OR,RW-6416,mtb,L,carbon,1,4899,true,2026-02-13
WEB-103409,2026-02-09,C003128,CA,RW-3980,road,S,carbon,1,3999,true,2026-02-19
WEB-103412,2026-02-09,C003131,WA,RW-3980,road,S,carbon,1,3999,true,2026-02-13
WEB-103414,2026-02-09,C003133,MN,RW-3980,road,S,carbon,1,3999,true,2026-02-12
WEB-103421,2026-02-09,C003138,VT,RW-3980,road,S,carbon,1,3999,true,2026-02-11
WEB-103422,2026-02-09,C003139,NY,RW-9835,road,M,base,1,1899,true,2026-02-18
WEB-103427,2026-02-09,C003144,OR,RW-9835,road,M,base,1,1899,true,2026-02-15
WEB-103482,2026-02-09,C003197,NC,RW-1378,road,L,carbon,1,3999,true,2026-02-16
WEB-103488,2026-02-09,C003203,TX,RW-9304,mtb,S,carbon,1,4899,true,2026-02-13
WEB-103505,2026-02-09,C001489,CA,RW-9304,mtb,S,carbon,1,4899,true,2026-02-14
WEB-103508,2026-02-09,C003222,NY,RW-9304,mtb,S,carbon,1,4899,true,2026-02-11
WEB-103509,2026-02-09,C003223,CO,RW-9304,mtb,S,carbon,1,4899,true,2026-02-12
WEB-103517,2026-02-09,C003231,FL,RW-9324,mtb,M,base,1,2299,true,2026-02-19
WEB-103519,2026-02-09,C003233,AZ,RW-9324,mtb,M,base,1,2299,true,2026-02-17
WEB-103521,2026-02-09,C003235,GA,RW-9324,mtb,M,base,1,2299,true,2026-02-16
WEB-103525,2026-02-09,C003238,CA,RW-9324,mtb,M,base,1,2299,true,2026-02-13
WEB-103531,2026-02-09,C003243,NM,RW-9324,mtb,M,base,1,2299,true,2026-02-12
WEB-103535,2026-02-09,C003246,MN,RW-9324,mtb,M,base,1,2299,true,2026-02-15
WEB-103539,2026-02-09,C003250,GA,RW-9324,mtb,M,base,1,2299,true,2026-02-19
WEB-103540,2026-02-09,C003251,UT,RW-9324,mtb,M,base,1,2299,true,2026-02-17
WEB-103553,2026-02-09,C003263,NY,RW-4418,mtb,M,carbon,1,4899,true,2026-02-13
WEB-103563,2026-02-09,C001456,NM,RW-4418,mtb,M,carbon,1,4899,true,2026-02-17
WEB-103584,2026-02-09,C003290,CA,RW-6416,mtb,L,carbon,1,4899,true,2026-02-18
WEB-103590,2026-02-09,C003295,ID,RW-6416,mtb,L,carbon,1,4899,true,2026-02-19
WEB-103592,2026-02-09,C000081,MN,RW-6416,mtb,L,carbon,1,4899,true,2026-02-17
WEB-103407,2026-02-10,C003126,CA,RW-3980,road,S,carbon,1,3999,true,2026-02-19
WEB-103413,2026-02-10,C003132,NM,RW-3980,road,S,carbon,1,3999,true,2026-02-20
WEB-103425,2026-02-10,C003142,VT,RW-9835,road,M,base,1,1899,true,2026-02-20
WEB-103428,2026-02-10,C003145,IL,RW-9835,road,M,base,1,1899,true,2026-02-16
WEB-103429,2026-02-10,C003146,CO,RW-9835,road,M,base,1,1899,true,2026-02-12
WEB-103442,2026-02-10,C003158,NM,RW-9835,road,M,base,1,1899,true,2026-02-14
WEB-103455,2026-02-10,C003171,MA,RW-2984,road,M,carbon,1,3999,true,2026-02-18
WEB-103457,2026-02-10,C003173,MT,RW-2984,road,M,carbon,1,3999,true,2026-02-12
WEB-103460,2026-02-10,C002484,VT,RW-2984,road,M,carbon,1,3999,true,2026-02-19
WEB-103462,2026-02-10,C003177,MN,RW-7298,road,L,base,1,1899,true,2026-02-15
WEB-103468,2026-02-10,C003183,WA,RW-7298,road,L,base,1,1899,true,2026-02-13
WEB-103470,2026-02-10,C003185,TX,RW-7298,road,L,base,1,1899,true,2026-02-18
WEB-103479,2026-02-10,C003194,IL,RW-1378,road,L,carbon,1,3999,true,2026-02-12
WEB-103483,2026-02-10,C003198,WA,RW-1378,road,L,carbon,1,3999,true,2026-02-20
WEB-103496,2026-02-10,C003211,CO,RW-9304,mtb,S,carbon,1,4899,true,2026-02-13
WEB-103497,2026-02-10,C003212,CA,RW-9304,mtb,S,carbon,1,4899,true,2026-02-15
WEB-103507,2026-02-10,C003221,NC,RW-9304,mtb,S,carbon,1,4899,true,2026-02-16
WEB-103514,2026-02-10,C003228,MI,RW-9324,mtb,M,base,1,2299,true,2026-02-14
WEB-103523,2026-02-10,C003237,VT,RW-9324,mtb,M,base,1,2299,true,2026-02-19
WEB-103537,2026-02-10,C003248,MI,RW-9324,mtb,M,base,1,2299,true,2026-02-19
WEB-103556,2026-02-10,C003266,IL,RW-4418,mtb,M,carbon,1,4899,true,2026-02-18
WEB-103581,2026-02-10,C003287,TX,RW-6416,mtb,L,carbon,1,4899,true,2026-02-19
WEB-103583,2026-02-10,C003289,AZ,RW-6416,mtb,L,carbon,1,4899,true,2026-02-15
WEB-103404,2026-02-11,C003124,AZ,RW-3980,road,S,carbon,1,3999,true,2026-02-14
WEB-103408,2026-02-11,C003127,PA,RW-3980,road,S,carbon,1,3999,true,2026-02-19
WEB-103411,2026-02-11,C003130,CO,RW-3980,road,S,carbon,1,3999,true,2026-02-20
WEB-103418,2026-02-11,C003136,PA,RW-3980,road,S,carbon,1,3999,true,2026-02-13
WEB-103435,2026-02-11,C000807,PA,RW-9835,road,M,base,1,1899,true,2026-02-13
WEB-103436,2026-02-11,C003152,NM,RW-9835,road,M,base,1,1899,true,2026-02-13
WEB-103437,2026-02-11,C003153,OR,RW-9835,road,M,base,1,1899,true,2026-02-17
WEB-103441,2026-02-11,C003157,NC,RW-9835,road,M,base,1,1899,true,2026-02-13
WEB-103443,2026-02-11,C003159,UT,RW-9835,road,M,base,1,1899,true,2026-02-18
WEB-103450,2026-02-11,C003166,NM,RW-2984,road,M,carbon,1,3999,true,2026-02-17
WEB-103451,2026-02-11,C003167,MT,RW-2984,road,M,carbon,1,3999,true,2026-02-19
WEB-103453,2026-02-11,C003169,NM,RW-2984,road,M,carbon,1,3999,true,2026-02-19
WEB-103459,2026-02-11,C003175,ID,RW-2984,road,M,carbon,1,3999,true,2026-02-17
WEB-103467,2026-02-11,C003182,NC,RW-7298,road,L,base,1,1899,true,2026-02-20
WEB-103469,2026-02-11,C003184,GA,RW-7298,road,L,base,1,1899,true,2026-02-15
WEB-103476,2026-02-11,C003191,FL,RW-1378,road,L,carbon,1,3999,true,2026-02-19
WEB-103481,2026-02-11,C003196,VT,RW-1378,road,L,carbon,1,3999,true,2026-02-21
WEB-103486,2026-02-11,C003201,NC,RW-1378,road,L,carbon,1,3999,true,2026-02-13
WEB-103512,2026-02-11,C003226,GA,RW-9304,mtb,S,carbon,1,4899,true,2026-02-18
WEB-103515,2026-02-11,C003229,CO,RW-9324,mtb,M,base,1,2299,true,2026-02-13
WEB-103520,2026-02-11,C003234,IL,RW-9324,mtb,M,base,1,2299,true,2026-02-17
WEB-103528,2026-02-11,C003241,OR,RW-9324,mtb,M,base,1,2299,true,2026-02-20
WEB-103533,2026-02-11,C000075,MA,RW-9324,mtb,M,base,1,2299,true,2026-02-14
WEB-103542,2026-02-11,C003253,MA,RW-9324,mtb,M,base,1,2299,true,2026-02-16
WEB-103546,2026-02-11,C003256,NC,RW-9324,mtb,M,base,1,2299,true,2026-02-15
WEB-103552,2026-02-11,C003262,NM,RW-4418,mtb,M,carbon,1,4899,true,2026-02-15
WEB-103562,2026-02-11,C002614,PA,RW-4418,mtb,M,carbon,1,4899,true,2026-02-20
WEB-103568,2026-02-11,C003274,CA,RW-9901,mtb,L,base,1,2299,true,2026-02-18
WEB-103576,2026-02-11,C003282,NM,RW-9901,mtb,L,base,1,2299,true,2026-02-18
WEB-103578,2026-02-11,C003284,CA,RW-9901,mtb,L,base,1,2299,true,2026-02-21
WEB-103588,2026-02-11,C003293,PA,RW-6416,mtb,L,carbon,1,4899,true,2026-02-21
WEB-103596,2026-02-11,C003300,GA,RW-6416,mtb,L,carbon,1,4899,true,2026-02-14
WEB-103410,2026-02-12,C003129,UT,RW-3980,road,S,carbon,1,3999,true,2026-02-16
WEB-103430,2026-02-12,C003147,NM,RW-9835,road,M,base,1,1899,true,2026-02-20
WEB-103438,2026-02-12,C003154,GA,RW-9835,road,M,base,1,1899,true,2026-02-18
WEB-103439,2026-02-12,C003155,OR,RW-9835,road,M,base,1,1899,true,2026-02-21
WEB-103440,2026-02-12,C003156,OR,RW-9835,road,M,base,1,1899,true,2026-02-15
WEB-103454,2026-02-12,C003170,FL,RW-2984,road,M,carbon,1,3999,true,2026-02-17
WEB-103461,2026-02-12,C003176,IL,RW-2984,road,M,carbon,1,3999,true,2026-02-21
WEB-103463,2026-02-12,C003178,NM,RW-7298,road,L,base,1,1899,true,2026-02-18
WEB-103471,2026-02-12,C003186,GA,RW-7298,road,L,base,1,1899,true,2026-02-15
WEB-103474,2026-02-12,C003189,OR,RW-1378,road,L,carbon,1,3999,true,2026-02-20
WEB-103477,2026-02-12,C003192,AZ,RW-1378,road,L,carbon,1,3999,true,2026-02-16
WEB-103490,2026-02-12,C003205,TX,RW-9304,mtb,S,carbon,1,4899,true,2026-02-17
WEB-103492,2026-02-12,C003207,MN,RW-9304,mtb,S,carbon,1,4899,true,2026-02-19
WEB-103526,2026-02-12,C003239,ID,RW-9324,mtb,M,base,1,2299,true,2026-02-18
WEB-103530,2026-02-12,C003242,VT,RW-9324,mtb,M,base,1,2299,true,2026-02-20
WEB-103532,2026-02-12,C003244,ID,RW-9324,mtb,M,base,1,2299,true,2026-02-15
WEB-103534,2026-02-12,C003245,NC,RW-9324,mtb,M,base,1,2299,true,2026-02-21
WEB-103545,2026-02-12,C000267,ID,RW-9324,mtb,M,base,1,2299,true,2026-02-15
WEB-103547,2026-02-12,C003257,FL,RW-9324,mtb,M,base,1,2299,true,2026-02-19
WEB-103555,2026-02-12,C003265,WA,RW-4418,mtb,M,carbon,1,4899,true,2026-02-19
WEB-103557,2026-02-12,C003267,OR,RW-4418,mtb,M,carbon,1,4899,true,2026-02-20
WEB-103571,2026-02-12,C003277,MA,RW-9901,mtb,L,base,1,2299,true,2026-02-14
WEB-103575,2026-02-12,C003281,VT,RW-9901,mtb,L,base,1,2299,true,2026-02-14
WEB-103577,2026-02-12,C003283,CA,RW-9901,mtb,L,base,1,2299,true,2026-02-14
WEB-103589,2026-02-12,C003294,IL,RW-6416,mtb,L,carbon,1,4899,true,2026-02-18
WEB-103594,2026-02-12,C003298,VT,RW-6416,mtb,L,carbon,1,4899,true,2026-02-21
WEB-103405,2026-02-13,C000155,ID,RW-3980,road,S,carbon,1,3999,true,2026-02-20
WEB-103416,2026-02-13,C002688,TX,RW-3980,road,S,carbon,1,3999,true,2026-02-23
WEB-103433,2026-02-13,C003150,AZ,RW-9835,road,M,base,1,1899,true,2026-02-18
WEB-103434,2026-02-13,C003151,MA,RW-9835,road,M,base,1,1899,true,2026-02-20
WEB-103447,2026-02-13,C003163,MI,RW-2984,road,M,carbon,1,3999,true,2026-02-21
WEB-103456,2026-02-13,C003172,MN,RW-2984,road,M,carbon,1,3999,true,2026-02-22
WEB-103464,2026-02-13,C003179,CA,RW-7298,road,L,base,1,1899,true,2026-02-21
WEB-103465,2026-02-13,C003180,CA,RW-7298,road,L,base,1,1899,true,2026-02-16
WEB-103472,2026-02-13,C003187,GA,RW-7298,road,L,base,1,1899,true,2026-02-20
WEB-103478,2026-02-13,C003193,NY,RW-1378,road,L,carbon,1,3999,true,2026-02-17
WEB-103480,2026-02-13,C003195,NY,RW-1378,road,L,carbon,1,3999,true,2026-02-15
WEB-103487,2026-02-13,C003202,IL,RW-9304,mtb,S,carbon,1,4899,true,2026-02-16
WEB-103489,2026-02-13,C003204,IL,RW-9304,mtb,S,carbon,1,4899,true,2026-02-21
WEB-103495,2026-02-13,C003210,FL,RW-9304,mtb,S,carbon,1,4899,true,2026-02-16
WEB-103498,2026-02-13,C003213,FL,RW-9304,mtb,S,carbon,1,4899,true,2026-02-21
WEB-103499,2026-02-13,C003214,MT,RW-9304,mtb,S,carbon,1,4899,true,2026-02-23
WEB-103503,2026-02-13,C003218,MN,RW-9304,mtb,S,carbon,1,4899,true,2026-02-18
WEB-103504,2026-02-13,C003219,AZ,RW-9304,mtb,S,carbon,1,4899,true,2026-02-15
WEB-103516,2026-02-13,C003230,MN,RW-9324,mtb,M,base,1,2299,true,2026-02-15
WEB-103529,2026-02-13,C001248,PA,RW-9324,mtb,M,base,1,2299,true,2026-02-18
WEB-103538,2026-02-13,C003249,IL,RW-9324,mtb,M,base,1,2299,true,2026-02-23
WEB-103548,2026-02-13,C003258,CO,RW-4418,mtb,M,carbon,1,4899,true,2026-02-22
WEB-103549,2026-02-13,C003259,MA,RW-4418,mtb,M,carbon,1,4899,true,2026-02-17
WEB-103554,2026-02-13,C003264,ID,RW-4418,mtb,M,carbon,1,4899,true,2026-02-20
WEB-103560,2026-02-13,C001241,CO,RW-4418,mtb,M,carbon,1,4899,true,2026-02-18
WEB-103564,2026-02-13,C003271,CO,RW-9901,mtb,L,base,1,2299,true,2026-02-18
WEB-103569,2026-02-13,C003275,TX,RW-9901,mtb,L,base,1,2299,true,2026-02-15
WEB-103572,2026-02-13,C003278,MA,RW-9901,mtb,L,base,1,2299,true,2026-02-17
WEB-103573,2026-02-13,C003279,NY,RW-9901,mtb,L,base,1,2299,true,2026-02-16
WEB-103580,2026-02-13,C003286,MA,RW-9901,mtb,L,base,1,2299,true,2026-02-17
WEB-103582,2026-02-13,C003288,FL,RW-6416,mtb,L,carbon,1,4899,true,2026-02-15
WEB-103587,2026-02-13,C003292,CA,RW-6416,mtb,L,carbon,1,4899,true,2026-02-15
WEB-103591,2026-02-13,C003296,FL,RW-6416,mtb,L,carbon,1,4899,true,2026-02-18
WEB-103406,2026-02-14,C003125,NY,RW-3980,road,S,carbon,1,3999,true,2026-02-22
WEB-103415,2026-02-14,C003134,GA,RW-3980,road,S,carbon,1,3999,true,2026-02-24
WEB-103417,2026-02-14,C003135,ID,RW-3980,road,S,carbon,1,3999,true,2026-02-17
WEB-103419,2026-02-14,C002236,CO,RW-3980,road,S,carbon,1,3999,true,2026-02-16
WEB-103420,2026-02-14,C003137,CA,RW-3980,road,S,carbon,1,3999,true,2026-02-22
WEB-103423,2026-02-14,C003140,WA,RW-9835,road,M,base,1,1899,true,2026-02-21
WEB-103426,2026-02-14,C003143,CA,RW-9835,road,M,base,1,1899,true,2026-02-16
WEB-103431,2026-02-14,C003148,MN,RW-9835,road,M,base,1,1899,true,2026-02-23
WEB-103444,2026-02-14,C003160,NM,RW-9835,road,M,base,1,1899,true,2026-02-17
WEB-103445,2026-02-14,C003161,TX,RW-9835,road,M,base,1,1899,true,2026-02-22
WEB-103452,2026-02-14,C003168,FL,RW-2984,road,M,carbon,1,3999,true,2026-02-16
WEB-103458,2026-02-14,C003174,TX,RW-2984,road,M,carbon,1,3999,true,2026-02-19
WEB-103475,2026-02-14,C003190,PA,RW-1378,road,L,carbon,1,3999,true,2026-02-23
WEB-103484,2026-02-14,C003199,FL,RW-1378,road,L,carbon,1,3999,true,2026-02-17
WEB-103485,2026-02-14,C003200,PA,RW-1378,road,L,carbon,1,3999,true,2026-02-24
WEB-103491,2026-02-14,C003206,NC,RW-9304,mtb,S,carbon,1,4899,true,2026-02-18
WEB-103493,2026-02-14,C003208,VT,RW-9304,mtb,S,carbon,1,4899,true,2026-02-18
WEB-103502,2026-02-14,C003217,MT,RW-9304,mtb,S,carbon,1,4899,true,2026-02-23
WEB-103506,2026-02-14,C003220,OR,RW-9304,mtb,S,carbon,1,4899,true,2026-02-23
WEB-103511,2026-02-14,C003225,PA,RW-9304,mtb,S,carbon,1,4899,true,2026-02-17
WEB-103518,2026-02-14,C003232,ID,RW-9324,mtb,M,base,1,2299,true,2026-02-18
WEB-103524,2026-02-14,C001626,NC,RW-9324,mtb,M,base,1,2299,true,2026-02-21
WEB-103536,2026-02-14,C003247,VT,RW-9324,mtb,M,base,1,2299,true,2026-02-20
WEB-103541,2026-02-14,C003252,IL,RW-9324,mtb,M,base,1,2299,true,2026-02-21
WEB-103543,2026-02-14,C003254,VT,RW-9324,mtb,M,base,1,2299,true,2026-02-18
WEB-103551,2026-02-14,C003261,TX,RW-4418,mtb,M,carbon,1,4899,true,2026-02-20
WEB-103558,2026-02-14,C003268,NC,RW-4418,mtb,M,carbon,1,4899,true,2026-02-20
WEB-103559,2026-02-14,C003269,FL,RW-4418,mtb,M,carbon,1,4899,true,2026-02-21
WEB-103567,2026-02-14,C003273,UT,RW-9901,mtb,L,base,1,2299,true,2026-02-21
WEB-103574,2026-02-14,C003280,VT,RW-9901,mtb,L,base,1,2299,true,2026-02-16
WEB-103579,2026-02-14,C003285,TX,RW-9901,mtb,L,base,1,2299,true,2026-02-16
WEB-103424,2026-02-15,C003141,PA,RW-9835,road,M,base,1,1899,true,2026-02-25
WEB-103432,2026-02-15,C003149,NM,RW-9835,road,M,base,1,1899,true,2026-02-19
WEB-103446,2026-02-15,C003162,UT,RW-9835,road,M,base,1,1899,true,2026-02-22
WEB-103448,2026-02-15,C003164,FL,RW-2984,road,M,carbon,1,3999,true,2026-02-20
WEB-103449,2026-02-15,C003165,ID,RW-2984,road,M,carbon,1,3999,true,2026-02-22
WEB-103466,2026-02-15,C003181,CO,RW-7298,road,L,base,1,1899,true,2026-02-24
WEB-103473,2026-02-15,C003188,IL,RW-1378,road,L,carbon,1,3999,true,2026-02-20
WEB-103494,2026-02-15,C003209,GA,RW-9304,mtb,S,carbon,1,4899,true,2026-02-19
WEB-103500,2026-02-15,C003215,MT,RW-9304,mtb,S,carbon,1,4899,true,2026-02-21
WEB-103501,2026-02-15,C003216,CA,RW-9304,mtb,S,carbon,1,4899,true,2026-02-20
WEB-103510,2026-02-15,C003224,GA,RW-9304,mtb,S,carbon,1,4899,true,2026-02-22
WEB-103513,2026-02-15,C003227,MI,RW-9304,mtb,S,carbon,1,4899,true,2026-02-22
WEB-103522,2026-02-15,C003236,CA,RW-9324,mtb,M,base,1,2299,true,2026-02-21
WEB-103527,2026-02-15,C003240,WA,RW-9324,mtb,M,base,1,2299,true,2026-02-22
WEB-103544,2026-02-15,C003255,AZ,RW-9324,mtb,M,base,1,2299,true,2026-02-17
WEB-103550,2026-02-15,C003260,IL,RW-4418,mtb,M,carbon,1,4899,true,2026-02-22
WEB-103561,2026-02-15,C003270,IL,RW-4418,mtb,M,carbon,1,4899,true,2026-02-25
WEB-103565,2026-02-15,C003272,OR,RW-9901,mtb,L,base,1,2299,true,2026-02-20
WEB-103566,2026-02-15,C002464,GA,RW-9901,mtb,L,base,1,2299,true,2026-02-22
WEB-103570,2026-02-15,C003276,NY,RW-9901,mtb,L,base,1,2299,true,2026-02-19
WEB-103585,2026-02-15,C002490,TX,RW-6416,mtb,L,carbon,1,4899,true,2026-02-22
WEB-103586,2026-02-15,C003291,VT,RW-6416,mtb,L,carbon,1,4899,true,2026-02-22
WEB-103593,2026-02-15,C003297,OR,RW-6416,mtb,L,carbon,1,4899,true,2026-02-21
WEB-103595,2026-02-15,C003299,FL,RW-6416,mtb,L,carbon,1,4899,true,2026-02-19
WEB-103614,2026-02-16,C003315,GA,RW-3980,road,S,carbon,1,3999,true,2026-02-22
WEB-103627,2026-02-16,C003327,MN,RW-9835,road,M,base,1,1899,true,2026-02-20
WEB-103652,2026-02-16,C003350,AZ,RW-7298,road,L,base,1,1899,true,2026-02-22
WEB-103655,2026-02-16,C003353,VT,RW-7298,road,L,base,1,1899,true,2026-02-19
WEB-103669,2026-02-16,C002352,NM,RW-1378,road,L,carbon,1,3999,true,2026-02-19
WEB-103683,2026-02-16,C003379,VT,RW-9304,mtb,S,carbon,1,4899,true,2026-02-22
WEB-103684,2026-02-16,C003380,WA,RW-9304,mtb,S,carbon,1,4899,true,2026-02-26
WEB-103696,2026-02-16,C003391,IL,RW-9304,mtb,S,carbon,1,4899,true,2026-02-24
WEB-103698,2026-02-16,C003392,AZ,RW-9324,mtb,M,base,1,2299,true,2026-02-24
WEB-103701,2026-02-16,C003395,WA,RW-9324,mtb,M,base,1,2299,true,2026-02-22
WEB-103713,2026-02-16,C003405,NC,RW-9324,mtb,M,base,1,2299,true,2026-02-20
WEB-103724,2026-02-16,C003413,NC,RW-9324,mtb,M,base,1,2299,true,2026-02-23
WEB-103733,2026-02-16,C003421,OR,RW-4418,mtb,M,carbon,1,4899,true,2026-02-26
WEB-103736,2026-02-16,C003424,VT,RW-4418,mtb,M,carbon,1,4899,true,2026-02-24
WEB-103743,2026-02-16,C003429,ID,RW-4418,mtb,M,carbon,1,4899,true,2026-02-26
WEB-103746,2026-02-16,C003432,FL,RW-4418,mtb,M,carbon,1,4899,true,2026-02-18
WEB-103756,2026-02-16,C003442,OR,RW-9901,mtb,L,base,1,2299,true,2026-02-19
WEB-103757,2026-02-16,C003443,TX,RW-9901,mtb,L,base,1,2299,true,2026-02-18
WEB-103759,2026-02-16,C003445,FL,RW-9901,mtb,L,base,1,2299,true,2026-02-18
WEB-103763,2026-02-16,C003449,CA,RW-9901,mtb,L,base,1,2299,true,2026-02-25
WEB-103600,2026-02-17,C003304,PA,RW-3980,road,S,carbon,1,3999,true,2026-02-19
WEB-103602,2026-02-17,C001649,CA,RW-3980,road,S,carbon,1,3999,true,2026-02-26
WEB-103605,2026-02-17,C003308,CO,RW-3980,road,S,carbon,1,3999,true,2026-02-22
WEB-103608,2026-02-17,C003311,FL,RW-3980,road,S,carbon,1,3999,true,2026-02-19
WEB-103617,2026-02-17,C003318,NY,RW-9835,road,M,base,1,1899,true,2026-02-19
WEB-103629,2026-02-17,C003329,PA,RW-9835,road,M,base,1,1899,true,2026-02-21
WEB-103631,2026-02-17,C003331,CO,RW-9835,road,M,base,1,1899,true,2026-02-25
WEB-103633,2026-02-17,C003333,VT,RW-9835,road,M,base,1,1899,true,2026-02-21
WEB-103658,2026-02-17,C000233,TX,RW-7298,road,L,base,1,1899,true,2026-02-21
WEB-103671,2026-02-17,C003367,ID,RW-1378,road,L,carbon,1,3999,true,2026-02-23
WEB-103674,2026-02-17,C003370,TX,RW-1378,road,L,carbon,1,3999,true,2026-02-24
WEB-103676,2026-02-17,C003372,AZ,RW-1378,road,L,carbon,1,3999,true,2026-02-21
WEB-103686,2026-02-17,C003382,MT,RW-9304,mtb,S,carbon,1,4899,true,2026-02-23
WEB-103687,2026-02-17,C003383,UT,RW-9304,mtb,S,carbon,1,4899,true,2026-02-21
WEB-103690,2026-02-17,C003386,NM,RW-9304,mtb,S,carbon,1,4899,true,2026-02-19
WEB-103703,2026-02-17,C003397,FL,RW-9324,mtb,M,base,1,2299,true,2026-02-22
WEB-103712,2026-02-17,C003404,NC,RW-9324,mtb,M,base,1,2299,true,2026-02-19
WEB-103718,2026-02-17,C003408,NM,RW-9324,mtb,M,base,1,2299,true,2026-02-22
WEB-103720,2026-02-17,C003410,CO,RW-9324,mtb,M,base,1,2299,true,2026-02-20
WEB-103723,2026-02-17,C003412,FL,RW-9324,mtb,M,base,1,2299,true,2026-02-20
WEB-103744,2026-02-17,C003430,NY,RW-4418,mtb,M,carbon,1,4899,true,2026-02-22
WEB-103749,2026-02-17,C003435,UT,RW-9901,mtb,L,base,1,2299,true,2026-02-21
WEB-103762,2026-02-17,C003448,UT,RW-9901,mtb,L,base,1,2299,true,2026-02-22
WEB-103764,2026-02-17,C003450,MT,RW-9901,mtb,L,base,1,2299,true,2026-02-23
WEB-103611,2026-02-18,C002880,WA,RW-3980,road,S,carbon,1,3999,true,2026-02-25
WEB-103618,2026-02-18,C003319,IL,RW-9835,road,M,base,1,1899,true,2026-02-26
WEB-103620,2026-02-18,C003321,IL,RW-9835,road,M,base,1,1899,true,2026-02-25
WEB-103622,2026-02-18,C003323,CO,RW-9835,road,M,base,1,1899,true,2026-02-21
WEB-103626,2026-02-18,C001675,IL,RW-9835,road,M,base,1,1899,true,2026-02-28
WEB-103637,2026-02-18,C003337,MA,RW-2984,road,M,carbon,1,3999,true,2026-02-26
WEB-103639,2026-02-18,C002387,MN,RW-2984,road,M,carbon,1,3999,true,2026-02-25
WEB-103644,2026-02-18,C003343,VT,RW-2984,road,M,carbon,1,3999,true,2026-02-27
WEB-103645,2026-02-18,C003344,MA,RW-2984,road,M,carbon,1,3999,true,2026-02-26
WEB-103653,2026-02-18,C003351,TX,RW-7298,road,L,base,1,1899,true,2026-02-27
WEB-103656,2026-02-18,C003354,IL,RW-7298,road,L,base,1,1899,true,2026-02-28
WEB-103659,2026-02-18,C003356,UT,RW-7298,road,L,base,1,1899,true,2026-02-26
WEB-103667,2026-02-18,C003364,NY,RW-1378,road,L,carbon,1,3999,true,2026-02-21
WEB-103668,2026-02-18,C003365,MN,RW-1378,road,L,carbon,1,3999,true,2026-02-27
WEB-103670,2026-02-18,C003366,OR,RW-1378,road,L,carbon,1,3999,true,2026-02-25
WEB-103677,2026-02-18,C003373,MA,RW-1378,road,L,carbon,1,3999,true,2026-02-21
WEB-103688,2026-02-18,C003384,WA,RW-9304,mtb,S,carbon,1,4899,true,2026-02-22
WEB-103700,2026-02-18,C003394,AZ,RW-9324,mtb,M,base,1,2299,true,2026-02-21
WEB-103702,2026-02-18,C003396,CA,RW-9324,mtb,M,base,1,2299,true,2026-02-21
WEB-103706,2026-02-18,C003399,ID,RW-9324,mtb,M,base,1,2299,true,2026-02-28
WEB-103742,2026-02-18,C003428,MA,RW-4418,mtb,M,carbon,1,4899,true,2026-02-26
WEB-103750,2026-02-18,C003436,GA,RW-9901,mtb,L,base,1,2299,true,2026-02-22
WEB-103754,2026-02-18,C003440,TX,RW-9901,mtb,L,base,1,2299,true,2026-02-21
WEB-103758,2026-02-18,C003444,MI,RW-9901,mtb,L,base,1,2299,true,2026-02-28
WEB-103767,2026-02-18,C003453,ID,RW-6416,mtb,L,carbon,1,4899,true,2026-02-21
WEB-103768,2026-02-18,C003454,FL,RW-6416,mtb,L,carbon,1,4899,true,2026-02-26
WEB-103597,2026-02-19,C003301,GA,RW-3980,road,S,carbon,1,3999,true,2026-02-22
WEB-103598,2026-02-19,C003302,MI,RW-3980,road,S,carbon,1,3999,true,2026-02-28
WEB-103601,2026-02-19,C003305,MT,RW-3980,road,S,carbon,1,3999,true,2026-03-01
WEB-103603,2026-02-19,C003306,CA,RW-3980,road,S,carbon,1,3999,true,2026-02-24
WEB-103615,2026-02-19,C003316,CO,RW-9835,road,M,base,1,1899,true,2026-02-22
WEB-103630,2026-02-19,C003330,TX,RW-9835,road,M,base,1,1899,true,2026-03-01
WEB-103642,2026-02-19,C003341,FL,RW-2984,road,M,carbon,1,3999,true,2026-03-01
WEB-103649,2026-02-19,C003347,MT,RW-2984,road,M,carbon,1,3999,true,2026-02-23
WEB-103657,2026-02-19,C003355,CA,RW-7298,road,L,base,1,1899,true,2026-02-28
WEB-103665,2026-02-19,C003362,MI,RW-7298,road,L,base,1,1899,true,2026-02-28
WEB-103666,2026-02-19,C003363,CA,RW-1378,road,L,carbon,1,3999,true,2026-02-25
WEB-103672,2026-02-19,C003368,IL,RW-1378,road,L,carbon,1,3999,true,2026-03-01
WEB-103673,2026-02-19,C003369,MA,RW-1378,road,L,carbon,1,3999,true,2026-02-21
WEB-103695,2026-02-19,C003390,VT,RW-9304,mtb,S,carbon,1,4899,true,2026-02-21
WEB-103707,2026-02-19,C000480,NC,RW-9324,mtb,M,base,1,2299,true,2026-02-26
WEB-103708,2026-02-19,C003400,NM,RW-9324,mtb,M,base,1,2299,true,2026-03-01
WEB-103709,2026-02-19,C003401,NM,RW-9324,mtb,M,base,1,2299,true,2026-02-22
WEB-103711,2026-02-19,C003403,NM,RW-9324,mtb,M,base,1,2299,true,2026-02-23
WEB-103721,2026-02-19,C003411,MI,RW-9324,mtb,M,base,1,2299,true,2026-02-26
WEB-103732,2026-02-19,C003420,MA,RW-4418,mtb,M,carbon,1,4899,true,2026-02-22
WEB-103734,2026-02-19,C003422,MA,RW-4418,mtb,M,carbon,1,4899,true,2026-02-27
WEB-103735,2026-02-19,C003423,NC,RW-4418,mtb,M,carbon,1,4899,true,2026-02-21
WEB-103739,2026-02-19,C002781,TX,RW-4418,mtb,M,carbon,1,4899,true,2026-02-26
WEB-103745,2026-02-19,C003431,CA,RW-4418,mtb,M,carbon,1,4899,true,2026-02-23
WEB-103748,2026-02-19,C003434,CO,RW-9901,mtb,L,base,1,2299,true,2026-03-01
WEB-103769,2026-02-19,C003455,MI,RW-6416,mtb,L,carbon,1,4899,true,2026-02-23
WEB-103619,2026-02-20,C003320,ID,RW-9835,road,M,base,1,1899,true,2026-02-24
WEB-103625,2026-02-20,C003326,MN,RW-9835,road,M,base,1,1899,true,2026-02-27
WEB-103646,2026-02-20,C003345,NM,RW-2984,road,M,carbon,1,3999,true,2026-03-02
WEB-103650,2026-02-20,C003348,GA,RW-7298,road,L,base,1,1899,true,2026-02-28
WEB-103654,2026-02-20,C003352,GA,RW-7298,road,L,base,1,1899,true,2026-02-28
WEB-103662,2026-02-20,C003359,CA,RW-7298,road,L,base,1,1899,true,2026-02-24
WEB-103679,2026-02-20,C003375,OR,RW-9304,mtb,S,carbon,1,4899,true,2026-02-27
WEB-103682,2026-02-20,C003378,CO,RW-9304,mtb,S,carbon,1,4899,true,2026-02-27
WEB-103694,2026-02-20,C000862,ID,RW-9304,mtb,S,carbon,1,4899,true,2026-02-23
WEB-103714,2026-02-20,C003406,CA,RW-9324,mtb,M,base,1,2299,true,2026-02-24
WEB-103719,2026-02-20,C003409,OR,RW-9324,mtb,M,base,1,2299,true,2026-02-25
WEB-103725,2026-02-20,C003414,IL,RW-4418,mtb,M,carbon,1,4899,true,2026-02-26
WEB-103737,2026-02-20,C003425,UT,RW-4418,mtb,M,carbon,1,4899,true,2026-03-01
WEB-103741,2026-02-20,C003427,FL,RW-4418,mtb,M,carbon,1,4899,true,2026-02-22
WEB-103752,2026-02-20,C003438,ID,RW-9901,mtb,L,base,1,2299,true,2026-02-23
WEB-103770,2026-02-20,C003456,UT,RW-6416,mtb,L,carbon,1,4899,true,2026-02-28
WEB-103771,2026-02-20,C003457,ID,RW-6416,mtb,L,carbon,1,4899,true,2026-02-26
WEB-103606,2026-02-21,C003309,IL,RW-3980,road,S,carbon,1,3999,true,2026-02-23
WEB-103609,2026-02-21,C001309,TX,RW-3980,road,S,carbon,1,3999,true,2026-02-28
WEB-103621,2026-02-21,C003322,AZ,RW-9835,road,M,base,1,1899,true,2026-02-24
WEB-103623,2026-02-21,C003324,FL,RW-9835,road,M,base,1,1899,true,2026-03-03
WEB-103624,2026-02-21,C003325,MA,RW-9835,road,M,base,1,1899,true,2026-02-24
WEB-103628,2026-02-21,C003328,OR,RW-9835,road,M,base,1,1899,true,2026-02-26
WEB-103640,2026-02-21,C003339,ID,RW-2984,road,M,carbon,1,3999,true,2026-03-03
WEB-103648,2026-02-21,C000631,OR,RW-2984,road,M,carbon,1,3999,true,2026-03-01
WEB-103651,2026-02-21,C003349,ID,RW-7298,road,L,base,1,1899,true,2026-02-26
WEB-103660,2026-02-21,C003357,AZ,RW-7298,road,L,base,1,1899,true,2026-02-25
WEB-103663,2026-02-21,C003360,AZ,RW-7298,road,L,base,1,1899,true,2026-02-27
WEB-103675,2026-02-21,C003371,VT,RW-1378,road,L,carbon,1,3999,true,2026-03-01
WEB-103678,2026-02-21,C003374,IL,RW-1378,road,L,carbon,1,3999,true,2026-03-02
WEB-103680,2026-02-21,C003376,PA,RW-9304,mtb,S,carbon,1,4899,true,2026-02-23
WEB-103681,2026-02-21,C003377,MI,RW-9304,mtb,S,carbon,1,4899,true,2026-02-25
WEB-103691,2026-02-21,C003387,AZ,RW-9304,mtb,S,carbon,1,4899,true,2026-03-01
WEB-103692,2026-02-21,C003388,AZ,RW-9304,mtb,S,carbon,1,4899,true,2026-02-23
WEB-103697,2026-02-21,C001987,TX,RW-9324,mtb,M,base,1,2299,true,2026-03-03
WEB-103716,2026-02-21,C002707,NM,RW-9324,mtb,M,base,1,2299,true,2026-03-03
WEB-103722,2026-02-21,C001367,AZ,RW-9324,mtb,M,base,1,2299,true,2026-02-25
WEB-103727,2026-02-21,C003415,MN,RW-4418,mtb,M,carbon,1,4899,true,2026-02-23
WEB-103731,2026-02-21,C003419,AZ,RW-4418,mtb,M,carbon,1,4899,true,2026-02-23
WEB-103738,2026-02-21,C003426,CA,RW-4418,mtb,M,carbon,1,4899,true,2026-03-02
WEB-103747,2026-02-21,C003433,NM,RW-4418,mtb,M,carbon,1,4899,true,2026-02-24
WEB-103751,2026-02-21,C003437,VT,RW-9901,mtb,L,base,1,2299,true,2026-03-03
WEB-103753,2026-02-21,C003439,MA,RW-9901,mtb,L,base,1,2299,true,2026-02-27
WEB-103765,2026-02-21,C003451,FL,RW-9901,mtb,L,base,1,2299,true,2026-03-02
WEB-103599,2026-02-22,C003303,CO,RW-3980,road,S,carbon,1,3999,true,2026-02-26
WEB-103604,2026-02-22,C003307,CO,RW-3980,road,S,carbon,1,3999,true,2026-03-04
WEB-103607,2026-02-22,C003310,FL,RW-3980,road,S,carbon,1,3999,true,2026-03-03
WEB-103610,2026-02-22,C003312,MA,RW-3980,road,S,carbon,1,3999,true,2026-03-03
WEB-103612,2026-02-22,C003313,MT,RW-3980,road,S,carbon,1,3999,true,2026-03-02
WEB-103613,2026-02-22,C003314,TX,RW-3980,road,S,carbon,1,3999,true,2026-02-26
WEB-103616,2026-02-22,C003317,TX,RW-9835,road,M,base,1,1899,true,2026-02-28
WEB-103632,2026-02-22,C003332,ID,RW-9835,road,M,base,1,1899,true,2026-03-02
WEB-103634,2026-02-22,C003334,AZ,RW-9835,road,M,base,1,1899,true,2026-03-02
WEB-103635,2026-02-22,C003335,ID,RW-2984,road,M,carbon,1,3999,true,2026-03-01
WEB-103636,2026-02-22,C003336,NM,RW-2984,road,M,carbon,1,3999,true,2026-02-28
WEB-103638,2026-02-22,C003338,GA,RW-2984,road,M,carbon,1,3999,true,2026-02-26
WEB-103641,2026-02-22,C003340,GA,RW-2984,road,M,carbon,1,3999,true,2026-02-25
WEB-103643,2026-02-22,C003342,MT,RW-2984,road,M,carbon,1,3999,true,2026-02-28
WEB-103647,2026-02-22,C003346,NC,RW-2984,road,M,carbon,1,3999,true,2026-02-24
WEB-103661,2026-02-22,C003358,IL,RW-7298,road,L,base,1,1899,true,2026-02-25
WEB-103664,2026-02-22,C003361,FL,RW-7298,road,L,base,1,1899,true,2026-02-26
WEB-103685,2026-02-22,C003381,NM,RW-9304,mtb,S,carbon,1,4899,true,2026-03-01
WEB-103689,2026-02-22,C003385,UT,RW-9304,mtb,S,carbon,1,4899,true,2026-03-01
WEB-103693,2026-02-22,C003389,PA,RW-9304,mtb,S,carbon,1,4899,true,2026-03-03
WEB-103699,2026-02-22,C003393,TX,RW-9324,mtb,M,base,1,2299,true,2026-03-04
WEB-103704,2026-02-22,C000215,OR,RW-9324,mtb,M,base,1,2299,true,2026-02-28
WEB-103705,2026-02-22,C003398,WA,RW-9324,mtb,M,base,1,2299,true,2026-03-01
WEB-103710,2026-02-22,C003402,MI,RW-9324,mtb,M,base,1,2299,true,2026-02-26
WEB-103715,2026-02-22,C003165,VT,RW-9324,mtb,M,base,1,2299,true,2026-02-24
WEB-103717,2026-02-22,C003407,NC,RW-9324,mtb,M,base,1,2299,true,2026-03-02
WEB-103726,2026-02-22,C001429,WA,RW-4418,mtb,M,carbon,1,4899,true,2026-02-26
WEB-103728,2026-02-22,C003416,WA,RW-4418,mtb,M,carbon,1,4899,true,2026-03-04
WEB-103729,2026-02-22,C003417,WA,RW-4418,mtb,M,carbon,1,4899,true,2026-02-28
WEB-103730,2026-02-22,C003418,FL,RW-4418,mtb,M,carbon,1,4899,true,2026-02-27
WEB-103740,2026-02-22,C000519,NY,RW-4418,mtb,M,carbon,1,4899,true,2026-02-24
WEB-103755,2026-02-22,C003441,IL,RW-9901,mtb,L,base,1,2299,true,2026-02-28
WEB-103760,2026-02-22,C003446,MT,RW-9901,mtb,L,base,1,2299,true,2026-02-26
WEB-103761,2026-02-22,C003447,MT,RW-9901,mtb,L,base,1,2299,true,2026-02-24
WEB-103766,2026-02-22,C003452,OR,RW-6416,mtb,L,carbon,1,4899,true,2026-02-26
WEB-103792,2026-02-23,C003477,OR,RW-9835,road,M,base,1,1899,true,2026-03-05
WEB-103810,2026-02-23,C003493,MA,RW-9835,road,M,base,1,1899,true,2026-02-26
WEB-103832,2026-02-23,C003511,ID,RW-7298,road,L,base,1,1899,true,2026-02-28
WEB-103837,2026-02-23,C003516,GA,RW-7298,road,L,base,1,1899,true,2026-02-27
WEB-103842,2026-02-23,C003520,MT,RW-7298,road,L,base,1,1899,true,2026-02-28
WEB-103846,2026-02-23,C003524,IL,RW-1378,road,L,carbon,1,3999,true,2026-03-04
WEB-103847,2026-02-23,C003525,MT,RW-1378,road,L,carbon,1,3999,true,2026-02-28
WEB-103854,2026-02-23,C003532,ID,RW-1378,road,L,carbon,1,3999,true,2026-02-26
WEB-103858,2026-02-23,C003536,CA,RW-1378,road,L,carbon,1,3999,true,2026-02-27
WEB-103865,2026-02-23,C003543,VT,RW-9304,mtb,S,carbon,1,4899,true,2026-03-02
WEB-103876,2026-02-23,C003145,OR,RW-9304,mtb,S,carbon,1,4899,true,2026-03-03
WEB-103883,2026-02-23,C003560,PA,RW-9304,mtb,S,carbon,1,4899,true,2026-03-01
WEB-103896,2026-02-23,C003573,WA,RW-9324,mtb,M,base,1,2299,true,2026-03-05
WEB-103907,2026-02-23,C003584,PA,RW-9324,mtb,M,base,1,2299,true,2026-03-01
WEB-103909,2026-02-23,C003586,FL,RW-4418,mtb,M,carbon,1,4899,true,2026-03-01
WEB-103914,2026-02-23,C003591,MI,RW-4418,mtb,M,carbon,1,4899,true,2026-03-04
WEB-103917,2026-02-23,C003594,OR,RW-4418,mtb,M,carbon,1,4899,true,2026-03-04
WEB-103926,2026-02-23,C003603,MT,RW-4418,mtb,M,carbon,1,4899,true,2026-02-25
WEB-103933,2026-02-23,C003610,NC,RW-9901,mtb,L,base,1,2299,true,2026-03-02
WEB-103935,2026-02-23,C003612,TX,RW-9901,mtb,L,base,1,2299,true,2026-03-02
WEB-103936,2026-02-23,C003613,VT,RW-9901,mtb,L,base,1,2299,true,2026-03-01
WEB-103949,2026-02-23,C003624,ID,RW-6416,mtb,L,carbon,1,4899,true,2026-03-04
WEB-103773,2026-02-24,C003459,CA,RW-3980,road,S,carbon,1,3999,true,2026-02-27
WEB-103775,2026-02-24,C003461,FL,RW-3980,road,S,carbon,1,3999,true,2026-02-27
WEB-103777,2026-02-24,C003463,NY,RW-3980,road,S,carbon,1,3999,true,2026-03-04
WEB-103785,2026-02-24,C003471,VT,RW-3980,road,S,carbon,1,3999,true,2026-03-06
WEB-103786,2026-02-24,C001372,NC,RW-3980,road,S,carbon,1,3999,true,2026-03-06
WEB-103787,2026-02-24,C003472,MT,RW-3980,road,S,carbon,1,3999,true,2026-03-03
WEB-103788,2026-02-24,C003473,CO,RW-3980,road,S,carbon,1,3999,true,2026-02-26
WEB-103790,2026-02-24,C003475,CO,RW-9835,road,M,base,1,1899,true,2026-03-05
WEB-103800,2026-02-24,C003484,TX,RW-9835,road,M,base,1,1899,true,2026-02-26
WEB-103804,2026-02-24,C003487,NY,RW-9835,road,M,base,1,1899,true,2026-02-27
WEB-103809,2026-02-24,C003492,IL,RW-9835,road,M,base,1,1899,true,2026-03-03
WEB-103811,2026-02-24,C001777,NM,RW-9835,road,M,base,1,1899,true,2026-03-01
WEB-103816,2026-02-24,C003155,NC,RW-9835,road,M,base,1,1899,true,2026-03-01
WEB-103818,2026-02-24,C003498,MI,RW-9835,road,M,base,1,1899,true,2026-03-01
WEB-103820,2026-02-24,C003500,AZ,RW-9835,road,M,base,1,1899,true,2026-03-06
WEB-103833,2026-02-24,C003512,NM,RW-7298,road,L,base,1,1899,true,2026-03-01
WEB-103836,2026-02-24,C003515,OR,RW-7298,road,L,base,1,1899,true,2026-03-05
WEB-103845,2026-02-24,C003523,WA,RW-1378,road,L,carbon,1,3999,true,2026-03-03
WEB-103861,2026-02-24,C003539,NY,RW-9304,mtb,S,carbon,1,4899,true,2026-03-04
WEB-103862,2026-02-24,C003540,UT,RW-9304,mtb,S,carbon,1,4899,true,2026-02-28
WEB-103863,2026-02-24,C003541,UT,RW-9304,mtb,S,carbon,1,4899,true,2026-02-27
WEB-103866,2026-02-24,C003544,VT,RW-9304,mtb,S,carbon,1,4899,true,2026-02-28
WEB-103892,2026-02-24,C003569,VT,RW-9324,mtb,M,base,1,2299,true,2026-03-04
WEB-103893,2026-02-24,C003570,GA,RW-9324,mtb,M,base,1,2299,true,2026-03-05
WEB-103895,2026-02-24,C003572,VT,RW-9324,mtb,M,base,1,2299,true,2026-02-27
WEB-103908,2026-02-24,C003585,AZ,RW-9324,mtb,M,base,1,2299,true,2026-03-01
WEB-103911,2026-02-24,C003588,OR,RW-4418,mtb,M,carbon,1,4899,true,2026-03-01
WEB-103918,2026-02-24,C003595,MA,RW-4418,mtb,M,carbon,1,4899,true,2026-03-05
WEB-103922,2026-02-24,C003599,ID,RW-4418,mtb,M,carbon,1,4899,true,2026-03-03
WEB-103927,2026-02-24,C003604,FL,RW-4418,mtb,M,carbon,1,4899,true,2026-03-01
WEB-103928,2026-02-24,C003605,NY,RW-4418,mtb,M,carbon,1,4899,true,2026-03-06
WEB-103941,2026-02-24,C000071,IL,RW-6416,mtb,L,carbon,1,4899,true,2026-03-02
WEB-103950,2026-02-24,C003625,IL,RW-6416,mtb,L,carbon,1,4899,true,2026-03-01
WEB-103774,2026-02-25,C003460,VT,RW-3980,road,S,carbon,1,3999,true,2026-03-04
WEB-103776,2026-02-25,C003462,AZ,RW-3980,road,S,carbon,1,3999,true,2026-03-05
WEB-103781,2026-02-25,C003467,WA,RW-3980,road,S,carbon,1,3999,true,2026-03-07
WEB-103783,2026-02-25,C003469,PA,RW-3980,road,S,carbon,1,3999,true,2026-03-01
WEB-103796,2026-02-25,C003481,MA,RW-9835,road,M,base,1,1899,true,2026-03-06
WEB-103799,2026-02-25,C003483,CA,RW-9835,road,M,base,1,1899,true,2026-03-01
WEB-103808,2026-02-25,C003491,NM,RW-9835,road,M,base,1,1899,true,2026-02-27
WEB-103815,2026-02-25,C003497,MA,RW-9835,road,M,base,1,1899,true,2026-03-04
WEB-103821,2026-02-25,C003501,WA,RW-2984,road,M,carbon,1,3999,true,2026-03-01
WEB-103838,2026-02-25,C003517,VT,RW-7298,road,L,base,1,1899,true,2026-03-02
WEB-103840,2026-02-25,C003519,OR,RW-7298,road,L,base,1,1899,true,2026-03-03
WEB-103843,2026-02-25,C003521,NY,RW-7298,road,L,base,1,1899,true,2026-03-04
WEB-103849,2026-02-25,C003527,AZ,RW-1378,road,L,carbon,1,3999,true,2026-03-06
WEB-103860,2026-02-25,C003538,GA,RW-9304,mtb,S,carbon,1,4899,true,2026-03-06
WEB-103864,2026-02-25,C003542,AZ,RW-9304,mtb,S,carbon,1,4899,true,2026-03-02
WEB-103870,2026-02-25,C003548,AZ,RW-9304,mtb,S,carbon,1,4899,true,2026-02-27
WEB-103872,2026-02-25,C003550,CO,RW-9304,mtb,S,carbon,1,4899,true,2026-02-28
WEB-103878,2026-02-25,C003555,NC,RW-9304,mtb,S,carbon,1,4899,true,2026-03-05
WEB-103879,2026-02-25,C003556,MN,RW-9304,mtb,S,carbon,1,4899,true,2026-02-28
WEB-103884,2026-02-25,C003561,NY,RW-9304,mtb,S,carbon,1,4899,true,2026-03-02
WEB-103898,2026-02-25,C003575,OR,RW-9324,mtb,M,base,1,2299,true,2026-03-05
WEB-103902,2026-02-25,C003579,NM,RW-9324,mtb,M,base,1,2299,true,2026-03-06
WEB-103912,2026-02-25,C003589,AZ,RW-4418,mtb,M,carbon,1,4899,true,2026-03-05
WEB-103913,2026-02-25,C003590,IL,RW-4418,mtb,M,carbon,1,4899,true,2026-03-01
WEB-103920,2026-02-25,C003597,CA,RW-4418,mtb,M,carbon,1,4899,true,2026-03-03
WEB-103921,2026-02-25,C003598,UT,RW-4418,mtb,M,carbon,1,4899,true,2026-03-05
WEB-103924,2026-02-25,C003601,PA,RW-4418,mtb,M,carbon,1,4899,true,2026-02-28
WEB-103925,2026-02-25,C003602,PA,RW-4418,mtb,M,carbon,1,4899,true,2026-02-28
WEB-103931,2026-02-25,C003608,IL,RW-9901,mtb,L,base,1,2299,true,2026-03-02
WEB-103940,2026-02-25,C003617,PA,RW-6416,mtb,L,carbon,1,4899,true,2026-02-27
WEB-103943,2026-02-25,C003619,UT,RW-6416,mtb,L,carbon,1,4899,true,2026-03-06
WEB-103778,2026-02-26,C003464,MI,RW-3980,road,S,carbon,1,3999,true,2026-03-05
WEB-103782,2026-02-26,C003468,UT,RW-3980,road,S,carbon,1,3999,true,2026-02-28
WEB-103784,2026-02-26,C003470,ID,RW-3980,road,S,carbon,1,3999,true,2026-03-08
WEB-103801,2026-02-26,C003485,AZ,RW-9835,road,M,base,1,1899,true,2026-03-05
WEB-103802,2026-02-26,C003486,MN,RW-9835,road,M,base,1,1899,true,2026-02-28
WEB-103812,2026-02-26,C003494,UT,RW-9835,road,M,base,1,1899,true,2026-02-28
WEB-103822,2026-02-26,C003502,WA,RW-2984,road,M,carbon,1,3999,true,2026-03-06
WEB-103826,2026-02-26,C003505,TX,RW-2984,road,M,carbon,1,3999,true,2026-03-05
WEB-103828,2026-02-26,C003507,NY,RW-7298,road,L,base,1,1899,true,2026-03-06
WEB-103859,2026-02-26,C003537,NY,RW-9304,mtb,S,carbon,1,4899,true,2026-03-04
WEB-103867,2026-02-26,C003545,MT,RW-9304,mtb,S,carbon,1,4899,true,2026-02-28
WEB-103868,2026-02-26,C003546,OR,RW-9304,mtb,S,carbon,1,4899,true,2026-02-28
WEB-103871,2026-02-26,C003549,MI,RW-9304,mtb,S,carbon,1,4899,true,2026-03-03
WEB-103873,2026-02-26,C003551,UT,RW-9304,mtb,S,carbon,1,4899,true,2026-03-01
WEB-103874,2026-02-26,C003552,NM,RW-9304,mtb,S,carbon,1,4899,true,2026-03-05
WEB-103887,2026-02-26,C003564,NC,RW-9324,mtb,M,base,1,2299,true,2026-03-01
WEB-103889,2026-02-26,C003566,OR,RW-9324,mtb,M,base,1,2299,true,2026-03-04
WEB-103903,2026-02-26,C003580,NC,RW-9324,mtb,M,base,1,2299,true,2026-03-08
WEB-103930,2026-02-26,C003607,CO,RW-9901,mtb,L,base,1,2299,true,2026-03-04
WEB-103772,2026-02-27,C003458,UT,RW-3980,road,S,carbon,1,3999,true,2026-03-06
WEB-103779,2026-02-27,C003465,PA,RW-3980,road,S,carbon,1,3999,true,2026-03-02
WEB-103789,2026-02-27,C003474,NM,RW-9835,road,M,base,1,1899,true,2026-03-05
WEB-103791,2026-02-27,C003476,NC,RW-9835,road,M,base,1,1899,true,2026-03-02
WEB-103793,2026-02-27,C003478,CO,RW-9835,road,M,base,1,1899,true,2026-03-04
WEB-103797,2026-02-27,C003421,WA,RW-9835,road,M,base,1,1899,true,2026-03-04
WEB-103798,2026-02-27,C003482,CO,RW-9835,road,M,base,1,1899,true,2026-03-05
WEB-103814,2026-02-27,C003496,MA,RW-9835,road,M,base,1,1899,true,2026-03-01
WEB-103817,2026-02-27,C002019,TX,RW-9835,road,M,base,1,1899,true,2026-03-07
WEB-103823,2026-02-27,C000412,MI,RW-2984,road,M,carbon,1,3999,true,2026-03-09
WEB-103824,2026-02-27,C003503,MI,RW-2984,road,M,carbon,1,3999,true,2026-03-08
WEB-103827,2026-02-27,C003506,VT,RW-2984,road,M,carbon,1,3999,true,2026-03-05
WEB-103830,2026-02-27,C003509,CO,RW-7298,road,L,base,1,1899,true,2026-03-04
WEB-103831,2026-02-27,C003510,PA,RW-7298,road,L,base,1,1899,true,2026-03-04
WEB-103841,2026-02-27,C002434,CO,RW-7298,road,L,base,1,1899,true,2026-03-07
WEB-103852,2026-02-27,C003530,TX,RW-1378,road,L,carbon,1,3999,true,2026-03-06
WEB-103853,2026-02-27,C003531,CA,RW-1378,road,L,carbon,1,3999,true,2026-03-06
WEB-103856,2026-02-27,C003534,AZ,RW-1378,road,L,carbon,1,3999,true,2026-03-08
WEB-103857,2026-02-27,C003535,GA,RW-1378,road,L,carbon,1,3999,true,2026-03-03
WEB-103877,2026-02-27,C003554,ID,RW-9304,mtb,S,carbon,1,4899,true,2026-03-05
WEB-103881,2026-02-27,C003558,MT,RW-9304,mtb,S,carbon,1,4899,true,2026-03-08
WEB-103886,2026-02-27,C003563,ID,RW-9324,mtb,M,base,1,2299,true,2026-03-01
WEB-103891,2026-02-27,C003568,NM,RW-9324,mtb,M,base,1,2299,true,2026-03-09
WEB-103897,2026-02-27,C003574,UT,RW-9324,mtb,M,base,1,2299,true,2026-03-08
WEB-103899,2026-02-27,C003576,NC,RW-9324,mtb,M,base,1,2299,true,2026-03-07
WEB-103901,2026-02-27,C003578,OR,RW-9324,mtb,M,base,1,2299,true,2026-03-03
WEB-103910,2026-02-27,C003587,WA,RW-4418,mtb,M,carbon,1,4899,true,2026-03-05
WEB-103915,2026-02-27,C003592,AZ,RW-4418,mtb,M,carbon,1,4899,true,2026-03-03
WEB-103919,2026-02-27,C003596,MA,RW-4418,mtb,M,carbon,1,4899,true,2026-03-03
WEB-103929,2026-02-27,C003606,NC,RW-4418,mtb,M,carbon,1,4899,true,2026-03-07
WEB-103939,2026-02-27,C003616,PA,RW-9901,mtb,L,base,1,2299,true,2026-03-07
WEB-103946,2026-02-27,C003622,MN,RW-6416,mtb,L,carbon,1,4899,true,2026-03-03
WEB-103947,2026-02-27,C000850,VT,RW-6416,mtb,L,carbon,1,4899,true,2026-03-09
WEB-103780,2026-02-28,C003466,MT,RW-3980,road,S,carbon,1,3999,true,2026-03-02
WEB-103794,2026-02-28,C003479,WA,RW-9835,road,M,base,1,1899,true,2026-03-10
WEB-103795,2026-02-28,C003480,WA,RW-9835,road,M,base,1,1899,true,2026-03-06
WEB-103803,2026-02-28,C002534,WA,RW-9835,road,M,base,1,1899,true,2026-03-10
WEB-103806,2026-02-28,C003489,ID,RW-9835,road,M,base,1,1899,true,2026-03-09
WEB-103813,2026-02-28,C003495,AZ,RW-9835,road,M,base,1,1899,true,2026-03-10
WEB-103825,2026-02-28,C003504,GA,RW-2984,road,M,carbon,1,3999,true,2026-03-07
WEB-103834,2026-02-28,C003513,MT,RW-7298,road,L,base,1,1899,true,2026-03-08
WEB-103839,2026-02-28,C003518,PA,RW-7298,road,L,base,1,1899,true,2026-03-08
WEB-103844,2026-02-28,C003522,GA,RW-7298,road,L,base,1,1899,true,2026-03-04
WEB-103880,2026-02-28,C003557,CA,RW-9304,mtb,S,carbon,1,4899,true,2026-03-03
WEB-103882,2026-02-28,C003559,AZ,RW-9304,mtb,S,carbon,1,4899,true,2026-03-02
WEB-103888,2026-02-28,C003565,CO,RW-9324,mtb,M,base,1,2299,true,2026-03-08
WEB-103894,2026-02-28,C003571,MA,RW-9324,mtb,M,base,1,2299,true,2026-03-05
WEB-103904,2026-02-28,C003581,MI,RW-9324,mtb,M,base,1,2299,true,2026-03-06
WEB-103906,2026-02-28,C003583,TX,RW-9324,mtb,M,base,1,2299,true,2026-03-08
WEB-103932,2026-02-28,C003609,VT,RW-9901,mtb,L,base,1,2299,true,2026-03-10
WEB-103934,2026-02-28,C003611,NY,RW-9901,mtb,L,base,1,2299,true,2026-03-09
WEB-103938,2026-02-28,C003615,TX,RW-9901,mtb,L,base,1,2299,true,2026-03-09
WEB-103942,2026-02-28,C003618,ID,RW-6416,mtb,L,carbon,1,4899,true,2026-03-06
WEB-103944,2026-02-28,C003620,IL,RW-6416,mtb,L,carbon,1,4899,true,2026-03-09
WEB-103945,2026-02-28,C003621,VT,RW-6416,mtb,L,carbon,1,4899,true,2026-03-03
WEB-103948,2026-02-28,C003623,WA,RW-6416,mtb,L,carbon,1,4899,true,2026-03-03
WEB-103805,2026-03-01,C003488,MT,RW-9835,road,M,base,1,1899,true,2026-03-09
WEB-103807,2026-03-01,C003490,IL,RW-9835,road,M,base,1,1899,true,2026-03-03
WEB-103819,2026-03-01,C003499,ID,RW-9835,road,M,base,1,1899,true,2026-03-07
WEB-103829,2026-03-01,C003508,GA,RW-7298,road,L,base,1,1899,true,2026-03-09
WEB-103835,2026-03-01,C003514,NY,RW-7298,road,L,base,1,1899,true,2026-03-11
WEB-103848,2026-03-01,C003526,CO,RW-1378,road,L,carbon,1,3999,true,2026-03-08
WEB-103850,2026-03-01,C003528,PA,RW-1378,road,L,carbon,1,3999,true,2026-03-07
WEB-103851,2026-03-01,C003529,NM,RW-1378,road,L,carbon,1,3999,true,2026-03-03
WEB-103855,2026-03-01,C003533,ID,RW-1378,road,L,carbon,1,3999,true,2026-03-03
WEB-103869,2026-03-01,C003547,MI,RW-9304,mtb,S,carbon,1,4899,true,2026-03-09
WEB-103875,2026-03-01,C003553,OR,RW-9304,mtb,S,carbon,1,4899,true,2026-03-06
WEB-103885,2026-03-01,C003562,PA,RW-9324,mtb,M,base,1,2299,true,2026-03-07
WEB-103890,2026-03-01,C003567,UT,RW-9324,mtb,M,base,1,2299,true,2026-03-10
WEB-103900,2026-03-01,C003577,NM,RW-9324,mtb,M,base,1,2299,true,2026-03-08
WEB-103905,2026-03-01,C003582,NM,RW-9324,mtb,M,base,1,2299,true,2026-03-05
WEB-103916,2026-03-01,C003593,NY,RW-4418,mtb,M,carbon,1,4899,true,2026-03-10
WEB-103923,2026-03-01,C003600,VT,RW-4418,mtb,M,carbon,1,4899,true,2026-03-11
WEB-103937,2026-03-01,C003614,MT,RW-9901,mtb,L,base,1,2299,true,2026-03-07
WEB-103954,2026-03-02,C003629,WA,RW-3980,road,S,carbon,1,3999,true,2026-03-11
WEB-103961,2026-03-02,C003636,OR,RW-3980,road,S,carbon,1,3999,true,2026-03-12
WEB-103968,2026-03-02,C003641,NC,RW-3980,road,S,carbon,1,3999,true,2026-03-09
WEB-103997,2026-03-02,C003667,AZ,RW-9835,road,M,base,1,1899,true,2026-03-09
WEB-104001,2026-03-02,C003671,TX,RW-9835,road,M,base,1,1899,true,2026-03-10
WEB-104009,2026-03-02,C003679,VT,RW-9835,road,M,base,1,1899,true,2026-03-07
WEB-104015,2026-03-02,C003684,MA,RW-9835,road,M,base,1,1899,true,2026-03-12
WEB-104035,2026-03-02,C003702,MT,RW-2984,road,M,carbon,1,3999,true,2026-03-11
WEB-104044,2026-03-02,C003710,MI,RW-2984,road,M,carbon,1,3999,true,2026-03-10
WEB-104046,2026-03-02,C003712,NC,RW-2984,road,M,carbon,1,3999,true,2026-03-07
WEB-104064,2026-03-02,C003727,NM,RW-7298,road,L,base,1,1899,true,2026-03-09
WEB-104069,2026-03-02,C003731,MN,RW-7298,road,L,base,1,1899,true,2026-03-09
WEB-104075,2026-03-02,C003736,MT,RW-1378,road,L,carbon,1,3999,true,2026-03-04
WEB-104082,2026-03-02,C003742,NM,RW-1378,road,L,carbon,1,3999,true,2026-03-11
WEB-104084,2026-03-02,C003744,PA,RW-1378,road,L,carbon,1,3999,true,2026-03-08
WEB-104097,2026-03-02,C003756,MA,RW-1378,road,L,carbon,1,3999,true,2026-03-04
WEB-104103,2026-03-02,C003762,FL,RW-9304,mtb,S,carbon,1,4899,true,2026-03-09
WEB-104111,2026-03-02,C003769,MT,RW-9304,mtb,S,carbon,1,4899,true,2026-03-06
WEB-104116,2026-03-02,C003773,IL,RW-9304,mtb,S,carbon,1,4899,true,2026-03-07
WEB-104121,2026-03-02,C003778,TX,RW-9304,mtb,S,carbon,1,4899,true,2026-03-04
WEB-104125,2026-03-02,C003782,IL,RW-9304,mtb,S,carbon,1,4899,true,2026-03-11
WEB-104128,2026-03-02,C003785,NC,RW-9304,mtb,S,carbon,1,4899,true,2026-03-12
WEB-104139,2026-03-02,C003795,PA,RW-9304,mtb,S,carbon,1,4899,true,2026-03-10
WEB-104148,2026-03-02,C003804,UT,RW-9324,mtb,M,base,1,2299,true,2026-03-05
WEB-104154,2026-03-02,C003810,MT,RW-9324,mtb,M,base,1,2299,true,2026-03-12
WEB-104156,2026-03-02,C003812,MN,RW-9324,mtb,M,base,1,2299,true,2026-03-10
WEB-104158,2026-03-02,C003814,MI,RW-9324,mtb,M,base,1,2299,true,2026-03-05
WEB-104165,2026-03-02,C003821,FL,RW-9324,mtb,M,base,1,2299,true,2026-03-04
WEB-104172,2026-03-02,C003828,AZ,RW-9324,mtb,M,base,1,2299,true,2026-03-12
WEB-104174,2026-03-02,C003830,NY,RW-9324,mtb,M,base,1,2299,true,2026-03-07
WEB-104176,2026-03-02,C003832,OR,RW-9324,mtb,M,base,1,2299,true,2026-03-12
WEB-104180,2026-03-02,C003836,NM,RW-9324,mtb,M,base,1,2299,true,2026-03-12
WEB-104182,2026-03-02,C003838,GA,RW-9324,mtb,M,base,1,2299,true,2026-03-04
WEB-104190,2026-03-02,C003846,NM,RW-9324,mtb,M,base,1,2299,true,2026-03-08
WEB-104197,2026-03-02,C003852,NC,RW-4418,mtb,M,carbon,1,4899,true,2026-03-06
WEB-104202,2026-03-02,C003857,CA,RW-4418,mtb,M,carbon,1,4899,true,2026-03-12
WEB-104221,2026-03-02,C003874,NM,RW-4418,mtb,M,carbon,1,4899,true,2026-03-04
WEB-104227,2026-03-02,C003880,FL,RW-9901,mtb,L,base,1,2299,true,2026-03-11
WEB-104229,2026-03-02,C003882,VT,RW-9901,mtb,L,base,1,2299,true,2026-03-05
WEB-104234,2026-03-02,C003886,CA,RW-9901,mtb,L,base,1,2299,true,2026-03-12
WEB-104236,2026-03-02,C003888,MN,RW-9901,mtb,L,base,1,2299,true,2026-03-09
WEB-104240,2026-03-02,C003892,MA,RW-9901,mtb,L,base,1,2299,true,2026-03-10
WEB-104257,2026-03-02,C003908,MI,RW-6416,mtb,L,carbon,1,4899,true,2026-03-04
WEB-103955,2026-03-03,C003630,GA,RW-3980,road,S,carbon,1,3999,true,2026-03-06
WEB-103956,2026-03-03,C003631,NY,RW-3980,road,S,carbon,1,3999,true,2026-03-09
WEB-103959,2026-03-03,C003634,IL,RW-3980,road,S,carbon,1,3999,true,2026-03-12
WEB-103962,2026-03-03,C003637,AZ,RW-3980,road,S,carbon,1,3999,true,2026-03-12
WEB-103967,2026-03-03,C001502,PA,RW-3980,road,S,carbon,1,3999,true,2026-03-09
WEB-103970,2026-03-03,C003643,OR,RW-3980,road,S,carbon,1,3999,true,2026-03-11
WEB-103973,2026-03-03,C001050,MI,RW-3980,road,S,carbon,1,3999,true,2026-03-13
WEB-103979,2026-03-03,C003650,CA,RW-3980,road,S,carbon,1,3999,true,2026-03-12
WEB-103989,2026-03-03,C003659,NM,RW-9835,road,M,base,1,1899,true,2026-03-10
WEB-104011,2026-03-03,C003681,MI,RW-9835,road,M,base,1,1899,true,2026-03-08
WEB-104019,2026-03-03,C003688,NY,RW-2984,road,M,carbon,1,3999,true,2026-03-06
WEB-104027,2026-03-03,C003695,CO,RW-2984,road,M,carbon,1,3999,true,2026-03-06
WEB-104029,2026-03-03,C000687,WA,RW-2984,road,M,carbon,1,3999,true,2026-03-05
WEB-104030,2026-03-03,C003697,TX,RW-2984,road,M,carbon,1,3999,true,2026-03-10
WEB-104041,2026-03-03,C003707,NY,RW-2984,road,M,carbon,1,3999,true,2026-03-11
WEB-104052,2026-03-03,C003717,MA,RW-7298,road,L,base,1,1899,true,2026-03-10
WEB-104058,2026-03-03,C003722,GA,RW-7298,road,L,base,1,1899,true,2026-03-06
WEB-104059,2026-03-03,C003723,FL,RW-7298,road,L,base,1,1899,true,2026-03-12
WEB-104061,2026-03-03,C003725,PA,RW-7298,road,L,base,1,1899,true,2026-03-06
WEB-104068,2026-03-03,C001911,NM,RW-7298,road,L,base,1,1899,true,2026-03-06
WEB-104077,2026-03-03,C003738,CA,RW-1378,road,L,carbon,1,3999,true,2026-03-09
WEB-104083,2026-03-03,C003743,TX,RW-1378,road,L,carbon,1,3999,true,2026-03-10
WEB-104090,2026-03-03,C003750,MT,RW-1378,road,L,carbon,1,3999,true,2026-03-10
WEB-104091,2026-03-03,C003751,TX,RW-1378,road,L,carbon,1,3999,true,2026-03-11
WEB-104106,2026-03-03,C003764,NC,RW-9304,mtb,S,carbon,1,4899,true,2026-03-06
WEB-104110,2026-03-03,C003768,NY,RW-9304,mtb,S,carbon,1,4899,true,2026-03-07
WEB-104113,2026-03-03,C003771,NC,RW-9304,mtb,S,carbon,1,4899,true,2026-03-07
WEB-104114,2026-03-03,C003772,AZ,RW-9304,mtb,S,carbon,1,4899,true,2026-03-07
WEB-104136,2026-03-03,C003291,WA,RW-9304,mtb,S,carbon,1,4899,true,2026-03-10
WEB-104138,2026-03-03,C003794,MN,RW-9304,mtb,S,carbon,1,4899,true,2026-03-10
WEB-104141,2026-03-03,C003797,WA,RW-9324,mtb,M,base,1,2299,true,2026-03-07
WEB-104144,2026-03-03,C003800,TX,RW-9324,mtb,M,base,1,2299,true,2026-03-06
WEB-104146,2026-03-03,C003802,MA,RW-9324,mtb,M,base,1,2299,true,2026-03-12
WEB-104157,2026-03-03,C003813,OR,RW-9324,mtb,M,base,1,2299,true,2026-03-07
WEB-104163,2026-03-03,C003819,VT,RW-9324,mtb,M,base,1,2299,true,2026-03-12
WEB-104183,2026-03-03,C003839,MI,RW-9324,mtb,M,base,1,2299,true,2026-03-07
WEB-104184,2026-03-03,C003840,NY,RW-9324,mtb,M,base,1,2299,true,2026-03-12
WEB-104185,2026-03-03,C003841,MI,RW-9324,mtb,M,base,1,2299,true,2026-03-07
WEB-104186,2026-03-03,C003842,FL,RW-9324,mtb,M,base,1,2299,true,2026-03-07
WEB-104198,2026-03-03,C003853,MN,RW-4418,mtb,M,carbon,1,4899,true,2026-03-10
WEB-104199,2026-03-03,C003854,TX,RW-4418,mtb,M,carbon,1,4899,true,2026-03-10
WEB-104222,2026-03-03,C003875,ID,RW-4418,mtb,M,carbon,1,4899,true,2026-03-05
WEB-104241,2026-03-03,C003893,PA,RW-9901,mtb,L,base,1,2299,true,2026-03-10
WEB-104242,2026-03-03,C003894,PA,RW-9901,mtb,L,base,1,2299,true,2026-03-11
WEB-104245,2026-03-03,C003897,VT,RW-9901,mtb,L,base,1,2299,true,2026-03-09
WEB-103960,2026-03-04,C003635,MN,RW-3980,road,S,carbon,1,3999,true,2026-03-13
WEB-103965,2026-03-04,C003639,CA,RW-3980,road,S,carbon,1,3999,true,2026-03-10
WEB-103974,2026-03-04,C003645,CA,RW-3980,road,S,carbon,1,3999,true,2026-03-06
WEB-103980,2026-03-04,C000050,NC,RW-3980,road,S,carbon,1,3999,true,2026-03-14
WEB-103984,2026-03-04,C003654,GA,RW-3980,road,S,carbon,1,3999,true,2026-03-14
WEB-103992,2026-03-04,C003662,FL,RW-9835,road,M,base,1,1899,true,2026-03-12
WEB-104002,2026-03-04,C003672,TX,RW-9835,road,M,base,1,1899,true,2026-03-08
WEB-104003,2026-03-04,C003673,NM,RW-9835,road,M,base,1,1899,true,2026-03-06
WEB-104004,2026-03-04,C003674,UT,RW-9835,road,M,base,1,1899,true,2026-03-10
WEB-104007,2026-03-04,C003677,MA,RW-9835,road,M,base,1,1899,true,2026-03-08
WEB-104016,2026-03-04,C003685,TX,RW-9835,road,M,base,1,1899,true,2026-03-13
WEB-104022,2026-03-04,C003691,VT,RW-2984,road,M,carbon,1,3999,true,2026-03-08
WEB-104024,2026-03-04,C003693,MN,RW-2984,road,M,carbon,1,3999,true,2026-03-08
WEB-104034,2026-03-04,C003701,FL,RW-2984,road,M,carbon,1,3999,true,2026-03-14
WEB-104039,2026-03-04,C003705,GA,RW-2984,road,M,carbon,1,3999,true,2026-03-14
WEB-104047,2026-03-04,C003713,VT,RW-2984,road,M,carbon,1,3999,true,2026-03-13
WEB-104048,2026-03-04,C003714,WA,RW-2984,road,M,carbon,1,3999,true,2026-03-06
WEB-104063,2026-03-04,C003726,OR,RW-7298,road,L,base,1,1899,true,2026-03-13
WEB-104079,2026-03-04,C003740,MA,RW-1378,road,L,carbon,1,3999,true,2026-03-10
WEB-104080,2026-03-04,C003741,VT,RW-1378,road,L,carbon,1,3999,true,2026-03-12
WEB-104092,2026-03-04,C003752,PA,RW-1378,road,L,carbon,1,3999,true,2026-03-07
WEB-104093,2026-03-04,C003753,ID,RW-1378,road,L,carbon,1,3999,true,2026-03-11
WEB-104094,2026-03-04,C003754,MT,RW-1378,road,L,carbon,1,3999,true,2026-03-09
WEB-104101,2026-03-04,C003760,TX,RW-9304,mtb,S,carbon,1,4899,true,2026-03-12
WEB-104107,2026-03-04,C003765,UT,RW-9304,mtb,S,carbon,1,4899,true,2026-03-08
WEB-104119,2026-03-04,C003776,OR,RW-9304,mtb,S,carbon,1,4899,true,2026-03-11
WEB-104127,2026-03-04,C003784,UT,RW-9304,mtb,S,carbon,1,4899,true,2026-03-10
WEB-104142,2026-03-04,C003798,CA,RW-9324,mtb,M,base,1,2299,true,2026-03-13
WEB-104152,2026-03-04,C003808,OR,RW-9324,mtb,M,base,1,2299,true,2026-03-14
WEB-104153,2026-03-04,C003809,OR,RW-9324,mtb,M,base,1,2299,true,2026-03-06
WEB-104159,2026-03-04,C003815,UT,RW-9324,mtb,M,base,1,2299,true,2026-03-13
WEB-104160,2026-03-04,C003816,CA,RW-9324,mtb,M,base,1,2299,true,2026-03-14
WEB-104173,2026-03-04,C003829,MA,RW-9324,mtb,M,base,1,2299,true,2026-03-12
WEB-104178,2026-03-04,C003834,ID,RW-9324,mtb,M,base,1,2299,true,2026-03-09
WEB-104187,2026-03-04,C003843,WA,RW-9324,mtb,M,base,1,2299,true,2026-03-10
WEB-104205,2026-03-04,C001254,IL,RW-4418,mtb,M,carbon,1,4899,true,2026-03-12
WEB-104224,2026-03-04,C003877,MA,RW-4418,mtb,M,carbon,1,4899,true,2026-03-07
WEB-104226,2026-03-04,C003879,VT,RW-9901,mtb,L,base,1,2299,true,2026-03-13
WEB-104262,2026-03-04,C003913,CA,RW-6416,mtb,L,carbon,1,4899,true,2026-03-07
WEB-104264,2026-03-04,C003915,MI,RW-6416,mtb,L,carbon,1,4899,true,2026-03-09
WEB-104265,2026-03-04,C003916,MA,RW-6416,mtb,L,carbon,1,4899,true,2026-03-10
WEB-103953,2026-03-05,C003628,ID,RW-3980,road,S,carbon,1,3999,true,2026-03-12
WEB-103963,2026-03-05,C003581,TX,RW-3980,road,S,carbon,1,3999,true,2026-03-09
WEB-103964,2026-03-05,C003638,MT,RW-3980,road,S,carbon,1,3999,true,2026-03-09
WEB-103966,2026-03-05,C003640,MT,RW-3980,road,S,carbon,1,3999,true,2026-03-08
WEB-103975,2026-03-05,C003646,AZ,RW-3980,road,S,carbon,1,3999,true,2026-03-08
WEB-103976,2026-03-05,C003647,UT,RW-3980,road,S,carbon,1,3999,true,2026-03-08
WEB-103977,2026-03-05,C003648,WA,RW-3980,road,S,carbon,1,3999,true,2026-03-09
WEB-103978,2026-03-05,C003649,WA,RW-3980,road,S,carbon,1,3999,true,2026-03-11
WEB-103981,2026-03-05,C003651,MA,RW-3980,road,S,carbon,1,3999,true,2026-03-13
WEB-103994,2026-03-05,C003664,CA,RW-9835,road,M,base,1,1899,true,2026-03-10
WEB-103995,2026-03-05,C003665,GA,RW-9835,road,M,base,1,1899,true,2026-03-11
WEB-103996,2026-03-05,C003666,CA,RW-9835,road,M,base,1,1899,true,2026-03-14
WEB-104000,2026-03-05,C003670,GA,RW-9835,road,M,base,1,1899,true,2026-03-11
WEB-104005,2026-03-05,C003675,NC,RW-9835,road,M,base,1,1899,true,2026-03-13
WEB-104013,2026-03-05,C003682,OR,RW-9835,road,M,base,1,1899,true,2026-03-10
WEB-104020,2026-03-05,C003689,NC,RW-2984,road,M,carbon,1,3999,true,2026-03-15
WEB-104026,2026-03-05,C003694,NY,RW-2984,road,M,carbon,1,3999,true,2026-03-07
WEB-104036,2026-03-05,C003703,GA,RW-2984,road,M,carbon,1,3999,true,2026-03-14
WEB-104053,2026-03-05,C003718,ID,RW-7298,road,L,base,1,1899,true,2026-03-10
WEB-104054,2026-03-05,C003719,AZ,RW-7298,road,L,base,1,1899,true,2026-03-15
WEB-104057,2026-03-05,C003350,CO,RW-7298,road,L,base,1,1899,true,2026-03-08
WEB-104067,2026-03-05,C003730,NM,RW-7298,road,L,base,1,1899,true,2026-03-09
WEB-104076,2026-03-05,C003737,MT,RW-1378,road,L,carbon,1,3999,true,2026-03-14
WEB-104098,2026-03-05,C003757,IL,RW-1378,road,L,carbon,1,3999,true,2026-03-08
WEB-104100,2026-03-05,C003759,VT,RW-9304,mtb,S,carbon,1,4899,true,2026-03-15
WEB-104102,2026-03-05,C003761,NM,RW-9304,mtb,S,carbon,1,4899,true,2026-03-14
WEB-104120,2026-03-05,C003777,NM,RW-9304,mtb,S,carbon,1,4899,true,2026-03-08
WEB-104123,2026-03-05,C003780,TX,RW-9304,mtb,S,carbon,1,4899,true,2026-03-09
WEB-104134,2026-03-05,C003791,VT,RW-9304,mtb,S,carbon,1,4899,true,2026-03-10
WEB-104135,2026-03-05,C003792,CA,RW-9304,mtb,S,carbon,1,4899,true,2026-03-09
WEB-104145,2026-03-05,C003801,PA,RW-9324,mtb,M,base,1,2299,true,2026-03-13
WEB-104166,2026-03-05,C003822,MT,RW-9324,mtb,M,base,1,2299,true,2026-03-12
WEB-104177,2026-03-05,C003833,MT,RW-9324,mtb,M,base,1,2299,true,2026-03-08
WEB-104181,2026-03-05,C003837,CO,RW-9324,mtb,M,base,1,2299,true,2026-03-11
WEB-104189,2026-03-05,C003845,WA,RW-9324,mtb,M,base,1,2299,true,2026-03-13
WEB-104191,2026-03-05,C003847,GA,RW-4418,mtb,M,carbon,1,4899,true,2026-03-15
WEB-104200,2026-03-05,C003855,ID,RW-4418,mtb,M,carbon,1,4899,true,2026-03-07
WEB-104212,2026-03-05,C003865,NC,RW-4418,mtb,M,carbon,1,4899,true,2026-03-09
WEB-104213,2026-03-05,C003866,IL,RW-4418,mtb,M,carbon,1,4899,true,2026-03-08
WEB-104215,2026-03-05,C003868,NC,RW-4418,mtb,M,carbon,1,4899,true,2026-03-09
WEB-104219,2026-03-05,C003872,PA,RW-4418,mtb,M,carbon,1,4899,true,2026-03-13
WEB-104223,2026-03-05,C003876,NC,RW-4418,mtb,M,carbon,1,4899,true,2026-03-10
WEB-104238,2026-03-05,C003890,GA,RW-9901,mtb,L,base,1,2299,true,2026-03-10
WEB-104246,2026-03-05,C003898,NY,RW-9901,mtb,L,base,1,2299,true,2026-03-11
WEB-104247,2026-03-05,C003899,UT,RW-9901,mtb,L,base,1,2299,true,2026-03-07
WEB-104250,2026-03-05,C003902,PA,RW-9901,mtb,L,base,1,2299,true,2026-03-07
WEB-104253,2026-03-05,C003566,ID,RW-6416,mtb,L,carbon,1,4899,true,2026-03-12
WEB-104254,2026-03-05,C003905,WA,RW-6416,mtb,L,carbon,1,4899,true,2026-03-14
WEB-104256,2026-03-05,C003907,TX,RW-6416,mtb,L,carbon,1,4899,true,2026-03-07
WEB-104258,2026-03-05,C003909,CO,RW-6416,mtb,L,carbon,1,4899,true,2026-03-14
WEB-103951,2026-03-06,C003626,CA,RW-3980,road,S,carbon,1,3999,true,2026-03-12
WEB-103952,2026-03-06,C003627,OR,RW-3980,road,S,carbon,1,3999,true,2026-03-15
WEB-103969,2026-03-06,C003642,MT,RW-3980,road,S,carbon,1,3999,true,2026-03-08
WEB-103988,2026-03-06,C003658,IL,RW-9835,road,M,base,1,1899,true,2026-03-14
WEB-104008,2026-03-06,C003678,CO,RW-9835,road,M,base,1,1899,true,2026-03-13
WEB-104010,2026-03-06,C003680,PA,RW-9835,road,M,base,1,1899,true,2026-03-11
WEB-104012,2026-03-06,C001539,MA,RW-9835,road,M,base,1,1899,true,2026-03-13
WEB-104014,2026-03-06,C003683,NM,RW-9835,road,M,base,1,1899,true,2026-03-13
WEB-104025,2026-03-06,C001529,GA,RW-2984,road,M,carbon,1,3999,true,2026-03-09
WEB-104028,2026-03-06,C003696,NM,RW-2984,road,M,carbon,1,3999,true,2026-03-09
WEB-104032,2026-03-06,C003699,VT,RW-2984,road,M,carbon,1,3999,true,2026-03-13
WEB-104033,2026-03-06,C003700,CO,RW-2984,road,M,carbon,1,3999,true,2026-03-13
WEB-104037,2026-03-06,C002249,IL,RW-2984,road,M,carbon,1,3999,true,2026-03-13
WEB-104043,2026-03-06,C003709,CO,RW-2984,road,M,carbon,1,3999,true,2026-03-10
WEB-104045,2026-03-06,C003711,PA,RW-2984,road,M,carbon,1,3999,true,2026-03-09
WEB-104050,2026-03-06,C003716,MI,RW-2984,road,M,carbon,1,3999,true,2026-03-15
WEB-104060,2026-03-06,C003724,NC,RW-7298,road,L,base,1,1899,true,2026-03-15
WEB-104062,2026-03-06,C000972,MT,RW-7298,road,L,base,1,1899,true,2026-03-10
WEB-104078,2026-03-06,C003739,IL,RW-1378,road,L,carbon,1,3999,true,2026-03-16
WEB-104081,2026-03-06,C001631,MN,RW-1378,road,L,carbon,1,3999,true,2026-03-15
WEB-104085,2026-03-06,C003745,FL,RW-1378,road,L,carbon,1,3999,true,2026-03-14
WEB-104087,2026-03-06,C003747,WA,RW-1378,road,L,carbon,1,3999,true,2026-03-13
WEB-104088,2026-03-06,C003748,MN,RW-1378,road,L,carbon,1,3999,true,2026-03-15
WEB-104089,2026-03-06,C003749,OR,RW-1378,road,L,carbon,1,3999,true,2026-03-15
WEB-104095,2026-03-06,C003755,AZ,RW-1378,road,L,carbon,1,3999,true,2026-03-14
WEB-104104,2026-03-06,C000275,FL,RW-9304,mtb,S,carbon,1,4899,true,2026-03-15
WEB-104108,2026-03-06,C003766,FL,RW-9304,mtb,S,carbon,1,4899,true,2026-03-13
WEB-104112,2026-03-06,C003770,AZ,RW-9304,mtb,S,carbon,1,4899,true,2026-03-13
WEB-104115,2026-03-06,C002814,ID,RW-9304,mtb,S,carbon,1,4899,true,2026-03-15
WEB-104118,2026-03-06,C003775,OR,RW-9304,mtb,S,carbon,1,4899,true,2026-03-10
WEB-104126,2026-03-06,C003783,IL,RW-9304,mtb,S,carbon,1,4899,true,2026-03-11
WEB-104131,2026-03-06,C003788,CO,RW-9304,mtb,S,carbon,1,4899,true,2026-03-09
WEB-104132,2026-03-06,C003789,VT,RW-9304,mtb,S,carbon,1,4899,true,2026-03-08
WEB-104133,2026-03-06,C003790,MI,RW-9304,mtb,S,carbon,1,4899,true,2026-03-09
WEB-104137,2026-03-06,C003793,UT,RW-9304,mtb,S,carbon,1,4899,true,2026-03-16
WEB-104162,2026-03-06,C003818,UT,RW-9324,mtb,M,base,1,2299,true,2026-03-15
WEB-104168,2026-03-06,C003824,AZ,RW-9324,mtb,M,base,1,2299,true,2026-03-09
WEB-104170,2026-03-06,C003826,MA,RW-9324,mtb,M,base,1,2299,true,2026-03-09
WEB-104171,2026-03-06,C003827,MI,RW-9324,mtb,M,base,1,2299,true,2026-03-09
WEB-104179,2026-03-06,C003835,OR,RW-9324,mtb,M,base,1,2299,true,2026-03-09
WEB-104188,2026-03-06,C003844,VT,RW-9324,mtb,M,base,1,2299,true,2026-03-08
WEB-104194,2026-03-06,C000845,MT,RW-4418,mtb,M,carbon,1,4899,true,2026-03-14
WEB-104196,2026-03-06,C003851,IL,RW-4418,mtb,M,carbon,1,4899,true,2026-03-13
WEB-104209,2026-03-06,C003863,WA,RW-4418,mtb,M,carbon,1,4899,true,2026-03-12
WEB-104217,2026-03-06,C003870,MI,RW-4418,mtb,M,carbon,1,4899,true,2026-03-15
WEB-104225,2026-03-06,C003878,AZ,RW-9901,mtb,L,base,1,2299,true,2026-03-11
WEB-104230,2026-03-06,C003883,GA,RW-9901,mtb,L,base,1,2299,true,2026-03-12
WEB-104237,2026-03-06,C003889,WA,RW-9901,mtb,L,base,1,2299,true,2026-03-14
WEB-104239,2026-03-06,C003891,NM,RW-9901,mtb,L,base,1,2299,true,2026-03-15
WEB-104248,2026-03-06,C003900,NM,RW-9901,mtb,L,base,1,2299,true,2026-03-15
WEB-104251,2026-03-06,C003903,MA,RW-9901,mtb,L,base,1,2299,true,2026-03-15
WEB-104252,2026-03-06,C003904,CO,RW-6416,mtb,L,carbon,1,4899,true,2026-03-16
WEB-104255,2026-03-06,C003906,OR,RW-6416,mtb,L,carbon,1,4899,true,2026-03-16
WEB-104260,2026-03-06,C003911,MA,RW-6416,mtb,L,carbon,1,4899,true,2026-03-08
WEB-104261,2026-03-06,C003912,CO,RW-6416,mtb,L,carbon,1,4899,true,2026-03-08
WEB-104266,2026-03-06,C003917,NC,RW-6416,mtb,L,carbon,1,4899,true,2026-03-15
WEB-103957,2026-03-07,C003632,VT,RW-3980,road,S,carbon,1,3999,true,2026-03-14
WEB-103971,2026-03-07,C002670,MN,RW-3980,road,S,carbon,1,3999,true,2026-03-14
WEB-103986,2026-03-07,C003656,CA,RW-9835,road,M,base,1,1899,true,2026-03-16
WEB-103987,2026-03-07,C003657,AZ,RW-9835,road,M,base,1,1899,true,2026-03-12
WEB-103990,2026-03-07,C003660,MT,RW-9835,road,M,base,1,1899,true,2026-03-16
WEB-103993,2026-03-07,C003663,MT,RW-9835,road,M,base,1,1899,true,2026-03-17
WEB-103999,2026-03-07,C003669,NM,RW-9835,road,M,base,1,1899,true,2026-03-13
WEB-104006,2026-03-07,C003676,WA,RW-9835,road,M,base,1,1899,true,2026-03-10
WEB-104023,2026-03-07,C003692,MI,RW-2984,road,M,carbon,1,3999,true,2026-03-12
WEB-104042,2026-03-07,C003708,MA,RW-2984,road,M,carbon,1,3999,true,2026-03-10
WEB-104065,2026-03-07,C003728,GA,RW-7298,road,L,base,1,1899,true,2026-03-14
WEB-104072,2026-03-07,C003733,GA,RW-7298,road,L,base,1,1899,true,2026-03-17
WEB-104096,2026-03-07,C003076,UT,RW-1378,road,L,carbon,1,3999,true,2026-03-13
WEB-104105,2026-03-07,C003763,PA,RW-9304,mtb,S,carbon,1,4899,true,2026-03-11
WEB-104109,2026-03-07,C003767,MI,RW-9304,mtb,S,carbon,1,4899,true,2026-03-12
WEB-104117,2026-03-07,C003774,NC,RW-9304,mtb,S,carbon,1,4899,true,2026-03-13
WEB-104122,2026-03-07,C003779,WA,RW-9304,mtb,S,carbon,1,4899,true,2026-03-15
WEB-104124,2026-03-07,C003781,AZ,RW-9304,mtb,S,carbon,1,4899,true,2026-03-13
WEB-104143,2026-03-07,C003799,OR,RW-9324,mtb,M,base,1,2299,true,2026-03-09
WEB-104149,2026-03-07,C003805,CO,RW-9324,mtb,M,base,1,2299,true,2026-03-13
WEB-104169,2026-03-07,C003825,WA,RW-9324,mtb,M,base,1,2299,true,2026-03-16
WEB-104192,2026-03-07,C003848,GA,RW-4418,mtb,M,carbon,1,4899,true,2026-03-12
WEB-104193,2026-03-07,C003849,FL,RW-4418,mtb,M,carbon,1,4899,true,2026-03-09
WEB-104195,2026-03-07,C003850,NM,RW-4418,mtb,M,carbon,1,4899,true,2026-03-16
WEB-104204,2026-03-07,C003859,NC,RW-4418,mtb,M,carbon,1,4899,true,2026-03-11
WEB-104210,2026-03-07,C003864,MA,RW-4418,mtb,M,carbon,1,4899,true,2026-03-15
WEB-104214,2026-03-07,C003867,MT,RW-4418,mtb,M,carbon,1,4899,true,2026-03-11
WEB-104218,2026-03-07,C003871,CO,RW-4418,mtb,M,carbon,1,4899,true,2026-03-09
WEB-104231,2026-03-07,C003884,NC,RW-9901,mtb,L,base,1,2299,true,2026-03-13
WEB-104233,2026-03-07,C002724,NC,RW-9901,mtb,L,base,1,2299,true,2026-03-13
WEB-104263,2026-03-07,C003914,VT,RW-6416,mtb,L,carbon,1,4899,true,2026-03-10
WEB-104267,2026-03-07,C003918,TX,RW-6416,mtb,L,carbon,1,4899,true,2026-03-16
WEB-103958,2026-03-08,C003633,ID,RW-3980,road,S,carbon,1,3999,true,2026-03-17
WEB-103972,2026-03-08,C003644,VT,RW-3980,road,S,carbon,1,3999,true,2026-03-10
WEB-103982,2026-03-08,C003652,OR,RW-3980,road,S,carbon,1,3999,true,2026-03-14
WEB-103983,2026-03-08,C003653,NM,RW-3980,road,S,carbon,1,3999,true,2026-03-10
WEB-103985,2026-03-08,C003655,WA,RW-3980,road,S,carbon,1,3999,true,2026-03-16
WEB-103991,2026-03-08,C003661,GA,RW-9835,road,M,base,1,1899,true,2026-03-14
WEB-103998,2026-03-08,C003668,VT,RW-9835,road,M,base,1,1899,true,2026-03-13
WEB-104017,2026-03-08,C003686,GA,RW-9835,road,M,base,1,1899,true,2026-03-18
WEB-104018,2026-03-08,C003687,NC,RW-9835,road,M,base,1,1899,true,2026-03-14
WEB-104021,2026-03-08,C003690,MA,RW-2984,road,M,carbon,1,3999,true,2026-03-14
WEB-104031,2026-03-08,C003698,WA,RW-2984,road,M,carbon,1,3999,true,2026-03-14
WEB-104038,2026-03-08,C003704,OR,RW-2984,road,M,carbon,1,3999,true,2026-03-15
WEB-104040,2026-03-08,C003706,MN,RW-2984,road,M,carbon,1,3999,true,2026-03-13
WEB-104049,2026-03-08,C003715,TX,RW-2984,road,M,carbon,1,3999,true,2026-03-12
WEB-104051,2026-03-08,C002722,NY,RW-2984,road,M,carbon,1,3999,true,2026-03-14
WEB-104055,2026-03-08,C003720,VT,RW-7298,road,L,base,1,1899,true,2026-03-10
WEB-104056,2026-03-08,C003721,WA,RW-7298,road,L,base,1,1899,true,2026-03-17
WEB-104066,2026-03-08,C003729,NC,RW-7298,road,L,base,1,1899,true,2026-03-12
WEB-104070,2026-03-08,C003732,FL,RW-7298,road,L,base,1,1899,true,2026-03-18
WEB-104071,2026-03-08,C002286,NY,RW-7298,road,L,base,1,1899,true,2026-03-13
WEB-104073,2026-03-08,C003734,OR,RW-1378,road,L,carbon,1,3999,true,2026-03-15
WEB-104074,2026-03-08,C003735,CA,RW-1378,road,L,carbon,1,3999,true,2026-03-11
WEB-104086,2026-03-08,C003746,NY,RW-1378,road,L,carbon,1,3999,true,2026-03-17
WEB-104099,2026-03-08,C003758,VT,RW-9304,mtb,S,carbon,1,4899,true,2026-03-15
WEB-104129,2026-03-08,C003786,PA,RW-9304,mtb,S,carbon,1,4899,true,2026-03-12
WEB-104130,2026-03-08,C003787,MT,RW-9304,mtb,S,carbon,1,4899,true,2026-03-15
WEB-104140,2026-03-08,C003796,PA,RW-9324,mtb,M,base,1,2299,true,2026-03-18
WEB-104147,2026-03-08,C003803,NC,RW-9324,mtb,M,base,1,2299,true,2026-03-15
WEB-104150,2026-03-08,C003806,NM,RW-9324,mtb,M,base,1,2299,true,2026-03-13
WEB-104151,2026-03-08,C003807,MA,RW-9324,mtb,M,base,1,2299,true,2026-03-11
WEB-104155,2026-03-08,C003811,PA,RW-9324,mtb,M,base,1,2299,true,2026-03-15
WEB-104161,2026-03-08,C003817,NM,RW-9324,mtb,M,base,1,2299,true,2026-03-12
WEB-104164,2026-03-08,C003820,WA,RW-9324,mtb,M,base,1,2299,true,2026-03-12
WEB-104167,2026-03-08,C003823,GA,RW-9324,mtb,M,base,1,2299,true,2026-03-11
WEB-104175,2026-03-08,C003831,WA,RW-9324,mtb,M,base,1,2299,true,2026-03-12
WEB-104201,2026-03-08,C003856,GA,RW-4418,mtb,M,carbon,1,4899,true,2026-03-11
WEB-104203,2026-03-08,C003858,IL,RW-4418,mtb,M,carbon,1,4899,true,2026-03-16
WEB-104206,2026-03-08,C003860,AZ,RW-4418,mtb,M,carbon,1,4899,true,2026-03-14
WEB-104207,2026-03-08,C003861,NM,RW-4418,mtb,M,carbon,1,4899,true,2026-03-10
WEB-104208,2026-03-08,C003862,VT,RW-4418,mtb,M,carbon,1,4899,true,2026-03-18
WEB-104211,2026-03-08,C001964,NC,RW-4418,mtb,M,carbon,1,4899,true,2026-03-13
WEB-104216,2026-03-08,C003869,VT,RW-4418,mtb,M,carbon,1,4899,true,2026-03-17
WEB-104220,2026-03-08,C003873,IL,RW-4418,mtb,M,carbon,1,4899,true,2026-03-12
WEB-104228,2026-03-08,C003881,NM,RW-9901,mtb,L,base,1,2299,true,2026-03-16
WEB-104232,2026-03-08,C003885,NY,RW-9901,mtb,L,base,1,2299,true,2026-03-12
WEB-104235,2026-03-08,C003887,MA,RW-9901,mtb,L,base,1,2299,true,2026-03-11
WEB-104243,2026-03-08,C003895,NM,RW-9901,mtb,L,base,1,2299,true,2026-03-15
WEB-104244,2026-03-08,C003896,VT,RW-9901,mtb,L,base,1,2299,true,2026-03-11
WEB-104249,2026-03-08,C003901,ID,RW-9901,mtb,L,base,1,2299,true,2026-03-15
WEB-104259,2026-03-08,C003910,MA,RW-6416,mtb,L,carbon,1,4899,true,2026-03-17
WEB-104273,2026-03-09,C003923,MT,RW-3980,road,S,carbon,1,3999,true,2026-03-11
WEB-104274,2026-03-09,C003924,MI,RW-3980,road,S,carbon,1,3999,true,2026-03-18
WEB-104275,2026-03-09,C003462,IL,RW-3980,road,S,carbon,1,3999,true,2026-03-11
WEB-104276,2026-03-09,C003925,MI,RW-3980,road,S,carbon,1,3999,true,2026-03-11
WEB-104321,2026-03-09,C003963,MA,RW-9835,road,M,base,1,1899,true,2026-03-19
WEB-104330,2026-03-09,C003972,AZ,RW-9835,road,M,base,1,1899,true,2026-03-19
WEB-104331,2026-03-09,C003973,NY,RW-9835,road,M,base,1,1899,true,2026-03-19
WEB-104338,2026-03-09,C003978,NY,RW-2984,road,M,carbon,1,3999,true,2026-03-14
WEB-104356,2026-03-09,C003995,IL,RW-2984,road,M,carbon,1,3999,true,2026-03-13
WEB-104362,2026-03-09,C004001,VT,RW-7298,road,L,base,1,1899,true,2026-03-15
WEB-104366,2026-03-09,C004005,CO,RW-7298,road,L,base,1,1899,true,2026-03-14
WEB-104372,2026-03-09,C004011,GA,RW-7298,road,L,base,1,1899,true,2026-03-19
WEB-104373,2026-03-09,C004012,MT,RW-1378,road,L,carbon,1,3999,true,2026-03-14
WEB-104389,2026-03-09,C000750,TX,RW-1378,road,L,carbon,1,3999,true,2026-03-12
WEB-104391,2026-03-09,C004027,CA,RW-1378,road,L,carbon,1,3999,true,2026-03-11
WEB-104396,2026-03-09,C004031,NY,RW-9304,mtb,S,carbon,1,4899,true,2026-03-11
WEB-104416,2026-03-09,C004049,MN,RW-9304,mtb,S,carbon,1,4899,true,2026-03-14
WEB-104426,2026-03-09,C004056,MT,RW-9324,mtb,M,base,1,2299,true,2026-03-19
WEB-104442,2026-03-09,C000523,WA,RW-9324,mtb,M,base,1,2299,true,2026-03-14
WEB-104453,2026-03-09,C004079,MI,RW-4418,mtb,M,carbon,1,4899,true,2026-03-19
WEB-104471,2026-03-09,C004095,NC,RW-4418,mtb,M,carbon,1,4899,true,2026-03-15
WEB-104479,2026-03-09,C004100,MA,RW-4418,mtb,M,carbon,1,4899,true,2026-03-17
WEB-104482,2026-03-09,C001378,UT,RW-4418,mtb,M,carbon,1,4899,true,2026-03-12
WEB-104497,2026-03-09,C004116,MI,RW-9901,mtb,L,base,1,2299,true,2026-03-18
WEB-104504,2026-03-09,C004122,AZ,RW-9901,mtb,L,base,1,2299,true,2026-03-13
WEB-104509,2026-03-09,C004127,CA,RW-6416,mtb,L,carbon,1,4899,true,2026-03-11
WEB-104525,2026-03-09,C004142,TX,RW-6416,mtb,L,carbon,1,4899,true,2026-03-12
WEB-104272,2026-03-10,C003922,TX,RW-3980,road,S,carbon,1,3999,true,2026-03-18
WEB-104281,2026-03-10,C003929,MN,RW-3980,road,S,carbon,1,3999,true,2026-03-16
WEB-104291,2026-03-10,C003938,OR,RW-3980,road,S,carbon,1,3999,true,2026-03-13
WEB-104302,2026-03-10,C003948,FL,RW-9835,road,M,base,1,1899,true,2026-03-20
WEB-104304,2026-03-10,C003950,CA,RW-9835,road,M,base,1,1899,true,2026-03-13
WEB-104312,2026-03-10,C000458,PA,RW-9835,road,M,base,1,1899,true,2026-03-20
WEB-104313,2026-03-10,C003957,FL,RW-9835,road,M,base,1,1899,true,2026-03-14
WEB-104320,2026-03-10,C003962,NC,RW-9835,road,M,base,1,1899,true,2026-03-14
WEB-104323,2026-03-10,C003965,UT,RW-9835,road,M,base,1,1899,true,2026-03-14
WEB-104324,2026-03-10,C003966,WA,RW-9835,road,M,base,1,1899,true,2026-03-20
WEB-104326,2026-03-10,C003968,IL,RW-9835,road,M,base,1,1899,true,2026-03-12
WEB-104329,2026-03-10,C003971,TX,RW-9835,road,M,base,1,1899,true,2026-03-13
WEB-104341,2026-03-10,C003981,UT,RW-2984,road,M,carbon,1,3999,true,2026-03-17
WEB-104344,2026-03-10,C003984,NY,RW-2984,road,M,carbon,1,3999,true,2026-03-16
WEB-104364,2026-03-10,C004003,NM,RW-7298,road,L,base,1,1899,true,2026-03-19
WEB-104386,2026-03-10,C004024,NY,RW-1378,road,L,carbon,1,3999,true,2026-03-15
WEB-104390,2026-03-10,C004026,MI,RW-1378,road,L,carbon,1,3999,true,2026-03-12
WEB-104398,2026-03-10,C004033,CO,RW-9304,mtb,S,carbon,1,4899,true,2026-03-12
WEB-104399,2026-03-10,C004034,MT,RW-9304,mtb,S,carbon,1,4899,true,2026-03-14
WEB-104404,2026-03-10,C004039,OR,RW-9304,mtb,S,carbon,1,4899,true,2026-03-19
WEB-104405,2026-03-10,C004040,UT,RW-9304,mtb,S,carbon,1,4899,true,2026-03-14
WEB-104413,2026-03-10,C004046,IL,RW-9304,mtb,S,carbon,1,4899,true,2026-03-16
WEB-104423,2026-03-10,C001014,NM,RW-9324,mtb,M,base,1,2299,true,2026-03-17
WEB-104433,2026-03-10,C004062,MA,RW-9324,mtb,M,base,1,2299,true,2026-03-16
WEB-104443,2026-03-10,C004071,MT,RW-9324,mtb,M,base,1,2299,true,2026-03-13
WEB-104445,2026-03-10,C004073,MT,RW-9324,mtb,M,base,1,2299,true,2026-03-20
WEB-104465,2026-03-10,C004089,GA,RW-4418,mtb,M,carbon,1,4899,true,2026-03-12
WEB-104472,2026-03-10,C004096,NY,RW-4418,mtb,M,carbon,1,4899,true,2026-03-16
WEB-104493,2026-03-10,C004113,PA,RW-9901,mtb,L,base,1,2299,true,2026-03-20
WEB-104495,2026-03-10,C004114,UT,RW-9901,mtb,L,base,1,2299,true,2026-03-20
WEB-104496,2026-03-10,C004115,FL,RW-9901,mtb,L,base,1,2299,true,2026-03-12
WEB-104508,2026-03-10,C004126,MN,RW-6416,mtb,L,carbon,1,4899,true,2026-03-15
WEB-104516,2026-03-10,C004133,AZ,RW-6416,mtb,L,carbon,1,4899,true,2026-03-18
WEB-104270,2026-03-11,C003921,WA,RW-3980,road,S,carbon,1,3999,true,2026-03-17
WEB-104299,2026-03-11,C003946,MT,RW-9835,road,M,base,1,1899,true,2026-03-18
WEB-104309,2026-03-11,C003954,MA,RW-9835,road,M,base,1,1899,true,2026-03-18
WEB-104315,2026-03-11,C003958,PA,RW-9835,road,M,base,1,1899,true,2026-03-14
WEB-104345,2026-03-11,C003985,UT,RW-2984,road,M,carbon,1,3999,true,2026-03-20
WEB-104348,2026-03-11,C003988,MI,RW-2984,road,M,carbon,1,3999,true,2026-03-21
WEB-104351,2026-03-11,C000115,IL,RW-2984,road,M,carbon,1,3999,true,2026-03-17
WEB-104354,2026-03-11,C003993,TX,RW-2984,road,M,carbon,1,3999,true,2026-03-16
WEB-104375,2026-03-11,C004014,NC,RW-1378,road,L,carbon,1,3999,true,2026-03-17
WEB-104379,2026-03-11,C004018,WA,RW-1378,road,L,carbon,1,3999,true,2026-03-19
WEB-104392,2026-03-11,C002027,AZ,RW-1378,road,L,carbon,1,3999,true,2026-03-17
WEB-104393,2026-03-11,C004028,GA,RW-9304,mtb,S,carbon,1,4899,true,2026-03-14
WEB-104407,2026-03-11,C004042,MI,RW-9304,mtb,S,carbon,1,4899,true,2026-03-13
WEB-104425,2026-03-11,C001539,WA,RW-9324,mtb,M,base,1,2299,true,2026-03-14
WEB-104427,2026-03-11,C004057,UT,RW-9324,mtb,M,base,1,2299,true,2026-03-17
WEB-104448,2026-03-11,C000175,CO,RW-9324,mtb,M,base,1,2299,true,2026-03-15
WEB-104450,2026-03-11,C004076,MN,RW-9324,mtb,M,base,1,2299,true,2026-03-16
WEB-104452,2026-03-11,C004078,ID,RW-9324,mtb,M,base,1,2299,true,2026-03-13
WEB-104456,2026-03-11,C004082,ID,RW-4418,mtb,M,carbon,1,4899,true,2026-03-14
WEB-104457,2026-03-11,C004083,WA,RW-4418,mtb,M,carbon,1,4899,true,2026-03-14
WEB-104473,2026-03-11,C004097,CO,RW-4418,mtb,M,carbon,1,4899,true,2026-03-17
WEB-104475,2026-03-11,C003922,MN,RW-4418,mtb,M,carbon,1,4899,true,2026-03-14
WEB-104476,2026-03-11,C004098,MT,RW-4418,mtb,M,carbon,1,4899,true,2026-03-18
WEB-104500,2026-03-11,C004119,UT,RW-9901,mtb,L,base,1,2299,true,2026-03-16
WEB-104506,2026-03-11,C004124,NY,RW-9901,mtb,L,base,1,2299,true,2026-03-16
WEB-104511,2026-03-11,C004128,CO,RW-6416,mtb,L,carbon,1,4899,true,2026-03-13
WEB-104523,2026-03-11,C004140,MI,RW-6416,mtb,L,carbon,1,4899,true,2026-03-15
WEB-104268,2026-03-12,C003919,VT,RW-3980,road,S,carbon,1,3999,true,2026-03-19
WEB-104283,2026-03-12,C003931,TX,RW-3980,road,S,carbon,1,3999,true,2026-03-22
WEB-104289,2026-03-12,C003936,PA,RW-3980,road,S,carbon,1,3999,true,2026-03-16
WEB-104297,2026-03-12,C003944,NM,RW-9835,road,M,base,1,1899,true,2026-03-16
WEB-104298,2026-03-12,C003945,NC,RW-9835,road,M,base,1,1899,true,2026-03-22
WEB-104314,2026-03-12,C003573,OR,RW-9835,road,M,base,1,1899,true,2026-03-17
WEB-104317,2026-03-12,C003960,MN,RW-9835,road,M,base,1,1899,true,2026-03-20
WEB-104328,2026-03-12,C003970,NM,RW-9835,road,M,base,1,1899,true,2026-03-22
WEB-104336,2026-03-12,C001935,NM,RW-2984,road,M,carbon,1,3999,true,2026-03-15
WEB-104339,2026-03-12,C003979,MI,RW-2984,road,M,carbon,1,3999,true,2026-03-15
WEB-104340,2026-03-12,C003980,FL,RW-2984,road,M,carbon,1,3999,true,2026-03-14
WEB-104350,2026-03-12,C003990,MN,RW-2984,road,M,carbon,1,3999,true,2026-03-22
WEB-104355,2026-03-12,C003994,ID,RW-2984,road,M,carbon,1,3999,true,2026-03-18
WEB-104367,2026-03-12,C004006,MA,RW-7298,road,L,base,1,1899,true,2026-03-18
WEB-104368,2026-03-12,C004007,VT,RW-7298,road,L,base,1,1899,true,2026-03-14
WEB-104369,2026-03-12,C004008,CO,RW-7298,road,L,base,1,1899,true,2026-03-14
WEB-104370,2026-03-12,C004009,IL,RW-7298,road,L,base,1,1899,true,2026-03-14
WEB-104377,2026-03-12,C004016,MT,RW-1378,road,L,carbon,1,3999,true,2026-03-22
WEB-104378,2026-03-12,C004017,NC,RW-1378,road,L,carbon,1,3999,true,2026-03-14
WEB-104380,2026-03-12,C004019,PA,RW-1378,road,L,carbon,1,3999,true,2026-03-21
WEB-104387,2026-03-12,C004025,CO,RW-1378,road,L,carbon,1,3999,true,2026-03-22
WEB-104394,2026-03-12,C004029,MN,RW-9304,mtb,S,carbon,1,4899,true,2026-03-21
WEB-104397,2026-03-12,C004032,WA,RW-9304,mtb,S,carbon,1,4899,true,2026-03-18
WEB-104400,2026-03-12,C004035,ID,RW-9304,mtb,S,carbon,1,4899,true,2026-03-14
WEB-104406,2026-03-12,C004041,FL,RW-9304,mtb,S,carbon,1,4899,true,2026-03-22
WEB-104408,2026-03-12,C004043,MA,RW-9304,mtb,S,carbon,1,4899,true,2026-03-17
WEB-104411,2026-03-12,C003145,AZ,RW-9304,mtb,S,carbon,1,4899,true,2026-03-22
WEB-104417,2026-03-12,C004050,NM,RW-9304,mtb,S,carbon,1,4899,true,2026-03-18
WEB-104421,2026-03-12,C004053,MT,RW-9324,mtb,M,base,1,2299,true,2026-03-16
WEB-104430,2026-03-12,C004059,MN,RW-9324,mtb,M,base,1,2299,true,2026-03-14
WEB-104434,2026-03-12,C004063,AZ,RW-9324,mtb,M,base,1,2299,true,2026-03-21
WEB-104438,2026-03-12,C004067,ID,RW-9324,mtb,M,base,1,2299,true,2026-03-17
WEB-104458,2026-03-12,C004084,AZ,RW-4418,mtb,M,carbon,1,4899,true,2026-03-19
WEB-104459,2026-03-12,C004085,AZ,RW-4418,mtb,M,carbon,1,4899,true,2026-03-17
WEB-104464,2026-03-12,C004088,VT,RW-4418,mtb,M,carbon,1,4899,true,2026-03-21
WEB-104469,2026-03-12,C004093,OR,RW-4418,mtb,M,carbon,1,4899,true,2026-03-21
WEB-104485,2026-03-12,C004105,ID,RW-4418,mtb,M,carbon,1,4899,true,2026-03-19
WEB-104489,2026-03-12,C004109,MN,RW-9901,mtb,L,base,1,2299,true,2026-03-22
WEB-104491,2026-03-12,C004111,NC,RW-9901,mtb,L,base,1,2299,true,2026-03-17
WEB-104501,2026-03-12,C004120,AZ,RW-9901,mtb,L,base,1,2299,true,2026-03-16
WEB-104505,2026-03-12,C004123,FL,RW-9901,mtb,L,base,1,2299,true,2026-03-16
WEB-104510,2026-03-12,C000467,NY,RW-6416,mtb,L,carbon,1,4899,true,2026-03-16
WEB-104520,2026-03-12,C004137,MN,RW-6416,mtb,L,carbon,1,4899,true,2026-03-16
WEB-104522,2026-03-12,C004139,NY,RW-6416,mtb,L,carbon,1,4899,true,2026-03-19
WEB-104271,2026-03-13,C002529,GA,RW-3980,road,S,carbon,1,3999,true,2026-03-18
WEB-104278,2026-03-13,C003927,FL,RW-3980,road,S,carbon,1,3999,true,2026-03-20
WEB-104287,2026-03-13,C003935,MI,RW-3980,road,S,carbon,1,3999,true,2026-03-19
WEB-104296,2026-03-13,C003943,MT,RW-9835,road,M,base,1,1899,true,2026-03-15
WEB-104301,2026-03-13,C003947,MT,RW-9835,road,M,base,1,1899,true,2026-03-20
WEB-104306,2026-03-13,C003952,GA,RW-9835,road,M,base,1,1899,true,2026-03-18
WEB-104307,2026-03-13,C001291,NC,RW-9835,road,M,base,1,1899,true,2026-03-19
WEB-104308,2026-03-13,C003953,NC,RW-9835,road,M,base,1,1899,true,2026-03-19
WEB-104310,2026-03-13,C003955,CA,RW-9835,road,M,base,1,1899,true,2026-03-16
WEB-104325,2026-03-13,C003967,MA,RW-9835,road,M,base,1,1899,true,2026-03-16
WEB-104343,2026-03-13,C003983,OR,RW-2984,road,M,carbon,1,3999,true,2026-03-17
WEB-104347,2026-03-13,C003987,MI,RW-2984,road,M,carbon,1,3999,true,2026-03-23
WEB-104349,2026-03-13,C003989,NC,RW-2984,road,M,carbon,1,3999,true,2026-03-21
WEB-104352,2026-03-13,C003991,IL,RW-2984,road,M,carbon,1,3999,true,2026-03-23
WEB-104353,2026-03-13,C003992,MT,RW-2984,road,M,carbon,1,3999,true,2026-03-23
WEB-104361,2026-03-13,C004000,TX,RW-2984,road,M,carbon,1,3999,true,2026-03-18
WEB-104376,2026-03-13,C004015,CA,RW-1378,road,L,carbon,1,3999,true,2026-03-22
WEB-104381,2026-03-13,C004020,OR,RW-1378,road,L,carbon,1,3999,true,2026-03-20
WEB-104383,2026-03-13,C000053,PA,RW-1378,road,L,carbon,1,3999,true,2026-03-19
WEB-104384,2026-03-13,C004022,OR,RW-1378,road,L,carbon,1,3999,true,2026-03-15
WEB-104402,2026-03-13,C004037,ID,RW-9304,mtb,S,carbon,1,4899,true,2026-03-17
WEB-104403,2026-03-13,C004038,GA,RW-9304,mtb,S,carbon,1,4899,true,2026-03-17
WEB-104414,2026-03-13,C004047,NC,RW-9304,mtb,S,carbon,1,4899,true,2026-03-16
WEB-104415,2026-03-13,C004048,MA,RW-9304,mtb,S,carbon,1,4899,true,2026-03-20
WEB-104422,2026-03-13,C004054,MN,RW-9324,mtb,M,base,1,2299,true,2026-03-22
WEB-104429,2026-03-13,C002258,TX,RW-9324,mtb,M,base,1,2299,true,2026-03-17
WEB-104439,2026-03-13,C004068,PA,RW-9324,mtb,M,base,1,2299,true,2026-03-21
WEB-104444,2026-03-13,C004072,MN,RW-9324,mtb,M,base,1,2299,true,2026-03-23
WEB-104446,2026-03-13,C004074,NY,RW-9324,mtb,M,base,1,2299,true,2026-03-17
WEB-104449,2026-03-13,C004075,ID,RW-9324,mtb,M,base,1,2299,true,2026-03-19
WEB-104451,2026-03-13,C004077,UT,RW-9324,mtb,M,base,1,2299,true,2026-03-23
WEB-104461,2026-03-13,C002038,ID,RW-4418,mtb,M,carbon,1,4899,true,2026-03-22
WEB-104462,2026-03-13,C001959,AZ,RW-4418,mtb,M,carbon,1,4899,true,2026-03-20
WEB-104463,2026-03-13,C004087,CA,RW-4418,mtb,M,carbon,1,4899,true,2026-03-21
WEB-104466,2026-03-13,C004090,NY,RW-4418,mtb,M,carbon,1,4899,true,2026-03-15
WEB-104470,2026-03-13,C004094,PA,RW-4418,mtb,M,carbon,1,4899,true,2026-03-17
WEB-104474,2026-03-13,C001743,NY,RW-4418,mtb,M,carbon,1,4899,true,2026-03-18
WEB-104477,2026-03-13,C001660,AZ,RW-4418,mtb,M,carbon,1,4899,true,2026-03-16
WEB-104481,2026-03-13,C004102,MT,RW-4418,mtb,M,carbon,1,4899,true,2026-03-17
WEB-104483,2026-03-13,C004103,TX,RW-4418,mtb,M,carbon,1,4899,true,2026-03-22
WEB-104488,2026-03-13,C004108,AZ,RW-9901,mtb,L,base,1,2299,true,2026-03-23
WEB-104494,2026-03-13,C000909,MI,RW-9901,mtb,L,base,1,2299,true,2026-03-18
WEB-104502,2026-03-13,C003407,MT,RW-9901,mtb,L,base,1,2299,true,2026-03-21
WEB-104503,2026-03-13,C004121,NC,RW-9901,mtb,L,base,1,2299,true,2026-03-15
WEB-104512,2026-03-13,C004129,ID,RW-6416,mtb,L,carbon,1,4899,true,2026-03-15
WEB-104519,2026-03-13,C004136,VT,RW-6416,mtb,L,carbon,1,4899,true,2026-03-17
WEB-104269,2026-03-14,C003920,GA,RW-3980,road,S,carbon,1,3999,true,2026-03-20
WEB-104277,2026-03-14,C003926,MA,RW-3980,road,S,carbon,1,3999,true,2026-03-21
WEB-104280,2026-03-14,C002963,MN,RW-3980,road,S,carbon,1,3999,true,2026-03-22
WEB-104284,2026-03-14,C003932,MA,RW-3980,road,S,carbon,1,3999,true,2026-03-24
WEB-104285,2026-03-14,C003933,MT,RW-3980,road,S,carbon,1,3999,true,2026-03-23
WEB-104290,2026-03-14,C003937,NY,RW-3980,road,S,carbon,1,3999,true,2026-03-16
WEB-104293,2026-03-14,C003940,CO,RW-3980,road,S,carbon,1,3999,true,2026-03-23
WEB-104300,2026-03-14,C003546,ID,RW-9835,road,M,base,1,1899,true,2026-03-20
WEB-104303,2026-03-14,C003949,PA,RW-9835,road,M,base,1,1899,true,2026-03-22
WEB-104305,2026-03-14,C003951,TX,RW-9835,road,M,base,1,1899,true,2026-03-24
WEB-104311,2026-03-14,C003956,OR,RW-9835,road,M,base,1,1899,true,2026-03-20
WEB-104316,2026-03-14,C003959,MT,RW-9835,road,M,base,1,1899,true,2026-03-18
WEB-104319,2026-03-14,C000248,MA,RW-9835,road,M,base,1,1899,true,2026-03-18
WEB-104327,2026-03-14,C003969,VT,RW-9835,road,M,base,1,1899,true,2026-03-18
WEB-104332,2026-03-14,C003974,PA,RW-9835,road,M,base,1,1899,true,2026-03-21
WEB-104334,2026-03-14,C003976,CO,RW-9835,road,M,base,1,1899,true,2026-03-23
WEB-104337,2026-03-14,C001413,AZ,RW-2984,road,M,carbon,1,3999,true,2026-03-16
WEB-104358,2026-03-14,C003997,ID,RW-2984,road,M,carbon,1,3999,true,2026-03-20
WEB-104359,2026-03-14,C003998,PA,RW-2984,road,M,carbon,1,3999,true,2026-03-21
WEB-104360,2026-03-14,C003999,GA,RW-2984,road,M,carbon,1,3999,true,2026-03-20
WEB-104365,2026-03-14,C004004,MT,RW-7298,road,L,base,1,1899,true,2026-03-22
WEB-104371,2026-03-14,C004010,CO,RW-7298,road,L,base,1,1899,true,2026-03-16
WEB-104374,2026-03-14,C004013,NC,RW-1378,road,L,carbon,1,3999,true,2026-03-22
WEB-104388,2026-03-14,C001973,PA,RW-1378,road,L,carbon,1,3999,true,2026-03-23
WEB-104410,2026-03-14,C004045,ID,RW-9304,mtb,S,carbon,1,4899,true,2026-03-21
WEB-104418,2026-03-14,C004051,GA,RW-9324,mtb,M,base,1,2299,true,2026-03-23
WEB-104424,2026-03-14,C004055,MN,RW-9324,mtb,M,base,1,2299,true,2026-03-18
WEB-104428,2026-03-14,C004058,NM,RW-9324,mtb,M,base,1,2299,true,2026-03-17
WEB-104435,2026-03-14,C004064,NM,RW-9324,mtb,M,base,1,2299,true,2026-03-22
WEB-104437,2026-03-14,C004066,CO,RW-9324,mtb,M,base,1,2299,true,2026-03-16
WEB-104455,2026-03-14,C004081,MI,RW-4418,mtb,M,carbon,1,4899,true,2026-03-19
WEB-104467,2026-03-14,C004091,MI,RW-4418,mtb,M,carbon,1,4899,true,2026-03-18
WEB-104468,2026-03-14,C004092,WA,RW-4418,mtb,M,carbon,1,4899,true,2026-03-24
WEB-104480,2026-03-14,C004101,WA,RW-4418,mtb,M,carbon,1,4899,true,2026-03-23
WEB-104484,2026-03-14,C004104,AZ,RW-4418,mtb,M,carbon,1,4899,true,2026-03-21
WEB-104486,2026-03-14,C004106,WA,RW-4418,mtb,M,carbon,1,4899,true,2026-03-23
WEB-104487,2026-03-14,C004107,CA,RW-4418,mtb,M,carbon,1,4899,true,2026-03-19
WEB-104490,2026-03-14,C004110,NY,RW-9901,mtb,L,base,1,2299,true,2026-03-23
WEB-104498,2026-03-14,C004117,IL,RW-9901,mtb,L,base,1,2299,true,2026-03-23
WEB-104507,2026-03-14,C004125,UT,RW-9901,mtb,L,base,1,2299,true,2026-03-19
WEB-104513,2026-03-14,C004130,MA,RW-6416,mtb,L,carbon,1,4899,true,2026-03-22
WEB-104521,2026-03-14,C004138,WA,RW-6416,mtb,L,carbon,1,4899,true,2026-03-23
WEB-104524,2026-03-14,C004141,NC,RW-6416,mtb,L,carbon,1,4899,true,2026-03-24
WEB-104279,2026-03-15,C003928,NM,RW-3980,road,S,carbon,1,3999,true,2026-03-19
WEB-104282,2026-03-15,C003930,MI,RW-3980,road,S,carbon,1,3999,true,2026-03-19
WEB-104286,2026-03-15,C003934,MI,RW-3980,road,S,carbon,1,3999,true,2026-03-22
WEB-104288,2026-03-15,C003101,WA,RW-3980,road,S,carbon,1,3999,true,2026-03-20
WEB-104292,2026-03-15,C003939,TX,RW-3980,road,S,carbon,1,3999,true,2026-03-18
WEB-104294,2026-03-15,C003941,WA,RW-3980,road,S,carbon,1,3999,true,2026-03-23
WEB-104295,2026-03-15,C003942,ID,RW-3980,road,S,carbon,1,3999,true,2026-03-25
WEB-104318,2026-03-15,C003961,AZ,RW-9835,road,M,base,1,1899,true,2026-03-19
WEB-104322,2026-03-15,C003964,OR,RW-9835,road,M,base,1,1899,true,2026-03-21
WEB-104333,2026-03-15,C003975,IL,RW-9835,road,M,base,1,1899,true,2026-03-23
WEB-104335,2026-03-15,C003977,IL,RW-2984,road,M,carbon,1,3999,true,2026-03-24
WEB-104342,2026-03-15,C003982,IL,RW-2984,road,M,carbon,1,3999,true,2026-03-21
WEB-104346,2026-03-15,C003986,IL,RW-2984,road,M,carbon,1,3999,true,2026-03-19
WEB-104357,2026-03-15,C003996,CO,RW-2984,road,M,carbon,1,3999,true,2026-03-22
WEB-104363,2026-03-15,C004002,MA,RW-7298,road,L,base,1,1899,true,2026-03-18
WEB-104382,2026-03-15,C004021,MI,RW-1378,road,L,carbon,1,3999,true,2026-03-25
WEB-104385,2026-03-15,C004023,IL,RW-1378,road,L,carbon,1,3999,true,2026-03-20
WEB-104395,2026-03-15,C004030,UT,RW-9304,mtb,S,carbon,1,4899,true,2026-03-22
WEB-104401,2026-03-15,C004036,MI,RW-9304,mtb,S,carbon,1,4899,true,2026-03-20
WEB-104409,2026-03-15,C004044,WA,RW-9304,mtb,S,carbon,1,4899,true,2026-03-24
WEB-104412,2026-03-15,C002076,IL,RW-9304,mtb,S,carbon,1,4899,true,2026-03-21
WEB-104419,2026-03-15,C000259,PA,RW-9324,mtb,M,base,1,2299,true,2026-03-18
WEB-104420,2026-03-15,C004052,MN,RW-9324,mtb,M,base,1,2299,true,2026-03-18
WEB-104431,2026-03-15,C004060,AZ,RW-9324,mtb,M,base,1,2299,true,2026-03-24
WEB-104432,2026-03-15,C004061,OR,RW-9324,mtb,M,base,1,2299,true,2026-03-22
WEB-104436,2026-03-15,C004065,OR,RW-9324,mtb,M,base,1,2299,true,2026-03-19
WEB-104440,2026-03-15,C004069,GA,RW-9324,mtb,M,base,1,2299,true,2026-03-24
WEB-104441,2026-03-15,C004070,CO,RW-9324,mtb,M,base,1,2299,true,2026-03-24
WEB-104447,2026-03-15,C000430,IL,RW-9324,mtb,M,base,1,2299,true,2026-03-19
WEB-104454,2026-03-15,C004080,NC,RW-4418,mtb,M,carbon,1,4899,true,2026-03-24
WEB-104460,2026-03-15,C004086,FL,RW-4418,mtb,M,carbon,1,4899,true,2026-03-24
WEB-104478,2026-03-15,C004099,CA,RW-4418,mtb,M,carbon,1,4899,true,2026-03-23
WEB-104492,2026-03-15,C004112,IL,RW-9901,mtb,L,base,1,2299,true,2026-03-23
WEB-104499,2026-03-15,C004118,MT,RW-9901,mtb,L,base,1,2299,true,2026-03-18
WEB-104514,2026-03-15,C004131,VT,RW-6416,mtb,L,carbon,1,4899,true,2026-03-25
WEB-104515,2026-03-15,C004132,IL,RW-6416,mtb,L,carbon,1,4899,true,2026-03-19
WEB-104517,2026-03-15,C004134,MA,RW-6416,mtb,L,carbon,1,4899,true,2026-03-19
WEB-104518,2026-03-15,C004135,ID,RW-6416,mtb,L,carbon,1,4899,true,2026-03-19
WEB-104571,2026-03-16,C004184,MI,RW-9835,road,M,base,1,1899,true,2026-03-22
WEB-104575,2026-03-16,C004188,PA,RW-9835,road,M,base,1,1899,true,2026-03-21
WEB-104579,2026-03-16,C004192,TX,RW-2984,road,M,carbon,1,3999,true,2026-03-22
WEB-104580,2026-03-16,C004193,MN,RW-2984,road,M,carbon,1,3999,true,2026-03-18
WEB-104581,2026-03-16,C001137,FL,RW-2984,road,M,carbon,1,3999,true,2026-03-22
WEB-104591,2026-03-16,C004202,PA,RW-2984,road,M,carbon,1,3999,true,2026-03-23
WEB-104592,2026-03-16,C004203,UT,RW-2984,road,M,carbon,1,3999,true,2026-03-20
WEB-104598,2026-03-16,C004209,AZ,RW-2984,road,M,carbon,1,3999,true,2026-03-20
WEB-104628,2026-03-16,C004237,ID,RW-7298,road,L,base,1,1899,true,2026-03-23
WEB-104633,2026-03-16,C004242,NM,RW-1378,road,L,carbon,1,3999,true,2026-03-23
WEB-104636,2026-03-16,C004245,TX,RW-1378,road,L,carbon,1,3999,true,2026-03-26
WEB-104646,2026-03-16,C004255,NM,RW-1378,road,L,carbon,1,3999,true,2026-03-24
WEB-104654,2026-03-16,C004263,OR,RW-1378,road,L,carbon,1,3999,true,2026-03-26
WEB-104657,2026-03-16,C004266,IL,RW-9304,mtb,S,carbon,1,4899,true,2026-03-23
WEB-104659,2026-03-16,C004268,IL,RW-9304,mtb,S,carbon,1,4899,true,2026-03-24
WEB-104666,2026-03-16,C004275,FL,RW-9304,mtb,S,carbon,1,4899,true,2026-03-18
WEB-104668,2026-03-16,C004277,AZ,RW-9304,mtb,S,carbon,1,4899,true,2026-03-23
WEB-104678,2026-03-16,C000159,NM,RW-9304,mtb,S,carbon,1,4899,true,2026-03-23
WEB-104689,2026-03-16,C004296,VT,RW-9324,mtb,M,base,1,2299,true,2026-03-21
WEB-104696,2026-03-16,C004303,AZ,RW-9324,mtb,M,base,1,2299,true,2026-03-23
WEB-104699,2026-03-16,C004306,NC,RW-9324,mtb,M,base,1,2299,true,2026-03-24
WEB-104701,2026-03-16,C004308,UT,RW-9324,mtb,M,base,1,2299,true,2026-03-21
WEB-104705,2026-03-16,C004312,AZ,RW-9324,mtb,M,base,1,2299,true,2026-03-25
WEB-104712,2026-03-16,C004319,FL,RW-9324,mtb,M,base,1,2299,true,2026-03-26
WEB-104719,2026-03-16,C004325,MA,RW-9324,mtb,M,base,1,2299,true,2026-03-20
WEB-104720,2026-03-16,C004326,MA,RW-9324,mtb,M,base,1,2299,true,2026-03-26
WEB-104724,2026-03-16,C004329,ID,RW-9324,mtb,M,base,1,2299,true,2026-03-20
WEB-104737,2026-03-16,C004341,ID,RW-4418,mtb,M,carbon,1,4899,true,2026-03-24
WEB-104742,2026-03-16,C002012,IL,RW-4418,mtb,M,carbon,1,4899,true,2026-03-18
WEB-104745,2026-03-16,C004346,FL,RW-4418,mtb,M,carbon,1,4899,true,2026-03-22
WEB-104746,2026-03-16,C004347,NY,RW-4418,mtb,M,carbon,1,4899,true,2026-03-19
WEB-104747,2026-03-16,C004348,TX,RW-4418,mtb,M,carbon,1,4899,true,2026-03-23
WEB-104757,2026-03-16,C004358,GA,RW-9901,mtb,L,base,1,2299,true,2026-03-19
WEB-104771,2026-03-16,C004372,MA,RW-9901,mtb,L,base,1,2299,true,2026-03-21
WEB-104529,2026-03-17,C004146,MA,RW-3980,road,S,carbon,1,3999,true,2026-03-19
WEB-104543,2026-03-17,C004159,GA,RW-3980,road,S,carbon,1,3999,true,2026-03-22
WEB-104551,2026-03-17,C004166,TX,RW-3980,road,S,carbon,1,3999,true,2026-03-20
WEB-104558,2026-03-17,C004172,GA,RW-9835,road,M,base,1,1899,true,2026-03-24
WEB-104587,2026-03-17,C004199,NM,RW-2984,road,M,carbon,1,3999,true,2026-03-26
WEB-104612,2026-03-17,C004222,PA,RW-2984,road,M,carbon,1,3999,true,2026-03-22
WEB-104625,2026-03-17,C004235,GA,RW-7298,road,L,base,1,1899,true,2026-03-27
WEB-104626,2026-03-17,C000579,MT,RW-7298,road,L,base,1,1899,true,2026-03-26
WEB-104639,2026-03-17,C004248,MT,RW-1378,road,L,carbon,1,3999,true,2026-03-20
WEB-104664,2026-03-17,C004273,IL,RW-9304,mtb,S,carbon,1,4899,true,2026-03-24
WEB-104670,2026-03-17,C004279,IL,RW-9304,mtb,S,carbon,1,4899,true,2026-03-26
WEB-104692,2026-03-17,C004299,UT,RW-9324,mtb,M,base,1,2299,true,2026-03-26
WEB-104706,2026-03-17,C004313,FL,RW-9324,mtb,M,base,1,2299,true,2026-03-19
WEB-104714,2026-03-17,C003429,FL,RW-9324,mtb,M,base,1,2299,true,2026-03-19
WEB-104722,2026-03-17,C003012,UT,RW-9324,mtb,M,base,1,2299,true,2026-03-20
WEB-104728,2026-03-17,C004333,AZ,RW-9324,mtb,M,base,1,2299,true,2026-03-19
WEB-104731,2026-03-17,C004325,IL,RW-4418,mtb,M,carbon,1,4899,true,2026-03-21
WEB-104736,2026-03-17,C004340,FL,RW-4418,mtb,M,carbon,1,4899,true,2026-03-24
WEB-104753,2026-03-17,C004354,MN,RW-9901,mtb,L,base,1,2299,true,2026-03-25
WEB-104754,2026-03-17,C004355,MI,RW-9901,mtb,L,base,1,2299,true,2026-03-26
WEB-104759,2026-03-17,C004360,NC,RW-9901,mtb,L,base,1,2299,true,2026-03-22
WEB-104762,2026-03-17,C004363,FL,RW-9901,mtb,L,base,1,2299,true,2026-03-19
WEB-104778,2026-03-17,C004376,ID,RW-9901,mtb,L,base,1,2299,true,2026-03-22
WEB-104781,2026-03-17,C004379,OR,RW-6416,mtb,L,carbon,1,4899,true,2026-03-19
WEB-104783,2026-03-17,C004381,PA,RW-6416,mtb,L,carbon,1,4899,true,2026-03-25
WEB-104793,2026-03-17,C004391,WA,RW-6416,mtb,L,carbon,1,4899,true,2026-03-19
WEB-104536,2026-03-18,C004152,CA,RW-3980,road,S,carbon,1,3999,true,2026-03-27
WEB-104541,2026-03-18,C004157,MI,RW-3980,road,S,carbon,1,3999,true,2026-03-23
WEB-104554,2026-03-18,C004169,PA,RW-9835,road,M,base,1,1899,true,2026-03-21
WEB-104555,2026-03-18,C004170,WA,RW-9835,road,M,base,1,1899,true,2026-03-26
WEB-104563,2026-03-18,C004177,CO,RW-9835,road,M,base,1,1899,true,2026-03-21
WEB-104566,2026-03-18,C004179,VT,RW-9835,road,M,base,1,1899,true,2026-03-26
WEB-104569,2026-03-18,C004182,NC,RW-9835,road,M,base,1,1899,true,2026-03-21
WEB-104577,2026-03-18,C004190,OR,RW-9835,road,M,base,1,1899,true,2026-03-25
WEB-104584,2026-03-18,C004196,FL,RW-2984,road,M,carbon,1,3999,true,2026-03-21
WEB-104608,2026-03-18,C004219,PA,RW-2984,road,M,carbon,1,3999,true,2026-03-23
WEB-104609,2026-03-18,C003205,CA,RW-2984,road,M,carbon,1,3999,true,2026-03-21
WEB-104610,2026-03-18,C004220,ID,RW-2984,road,M,carbon,1,3999,true,2026-03-26
WEB-104615,2026-03-18,C004225,ID,RW-2984,road,M,carbon,1,3999,true,2026-03-21
WEB-104616,2026-03-18,C004226,CA,RW-7298,road,L,base,1,1899,true,2026-03-23
WEB-104624,2026-03-18,C004234,OR,RW-7298,road,L,base,1,1899,true,2026-03-24
WEB-104630,2026-03-18,C004239,AZ,RW-7298,road,L,base,1,1899,true,2026-03-25
WEB-104632,2026-03-18,C004241,ID,RW-1378,road,L,carbon,1,3999,true,2026-03-26
WEB-104653,2026-03-18,C004262,IL,RW-1378,road,L,carbon,1,3999,true,2026-03-27
WEB-104669,2026-03-18,C004278,MI,RW-9304,mtb,S,carbon,1,4899,true,2026-03-26
WEB-104677,2026-03-18,C004286,WA,RW-9304,mtb,S,carbon,1,4899,true,2026-03-24
WEB-104694,2026-03-18,C004301,CA,RW-9324,mtb,M,base,1,2299,true,2026-03-24
WEB-104704,2026-03-18,C004311,OR,RW-9324,mtb,M,base,1,2299,true,2026-03-27
WEB-104709,2026-03-18,C004316,GA,RW-9324,mtb,M,base,1,2299,true,2026-03-25
WEB-104715,2026-03-18,C004321,WA,RW-9324,mtb,M,base,1,2299,true,2026-03-22
WEB-104723,2026-03-18,C004328,AZ,RW-9324,mtb,M,base,1,2299,true,2026-03-27
WEB-104725,2026-03-18,C004330,MA,RW-9324,mtb,M,base,1,2299,true,2026-03-26
WEB-104738,2026-03-18,C004342,MI,RW-4418,mtb,M,carbon,1,4899,true,2026-03-26
WEB-104748,2026-03-18,C004349,CO,RW-4418,mtb,M,carbon,1,4899,true,2026-03-28
WEB-104749,2026-03-18,C004350,UT,RW-4418,mtb,M,carbon,1,4899,true,2026-03-26
WEB-104752,2026-03-18,C004353,OR,RW-9901,mtb,L,base,1,2299,true,2026-03-21
WEB-104758,2026-03-18,C004359,PA,RW-9901,mtb,L,base,1,2299,true,2026-03-21
WEB-104766,2026-03-18,C004367,NY,RW-9901,mtb,L,base,1,2299,true,2026-03-27
WEB-104767,2026-03-18,C004368,VT,RW-9901,mtb,L,base,1,2299,true,2026-03-20
WEB-104768,2026-03-18,C004369,CA,RW-9901,mtb,L,base,1,2299,true,2026-03-28
WEB-104777,2026-03-18,C002193,UT,RW-9901,mtb,L,base,1,2299,true,2026-03-28
WEB-104788,2026-03-18,C004386,MA,RW-6416,mtb,L,carbon,1,4899,true,2026-03-20
WEB-104538,2026-03-19,C004154,NM,RW-3980,road,S,carbon,1,3999,true,2026-03-23
WEB-104557,2026-03-19,C004171,CO,RW-9835,road,M,base,1,1899,true,2026-03-29
WEB-104559,2026-03-19,C004173,NM,RW-9835,road,M,base,1,1899,true,2026-03-21
WEB-104560,2026-03-19,C004174,GA,RW-9835,road,M,base,1,1899,true,2026-03-22
WEB-104565,2026-03-19,C004178,VT,RW-9835,road,M,base,1,1899,true,2026-03-22
WEB-104572,2026-03-19,C004185,GA,RW-9835,road,M,base,1,1899,true,2026-03-22
WEB-104573,2026-03-19,C004186,OR,RW-9835,road,M,base,1,1899,true,2026-03-23
WEB-104574,2026-03-19,C004187,TX,RW-9835,road,M,base,1,1899,true,2026-03-28
WEB-104582,2026-03-19,C004194,OR,RW-2984,road,M,carbon,1,3999,true,2026-03-26
WEB-104586,2026-03-19,C004198,MN,RW-2984,road,M,carbon,1,3999,true,2026-03-28
WEB-104599,2026-03-19,C004210,PA,RW-2984,road,M,carbon,1,3999,true,2026-03-26
WEB-104601,2026-03-19,C004212,FL,RW-2984,road,M,carbon,1,3999,true,2026-03-22
WEB-104603,2026-03-19,C004214,FL,RW-2984,road,M,carbon,1,3999,true,2026-03-22
WEB-104614,2026-03-19,C004224,MT,RW-2984,road,M,carbon,1,3999,true,2026-03-25
WEB-104618,2026-03-19,C004228,TX,RW-7298,road,L,base,1,1899,true,2026-03-29
WEB-104622,2026-03-19,C004232,UT,RW-7298,road,L,base,1,1899,true,2026-03-25
WEB-104629,2026-03-19,C004238,NY,RW-7298,road,L,base,1,1899,true,2026-03-26
WEB-104631,2026-03-19,C004240,OR,RW-7298,road,L,base,1,1899,true,2026-03-23
WEB-104638,2026-03-19,C004247,MA,RW-1378,road,L,carbon,1,3999,true,2026-03-22
WEB-104651,2026-03-19,C004260,IL,RW-1378,road,L,carbon,1,3999,true,2026-03-24
WEB-104652,2026-03-19,C004261,MN,RW-1378,road,L,carbon,1,3999,true,2026-03-25
WEB-104655,2026-03-19,C004264,UT,RW-1378,road,L,carbon,1,3999,true,2026-03-22
WEB-104656,2026-03-19,C004265,FL,RW-1378,road,L,carbon,1,3999,true,2026-03-22
WEB-104662,2026-03-19,C004271,NC,RW-9304,mtb,S,carbon,1,4899,true,2026-03-25
WEB-104663,2026-03-19,C004272,UT,RW-9304,mtb,S,carbon,1,4899,true,2026-03-21
WEB-104671,2026-03-19,C004280,NC,RW-9304,mtb,S,carbon,1,4899,true,2026-03-29
WEB-104672,2026-03-19,C004281,OR,RW-9304,mtb,S,carbon,1,4899,true,2026-03-22
WEB-104683,2026-03-19,C004290,FL,RW-9304,mtb,S,carbon,1,4899,true,2026-03-26
WEB-104703,2026-03-19,C004310,CA,RW-9324,mtb,M,base,1,2299,true,2026-03-27
WEB-104729,2026-03-19,C004334,UT,RW-9324,mtb,M,base,1,2299,true,2026-03-25
WEB-104743,2026-03-19,C004344,TX,RW-4418,mtb,M,carbon,1,4899,true,2026-03-28
WEB-104751,2026-03-19,C004352,AZ,RW-4418,mtb,M,carbon,1,4899,true,2026-03-26
WEB-104761,2026-03-19,C004362,VT,RW-9901,mtb,L,base,1,2299,true,2026-03-27
WEB-104764,2026-03-19,C004365,AZ,RW-9901,mtb,L,base,1,2299,true,2026-03-21
WEB-104765,2026-03-19,C004366,MN,RW-9901,mtb,L,base,1,2299,true,2026-03-25
WEB-104770,2026-03-19,C004371,AZ,RW-9901,mtb,L,base,1,2299,true,2026-03-27
WEB-104774,2026-03-19,C003614,ID,RW-9901,mtb,L,base,1,2299,true,2026-03-26
WEB-104526,2026-03-20,C004143,NY,RW-3980,road,S,carbon,1,3999,true,2026-03-25
WEB-104528,2026-03-20,C004145,PA,RW-3980,road,S,carbon,1,3999,true,2026-03-29
WEB-104531,2026-03-20,C004147,MI,RW-3980,road,S,carbon,1,3999,true,2026-03-27
WEB-104537,2026-03-20,C004153,WA,RW-3980,road,S,carbon,1,3999,true,2026-03-29
WEB-104540,2026-03-20,C004156,AZ,RW-3980,road,S,carbon,1,3999,true,2026-03-24
WEB-104545,2026-03-20,C002998,NC,RW-3980,road,S,carbon,1,3999,true,2026-03-29
WEB-104547,2026-03-20,C004162,MI,RW-3980,road,S,carbon,1,3999,true,2026-03-29
WEB-104552,2026-03-20,C004167,AZ,RW-3980,road,S,carbon,1,3999,true,2026-03-27
WEB-104556,2026-03-20,C003852,CO,RW-9835,road,M,base,1,1899,true,2026-03-30
WEB-104562,2026-03-20,C004176,WA,RW-9835,road,M,base,1,1899,true,2026-03-23
WEB-104568,2026-03-20,C004181,OR,RW-9835,road,M,base,1,1899,true,2026-03-28
WEB-104588,2026-03-20,C004200,MA,RW-2984,road,M,carbon,1,3999,true,2026-03-30
WEB-104589,2026-03-20,C004201,MI,RW-2984,road,M,carbon,1,3999,true,2026-03-26
WEB-104596,2026-03-20,C004207,TX,RW-2984,road,M,carbon,1,3999,true,2026-03-27
WEB-104602,2026-03-20,C004213,MI,RW-2984,road,M,carbon,1,3999,true,2026-03-25
WEB-104611,2026-03-20,C004221,NC,RW-2984,road,M,carbon,1,3999,true,2026-03-24
WEB-104621,2026-03-20,C004231,CA,RW-7298,road,L,base,1,1899,true,2026-03-23
WEB-104640,2026-03-20,C004249,MI,RW-1378,road,L,carbon,1,3999,true,2026-03-27
WEB-104643,2026-03-20,C004252,NY,RW-1378,road,L,carbon,1,3999,true,2026-03-26
WEB-104674,2026-03-20,C004283,MN,RW-9304,mtb,S,carbon,1,4899,true,2026-03-25
WEB-104685,2026-03-20,C004292,OR,RW-9304,mtb,S,carbon,1,4899,true,2026-03-23
WEB-104686,2026-03-20,C004293,ID,RW-9304,mtb,S,carbon,1,4899,true,2026-03-22
WEB-104690,2026-03-20,C004297,CO,RW-9324,mtb,M,base,1,2299,true,2026-03-27
WEB-104691,2026-03-20,C004298,FL,RW-9324,mtb,M,base,1,2299,true,2026-03-26
WEB-104695,2026-03-20,C004302,MT,RW-9324,mtb,M,base,1,2299,true,2026-03-27
WEB-104697,2026-03-20,C004304,NY,RW-9324,mtb,M,base,1,2299,true,2026-03-29
WEB-104700,2026-03-20,C004307,NM,RW-9324,mtb,M,base,1,2299,true,2026-03-24
WEB-104702,2026-03-20,C004309,GA,RW-9324,mtb,M,base,1,2299,true,2026-03-27
WEB-104707,2026-03-20,C004314,MN,RW-9324,mtb,M,base,1,2299,true,2026-03-26
WEB-104708,2026-03-20,C004315,CO,RW-9324,mtb,M,base,1,2299,true,2026-03-23
WEB-104710,2026-03-20,C004317,MN,RW-9324,mtb,M,base,1,2299,true,2026-03-24
WEB-104716,2026-03-20,C004322,MI,RW-9324,mtb,M,base,1,2299,true,2026-03-28
WEB-104721,2026-03-20,C004327,MI,RW-9324,mtb,M,base,1,2299,true,2026-03-22
WEB-104727,2026-03-20,C004332,NC,RW-9324,mtb,M,base,1,2299,true,2026-03-24
WEB-104730,2026-03-20,C004335,OR,RW-4418,mtb,M,carbon,1,4899,true,2026-03-26
WEB-104732,2026-03-20,C004336,NY,RW-4418,mtb,M,carbon,1,4899,true,2026-03-25
WEB-104750,2026-03-20,C004351,AZ,RW-4418,mtb,M,carbon,1,4899,true,2026-03-30
WEB-104760,2026-03-20,C004361,FL,RW-9901,mtb,L,base,1,2299,true,2026-03-25
WEB-104763,2026-03-20,C004364,OR,RW-9901,mtb,L,base,1,2299,true,2026-03-24
WEB-104773,2026-03-20,C000096,NY,RW-9901,mtb,L,base,1,2299,true,2026-03-30
WEB-104780,2026-03-20,C004378,IL,RW-6416,mtb,L,carbon,1,4899,true,2026-03-23
WEB-104787,2026-03-20,C004385,NY,RW-6416,mtb,L,carbon,1,4899,true,2026-03-27
WEB-104792,2026-03-20,C004390,MT,RW-6416,mtb,L,carbon,1,4899,true,2026-03-25
WEB-104527,2026-03-21,C004144,OR,RW-3980,road,S,carbon,1,3999,true,2026-03-28
WEB-104532,2026-03-21,C004148,ID,RW-3980,road,S,carbon,1,3999,true,2026-03-29
WEB-104533,2026-03-21,C004149,NY,RW-3980,road,S,carbon,1,3999,true,2026-03-25
WEB-104535,2026-03-21,C004151,VT,RW-3980,road,S,carbon,1,3999,true,2026-03-23
WEB-104539,2026-03-21,C004155,GA,RW-3980,road,S,carbon,1,3999,true,2026-03-30
WEB-104542,2026-03-21,C004158,MA,RW-3980,road,S,carbon,1,3999,true,2026-03-29
WEB-104544,2026-03-21,C004160,TX,RW-3980,road,S,carbon,1,3999,true,2026-03-29
WEB-104546,2026-03-21,C004161,NY,RW-3980,road,S,carbon,1,3999,true,2026-03-24
WEB-104561,2026-03-21,C004175,UT,RW-9835,road,M,base,1,1899,true,2026-03-30
WEB-104564,2026-03-21,C001119,PA,RW-9835,road,M,base,1,1899,true,2026-03-30
WEB-104578,2026-03-21,C004191,VT,RW-9835,road,M,base,1,1899,true,2026-03-23
WEB-104593,2026-03-21,C004204,UT,RW-2984,road,M,carbon,1,3999,true,2026-03-31
WEB-104594,2026-03-21,C004205,OR,RW-2984,road,M,carbon,1,3999,true,2026-03-29
WEB-104595,2026-03-21,C004206,NY,RW-2984,road,M,carbon,1,3999,true,2026-03-29
WEB-104600,2026-03-21,C004211,MN,RW-2984,road,M,carbon,1,3999,true,2026-03-23
WEB-104605,2026-03-21,C004216,MT,RW-2984,road,M,carbon,1,3999,true,2026-03-31
WEB-104607,2026-03-21,C004218,MI,RW-2984,road,M,carbon,1,3999,true,2026-03-23
WEB-104613,2026-03-21,C004223,VT,RW-2984,road,M,carbon,1,3999,true,2026-03-27
WEB-104617,2026-03-21,C004227,CA,RW-7298,road,L,base,1,1899,true,2026-03-23
WEB-104619,2026-03-21,C004229,FL,RW-7298,road,L,base,1,1899,true,2026-03-31
WEB-104635,2026-03-21,C004244,NY,RW-1378,road,L,carbon,1,3999,true,2026-03-28
WEB-104637,2026-03-21,C004246,MI,RW-1378,road,L,carbon,1,3999,true,2026-03-29
WEB-104641,2026-03-21,C004250,MT,RW-1378,road,L,carbon,1,3999,true,2026-03-23
WEB-104645,2026-03-21,C004254,MI,RW-1378,road,L,carbon,1,3999,true,2026-03-29
WEB-104648,2026-03-21,C004257,AZ,RW-1378,road,L,carbon,1,3999,true,2026-03-23
WEB-104649,2026-03-21,C004258,UT,RW-1378,road,L,carbon,1,3999,true,2026-03-30
WEB-104650,2026-03-21,C004259,UT,RW-1378,road,L,carbon,1,3999,true,2026-03-29
WEB-104658,2026-03-21,C004267,AZ,RW-9304,mtb,S,carbon,1,4899,true,2026-03-27
WEB-104661,2026-03-21,C004270,NY,RW-9304,mtb,S,carbon,1,4899,true,2026-03-25
WEB-104667,2026-03-21,C004276,GA,RW-9304,mtb,S,carbon,1,4899,true,2026-03-23
WEB-104673,2026-03-21,C004282,TX,RW-9304,mtb,S,carbon,1,4899,true,2026-03-25
WEB-104675,2026-03-21,C004284,NC,RW-9304,mtb,S,carbon,1,4899,true,2026-03-31
WEB-104679,2026-03-21,C004287,NM,RW-9304,mtb,S,carbon,1,4899,true,2026-03-25
WEB-104681,2026-03-21,C001749,UT,RW-9304,mtb,S,carbon,1,4899,true,2026-03-30
WEB-104684,2026-03-21,C004291,CO,RW-9304,mtb,S,carbon,1,4899,true,2026-03-25
WEB-104687,2026-03-21,C004294,AZ,RW-9324,mtb,M,base,1,2299,true,2026-03-27
WEB-104711,2026-03-21,C004318,AZ,RW-9324,mtb,M,base,1,2299,true,2026-03-25
WEB-104713,2026-03-21,C004320,WA,RW-9324,mtb,M,base,1,2299,true,2026-03-31
WEB-104726,2026-03-21,C004331,MN,RW-9324,mtb,M,base,1,2299,true,2026-03-31
WEB-104734,2026-03-21,C004338,IL,RW-4418,mtb,M,carbon,1,4899,true,2026-03-23
WEB-104740,2026-03-21,C003072,FL,RW-4418,mtb,M,carbon,1,4899,true,2026-03-26
WEB-104741,2026-03-21,C004343,PA,RW-4418,mtb,M,carbon,1,4899,true,2026-03-28
WEB-104756,2026-03-21,C004357,UT,RW-9901,mtb,L,base,1,2299,true,2026-03-25
WEB-104769,2026-03-21,C004370,MN,RW-9901,mtb,L,base,1,2299,true,2026-03-24
WEB-104772,2026-03-21,C004373,MI,RW-9901,mtb,L,base,1,2299,true,2026-03-28
WEB-104775,2026-03-21,C004374,UT,RW-9901,mtb,L,base,1,2299,true,2026-03-24
WEB-104776,2026-03-21,C004375,NY,RW-9901,mtb,L,base,1,2299,true,2026-03-30
WEB-104779,2026-03-21,C004377,MA,RW-9901,mtb,L,base,1,2299,true,2026-03-30
WEB-104782,2026-03-21,C004380,WA,RW-6416,mtb,L,carbon,1,4899,true,2026-03-24
WEB-104784,2026-03-21,C004382,MT,RW-6416,mtb,L,carbon,1,4899,true,2026-03-28
WEB-104785,2026-03-21,C004383,AZ,RW-6416,mtb,L,carbon,1,4899,true,2026-03-31
WEB-104786,2026-03-21,C004384,NC,RW-6416,mtb,L,carbon,1,4899,true,2026-03-30
WEB-104791,2026-03-21,C004389,NY,RW-6416,mtb,L,carbon,1,4899,true,2026-03-28
WEB-104794,2026-03-21,C004392,AZ,RW-6416,mtb,L,carbon,1,4899,true,2026-03-24
WEB-104530,2026-03-22,C000507,TX,RW-3980,road,S,carbon,1,3999,true,2026-03-28
WEB-104534,2026-03-22,C004150,MA,RW-3980,road,S,carbon,1,3999,true,2026-03-28
WEB-104548,2026-03-22,C004163,GA,RW-3980,road,S,carbon,1,3999,true,2026-03-28
WEB-104549,2026-03-22,C004164,MN,RW-3980,road,S,carbon,1,3999,true,2026-04-01
WEB-104550,2026-03-22,C004165,CA,RW-3980,road,S,carbon,1,3999,true,2026-03-31
WEB-104553,2026-03-22,C004168,IL,RW-9835,road,M,base,1,1899,true,2026-03-30
WEB-104567,2026-03-22,C004180,NY,RW-9835,road,M,base,1,1899,true,2026-03-27
WEB-104570,2026-03-22,C004183,NC,RW-9835,road,M,base,1,1899,true,2026-04-01
WEB-104576,2026-03-22,C004189,MT,RW-9835,road,M,base,1,1899,true,2026-03-30
WEB-104583,2026-03-22,C004195,MA,RW-2984,road,M,carbon,1,3999,true,2026-03-29
WEB-104585,2026-03-22,C004197,NY,RW-2984,road,M,carbon,1,3999,true,2026-03-24
WEB-104590,2026-03-22,C002341,CO,RW-2984,road,M,carbon,1,3999,true,2026-03-29
WEB-104597,2026-03-22,C004208,NC,RW-2984,road,M,carbon,1,3999,true,2026-03-27
WEB-104604,2026-03-22,C004215,NM,RW-2984,road,M,carbon,1,3999,true,2026-03-31
WEB-104606,2026-03-22,C004217,FL,RW-2984,road,M,carbon,1,3999,true,2026-03-31
WEB-104620,2026-03-22,C004230,PA,RW-7298,road,L,base,1,1899,true,2026-03-30
WEB-104623,2026-03-22,C004233,PA,RW-7298,road,L,base,1,1899,true,2026-04-01
WEB-104627,2026-03-22,C004236,ID,RW-7298,road,L,base,1,1899,true,2026-03-30
WEB-104634,2026-03-22,C004243,MI,RW-1378,road,L,carbon,1,3999,true,2026-03-29
WEB-104642,2026-03-22,C004251,IL,RW-1378,road,L,carbon,1,3999,true,2026-03-27
WEB-104644,2026-03-22,C004253,FL,RW-1378,road,L,carbon,1,3999,true,2026-03-24
WEB-104647,2026-03-22,C004256,GA,RW-1378,road,L,carbon,1,3999,true,2026-03-24
WEB-104660,2026-03-22,C004269,TX,RW-9304,mtb,S,carbon,1,4899,true,2026-03-28
WEB-104665,2026-03-22,C004274,MI,RW-9304,mtb,S,carbon,1,4899,true,2026-04-01
WEB-104676,2026-03-22,C004285,NY,RW-9304,mtb,S,carbon,1,4899,true,2026-03-26
WEB-104680,2026-03-22,C004288,NM,RW-9304,mtb,S,carbon,1,4899,true,2026-03-31
WEB-104682,2026-03-22,C004289,IL,RW-9304,mtb,S,carbon,1,4899,true,2026-03-31
WEB-104688,2026-03-22,C004295,VT,RW-9324,mtb,M,base,1,2299,true,2026-03-31
WEB-104693,2026-03-22,C004300,TX,RW-9324,mtb,M,base,1,2299,true,2026-03-27
WEB-104698,2026-03-22,C004305,MA,RW-9324,mtb,M,base,1,2299,true,2026-03-25
WEB-104717,2026-03-22,C004323,MI,RW-9324,mtb,M,base,1,2299,true,2026-03-27
WEB-104718,2026-03-22,C004324,MN,RW-9324,mtb,M,base,1,2299,true,2026-03-30
WEB-104733,2026-03-22,C004337,MA,RW-4418,mtb,M,carbon,1,4899,true,2026-03-31
WEB-104735,2026-03-22,C004339,CO,RW-4418,mtb,M,carbon,1,4899,true,2026-03-24
WEB-104739,2026-03-22,C001920,MI,RW-4418,mtb,M,carbon,1,4899,true,2026-04-01
WEB-104744,2026-03-22,C004345,NC,RW-4418,mtb,M,carbon,1,4899,true,2026-04-01
WEB-104755,2026-03-22,C004356,IL,RW-9901,mtb,L,base,1,2299,true,2026-04-01
WEB-104789,2026-03-22,C004387,MA,RW-6416,mtb,L,carbon,1,4899,true,2026-03-30
WEB-104790,2026-03-22,C004388,ID,RW-6416,mtb,L,carbon,1,4899,true,2026-03-28
WEB-104800,2026-03-23,C004398,MT,RW-3980,road,S,carbon,1,3999,true,2026-03-27
WEB-104808,2026-03-23,C004406,MA,RW-3980,road,S,carbon,1,3999,true,2026-03-25
WEB-104819,2026-03-23,C004415,GA,RW-3980,road,S,carbon,1,3999,true,2026-04-02
WEB-104822,2026-03-23,C004418,FL,RW-3980,road,S,carbon,1,3999,true,2026-03-29
WEB-104825,2026-03-23,C004421,NM,RW-3980,road,S,carbon,1,3999,true,2026-04-02
WEB-104830,2026-03-23,C004426,GA,RW-9835,road,M,base,1,1899,true,2026-03-30
WEB-104837,2026-03-23,C004432,TX,RW-9835,road,M,base,1,1899,true,2026-03-27
WEB-104854,2026-03-23,C003302,VT,RW-9835,road,M,base,1,1899,true,2026-03-25
WEB-104865,2026-03-23,C004458,PA,RW-2984,road,M,carbon,1,3999,true,2026-03-28
WEB-104866,2026-03-23,C004459,UT,RW-2984,road,M,carbon,1,3999,true,2026-03-30
WEB-104868,2026-03-23,C004461,PA,RW-2984,road,M,carbon,1,3999,true,2026-04-02
WEB-104879,2026-03-23,C004472,WA,RW-2984,road,M,carbon,1,3999,true,2026-03-31
WEB-104880,2026-03-23,C004473,MI,RW-2984,road,M,carbon,1,3999,true,2026-03-27
WEB-104888,2026-03-23,C004481,GA,RW-2984,road,M,carbon,1,3999,true,2026-03-31
WEB-104890,2026-03-23,C004483,NM,RW-2984,road,M,carbon,1,3999,true,2026-03-29
WEB-104891,2026-03-23,C004484,AZ,RW-2984,road,M,carbon,1,3999,true,2026-03-27
WEB-104892,2026-03-23,C004485,CA,RW-2984,road,M,carbon,1,3999,true,2026-03-27
WEB-104916,2026-03-23,C004508,GA,RW-7298,road,L,base,1,1899,true,2026-03-28
WEB-104918,2026-03-23,C004510,PA,RW-7298,road,L,base,1,1899,true,2026-04-01
WEB-104924,2026-03-23,C004516,NC,RW-1378,road,L,carbon,1,3999,true,2026-04-01
WEB-104929,2026-03-23,C004521,NY,RW-1378,road,L,carbon,1,3999,true,2026-04-01
WEB-104934,2026-03-23,C004526,GA,RW-1378,road,L,carbon,1,3999,true,2026-03-28
WEB-104936,2026-03-23,C002701,MA,RW-1378,road,L,carbon,1,3999,true,2026-03-29
WEB-104947,2026-03-23,C004537,TX,RW-1378,road,L,carbon,1,3999,true,2026-03-28
WEB-104951,2026-03-23,C004541,NC,RW-9304,mtb,S,carbon,1,4899,true,2026-03-25
WEB-104961,2026-03-23,C004550,AZ,RW-9304,mtb,S,carbon,1,4899,true,2026-03-31
WEB-104971,2026-03-23,C004560,CO,RW-9304,mtb,S,carbon,1,4899,true,2026-03-30
WEB-104972,2026-03-23,C004561,AZ,RW-9304,mtb,S,carbon,1,4899,true,2026-03-26
WEB-104975,2026-03-23,C004563,PA,RW-9304,mtb,S,carbon,1,4899,true,2026-03-27
WEB-104979,2026-03-23,C004567,NM,RW-9304,mtb,S,carbon,1,4899,true,2026-03-31
WEB-104984,2026-03-23,C004571,NY,RW-9304,mtb,S,carbon,1,4899,true,2026-04-01
WEB-104992,2026-03-23,C004578,CO,RW-9324,mtb,M,base,1,2299,true,2026-03-26
WEB-104998,2026-03-23,C004583,MA,RW-9324,mtb,M,base,1,2299,true,2026-03-25
WEB-105003,2026-03-23,C004587,CA,RW-9324,mtb,M,base,1,2299,true,2026-03-28
WEB-105007,2026-03-23,C004591,CA,RW-9324,mtb,M,base,1,2299,true,2026-04-01
WEB-105024,2026-03-23,C004607,MT,RW-9324,mtb,M,base,1,2299,true,2026-04-01
WEB-105056,2026-03-23,C004637,GA,RW-9901,mtb,L,base,1,2299,true,2026-03-31
WEB-105058,2026-03-23,C004639,GA,RW-9901,mtb,L,base,1,2299,true,2026-04-01
WEB-105061,2026-03-23,C004642,ID,RW-9901,mtb,L,base,1,2299,true,2026-03-31
WEB-105087,2026-03-23,C004667,NM,RW-6416,mtb,L,carbon,1,4899,true,2026-03-29
WEB-105090,2026-03-23,C004670,GA,RW-6416,mtb,L,carbon,1,4899,true,2026-03-25
WEB-105097,2026-03-23,C004676,MT,RW-6416,mtb,L,carbon,1,4899,true,2026-03-25
WEB-104801,2026-03-24,C004399,CO,RW-3980,road,S,carbon,1,3999,true,2026-03-31
WEB-104803,2026-03-24,C004401,AZ,RW-3980,road,S,carbon,1,3999,true,2026-03-26
WEB-104806,2026-03-24,C004404,CA,RW-3980,road,S,carbon,1,3999,true,2026-03-28
WEB-104811,2026-03-24,C004407,WA,RW-3980,road,S,carbon,1,3999,true,2026-03-26
WEB-104815,2026-03-24,C004411,TX,RW-3980,road,S,carbon,1,3999,true,2026-04-01
WEB-104817,2026-03-24,C004413,NY,RW-3980,road,S,carbon,1,3999,true,2026-04-01
WEB-104829,2026-03-24,C004425,AZ,RW-3980,road,S,carbon,1,3999,true,2026-04-01
WEB-104864,2026-03-24,C004457,PA,RW-2984,road,M,carbon,1,3999,true,2026-03-30
WEB-104869,2026-03-24,C004462,CA,RW-2984,road,M,carbon,1,3999,true,2026-03-31
WEB-104870,2026-03-24,C004463,MN,RW-2984,road,M,carbon,1,3999,true,2026-03-28
WEB-104878,2026-03-24,C004471,OR,RW-2984,road,M,carbon,1,3999,true,2026-03-31
WEB-104884,2026-03-24,C004477,MI,RW-2984,road,M,carbon,1,3999,true,2026-03-26
WEB-104893,2026-03-24,C004486,NM,RW-2984,road,M,carbon,1,3999,true,2026-03-28
WEB-104897,2026-03-24,C004490,MA,RW-2984,road,M,carbon,1,3999,true,2026-04-01
WEB-104907,2026-03-24,C004499,NC,RW-7298,road,L,base,1,1899,true,2026-03-31
WEB-104908,2026-03-24,C004500,VT,RW-7298,road,L,base,1,1899,true,2026-04-03
WEB-104911,2026-03-24,C004503,AZ,RW-7298,road,L,base,1,1899,true,2026-04-01
WEB-104912,2026-03-24,C004504,FL,RW-7298,road,L,base,1,1899,true,2026-03-28
WEB-104921,2026-03-24,C004513,AZ,RW-1378,road,L,carbon,1,3999,true,2026-03-30
WEB-104922,2026-03-24,C004514,NY,RW-1378,road,L,carbon,1,3999,true,2026-03-29
WEB-104949,2026-03-24,C004539,UT,RW-9304,mtb,S,carbon,1,4899,true,2026-04-03
WEB-104950,2026-03-24,C004540,OR,RW-9304,mtb,S,carbon,1,4899,true,2026-03-29
WEB-104953,2026-03-24,C003806,VT,RW-9304,mtb,S,carbon,1,4899,true,2026-04-03
WEB-104955,2026-03-24,C004544,CO,RW-9304,mtb,S,carbon,1,4899,true,2026-03-30
WEB-104956,2026-03-24,C004545,GA,RW-9304,mtb,S,carbon,1,4899,true,2026-04-03
WEB-104976,2026-03-24,C004564,VT,RW-9304,mtb,S,carbon,1,4899,true,2026-03-26
WEB-105000,2026-03-24,C004585,PA,RW-9324,mtb,M,base,1,2299,true,2026-04-03
WEB-105013,2026-03-24,C004597,NY,RW-9324,mtb,M,base,1,2299,true,2026-03-28
WEB-105019,2026-03-24,C004602,NM,RW-9324,mtb,M,base,1,2299,true,2026-03-30
WEB-105043,2026-03-24,C004469,IL,RW-4418,mtb,M,carbon,1,4899,true,2026-03-26
WEB-105051,2026-03-24,C004632,FL,RW-9901,mtb,L,base,1,2299,true,2026-03-26
WEB-105052,2026-03-24,C004633,CA,RW-9901,mtb,L,base,1,2299,true,2026-03-31
WEB-105054,2026-03-24,C004635,ID,RW-9901,mtb,L,base,1,2299,true,2026-03-31
WEB-105059,2026-03-24,C004640,CO,RW-9901,mtb,L,base,1,2299,true,2026-03-27
WEB-105063,2026-03-24,C004644,FL,RW-9901,mtb,L,base,1,2299,true,2026-03-31
WEB-105073,2026-03-24,C004654,UT,RW-9901,mtb,L,base,1,2299,true,2026-03-26
WEB-105074,2026-03-24,C000080,CA,RW-9901,mtb,L,base,1,2299,true,2026-03-26
WEB-105083,2026-03-24,C004663,UT,RW-6416,mtb,L,carbon,1,4899,true,2026-04-01
WEB-105096,2026-03-24,C003288,WA,RW-6416,mtb,L,carbon,1,4899,true,2026-03-26
WEB-104802,2026-03-25,C004400,IL,RW-3980,road,S,carbon,1,3999,true,2026-04-02
WEB-104813,2026-03-25,C004409,MT,RW-3980,road,S,carbon,1,3999,true,2026-03-30
WEB-104814,2026-03-25,C004410,CO,RW-3980,road,S,carbon,1,3999,true,2026-04-03
WEB-104820,2026-03-25,C004416,VT,RW-3980,road,S,carbon,1,3999,true,2026-03-27
WEB-104823,2026-03-25,C004419,PA,RW-3980,road,S,carbon,1,3999,true,2026-04-03
WEB-104826,2026-03-25,C004422,PA,RW-3980,road,S,carbon,1,3999,true,2026-03-31
WEB-104827,2026-03-25,C004423,TX,RW-3980,road,S,carbon,1,3999,true,2026-04-02
WEB-104853,2026-03-25,C004447,CA,RW-9835,road,M,base,1,1899,true,2026-04-03
WEB-104855,2026-03-25,C004448,IL,RW-9835,road,M,base,1,1899,true,2026-04-02
WEB-104860,2026-03-25,C004453,WA,RW-2984,road,M,carbon,1,3999,true,2026-03-31
WEB-104874,2026-03-25,C004467,NY,RW-2984,road,M,carbon,1,3999,true,2026-04-01
WEB-104875,2026-03-25,C004468,MT,RW-2984,road,M,carbon,1,3999,true,2026-03-28
WEB-104877,2026-03-25,C004470,CO,RW-2984,road,M,carbon,1,3999,true,2026-04-02
WEB-104898,2026-03-25,C004491,GA,RW-7298,road,L,base,1,1899,true,2026-04-02
WEB-104906,2026-03-25,C004498,CA,RW-7298,road,L,base,1,1899,true,2026-03-30
WEB-104909,2026-03-25,C004501,MT,RW-7298,road,L,base,1,1899,true,2026-03-27
WEB-104913,2026-03-25,C004505,MA,RW-7298,road,L,base,1,1899,true,2026-03-30
WEB-104917,2026-03-25,C004509,MA,RW-7298,road,L,base,1,1899,true,2026-03-30
WEB-104923,2026-03-25,C004515,NC,RW-1378,road,L,carbon,1,3999,true,2026-04-02
WEB-104926,2026-03-25,C004518,IL,RW-1378,road,L,carbon,1,3999,true,2026-03-31
WEB-104935,2026-03-25,C004527,MA,RW-1378,road,L,carbon,1,3999,true,2026-03-30
WEB-104940,2026-03-25,C004530,CO,RW-1378,road,L,carbon,1,3999,true,2026-03-28
WEB-104957,2026-03-25,C004546,MN,RW-9304,mtb,S,carbon,1,4899,true,2026-03-31
WEB-104960,2026-03-25,C004549,GA,RW-9304,mtb,S,carbon,1,4899,true,2026-03-28
WEB-104970,2026-03-25,C004559,AZ,RW-9304,mtb,S,carbon,1,4899,true,2026-04-02
WEB-104985,2026-03-25,C004572,NC,RW-9324,mtb,M,base,1,2299,true,2026-04-01
WEB-105005,2026-03-25,C004589,OR,RW-9324,mtb,M,base,1,2299,true,2026-04-01
WEB-105010,2026-03-25,C004594,IL,RW-9324,mtb,M,base,1,2299,true,2026-03-31
WEB-105012,2026-03-25,C004596,CA,RW-9324,mtb,M,base,1,2299,true,2026-03-31
WEB-105014,2026-03-25,C004598,NM,RW-9324,mtb,M,base,1,2299,true,2026-03-28
WEB-105015,2026-03-25,C004279,UT,RW-9324,mtb,M,base,1,2299,true,2026-03-27
WEB-105020,2026-03-25,C004603,NY,RW-9324,mtb,M,base,1,2299,true,2026-04-01
WEB-105021,2026-03-25,C004604,MA,RW-9324,mtb,M,base,1,2299,true,2026-04-03
WEB-105033,2026-03-25,C004616,NM,RW-4418,mtb,M,carbon,1,4899,true,2026-04-03
WEB-105060,2026-03-25,C004641,CO,RW-9901,mtb,L,base,1,2299,true,2026-04-03
WEB-105080,2026-03-25,C004660,OR,RW-6416,mtb,L,carbon,1,4899,true,2026-03-27
WEB-104798,2026-03-26,C004396,NY,RW-3980,road,S,carbon,1,3999,true,2026-03-28
WEB-104818,2026-03-26,C004414,VT,RW-3980,road,S,carbon,1,3999,true,2026-03-30
WEB-104835,2026-03-26,C004431,ID,RW-9835,road,M,base,1,1899,true,2026-04-03
WEB-104842,2026-03-26,C004437,NY,RW-9835,road,M,base,1,1899,true,2026-04-02
WEB-104847,2026-03-26,C004442,TX,RW-9835,road,M,base,1,1899,true,2026-03-28
WEB-104857,2026-03-26,C004450,CA,RW-2984,road,M,carbon,1,3999,true,2026-03-30
WEB-104861,2026-03-26,C004454,MT,RW-2984,road,M,carbon,1,3999,true,2026-04-04
WEB-104871,2026-03-26,C004464,WA,RW-2984,road,M,carbon,1,3999,true,2026-03-29
WEB-104886,2026-03-26,C004479,MN,RW-2984,road,M,carbon,1,3999,true,2026-03-28
WEB-104889,2026-03-26,C004482,AZ,RW-2984,road,M,carbon,1,3999,true,2026-04-03
WEB-104894,2026-03-26,C004487,CA,RW-2984,road,M,carbon,1,3999,true,2026-04-02
WEB-104895,2026-03-26,C004488,CO,RW-2984,road,M,carbon,1,3999,true,2026-03-30
WEB-104900,2026-03-26,C004492,CO,RW-7298,road,L,base,1,1899,true,2026-04-01
WEB-104902,2026-03-26,C004494,WA,RW-7298,road,L,base,1,1899,true,2026-04-05
WEB-104903,2026-03-26,C004495,AZ,RW-7298,road,L,base,1,1899,true,2026-04-02
WEB-104910,2026-03-26,C004502,MI,RW-7298,road,L,base,1,1899,true,2026-03-29
WEB-104925,2026-03-26,C004517,TX,RW-1378,road,L,carbon,1,3999,true,2026-04-03
WEB-104933,2026-03-26,C004525,ID,RW-1378,road,L,carbon,1,3999,true,2026-04-02
WEB-104938,2026-03-26,C004528,MI,RW-1378,road,L,carbon,1,3999,true,2026-04-03
WEB-104939,2026-03-26,C004529,MT,RW-1378,road,L,carbon,1,3999,true,2026-04-05
WEB-104952,2026-03-26,C004542,MN,RW-9304,mtb,S,carbon,1,4899,true,2026-04-03
WEB-104962,2026-03-26,C004551,NC,RW-9304,mtb,S,carbon,1,4899,true,2026-04-03
WEB-104967,2026-03-26,C004556,ID,RW-9304,mtb,S,carbon,1,4899,true,2026-03-31
WEB-104968,2026-03-26,C004557,MN,RW-9304,mtb,S,carbon,1,4899,true,2026-04-05
WEB-104974,2026-03-26,C004562,VT,RW-9304,mtb,S,carbon,1,4899,true,2026-04-03
WEB-104977,2026-03-26,C004565,NY,RW-9304,mtb,S,carbon,1,4899,true,2026-04-04
WEB-104990,2026-03-26,C004576,NM,RW-9324,mtb,M,base,1,2299,true,2026-04-03
WEB-105011,2026-03-26,C004595,IL,RW-9324,mtb,M,base,1,2299,true,2026-03-31
WEB-105023,2026-03-26,C004606,CA,RW-9324,mtb,M,base,1,2299,true,2026-04-03
WEB-105025,2026-03-26,C004608,MN,RW-9324,mtb,M,base,1,2299,true,2026-04-02
WEB-105031,2026-03-26,C004614,PA,RW-4418,mtb,M,carbon,1,4899,true,2026-04-01
WEB-105047,2026-03-26,C001777,CO,RW-4418,mtb,M,carbon,1,4899,true,2026-04-04
WEB-105048,2026-03-26,C004629,TX,RW-4418,mtb,M,carbon,1,4899,true,2026-04-01
WEB-105062,2026-03-26,C004643,UT,RW-9901,mtb,L,base,1,2299,true,2026-03-28
WEB-105066,2026-03-26,C004647,TX,RW-9901,mtb,L,base,1,2299,true,2026-04-04
WEB-105076,2026-03-26,C004656,VT,RW-9901,mtb,L,base,1,2299,true,2026-04-05
WEB-105081,2026-03-26,C004661,GA,RW-6416,mtb,L,carbon,1,4899,true,2026-03-31
WEB-105088,2026-03-26,C004668,IL,RW-6416,mtb,L,carbon,1,4899,true,2026-04-04
WEB-105092,2026-03-26,C004672,FL,RW-6416,mtb,L,carbon,1,4899,true,2026-04-04
WEB-105093,2026-03-26,C004673,PA,RW-6416,mtb,L,carbon,1,4899,true,2026-04-02
WEB-105095,2026-03-26,C004675,IL,RW-6416,mtb,L,carbon,1,4899,true,2026-04-02
WEB-105098,2026-03-26,C004677,NM,RW-6416,mtb,L,carbon,1,4899,true,2026-04-01
WEB-104796,2026-03-27,C004394,NM,RW-3980,road,S,carbon,1,3999,true,2026-04-05
WEB-104797,2026-03-27,C004395,PA,RW-3980,road,S,carbon,1,3999,true,2026-03-29
WEB-104804,2026-03-27,C004402,NY,RW-3980,road,S,carbon,1,3999,true,2026-04-01
WEB-104809,2026-03-27,C003009,AZ,RW-3980,road,S,carbon,1,3999,true,2026-04-01
WEB-104810,2026-03-27,C001537,GA,RW-3980,road,S,carbon,1,3999,true,2026-04-02
WEB-104812,2026-03-27,C004408,NM,RW-3980,road,S,carbon,1,3999,true,2026-04-03
WEB-104816,2026-03-27,C004412,OR,RW-3980,road,S,carbon,1,3999,true,2026-04-03
WEB-104821,2026-03-27,C004417,TX,RW-3980,road,S,carbon,1,3999,true,2026-04-04
WEB-104836,2026-03-27,C004012,MA,RW-9835,road,M,base,1,1899,true,2026-03-31
WEB-104838,2026-03-27,C004433,CO,RW-9835,road,M,base,1,1899,true,2026-03-29
WEB-104839,2026-03-27,C004434,MT,RW-9835,road,M,base,1,1899,true,2026-03-31
WEB-104840,2026-03-27,C004435,MA,RW-9835,road,M,base,1,1899,true,2026-04-05
WEB-104845,2026-03-27,C004440,MI,RW-9835,road,M,base,1,1899,true,2026-04-06
WEB-104850,2026-03-27,C004445,CO,RW-9835,road,M,base,1,1899,true,2026-04-03
WEB-104851,2026-03-27,C004446,CA,RW-9835,road,M,base,1,1899,true,2026-03-30
WEB-104858,2026-03-27,C004451,UT,RW-2984,road,M,carbon,1,3999,true,2026-03-29
WEB-104863,2026-03-27,C004456,CA,RW-2984,road,M,carbon,1,3999,true,2026-04-01
WEB-104872,2026-03-27,C004465,ID,RW-2984,road,M,carbon,1,3999,true,2026-04-05
WEB-104881,2026-03-27,C004474,MI,RW-2984,road,M,carbon,1,3999,true,2026-04-02
WEB-104885,2026-03-27,C004478,TX,RW-2984,road,M,carbon,1,3999,true,2026-03-30
WEB-104905,2026-03-27,C004497,MA,RW-7298,road,L,base,1,1899,true,2026-04-01
WEB-104914,2026-03-27,C004506,TX,RW-7298,road,L,base,1,1899,true,2026-03-30
WEB-104931,2026-03-27,C004523,MN,RW-1378,road,L,carbon,1,3999,true,2026-03-31
WEB-104932,2026-03-27,C004524,IL,RW-1378,road,L,carbon,1,3999,true,2026-03-29
WEB-104937,2026-03-27,C002071,MA,RW-1378,road,L,carbon,1,3999,true,2026-04-05
WEB-104941,2026-03-27,C004531,NM,RW-1378,road,L,carbon,1,3999,true,2026-03-29
WEB-104944,2026-03-27,C004534,OR,RW-1378,road,L,carbon,1,3999,true,2026-04-03
WEB-104945,2026-03-27,C004535,MI,RW-1378,road,L,carbon,1,3999,true,2026-04-06
WEB-104946,2026-03-27,C004536,CA,RW-1378,road,L,carbon,1,3999,true,2026-04-02
WEB-104963,2026-03-27,C004552,ID,RW-9304,mtb,S,carbon,1,4899,true,2026-04-04
WEB-104969,2026-03-27,C004558,MN,RW-9304,mtb,S,carbon,1,4899,true,2026-04-05
WEB-104982,2026-03-27,C000354,MT,RW-9304,mtb,S,carbon,1,4899,true,2026-04-05
WEB-104986,2026-03-27,C004573,VT,RW-9324,mtb,M,base,1,2299,true,2026-04-02
WEB-104987,2026-03-27,C004574,VT,RW-9324,mtb,M,base,1,2299,true,2026-04-06
WEB-104988,2026-03-27,C004575,AZ,RW-9324,mtb,M,base,1,2299,true,2026-04-06
WEB-104994,2026-03-27,C004579,OR,RW-9324,mtb,M,base,1,2299,true,2026-03-29
WEB-104996,2026-03-27,C004581,GA,RW-9324,mtb,M,base,1,2299,true,2026-04-03
WEB-104997,2026-03-27,C004582,ID,RW-9324,mtb,M,base,1,2299,true,2026-03-29
WEB-105001,2026-03-27,C004586,NC,RW-9324,mtb,M,base,1,2299,true,2026-04-06
WEB-105006,2026-03-27,C004590,MA,RW-9324,mtb,M,base,1,2299,true,2026-04-06
WEB-105016,2026-03-27,C004599,MA,RW-9324,mtb,M,base,1,2299,true,2026-04-03
WEB-105018,2026-03-27,C004601,CO,RW-9324,mtb,M,base,1,2299,true,2026-04-06
WEB-105027,2026-03-27,C004610,WA,RW-4418,mtb,M,carbon,1,4899,true,2026-04-06
WEB-105028,2026-03-27,C004611,MN,RW-4418,mtb,M,carbon,1,4899,true,2026-04-03
WEB-105032,2026-03-27,C004615,NM,RW-4418,mtb,M,carbon,1,4899,true,2026-03-30
WEB-105036,2026-03-27,C004619,AZ,RW-4418,mtb,M,carbon,1,4899,true,2026-03-29
WEB-105039,2026-03-27,C004622,TX,RW-4418,mtb,M,carbon,1,4899,true,2026-04-03
WEB-105041,2026-03-27,C004624,OR,RW-4418,mtb,M,carbon,1,4899,true,2026-04-05
WEB-105045,2026-03-27,C004627,AZ,RW-4418,mtb,M,carbon,1,4899,true,2026-03-30
WEB-105050,2026-03-27,C004631,CO,RW-4418,mtb,M,carbon,1,4899,true,2026-04-01
WEB-105069,2026-03-27,C004650,MT,RW-9901,mtb,L,base,1,2299,true,2026-04-03
WEB-105078,2026-03-27,C004658,CO,RW-9901,mtb,L,base,1,2299,true,2026-04-03
WEB-105084,2026-03-27,C004664,NM,RW-6416,mtb,L,carbon,1,4899,true,2026-04-04
WEB-105086,2026-03-27,C004666,OR,RW-6416,mtb,L,carbon,1,4899,true,2026-04-04
WEB-105094,2026-03-27,C004674,MN,RW-6416,mtb,L,carbon,1,4899,true,2026-04-04
WEB-104795,2026-03-28,C004393,NC,RW-3980,road,S,carbon,1,3999,true,2026-04-04
WEB-104807,2026-03-28,C004405,VT,RW-3980,road,S,carbon,1,3999,true,2026-04-04
WEB-104824,2026-03-28,C004420,CA,RW-3980,road,S,carbon,1,3999,true,2026-04-06
WEB-104828,2026-03-28,C004424,MA,RW-3980,road,S,carbon,1,3999,true,2026-04-07
WEB-104831,2026-03-28,C004427,CO,RW-9835,road,M,base,1,1899,true,2026-04-05
WEB-104834,2026-03-28,C004430,AZ,RW-9835,road,M,base,1,1899,true,2026-04-01
WEB-104844,2026-03-28,C004439,CA,RW-9835,road,M,base,1,1899,true,2026-04-06
WEB-104848,2026-03-28,C004443,IL,RW-9835,road,M,base,1,1899,true,2026-04-01
WEB-104849,2026-03-28,C004444,IL,RW-9835,road,M,base,1,1899,true,2026-03-31
WEB-104856,2026-03-28,C004449,FL,RW-9835,road,M,base,1,1899,true,2026-04-02
WEB-104862,2026-03-28,C004455,ID,RW-2984,road,M,carbon,1,3999,true,2026-03-30
WEB-104867,2026-03-28,C004460,WA,RW-2984,road,M,carbon,1,3999,true,2026-03-30
WEB-104876,2026-03-28,C004469,NY,RW-2984,road,M,carbon,1,3999,true,2026-03-30
WEB-104882,2026-03-28,C004475,CA,RW-2984,road,M,carbon,1,3999,true,2026-03-30
WEB-104887,2026-03-28,C004480,TX,RW-2984,road,M,carbon,1,3999,true,2026-04-06
WEB-104896,2026-03-28,C004489,NC,RW-2984,road,M,carbon,1,3999,true,2026-03-30
WEB-104899,2026-03-28,C000889,PA,RW-7298,road,L,base,1,1899,true,2026-04-03
WEB-104901,2026-03-28,C004493,UT,RW-7298,road,L,base,1,1899,true,2026-04-01
WEB-104915,2026-03-28,C004507,CO,RW-7298,road,L,base,1,1899,true,2026-04-07
WEB-104919,2026-03-28,C004511,TX,RW-7298,road,L,base,1,1899,true,2026-03-31
WEB-104927,2026-03-28,C004519,UT,RW-1378,road,L,carbon,1,3999,true,2026-04-01
WEB-104948,2026-03-28,C004538,CA,RW-9304,mtb,S,carbon,1,4899,true,2026-04-03
WEB-104954,2026-03-28,C004543,FL,RW-9304,mtb,S,carbon,1,4899,true,2026-03-30
WEB-104978,2026-03-28,C004566,AZ,RW-9304,mtb,S,carbon,1,4899,true,2026-03-31
WEB-104980,2026-03-28,C004568,MA,RW-9304,mtb,S,carbon,1,4899,true,2026-04-06
WEB-104983,2026-03-28,C004570,CA,RW-9304,mtb,S,carbon,1,4899,true,2026-03-30
WEB-104989,2026-03-28,C002087,MT,RW-9324,mtb,M,base,1,2299,true,2026-04-02
WEB-104995,2026-03-28,C004580,CO,RW-9324,mtb,M,base,1,2299,true,2026-03-31
WEB-104999,2026-03-28,C004584,NY,RW-9324,mtb,M,base,1,2299,true,2026-04-05
WEB-105017,2026-03-28,C004600,MI,RW-9324,mtb,M,base,1,2299,true,2026-04-01
WEB-105022,2026-03-28,C004605,MA,RW-9324,mtb,M,base,1,2299,true,2026-04-05
WEB-105030,2026-03-28,C004613,TX,RW-4418,mtb,M,carbon,1,4899,true,2026-04-02
WEB-105035,2026-03-28,C004618,MA,RW-4418,mtb,M,carbon,1,4899,true,2026-04-04
WEB-105046,2026-03-28,C004628,WA,RW-4418,mtb,M,carbon,1,4899,true,2026-04-04
WEB-105053,2026-03-28,C004634,CA,RW-9901,mtb,L,base,1,2299,true,2026-04-03
WEB-105055,2026-03-28,C004636,AZ,RW-9901,mtb,L,base,1,2299,true,2026-04-01
WEB-105065,2026-03-28,C004646,PA,RW-9901,mtb,L,base,1,2299,true,2026-04-06
WEB-105077,2026-03-28,C004657,OR,RW-9901,mtb,L,base,1,2299,true,2026-04-06
WEB-105079,2026-03-28,C004659,FL,RW-9901,mtb,L,base,1,2299,true,2026-04-07
WEB-105085,2026-03-28,C004665,TX,RW-6416,mtb,L,carbon,1,4899,true,2026-04-07
WEB-105091,2026-03-28,C004671,AZ,RW-6416,mtb,L,carbon,1,4899,true,2026-04-01
WEB-104799,2026-03-29,C004397,AZ,RW-3980,road,S,carbon,1,3999,true,2026-03-31
WEB-104805,2026-03-29,C004403,GA,RW-3980,road,S,carbon,1,3999,true,2026-04-05
WEB-104832,2026-03-29,C004428,MI,RW-9835,road,M,base,1,1899,true,2026-04-07
WEB-104833,2026-03-29,C004429,AZ,RW-9835,road,M,base,1,1899,true,2026-04-02
WEB-104841,2026-03-29,C004436,IL,RW-9835,road,M,base,1,1899,true,2026-04-08
WEB-104843,2026-03-29,C004438,CA,RW-9835,road,M,base,1,1899,true,2026-04-02
WEB-104846,2026-03-29,C004441,CO,RW-9835,road,M,base,1,1899,true,2026-03-31
WEB-104852,2026-03-29,C001922,FL,RW-9835,road,M,base,1,1899,true,2026-04-02
WEB-104859,2026-03-29,C004452,CO,RW-2984,road,M,carbon,1,3999,true,2026-03-31
WEB-104873,2026-03-29,C004466,TX,RW-2984,road,M,carbon,1,3999,true,2026-04-03
WEB-104883,2026-03-29,C004476,MN,RW-2984,road,M,carbon,1,3999,true,2026-04-07
WEB-104904,2026-03-29,C004496,AZ,RW-7298,road,L,base,1,1899,true,2026-04-04
WEB-104920,2026-03-29,C004512,MT,RW-7298,road,L,base,1,1899,true,2026-04-06
WEB-104928,2026-03-29,C004520,OR,RW-1378,road,L,carbon,1,3999,true,2026-04-07
WEB-104930,2026-03-29,C004522,NY,RW-1378,road,L,carbon,1,3999,true,2026-04-05
WEB-104942,2026-03-29,C004532,OR,RW-1378,road,L,carbon,1,3999,true,2026-04-07
WEB-104943,2026-03-29,C004533,OR,RW-1378,road,L,carbon,1,3999,true,2026-04-04
WEB-104958,2026-03-29,C004547,CO,RW-9304,mtb,S,carbon,1,4899,true,2026-04-01
WEB-104959,2026-03-29,C004548,IL,RW-9304,mtb,S,carbon,1,4899,true,2026-04-03
WEB-104964,2026-03-29,C004553,MN,RW-9304,mtb,S,carbon,1,4899,true,2026-04-01
WEB-104965,2026-03-29,C004554,MI,RW-9304,mtb,S,carbon,1,4899,true,2026-04-04
WEB-104966,2026-03-29,C004555,VT,RW-9304,mtb,S,carbon,1,4899,true,2026-04-08
WEB-104973,2026-03-29,C002937,AZ,RW-9304,mtb,S,carbon,1,4899,true,2026-03-31
WEB-104981,2026-03-29,C004569,NM,RW-9304,mtb,S,carbon,1,4899,true,2026-04-06
WEB-104991,2026-03-29,C004577,MT,RW-9324,mtb,M,base,1,2299,true,2026-04-01
WEB-104993,2026-03-29,C000024,CO,RW-9324,mtb,M,base,1,2299,true,2026-03-31
WEB-105002,2026-03-29,C004246,CO,RW-9324,mtb,M,base,1,2299,true,2026-04-02
WEB-105004,2026-03-29,C004588,WA,RW-9324,mtb,M,base,1,2299,true,2026-04-02
WEB-105008,2026-03-29,C004592,MA,RW-9324,mtb,M,base,1,2299,true,2026-04-04
WEB-105009,2026-03-29,C004593,TX,RW-9324,mtb,M,base,1,2299,true,2026-04-02
WEB-105026,2026-03-29,C004609,NC,RW-9324,mtb,M,base,1,2299,true,2026-04-04
WEB-105029,2026-03-29,C004612,UT,RW-4418,mtb,M,carbon,1,4899,true,2026-03-31
WEB-105034,2026-03-29,C004617,CA,RW-4418,mtb,M,carbon,1,4899,true,2026-04-04
WEB-105037,2026-03-29,C004620,ID,RW-4418,mtb,M,carbon,1,4899,true,2026-04-04
WEB-105038,2026-03-29,C004621,NY,RW-4418,mtb,M,carbon,1,4899,true,2026-04-03
WEB-105040,2026-03-29,C004623,WA,RW-4418,mtb,M,carbon,1,4899,true,2026-04-02
WEB-105042,2026-03-29,C004625,CA,RW-4418,mtb,M,carbon,1,4899,true,2026-04-01
WEB-105044,2026-03-29,C004626,ID,RW-4418,mtb,M,carbon,1,4899,true,2026-03-31
WEB-105049,2026-03-29,C004630,NY,RW-4418,mtb,M,carbon,1,4899,true,2026-04-02
WEB-105057,2026-03-29,C004638,CO,RW-9901,mtb,L,base,1,2299,true,2026-03-31
WEB-105064,2026-03-29,C004645,ID,RW-9901,mtb,L,base,1,2299,true,2026-04-07
WEB-105067,2026-03-29,C004648,UT,RW-9901,mtb,L,base,1,2299,true,2026-04-02
WEB-105068,2026-03-29,C004649,CO,RW-9901,mtb,L,base,1,2299,true,2026-04-08
WEB-105070,2026-03-29,C004651,UT,RW-9901,mtb,L,base,1,2299,true,2026-04-01
WEB-105071,2026-03-29,C004652,GA,RW-9901,mtb,L,base,1,2299,true,2026-04-03
WEB-105072,2026-03-29,C004653,NC,RW-9901,mtb,L,base,1,2299,true,2026-04-02
WEB-105075,2026-03-29,C004655,FL,RW-9901,mtb,L,base,1,2299,true,2026-04-02
WEB-105082,2026-03-29,C004662,MA,RW-6416,mtb,L,carbon,1,4899,true,2026-04-02
WEB-105089,2026-03-29,C004669,MA,RW-6416,mtb,L,carbon,1,4899,true,2026-04-01
WEB-105107,2026-03-30,C004685,UT,RW-3980,road,S,carbon,1,3999,true,2026-04-09
WEB-105113,2026-03-30,C004691,TX,RW-3980,road,S,carbon,1,3999,true,2026-04-04
WEB-105116,2026-03-30,C004694,NM,RW-3980,road,S,carbon,1,3999,true,2026-04-05
WEB-105119,2026-03-30,C004696,NC,RW-3980,road,S,carbon,1,3999,true,2026-04-01
WEB-105120,2026-03-30,C004697,NM,RW-3980,road,S,carbon,1,3999,true,2026-04-04
WEB-105126,2026-03-30,C004703,MN,RW-9835,road,M,base,1,1899,true,2026-04-02
WEB-105133,2026-03-30,C004710,MI,RW-9835,road,M,base,1,1899,true,2026-04-07
WEB-105135,2026-03-30,C004712,OR,RW-9835,road,M,base,1,1899,true,2026-04-06
WEB-105140,2026-03-30,C004717,PA,RW-9835,road,M,base,1,1899,true,2026-04-09
WEB-105147,2026-03-30,C004724,UT,RW-9835,road,M,base,1,1899,true,2026-04-01
WEB-105148,2026-03-30,C004725,PA,RW-9835,road,M,base,1,1899,true,2026-04-06
WEB-105158,2026-03-30,C004734,TX,RW-9835,road,M,base,1,1899,true,2026-04-02
WEB-105165,2026-03-30,C004740,OR,RW-2984,road,M,carbon,1,3999,true,2026-04-05
WEB-105166,2026-03-30,C004741,ID,RW-2984,road,M,carbon,1,3999,true,2026-04-09
WEB-105168,2026-03-30,C004743,OR,RW-2984,road,M,carbon,1,3999,true,2026-04-01
WEB-105169,2026-03-30,C004744,MA,RW-2984,road,M,carbon,1,3999,true,2026-04-05
WEB-105172,2026-03-30,C004747,WA,RW-2984,road,M,carbon,1,3999,true,2026-04-09
WEB-105178,2026-03-30,C004751,UT,RW-2984,road,M,carbon,1,3999,true,2026-04-06
WEB-105185,2026-03-30,C004758,NM,RW-2984,road,M,carbon,1,3999,true,2026-04-07
WEB-105186,2026-03-30,C004759,PA,RW-7298,road,L,base,1,1899,true,2026-04-03
WEB-105197,2026-03-30,C004769,VT,RW-7298,road,L,base,1,1899,true,2026-04-03
WEB-105204,2026-03-30,C004776,AZ,RW-7298,road,L,base,1,1899,true,2026-04-04
WEB-105211,2026-03-30,C004783,NY,RW-1378,road,L,carbon,1,3999,true,2026-04-06
WEB-105214,2026-03-30,C004786,MA,RW-1378,road,L,carbon,1,3999,true,2026-04-01
WEB-105216,2026-03-30,C004788,PA,RW-1378,road,L,carbon,1,3999,true,2026-04-06
WEB-105219,2026-03-30,C004791,VT,RW-1378,road,L,carbon,1,3999,true,2026-04-02
WEB-105220,2026-03-30,C004792,IL,RW-1378,road,L,carbon,1,3999,true,2026-04-02
WEB-105221,2026-03-30,C004793,VT,RW-1378,road,L,carbon,1,3999,true,2026-04-03
WEB-105222,2026-03-30,C004794,AZ,RW-1378,road,L,carbon,1,3999,true,2026-04-08
WEB-105237,2026-03-30,C004809,PA,RW-9304,mtb,S,carbon,1,4899,true,2026-04-06
WEB-105238,2026-03-30,C004294,NC,RW-9304,mtb,S,carbon,1,4899,true,2026-04-09
WEB-105251,2026-03-30,C004820,PA,RW-9304,mtb,S,carbon,1,4899,true,2026-04-05
WEB-105260,2026-03-30,C004829,MN,RW-9304,mtb,S,carbon,1,4899,true,2026-04-09
WEB-105269,2026-03-30,C004835,ID,RW-9324,mtb,M,base,1,2299,true,2026-04-01
WEB-105271,2026-03-30,C004837,NY,RW-9324,mtb,M,base,1,2299,true,2026-04-06
WEB-105280,2026-03-30,C004846,FL,RW-9324,mtb,M,base,1,2299,true,2026-04-05
WEB-105281,2026-03-30,C004847,ID,RW-9324,mtb,M,base,1,2299,true,2026-04-08
WEB-105285,2026-03-30,C004851,NM,RW-9324,mtb,M,base,1,2299,true,2026-04-06
WEB-105291,2026-03-30,C004857,MN,RW-9324,mtb,M,base,1,2299,true,2026-04-03
WEB-105294,2026-03-30,C004860,MA,RW-9324,mtb,M,base,1,2299,true,2026-04-01
WEB-105295,2026-03-30,C004861,VT,RW-9324,mtb,M,base,1,2299,true,2026-04-01
WEB-105301,2026-03-30,C004867,FL,RW-9324,mtb,M,base,1,2299,true,2026-04-02
WEB-105302,2026-03-30,C004868,NY,RW-4418,mtb,M,carbon,1,4899,true,2026-04-07
WEB-105306,2026-03-30,C004871,VT,RW-4418,mtb,M,carbon,1,4899,true,2026-04-09
WEB-105315,2026-03-30,C004880,NY,RW-4418,mtb,M,carbon,1,4899,true,2026-04-09
WEB-105319,2026-03-30,C004884,WA,RW-4418,mtb,M,carbon,1,4899,true,2026-04-01
WEB-105325,2026-03-30,C004890,FL,RW-4418,mtb,M,carbon,1,4899,true,2026-04-02
WEB-105326,2026-03-30,C004891,WA,RW-4418,mtb,M,carbon,1,4899,true,2026-04-08
WEB-105335,2026-03-30,C004899,FL,RW-4418,mtb,M,carbon,1,4899,true,2026-04-01
WEB-105336,2026-03-30,C004900,CO,RW-4418,mtb,M,carbon,1,4899,true,2026-04-03
WEB-105343,2026-03-30,C004907,WA,RW-9901,mtb,L,base,1,2299,true,2026-04-04
WEB-105365,2026-03-30,C004927,WA,RW-9901,mtb,L,base,1,2299,true,2026-04-03
WEB-105370,2026-03-30,C004932,PA,RW-6416,mtb,L,carbon,1,4899,true,2026-04-04
WEB-105112,2026-03-31,C004690,CA,RW-3980,road,S,carbon,1,3999,true,2026-04-09
WEB-105114,2026-03-31,C004692,GA,RW-3980,road,S,carbon,1,3999,true,2026-04-04
WEB-105124,2026-03-31,C004701,MI,RW-9835,road,M,base,1,1899,true,2026-04-04
WEB-105127,2026-03-31,C004704,MT,RW-9835,road,M,base,1,1899,true,2026-04-08
WEB-105143,2026-03-31,C004720,IL,RW-9835,road,M,base,1,1899,true,2026-04-06
WEB-105144,2026-03-31,C004721,MT,RW-9835,road,M,base,1,1899,true,2026-04-10
WEB-105146,2026-03-31,C004723,ID,RW-9835,road,M,base,1,1899,true,2026-04-06
WEB-105151,2026-03-31,C004727,AZ,RW-9835,road,M,base,1,1899,true,2026-04-07
WEB-105163,2026-03-31,C004738,VT,RW-2984,road,M,carbon,1,3999,true,2026-04-09
WEB-105176,2026-03-31,C004749,MN,RW-2984,road,M,carbon,1,3999,true,2026-04-07
WEB-105181,2026-03-31,C004754,CA,RW-2984,road,M,carbon,1,3999,true,2026-04-08
WEB-105189,2026-03-31,C004762,UT,RW-7298,road,L,base,1,1899,true,2026-04-09
WEB-105206,2026-03-31,C004778,VT,RW-1378,road,L,carbon,1,3999,true,2026-04-07
WEB-105215,2026-03-31,C004787,VT,RW-1378,road,L,carbon,1,3999,true,2026-04-02
WEB-105231,2026-03-31,C004803,CA,RW-9304,mtb,S,carbon,1,4899,true,2026-04-10
WEB-105236,2026-03-31,C004808,UT,RW-9304,mtb,S,carbon,1,4899,true,2026-04-04
WEB-105240,2026-03-31,C004811,GA,RW-9304,mtb,S,carbon,1,4899,true,2026-04-07
WEB-105243,2026-03-31,C004814,WA,RW-9304,mtb,S,carbon,1,4899,true,2026-04-06
WEB-105244,2026-03-31,C004815,IL,RW-9304,mtb,S,carbon,1,4899,true,2026-04-03
WEB-105247,2026-03-31,C004817,OR,RW-9304,mtb,S,carbon,1,4899,true,2026-04-10
WEB-105255,2026-03-31,C004824,OR,RW-9304,mtb,S,carbon,1,4899,true,2026-04-08
WEB-105256,2026-03-31,C004825,NM,RW-9304,mtb,S,carbon,1,4899,true,2026-04-04
WEB-105264,2026-03-31,C004831,GA,RW-9304,mtb,S,carbon,1,4899,true,2026-04-07
WEB-105270,2026-03-31,C004836,CA,RW-9324,mtb,M,base,1,2299,true,2026-04-09
WEB-105273,2026-03-31,C004839,FL,RW-9324,mtb,M,base,1,2299,true,2026-04-04
WEB-105282,2026-03-31,C004848,ID,RW-9324,mtb,M,base,1,2299,true,2026-04-08
WEB-105283,2026-03-31,C004849,MA,RW-9324,mtb,M,base,1,2299,true,2026-04-06
WEB-105284,2026-03-31,C004850,CA,RW-9324,mtb,M,base,1,2299,true,2026-04-03
WEB-105304,2026-03-31,C004611,PA,RW-4418,mtb,M,carbon,1,4899,true,2026-04-07
WEB-105308,2026-03-31,C004873,MT,RW-4418,mtb,M,carbon,1,4899,true,2026-04-07
WEB-105313,2026-03-31,C004878,MT,RW-4418,mtb,M,carbon,1,4899,true,2026-04-08
WEB-105320,2026-03-31,C004885,CO,RW-4418,mtb,M,carbon,1,4899,true,2026-04-06
WEB-105321,2026-03-31,C004886,WA,RW-4418,mtb,M,carbon,1,4899,true,2026-04-06
WEB-105332,2026-03-31,C004896,GA,RW-4418,mtb,M,carbon,1,4899,true,2026-04-07
WEB-105349,2026-03-31,C004913,WA,RW-9901,mtb,L,base,1,2299,true,2026-04-06
WEB-105350,2026-03-31,C004914,IL,RW-9901,mtb,L,base,1,2299,true,2026-04-02
WEB-105352,2026-03-31,C004916,MA,RW-9901,mtb,L,base,1,2299,true,2026-04-09
WEB-105356,2026-03-31,C004920,MA,RW-9901,mtb,L,base,1,2299,true,2026-04-07
WEB-105377,2026-03-31,C004939,MN,RW-6416,mtb,L,carbon,1,4899,true,2026-04-07
WEB-105099,2026-04-01,C002858,WA,RW-3980,road,S,carbon,1,3999,true,2026-04-11
WEB-105104,2026-04-01,C004682,IL,RW-3980,road,S,carbon,1,3999,true,2026-04-10
WEB-105105,2026-04-01,C004683,MT,RW-3980,road,S,carbon,1,3999,true,2026-04-11
WEB-105117,2026-04-01,C000964,NY,RW-3980,road,S,carbon,1,3999,true,2026-04-03
WEB-105125,2026-04-01,C004702,MT,RW-9835,road,M,base,1,1899,true,2026-04-05
WEB-105128,2026-04-01,C004705,NY,RW-9835,road,M,base,1,1899,true,2026-04-10
WEB-105130,2026-04-01,C004707,WA,RW-9835,road,M,base,1,1899,true,2026-04-08
WEB-105131,2026-04-01,C004708,MI,RW-9835,road,M,base,1,1899,true,2026-04-04
WEB-105134,2026-04-01,C004711,NC,RW-9835,road,M,base,1,1899,true,2026-04-06
WEB-105141,2026-04-01,C004718,VT,RW-9835,road,M,base,1,1899,true,2026-04-06
WEB-105156,2026-04-01,C004732,OR,RW-9835,road,M,base,1,1899,true,2026-04-05
WEB-105157,2026-04-01,C004733,MT,RW-9835,road,M,base,1,1899,true,2026-04-09
WEB-105161,2026-04-01,C004736,CA,RW-2984,road,M,carbon,1,3999,true,2026-04-06
WEB-105167,2026-04-01,C004742,GA,RW-2984,road,M,carbon,1,3999,true,2026-04-10
WEB-105173,2026-04-01,C001312,ID,RW-2984,road,M,carbon,1,3999,true,2026-04-11
WEB-105175,2026-04-01,C004638,ID,RW-2984,road,M,carbon,1,3999,true,2026-04-09
WEB-105179,2026-04-01,C004752,GA,RW-2984,road,M,carbon,1,3999,true,2026-04-04
WEB-105183,2026-04-01,C004756,CA,RW-2984,road,M,carbon,1,3999,true,2026-04-04
WEB-105184,2026-04-01,C004757,IL,RW-2984,road,M,carbon,1,3999,true,2026-04-10
WEB-105192,2026-04-01,C004764,FL,RW-7298,road,L,base,1,1899,true,2026-04-05
WEB-105194,2026-04-01,C004766,TX,RW-7298,road,L,base,1,1899,true,2026-04-06
WEB-105202,2026-04-01,C004774,IL,RW-7298,road,L,base,1,1899,true,2026-04-11
WEB-105223,2026-04-01,C004795,OR,RW-1378,road,L,carbon,1,3999,true,2026-04-04
WEB-105227,2026-04-01,C004799,WA,RW-1378,road,L,carbon,1,3999,true,2026-04-05
WEB-105232,2026-04-01,C004804,VT,RW-9304,mtb,S,carbon,1,4899,true,2026-04-06
WEB-105257,2026-04-01,C004826,NY,RW-9304,mtb,S,carbon,1,4899,true,2026-04-08
WEB-105265,2026-04-01,C004832,VT,RW-9324,mtb,M,base,1,2299,true,2026-04-06
WEB-105268,2026-04-01,C004834,MT,RW-9324,mtb,M,base,1,2299,true,2026-04-05
WEB-105274,2026-04-01,C004840,NY,RW-9324,mtb,M,base,1,2299,true,2026-04-05
WEB-105275,2026-04-01,C004841,PA,RW-9324,mtb,M,base,1,2299,true,2026-04-07
WEB-105276,2026-04-01,C004842,FL,RW-9324,mtb,M,base,1,2299,true,2026-04-09
WEB-105277,2026-04-01,C004843,PA,RW-9324,mtb,M,base,1,2299,true,2026-04-08
WEB-105278,2026-04-01,C004844,AZ,RW-9324,mtb,M,base,1,2299,true,2026-04-11
WEB-105279,2026-04-01,C004845,MA,RW-9324,mtb,M,base,1,2299,true,2026-04-04
WEB-105286,2026-04-01,C004852,AZ,RW-9324,mtb,M,base,1,2299,true,2026-04-11
WEB-105314,2026-04-01,C004879,NY,RW-4418,mtb,M,carbon,1,4899,true,2026-04-06
WEB-105329,2026-04-01,C004894,NC,RW-4418,mtb,M,carbon,1,4899,true,2026-04-04
WEB-105331,2026-04-01,C004895,MN,RW-4418,mtb,M,carbon,1,4899,true,2026-04-08
WEB-105337,2026-04-01,C004901,MA,RW-4418,mtb,M,carbon,1,4899,true,2026-04-06
WEB-105353,2026-04-01,C004917,MT,RW-9901,mtb,L,base,1,2299,true,2026-04-08
WEB-105355,2026-04-01,C004919,GA,RW-9901,mtb,L,base,1,2299,true,2026-04-05
WEB-105358,2026-04-01,C004922,PA,RW-9901,mtb,L,base,1,2299,true,2026-04-11
WEB-105359,2026-04-01,C004923,ID,RW-9901,mtb,L,base,1,2299,true,2026-04-10
WEB-105361,2026-04-01,C000249,MA,RW-9901,mtb,L,base,1,2299,true,2026-04-03
WEB-105366,2026-04-01,C004928,MT,RW-9901,mtb,L,base,1,2299,true,2026-04-09
WEB-105372,2026-04-01,C004934,MN,RW-6416,mtb,L,carbon,1,4899,true,2026-04-04
WEB-105379,2026-04-01,C004941,MT,RW-6416,mtb,L,carbon,1,4899,true,2026-04-06
WEB-105103,2026-04-02,C004681,VT,RW-3980,road,S,carbon,1,3999,true,2026-04-04
WEB-105111,2026-04-02,C004689,MT,RW-3980,road,S,carbon,1,3999,true,2026-04-09
WEB-105137,2026-04-02,C004714,MI,RW-9835,road,M,base,1,1899,true,2026-04-07
WEB-105142,2026-04-02,C004719,TX,RW-9835,road,M,base,1,1899,true,2026-04-08
WEB-105154,2026-04-02,C004730,AZ,RW-9835,road,M,base,1,1899,true,2026-04-12
WEB-105159,2026-04-02,C004735,NM,RW-9835,road,M,base,1,1899,true,2026-04-07
WEB-105177,2026-04-02,C004750,VT,RW-2984,road,M,carbon,1,3999,true,2026-04-07
WEB-105191,2026-04-02,C002306,NM,RW-7298,road,L,base,1,1899,true,2026-04-06
WEB-105195,2026-04-02,C004767,AZ,RW-7298,road,L,base,1,1899,true,2026-04-08
WEB-105199,2026-04-02,C004771,CO,RW-7298,road,L,base,1,1899,true,2026-04-11
WEB-105201,2026-04-02,C004773,MN,RW-7298,road,L,base,1,1899,true,2026-04-07
WEB-105203,2026-04-02,C004775,MI,RW-7298,road,L,base,1,1899,true,2026-04-11
WEB-105205,2026-04-02,C004777,MI,RW-7298,road,L,base,1,1899,true,2026-04-04
WEB-105208,2026-04-02,C004780,OR,RW-1378,road,L,carbon,1,3999,true,2026-04-12
WEB-105209,2026-04-02,C004781,TX,RW-1378,road,L,carbon,1,3999,true,2026-04-10
WEB-105218,2026-04-02,C004790,MA,RW-1378,road,L,carbon,1,3999,true,2026-04-04
WEB-105228,2026-04-02,C004800,NC,RW-9304,mtb,S,carbon,1,4899,true,2026-04-07
WEB-105254,2026-04-02,C004823,NM,RW-9304,mtb,S,carbon,1,4899,true,2026-04-10
WEB-105259,2026-04-02,C004828,NC,RW-9304,mtb,S,carbon,1,4899,true,2026-04-10
WEB-105261,2026-04-02,C004323,PA,RW-9304,mtb,S,carbon,1,4899,true,2026-04-09
WEB-105292,2026-04-02,C004858,TX,RW-9324,mtb,M,base,1,2299,true,2026-04-05
WEB-105293,2026-04-02,C004859,AZ,RW-9324,mtb,M,base,1,2299,true,2026-04-06
WEB-105310,2026-04-02,C004875,NM,RW-4418,mtb,M,carbon,1,4899,true,2026-04-07
WEB-105312,2026-04-02,C004877,WA,RW-4418,mtb,M,carbon,1,4899,true,2026-04-08
WEB-105317,2026-04-02,C004882,MN,RW-4418,mtb,M,carbon,1,4899,true,2026-04-07
WEB-105318,2026-04-02,C004883,UT,RW-4418,mtb,M,carbon,1,4899,true,2026-04-05
WEB-105327,2026-04-02,C004892,GA,RW-4418,mtb,M,carbon,1,4899,true,2026-04-10
WEB-105328,2026-04-02,C004893,NC,RW-4418,mtb,M,carbon,1,4899,true,2026-04-04
WEB-105330,2026-04-02,C003586,MA,RW-4418,mtb,M,carbon,1,4899,true,2026-04-04
WEB-105338,2026-04-02,C004902,CO,RW-4418,mtb,M,carbon,1,4899,true,2026-04-06
WEB-105339,2026-04-02,C004903,PA,RW-9901,mtb,L,base,1,2299,true,2026-04-05
WEB-105340,2026-04-02,C004904,MA,RW-9901,mtb,L,base,1,2299,true,2026-04-08
WEB-105342,2026-04-02,C004906,VT,RW-9901,mtb,L,base,1,2299,true,2026-04-04
WEB-105344,2026-04-02,C004908,CO,RW-9901,mtb,L,base,1,2299,true,2026-04-11
WEB-105347,2026-04-02,C004911,TX,RW-9901,mtb,L,base,1,2299,true,2026-04-05
WEB-105351,2026-04-02,C004915,VT,RW-9901,mtb,L,base,1,2299,true,2026-04-07
WEB-105364,2026-04-02,C004926,NM,RW-9901,mtb,L,base,1,2299,true,2026-04-06
WEB-105368,2026-04-02,C004930,MA,RW-6416,mtb,L,carbon,1,4899,true,2026-04-10
WEB-105380,2026-04-02,C004942,UT,RW-6416,mtb,L,carbon,1,4899,true,2026-04-08
WEB-105381,2026-04-02,C004943,VT,RW-6416,mtb,L,carbon,1,4899,true,2026-04-11
WEB-105106,2026-04-03,C004684,WA,RW-3980,road,S,carbon,1,3999,true,2026-04-08
WEB-105108,2026-04-03,C004686,NC,RW-3980,road,S,carbon,1,3999,true,2026-04-09
WEB-105115,2026-04-03,C004693,AZ,RW-3980,road,S,carbon,1,3999,true,2026-04-11
WEB-105118,2026-04-03,C004695,MT,RW-3980,road,S,carbon,1,3999,true,2026-04-12
WEB-105121,2026-04-03,C004698,MT,RW-3980,road,S,carbon,1,3999,true,2026-04-09
WEB-105122,2026-04-03,C004699,NM,RW-3980,road,S,carbon,1,3999,true,2026-04-12
WEB-105138,2026-04-03,C004715,NC,RW-9835,road,M,base,1,1899,true,2026-04-11
WEB-105149,2026-04-03,C004726,NY,RW-9835,road,M,base,1,1899,true,2026-04-05
WEB-105150,2026-04-03,C000746,GA,RW-9835,road,M,base,1,1899,true,2026-04-11
WEB-105155,2026-04-03,C004731,MI,RW-9835,road,M,base,1,1899,true,2026-04-10
WEB-105164,2026-04-03,C004739,PA,RW-2984,road,M,carbon,1,3999,true,2026-04-07
WEB-105170,2026-04-03,C004745,FL,RW-2984,road,M,carbon,1,3999,true,2026-04-12
WEB-105171,2026-04-03,C004746,VT,RW-2984,road,M,carbon,1,3999,true,2026-04-10
WEB-105174,2026-04-03,C004748,VT,RW-2984,road,M,carbon,1,3999,true,2026-04-05
WEB-105182,2026-04-03,C004755,MN,RW-2984,road,M,carbon,1,3999,true,2026-04-09
WEB-105193,2026-04-03,C004765,TX,RW-7298,road,L,base,1,1899,true,2026-04-05
WEB-105213,2026-04-03,C004785,UT,RW-1378,road,L,carbon,1,3999,true,2026-04-12
WEB-105224,2026-04-03,C004796,OR,RW-1378,road,L,carbon,1,3999,true,2026-04-07
WEB-105225,2026-04-03,C004797,CO,RW-1378,road,L,carbon,1,3999,true,2026-04-08
WEB-105226,2026-04-03,C004798,CA,RW-1378,road,L,carbon,1,3999,true,2026-04-05
WEB-105229,2026-04-03,C004801,UT,RW-9304,mtb,S,carbon,1,4899,true,2026-04-12
WEB-105230,2026-04-03,C004802,UT,RW-9304,mtb,S,carbon,1,4899,true,2026-04-05
WEB-105234,2026-04-03,C004806,MT,RW-9304,mtb,S,carbon,1,4899,true,2026-04-05
WEB-105253,2026-04-03,C004822,NM,RW-9304,mtb,S,carbon,1,4899,true,2026-04-06
WEB-105287,2026-04-03,C004853,ID,RW-9324,mtb,M,base,1,2299,true,2026-04-05
WEB-105296,2026-04-03,C004862,NM,RW-9324,mtb,M,base,1,2299,true,2026-04-09
WEB-105297,2026-04-03,C004863,IL,RW-9324,mtb,M,base,1,2299,true,2026-04-08
WEB-105299,2026-04-03,C004865,WA,RW-9324,mtb,M,base,1,2299,true,2026-04-12
WEB-105307,2026-04-03,C004872,TX,RW-4418,mtb,M,carbon,1,4899,true,2026-04-08
WEB-105309,2026-04-03,C004874,NM,RW-4418,mtb,M,carbon,1,4899,true,2026-04-13
WEB-105311,2026-04-03,C004876,WA,RW-4418,mtb,M,carbon,1,4899,true,2026-04-13
WEB-105322,2026-04-03,C004887,NY,RW-4418,mtb,M,carbon,1,4899,true,2026-04-10
WEB-105333,2026-04-03,C004897,TX,RW-4418,mtb,M,carbon,1,4899,true,2026-04-09
WEB-105334,2026-04-03,C004898,PA,RW-4418,mtb,M,carbon,1,4899,true,2026-04-06
WEB-105345,2026-04-03,C004909,PA,RW-9901,mtb,L,base,1,2299,true,2026-04-10
WEB-105346,2026-04-03,C004910,WA,RW-9901,mtb,L,base,1,2299,true,2026-04-09
WEB-105348,2026-04-03,C004912,MT,RW-9901,mtb,L,base,1,2299,true,2026-04-07
WEB-105362,2026-04-03,C002980,MI,RW-9901,mtb,L,base,1,2299,true,2026-04-13
WEB-105371,2026-04-03,C004933,TX,RW-6416,mtb,L,carbon,1,4899,true,2026-04-13
WEB-105375,2026-04-03,C004937,CO,RW-6416,mtb,L,carbon,1,4899,true,2026-04-06
WEB-105376,2026-04-03,C004938,NC,RW-6416,mtb,L,carbon,1,4899,true,2026-04-13
WEB-105100,2026-04-04,C004678,CO,RW-3980,road,S,carbon,1,3999,true,2026-04-07
WEB-105102,2026-04-04,C004680,MI,RW-3980,road,S,carbon,1,3999,true,2026-04-09
WEB-105110,2026-04-04,C004688,NM,RW-3980,road,S,carbon,1,3999,true,2026-04-12
WEB-105129,2026-04-04,C004706,CO,RW-9835,road,M,base,1,1899,true,2026-04-08
WEB-105160,2026-04-04,C000646,MN,RW-9835,road,M,base,1,1899,true,2026-04-06
WEB-105180,2026-04-04,C004753,CO,RW-2984,road,M,carbon,1,3999,true,2026-04-07
WEB-105188,2026-04-04,C004761,CA,RW-7298,road,L,base,1,1899,true,2026-04-14
WEB-105190,2026-04-04,C004763,OR,RW-7298,road,L,base,1,1899,true,2026-04-09
WEB-105196,2026-04-04,C004768,PA,RW-7298,road,L,base,1,1899,true,2026-04-09
WEB-105198,2026-04-04,C004770,NC,RW-7298,road,L,base,1,1899,true,2026-04-13
WEB-105210,2026-04-04,C004782,UT,RW-1378,road,L,carbon,1,3999,true,2026-04-08
WEB-105212,2026-04-04,C004784,NY,RW-1378,road,L,carbon,1,3999,true,2026-04-12
WEB-105217,2026-04-04,C004789,MN,RW-1378,road,L,carbon,1,3999,true,2026-04-11
WEB-105233,2026-04-04,C004805,TX,RW-9304,mtb,S,carbon,1,4899,true,2026-04-14
WEB-105235,2026-04-04,C004807,NY,RW-9304,mtb,S,carbon,1,4899,true,2026-04-09
WEB-105241,2026-04-04,C004812,CA,RW-9304,mtb,S,carbon,1,4899,true,2026-04-07
WEB-105242,2026-04-04,C004813,OR,RW-9304,mtb,S,carbon,1,4899,true,2026-04-13
WEB-105248,2026-04-04,C002204,AZ,RW-9304,mtb,S,carbon,1,4899,true,2026-04-12
WEB-105250,2026-04-04,C004819,MT,RW-9304,mtb,S,carbon,1,4899,true,2026-04-11
WEB-105252,2026-04-04,C004821,CO,RW-9304,mtb,S,carbon,1,4899,true,2026-04-14
WEB-105262,2026-04-04,C004830,NC,RW-9304,mtb,S,carbon,1,4899,true,2026-04-13
WEB-105263,2026-04-04,C001504,NY,RW-9304,mtb,S,carbon,1,4899,true,2026-04-13
WEB-105298,2026-04-04,C004864,VT,RW-9324,mtb,M,base,1,2299,true,2026-04-07
WEB-105300,2026-04-04,C004866,VT,RW-9324,mtb,M,base,1,2299,true,2026-04-08
WEB-105316,2026-04-04,C004881,VT,RW-4418,mtb,M,carbon,1,4899,true,2026-04-06
WEB-105323,2026-04-04,C004888,NM,RW-4418,mtb,M,carbon,1,4899,true,2026-04-10
WEB-105324,2026-04-04,C004889,MT,RW-4418,mtb,M,carbon,1,4899,true,2026-04-10
WEB-105341,2026-04-04,C004905,GA,RW-9901,mtb,L,base,1,2299,true,2026-04-10
WEB-105357,2026-04-04,C004921,NY,RW-9901,mtb,L,base,1,2299,true,2026-04-09
WEB-105360,2026-04-04,C004924,UT,RW-9901,mtb,L,base,1,2299,true,2026-04-08
WEB-105367,2026-04-04,C004929,PA,RW-6416,mtb,L,carbon,1,4899,true,2026-04-07
WEB-105374,2026-04-04,C004936,PA,RW-6416,mtb,L,carbon,1,4899,true,2026-04-11
WEB-105101,2026-04-05,C004679,MN,RW-3980,road,S,carbon,1,3999,true,2026-04-10
WEB-105109,2026-04-05,C004687,MT,RW-3980,road,S,carbon,1,3999,true,2026-04-13
WEB-105123,2026-04-05,C004700,NC,RW-9835,road,M,base,1,1899,true,2026-04-15
WEB-105132,2026-04-05,C004709,MI,RW-9835,road,M,base,1,1899,true,2026-04-08
WEB-105136,2026-04-05,C004713,OR,RW-9835,road,M,base,1,1899,true,2026-04-07
WEB-105139,2026-04-05,C004716,MA,RW-9835,road,M,base,1,1899,true,2026-04-07
WEB-105145,2026-04-05,C004722,MT,RW-9835,road,M,base,1,1899,true,2026-04-15
WEB-105152,2026-04-05,C004728,TX,RW-9835,road,M,base,1,1899,true,2026-04-12
WEB-105153,2026-04-05,C004729,NM,RW-9835,road,M,base,1,1899,true,2026-04-13
WEB-105162,2026-04-05,C004737,MI,RW-2984,road,M,carbon,1,3999,true,2026-04-13
WEB-105187,2026-04-05,C004760,MN,RW-7298,road,L,base,1,1899,true,2026-04-08
WEB-105200,2026-04-05,C004772,MI,RW-7298,road,L,base,1,1899,true,2026-04-10
WEB-105207,2026-04-05,C004779,NM,RW-1378,road,L,carbon,1,3999,true,2026-04-09
WEB-105239,2026-04-05,C004810,NY,RW-9304,mtb,S,carbon,1,4899,true,2026-04-10
WEB-105245,2026-04-05,C001290,CA,RW-9304,mtb,S,carbon,1,4899,true,2026-04-13
WEB-105246,2026-04-05,C004816,GA,RW-9304,mtb,S,carbon,1,4899,true,2026-04-07
WEB-105249,2026-04-05,C004818,MA,RW-9304,mtb,S,carbon,1,4899,true,2026-04-09
WEB-105258,2026-04-05,C004827,PA,RW-9304,mtb,S,carbon,1,4899,true,2026-04-14
WEB-105266,2026-04-05,C001367,IL,RW-9324,mtb,M,base,1,2299,true,2026-04-09
WEB-105267,2026-04-05,C004833,UT,RW-9324,mtb,M,base,1,2299,true,2026-04-10
WEB-105272,2026-04-05,C004838,VT,RW-9324,mtb,M,base,1,2299,true,2026-04-15
WEB-105288,2026-04-05,C004854,WA,RW-9324,mtb,M,base,1,2299,true,2026-04-08
WEB-105289,2026-04-05,C004855,PA,RW-9324,mtb,M,base,1,2299,true,2026-04-14
WEB-105290,2026-04-05,C004856,MT,RW-9324,mtb,M,base,1,2299,true,2026-04-09
WEB-105303,2026-04-05,C004869,CA,RW-4418,mtb,M,carbon,1,4899,true,2026-04-09
WEB-105305,2026-04-05,C004870,OR,RW-4418,mtb,M,carbon,1,4899,true,2026-04-12
WEB-105354,2026-04-05,C004918,GA,RW-9901,mtb,L,base,1,2299,true,2026-04-10
WEB-105363,2026-04-05,C004925,CO,RW-9901,mtb,L,base,1,2299,true,2026-04-07
WEB-105369,2026-04-05,C004931,IL,RW-6416,mtb,L,carbon,1,4899,true,2026-04-09
WEB-105373,2026-04-05,C004935,CA,RW-6416,mtb,L,carbon,1,4899,true,2026-04-12
WEB-105378,2026-04-05,C004940,MN,RW-6416,mtb,L,carbon,1,4899,true,2026-04-14
WEB-105382,2026-04-06,C004944,MT,RW-3980,road,S,carbon,1,3999,true,2026-04-14
WEB-105391,2026-04-06,C004953,NM,RW-3980,road,S,carbon,1,3999,true,2026-04-10
WEB-105392,2026-04-06,C004954,GA,RW-3980,road,S,carbon,1,3999,true,2026-04-12
WEB-105399,2026-04-06,C004960,OR,RW-3980,road,S,carbon,1,3999,true,2026-04-13
WEB-105406,2026-04-06,C004967,PA,RW-3980,road,S,carbon,1,3999,true,2026-04-14
WEB-105407,2026-04-06,C004968,ID,RW-3980,road,S,carbon,1,3999,true,2026-04-10
WEB-105408,2026-04-06,C004969,NM,RW-3980,road,S,carbon,1,3999,true,2026-04-12
WEB-105417,2026-04-06,C004976,ID,RW-9835,road,M,base,1,1899,true,2026-04-09
WEB-105424,2026-04-06,C004982,MA,RW-9835,road,M,base,1,1899,true,2026-04-11
WEB-105431,2026-04-06,C004987,AZ,RW-9835,road,M,base,1,1899,true,2026-04-16
WEB-105435,2026-04-06,C004991,MA,RW-9835,road,M,base,1,1899,true,2026-04-16
WEB-105438,2026-04-06,C004994,MT,RW-9835,road,M,base,1,1899,true,2026-04-16
WEB-105446,2026-04-06,C005000,NY,RW-9835,road,M,base,1,1899,true,2026-04-09
WEB-105454,2026-04-06,C005007,GA,RW-2984,road,M,carbon,1,3999,true,2026-04-11
WEB-105461,2026-04-06,C005014,VT,RW-2984,road,M,carbon,1,3999,true,2026-04-09
WEB-105474,2026-04-06,C005025,OR,RW-2984,road,M,carbon,1,3999,true,2026-04-16
WEB-105477,2026-04-06,C005028,MT,RW-2984,road,M,carbon,1,3999,true,2026-04-09
WEB-105480,2026-04-06,C005031,GA,RW-2984,road,M,carbon,1,3999,true,2026-04-14
WEB-105489,2026-04-06,C005038,CO,RW-2984,road,M,carbon,1,3999,true,2026-04-09
WEB-105492,2026-04-06,C005040,GA,RW-7298,road,L,base,1,1899,true,2026-04-12
WEB-105505,2026-04-06,C005052,OR,RW-7298,road,L,base,1,1899,true,2026-04-14
WEB-105508,2026-04-06,C005055,VT,RW-7298,road,L,base,1,1899,true,2026-04-14
WEB-105521,2026-04-06,C003874,CA,RW-1378,road,L,carbon,1,3999,true,2026-04-14
WEB-105526,2026-04-06,C005071,PA,RW-1378,road,L,carbon,1,3999,true,2026-04-10
WEB-105531,2026-04-06,C004081,ID,RW-1378,road,L,carbon,1,3999,true,2026-04-08
WEB-105534,2026-04-06,C005076,WA,RW-9304,mtb,S,carbon,1,4899,true,2026-04-10
WEB-105537,2026-04-06,C005079,PA,RW-9304,mtb,S,carbon,1,4899,true,2026-04-08
WEB-105563,2026-04-06,C005100,MT,RW-9324,mtb,M,base,1,2299,true,2026-04-09
WEB-105572,2026-04-06,C005108,NM,RW-9324,mtb,M,base,1,2299,true,2026-04-09
WEB-105578,2026-04-06,C005113,VT,RW-9324,mtb,M,base,1,2299,true,2026-04-15
WEB-105610,2026-04-06,C005143,GA,RW-4418,mtb,M,carbon,1,4899,true,2026-04-10
WEB-105612,2026-04-06,C005145,AZ,RW-4418,mtb,M,carbon,1,4899,true,2026-04-14
WEB-105614,2026-04-06,C005147,GA,RW-4418,mtb,M,carbon,1,4899,true,2026-04-15
WEB-105629,2026-04-06,C005162,MI,RW-4418,mtb,M,carbon,1,4899,true,2026-04-14
WEB-105650,2026-04-06,C005183,MN,RW-9901,mtb,L,base,1,2299,true,2026-04-11
WEB-105655,2026-04-06,C005188,OR,RW-9901,mtb,L,base,1,2299,true,2026-04-12
WEB-105667,2026-04-06,C005198,NY,RW-6416,mtb,L,carbon,1,4899,true,2026-04-15
WEB-105675,2026-04-06,C005205,GA,RW-6416,mtb,L,carbon,1,4899,true,2026-04-16
WEB-105676,2026-04-06,C005206,NM,RW-6416,mtb,L,carbon,1,4899,true,2026-04-14
WEB-105684,2026-04-06,C005214,CO,RW-6416,mtb,L,carbon,1,4899,true,2026-04-12
WEB-105686,2026-04-06,C005216,WA,RW-6416,mtb,L,carbon,1,4899,true,2026-04-14
WEB-105385,2026-04-07,C004947,MT,RW-3980,road,S,carbon,1,3999,true,2026-04-11
WEB-105394,2026-04-07,C004956,CA,RW-3980,road,S,carbon,1,3999,true,2026-04-13
WEB-105415,2026-04-07,C003763,CA,RW-9835,road,M,base,1,1899,true,2026-04-09
WEB-105418,2026-04-07,C004977,CO,RW-9835,road,M,base,1,1899,true,2026-04-09
WEB-105421,2026-04-07,C000295,PA,RW-9835,road,M,base,1,1899,true,2026-04-14
WEB-105428,2026-04-07,C000313,IL,RW-9835,road,M,base,1,1899,true,2026-04-13
WEB-105429,2026-04-07,C004985,MA,RW-9835,road,M,base,1,1899,true,2026-04-11
WEB-105437,2026-04-07,C004993,TX,RW-9835,road,M,base,1,1899,true,2026-04-16
WEB-105440,2026-04-07,C004995,TX,RW-9835,road,M,base,1,1899,true,2026-04-09
WEB-105449,2026-04-07,C005002,NY,RW-2984,road,M,carbon,1,3999,true,2026-04-13
WEB-105457,2026-04-07,C005010,NC,RW-2984,road,M,carbon,1,3999,true,2026-04-17
WEB-105462,2026-04-07,C002898,CO,RW-2984,road,M,carbon,1,3999,true,2026-04-13
WEB-105463,2026-04-07,C003314,UT,RW-2984,road,M,carbon,1,3999,true,2026-04-15
WEB-105464,2026-04-07,C005015,PA,RW-2984,road,M,carbon,1,3999,true,2026-04-12
WEB-105465,2026-04-07,C005016,NC,RW-2984,road,M,carbon,1,3999,true,2026-04-09
WEB-105486,2026-04-07,C003442,GA,RW-2984,road,M,carbon,1,3999,true,2026-04-12
WEB-105514,2026-04-07,C005060,PA,RW-1378,road,L,carbon,1,3999,true,2026-04-17
WEB-105515,2026-04-07,C005061,MN,RW-1378,road,L,carbon,1,3999,true,2026-04-12
WEB-105525,2026-04-07,C005070,MT,RW-1378,road,L,carbon,1,3999,true,2026-04-13
WEB-105527,2026-04-07,C005072,PA,RW-1378,road,L,carbon,1,3999,true,2026-04-10
WEB-105546,2026-04-07,C002703,NY,RW-9304,mtb,S,carbon,1,4899,true,2026-04-15
WEB-105552,2026-04-07,C005092,MA,RW-9304,mtb,S,carbon,1,4899,true,2026-04-14
WEB-105553,2026-04-07,C001649,MN,RW-9304,mtb,S,carbon,1,4899,true,2026-04-16
WEB-105557,2026-04-07,C004733,VT,RW-9304,mtb,S,carbon,1,4899,true,2026-04-17
WEB-105569,2026-04-07,C005106,NM,RW-9324,mtb,M,base,1,2299,true,2026-04-17
WEB-105570,2026-04-07,C001002,WA,RW-9324,mtb,M,base,1,2299,true,2026-04-10
WEB-105573,2026-04-07,C003839,MN,RW-9324,mtb,M,base,1,2299,true,2026-04-12
WEB-105581,2026-04-07,C005116,MA,RW-9324,mtb,M,base,1,2299,true,2026-04-14
WEB-105584,2026-04-07,C005119,MI,RW-9324,mtb,M,base,1,2299,true,2026-04-16
WEB-105586,2026-04-07,C005121,CO,RW-9324,mtb,M,base,1,2299,true,2026-04-10
WEB-105590,2026-04-07,C005125,CA,RW-9324,mtb,M,base,1,2299,true,2026-04-09
WEB-105607,2026-04-07,C005140,FL,RW-4418,mtb,M,carbon,1,4899,true,2026-04-12
WEB-105608,2026-04-07,C005141,VT,RW-4418,mtb,M,carbon,1,4899,true,2026-04-17
WEB-105615,2026-04-07,C005148,CO,RW-4418,mtb,M,carbon,1,4899,true,2026-04-09
WEB-105618,2026-04-07,C005151,ID,RW-4418,mtb,M,carbon,1,4899,true,2026-04-14
WEB-105624,2026-04-07,C005157,NY,RW-4418,mtb,M,carbon,1,4899,true,2026-04-14
WEB-105628,2026-04-07,C005161,CO,RW-4418,mtb,M,carbon,1,4899,true,2026-04-15
WEB-105633,2026-04-07,C005166,AZ,RW-9901,mtb,L,base,1,2299,true,2026-04-17
WEB-105634,2026-04-07,C005167,MI,RW-9901,mtb,L,base,1,2299,true,2026-04-13
WEB-105636,2026-04-07,C005169,MA,RW-9901,mtb,L,base,1,2299,true,2026-04-11
WEB-105639,2026-04-07,C005172,GA,RW-9901,mtb,L,base,1,2299,true,2026-04-15
WEB-105666,2026-04-07,C005197,GA,RW-6416,mtb,L,carbon,1,4899,true,2026-04-12
WEB-105673,2026-04-07,C005203,NC,RW-6416,mtb,L,carbon,1,4899,true,2026-04-10
WEB-105674,2026-04-07,C005204,MI,RW-6416,mtb,L,carbon,1,4899,true,2026-04-15
WEB-105685,2026-04-07,C005215,TX,RW-6416,mtb,L,carbon,1,4899,true,2026-04-12
WEB-105395,2026-04-08,C004957,MA,RW-3980,road,S,carbon,1,3999,true,2026-04-11
WEB-105403,2026-04-08,C004964,PA,RW-3980,road,S,carbon,1,3999,true,2026-04-13
WEB-105412,2026-04-08,C004972,MN,RW-3980,road,S,carbon,1,3999,true,2026-04-15
WEB-105414,2026-04-08,C004974,NM,RW-9835,road,M,base,1,1899,true,2026-04-13
WEB-105433,2026-04-08,C004989,TX,RW-9835,road,M,base,1,1899,true,2026-04-14
WEB-105445,2026-04-08,C002137,MT,RW-9835,road,M,base,1,1899,true,2026-04-11
WEB-105450,2026-04-08,C005003,GA,RW-2984,road,M,carbon,1,3999,true,2026-04-13
WEB-105472,2026-04-08,C005023,GA,RW-2984,road,M,carbon,1,3999,true,2026-04-17
WEB-105479,2026-04-08,C005030,MT,RW-2984,road,M,carbon,1,3999,true,2026-04-17
WEB-105488,2026-04-08,C005037,CA,RW-2984,road,M,carbon,1,3999,true,2026-04-16
WEB-105490,2026-04-08,C001347,MT,RW-2984,road,M,carbon,1,3999,true,2026-04-11
WEB-105499,2026-04-08,C005046,ID,RW-7298,road,L,base,1,1899,true,2026-04-10
WEB-105501,2026-04-08,C005048,UT,RW-7298,road,L,base,1,1899,true,2026-04-10
WEB-105502,2026-04-08,C005049,CO,RW-7298,road,L,base,1,1899,true,2026-04-12
WEB-105507,2026-04-08,C005054,CO,RW-7298,road,L,base,1,1899,true,2026-04-17
WEB-105512,2026-04-08,C005058,NM,RW-1378,road,L,carbon,1,3999,true,2026-04-18
WEB-105523,2026-04-08,C005068,AZ,RW-1378,road,L,carbon,1,3999,true,2026-04-13
WEB-105529,2026-04-08,C005073,MI,RW-1378,road,L,carbon,1,3999,true,2026-04-17
WEB-105536,2026-04-08,C005078,ID,RW-9304,mtb,S,carbon,1,4899,true,2026-04-10
WEB-105539,2026-04-08,C004562,ID,RW-9304,mtb,S,carbon,1,4899,true,2026-04-11
WEB-105540,2026-04-08,C005081,OR,RW-9304,mtb,S,carbon,1,4899,true,2026-04-16
WEB-105544,2026-04-08,C005085,PA,RW-9304,mtb,S,carbon,1,4899,true,2026-04-14
WEB-105547,2026-04-08,C005087,MN,RW-9304,mtb,S,carbon,1,4899,true,2026-04-15
WEB-105548,2026-04-08,C005088,MA,RW-9304,mtb,S,carbon,1,4899,true,2026-04-14
WEB-105558,2026-04-08,C005095,TX,RW-9304,mtb,S,carbon,1,4899,true,2026-04-10
WEB-105559,2026-04-08,C005096,NY,RW-9304,mtb,S,carbon,1,4899,true,2026-04-17
WEB-105568,2026-04-08,C005105,CO,RW-9324,mtb,M,base,1,2299,true,2026-04-14
WEB-105580,2026-04-08,C005115,PA,RW-9324,mtb,M,base,1,2299,true,2026-04-12
WEB-105585,2026-04-08,C005120,MN,RW-9324,mtb,M,base,1,2299,true,2026-04-10
WEB-105587,2026-04-08,C005122,PA,RW-9324,mtb,M,base,1,2299,true,2026-04-16
WEB-105599,2026-04-08,C005133,MT,RW-9324,mtb,M,base,1,2299,true,2026-04-17
WEB-105600,2026-04-08,C000261,NM,RW-9324,mtb,M,base,1,2299,true,2026-04-18
WEB-105616,2026-04-08,C005149,MA,RW-4418,mtb,M,carbon,1,4899,true,2026-04-12
WEB-105620,2026-04-08,C005153,NC,RW-4418,mtb,M,carbon,1,4899,true,2026-04-16
WEB-105623,2026-04-08,C005156,GA,RW-4418,mtb,M,carbon,1,4899,true,2026-04-10
WEB-105626,2026-04-08,C005159,MA,RW-4418,mtb,M,carbon,1,4899,true,2026-04-15
WEB-105638,2026-04-08,C005171,OR,RW-9901,mtb,L,base,1,2299,true,2026-04-15
WEB-105641,2026-04-08,C005174,WA,RW-9901,mtb,L,base,1,2299,true,2026-04-18
WEB-105646,2026-04-08,C005179,AZ,RW-9901,mtb,L,base,1,2299,true,2026-04-10
WEB-105648,2026-04-08,C005181,ID,RW-9901,mtb,L,base,1,2299,true,2026-04-16
WEB-105653,2026-04-08,C005186,CO,RW-9901,mtb,L,base,1,2299,true,2026-04-17
WEB-105659,2026-04-08,C005192,OR,RW-9901,mtb,L,base,1,2299,true,2026-04-13
WEB-105660,2026-04-08,C000016,OR,RW-9901,mtb,L,base,1,2299,true,2026-04-11
WEB-105662,2026-04-08,C002720,MT,RW-6416,mtb,L,carbon,1,4899,true,2026-04-16
WEB-105665,2026-04-08,C005196,ID,RW-6416,mtb,L,carbon,1,4899,true,2026-04-17
WEB-105668,2026-04-08,C005199,GA,RW-6416,mtb,L,carbon,1,4899,true,2026-04-16
WEB-105671,2026-04-08,C005201,MI,RW-6416,mtb,L,carbon,1,4899,true,2026-04-16
WEB-105680,2026-04-08,C005210,MA,RW-6416,mtb,L,carbon,1,4899,true,2026-04-18
WEB-105681,2026-04-08,C005211,WA,RW-6416,mtb,L,carbon,1,4899,true,2026-04-11
WEB-105683,2026-04-08,C005213,AZ,RW-6416,mtb,L,carbon,1,4899,true,2026-04-16
WEB-105390,2026-04-09,C004952,IL,RW-3980,road,S,carbon,1,3999,true,2026-04-12
WEB-105410,2026-04-09,C004970,MI,RW-3980,road,S,carbon,1,3999,true,2026-04-13
WEB-105413,2026-04-09,C004973,TX,RW-9835,road,M,base,1,1899,true,2026-04-17
WEB-105420,2026-04-09,C004979,MN,RW-9835,road,M,base,1,1899,true,2026-04-11
WEB-105422,2026-04-09,C004980,FL,RW-9835,road,M,base,1,1899,true,2026-04-12
WEB-105427,2026-04-09,C004984,UT,RW-9835,road,M,base,1,1899,true,2026-04-16
WEB-105441,2026-04-09,C004996,OR,RW-9835,road,M,base,1,1899,true,2026-04-15
WEB-105455,2026-04-09,C005008,NY,RW-2984,road,M,carbon,1,3999,true,2026-04-13
WEB-105459,2026-04-09,C005012,NM,RW-2984,road,M,carbon,1,3999,true,2026-04-14
WEB-105469,2026-04-09,C005020,CA,RW-2984,road,M,carbon,1,3999,true,2026-04-14
WEB-105470,2026-04-09,C005021,MT,RW-2984,road,M,carbon,1,3999,true,2026-04-17
WEB-105481,2026-04-09,C001811,OR,RW-2984,road,M,carbon,1,3999,true,2026-04-12
WEB-105482,2026-04-09,C005032,WA,RW-2984,road,M,carbon,1,3999,true,2026-04-14
WEB-105484,2026-04-09,C005034,MA,RW-2984,road,M,carbon,1,3999,true,2026-04-18
WEB-105498,2026-04-09,C005045,MN,RW-7298,road,L,base,1,1899,true,2026-04-14
WEB-105503,2026-04-09,C005050,NY,RW-7298,road,L,base,1,1899,true,2026-04-16
WEB-105504,2026-04-09,C005051,UT,RW-7298,road,L,base,1,1899,true,2026-04-14
WEB-105509,2026-04-09,C005056,IL,RW-1378,road,L,carbon,1,3999,true,2026-04-16
WEB-105511,2026-04-09,C000129,WA,RW-1378,road,L,carbon,1,3999,true,2026-04-12
WEB-105516,2026-04-09,C005062,IL,RW-1378,road,L,carbon,1,3999,true,2026-04-17
WEB-105519,2026-04-09,C005065,PA,RW-1378,road,L,carbon,1,3999,true,2026-04-12
WEB-105520,2026-04-09,C005066,CO,RW-1378,road,L,carbon,1,3999,true,2026-04-14
WEB-105538,2026-04-09,C005080,CO,RW-9304,mtb,S,carbon,1,4899,true,2026-04-12
WEB-105545,2026-04-09,C005086,NY,RW-9304,mtb,S,carbon,1,4899,true,2026-04-19
WEB-105549,2026-04-09,C005089,GA,RW-9304,mtb,S,carbon,1,4899,true,2026-04-12
WEB-105554,2026-04-09,C003244,UT,RW-9304,mtb,S,carbon,1,4899,true,2026-04-15
WEB-105555,2026-04-09,C005093,MT,RW-9304,mtb,S,carbon,1,4899,true,2026-04-19
WEB-105556,2026-04-09,C005094,OR,RW-9304,mtb,S,carbon,1,4899,true,2026-04-12
WEB-105562,2026-04-09,C005099,IL,RW-9324,mtb,M,base,1,2299,true,2026-04-19
WEB-105565,2026-04-09,C005102,NC,RW-9324,mtb,M,base,1,2299,true,2026-04-11
WEB-105574,2026-04-09,C005109,ID,RW-9324,mtb,M,base,1,2299,true,2026-04-14
WEB-105589,2026-04-09,C005124,CO,RW-9324,mtb,M,base,1,2299,true,2026-04-18
WEB-105593,2026-04-09,C001197,MI,RW-9324,mtb,M,base,1,2299,true,2026-04-19
WEB-105594,2026-04-09,C005128,WA,RW-9324,mtb,M,base,1,2299,true,2026-04-12
WEB-105597,2026-04-09,C005131,MN,RW-9324,mtb,M,base,1,2299,true,2026-04-15
WEB-105601,2026-04-09,C005134,IL,RW-9324,mtb,M,base,1,2299,true,2026-04-11
WEB-105606,2026-04-09,C005139,AZ,RW-4418,mtb,M,carbon,1,4899,true,2026-04-15
WEB-105619,2026-04-09,C005152,IL,RW-4418,mtb,M,carbon,1,4899,true,2026-04-15
WEB-105625,2026-04-09,C005158,GA,RW-4418,mtb,M,carbon,1,4899,true,2026-04-15
WEB-105627,2026-04-09,C005160,VT,RW-4418,mtb,M,carbon,1,4899,true,2026-04-14
WEB-105632,2026-04-09,C005165,PA,RW-4418,mtb,M,carbon,1,4899,true,2026-04-14
WEB-105640,2026-04-09,C005173,CA,RW-9901,mtb,L,base,1,2299,true,2026-04-17
WEB-105651,2026-04-09,C005184,ID,RW-9901,mtb,L,base,1,2299,true,2026-04-18
WEB-105656,2026-04-09,C005189,OR,RW-9901,mtb,L,base,1,2299,true,2026-04-14
WEB-105661,2026-04-09,C005193,MI,RW-9901,mtb,L,base,1,2299,true,2026-04-18
WEB-105663,2026-04-09,C005194,WA,RW-6416,mtb,L,carbon,1,4899,true,2026-04-18
WEB-105672,2026-04-09,C005202,VT,RW-6416,mtb,L,carbon,1,4899,true,2026-04-18
WEB-105678,2026-04-09,C005208,TX,RW-6416,mtb,L,carbon,1,4899,true,2026-04-15
WEB-105383,2026-04-10,C004945,IL,RW-3980,road,S,carbon,1,3999,true,2026-04-20
WEB-105387,2026-04-10,C004949,NM,RW-3980,road,S,carbon,1,3999,true,2026-04-12
WEB-105396,2026-04-10,C004958,GA,RW-3980,road,S,carbon,1,3999,true,2026-04-19
WEB-105400,2026-04-10,C004961,GA,RW-3980,road,S,carbon,1,3999,true,2026-04-12
WEB-105405,2026-04-10,C004966,ID,RW-3980,road,S,carbon,1,3999,true,2026-04-18
WEB-105409,2026-04-10,C003298,PA,RW-3980,road,S,carbon,1,3999,true,2026-04-15
WEB-105423,2026-04-10,C004981,IL,RW-9835,road,M,base,1,1899,true,2026-04-13
WEB-105442,2026-04-10,C004997,NM,RW-9835,road,M,base,1,1899,true,2026-04-13
WEB-105443,2026-04-10,C004998,NM,RW-9835,road,M,base,1,1899,true,2026-04-15
WEB-105447,2026-04-10,C005001,VT,RW-2984,road,M,carbon,1,3999,true,2026-04-18
WEB-105453,2026-04-10,C005006,ID,RW-2984,road,M,carbon,1,3999,true,2026-04-16
WEB-105458,2026-04-10,C005011,PA,RW-2984,road,M,carbon,1,3999,true,2026-04-16
WEB-105460,2026-04-10,C005013,TX,RW-2984,road,M,carbon,1,3999,true,2026-04-15
WEB-105471,2026-04-10,C005022,CO,RW-2984,road,M,carbon,1,3999,true,2026-04-15
WEB-105473,2026-04-10,C005024,CA,RW-2984,road,M,carbon,1,3999,true,2026-04-19
WEB-105475,2026-04-10,C005026,OR,RW-2984,road,M,carbon,1,3999,true,2026-04-18
WEB-105487,2026-04-10,C005036,WA,RW-2984,road,M,carbon,1,3999,true,2026-04-16
WEB-105517,2026-04-10,C005063,MN,RW-1378,road,L,carbon,1,3999,true,2026-04-14
WEB-105528,2026-04-10,C000552,PA,RW-1378,road,L,carbon,1,3999,true,2026-04-18
WEB-105530,2026-04-10,C005074,ID,RW-1378,road,L,carbon,1,3999,true,2026-04-12
WEB-105532,2026-04-10,C000342,IL,RW-1378,road,L,carbon,1,3999,true,2026-04-20
WEB-105541,2026-04-10,C005082,NM,RW-9304,mtb,S,carbon,1,4899,true,2026-04-12
WEB-105542,2026-04-10,C005083,WA,RW-9304,mtb,S,carbon,1,4899,true,2026-04-12
WEB-105561,2026-04-10,C005098,NY,RW-9324,mtb,M,base,1,2299,true,2026-04-16
WEB-105564,2026-04-10,C005101,MI,RW-9324,mtb,M,base,1,2299,true,2026-04-14
WEB-105567,2026-04-10,C005104,CO,RW-9324,mtb,M,base,1,2299,true,2026-04-17
WEB-105571,2026-04-10,C005107,WA,RW-9324,mtb,M,base,1,2299,true,2026-04-12
WEB-105576,2026-04-10,C005111,VT,RW-9324,mtb,M,base,1,2299,true,2026-04-15
WEB-105579,2026-04-10,C005114,OR,RW-9324,mtb,M,base,1,2299,true,2026-04-18
WEB-105582,2026-04-10,C005117,GA,RW-9324,mtb,M,base,1,2299,true,2026-04-15
WEB-105591,2026-04-10,C005126,GA,RW-9324,mtb,M,base,1,2299,true,2026-04-12
WEB-105596,2026-04-10,C005130,MA,RW-9324,mtb,M,base,1,2299,true,2026-04-13
WEB-105602,2026-04-10,C005135,MT,RW-4418,mtb,M,carbon,1,4899,true,2026-04-17
WEB-105604,2026-04-10,C005137,OR,RW-4418,mtb,M,carbon,1,4899,true,2026-04-20
WEB-105605,2026-04-10,C005138,IL,RW-4418,mtb,M,carbon,1,4899,true,2026-04-12
WEB-105611,2026-04-10,C005144,TX,RW-4418,mtb,M,carbon,1,4899,true,2026-04-14
WEB-105613,2026-04-10,C005146,MN,RW-4418,mtb,M,carbon,1,4899,true,2026-04-18
WEB-105621,2026-04-10,C005154,IL,RW-4418,mtb,M,carbon,1,4899,true,2026-04-17
WEB-105642,2026-04-10,C005175,MT,RW-9901,mtb,L,base,1,2299,true,2026-04-16
WEB-105649,2026-04-10,C005182,FL,RW-9901,mtb,L,base,1,2299,true,2026-04-17
WEB-105657,2026-04-10,C005190,NM,RW-9901,mtb,L,base,1,2299,true,2026-04-19
WEB-105658,2026-04-10,C005191,CO,RW-9901,mtb,L,base,1,2299,true,2026-04-19
WEB-105677,2026-04-10,C005207,AZ,RW-6416,mtb,L,carbon,1,4899,true,2026-04-14
WEB-105679,2026-04-10,C005209,PA,RW-6416,mtb,L,carbon,1,4899,true,2026-04-12
WEB-105687,2026-04-10,C005217,NC,RW-6416,mtb,L,carbon,1,4899,true,2026-04-16
WEB-105386,2026-04-11,C004948,NY,RW-3980,road,S,carbon,1,3999,true,2026-04-20
WEB-105389,2026-04-11,C004951,MT,RW-3980,road,S,carbon,1,3999,true,2026-04-16
WEB-105393,2026-04-11,C004955,MI,RW-3980,road,S,carbon,1,3999,true,2026-04-21
WEB-105398,2026-04-11,C004950,NC,RW-3980,road,S,carbon,1,3999,true,2026-04-15
WEB-105401,2026-04-11,C004962,GA,RW-3980,road,S,carbon,1,3999,true,2026-04-20
WEB-105411,2026-04-11,C004971,MI,RW-3980,road,S,carbon,1,3999,true,2026-04-16
WEB-105419,2026-04-11,C004978,ID,RW-9835,road,M,base,1,1899,true,2026-04-19
WEB-105425,2026-04-11,C001733,ID,RW-9835,road,M,base,1,1899,true,2026-04-14
WEB-105426,2026-04-11,C004983,ID,RW-9835,road,M,base,1,1899,true,2026-04-13
WEB-105436,2026-04-11,C004992,ID,RW-9835,road,M,base,1,1899,true,2026-04-20
WEB-105439,2026-04-11,C004011,VT,RW-9835,road,M,base,1,1899,true,2026-04-16
WEB-105448,2026-04-11,C004714,WA,RW-2984,road,M,carbon,1,3999,true,2026-04-19
WEB-105467,2026-04-11,C005018,PA,RW-2984,road,M,carbon,1,3999,true,2026-04-13
WEB-105476,2026-04-11,C005027,NY,RW-2984,road,M,carbon,1,3999,true,2026-04-14
WEB-105478,2026-04-11,C005029,UT,RW-2984,road,M,carbon,1,3999,true,2026-04-18
WEB-105483,2026-04-11,C005033,MT,RW-2984,road,M,carbon,1,3999,true,2026-04-17
WEB-105485,2026-04-11,C005035,VT,RW-2984,road,M,carbon,1,3999,true,2026-04-19
WEB-105491,2026-04-11,C005039,WA,RW-2984,road,M,carbon,1,3999,true,2026-04-16
WEB-105494,2026-04-11,C000648,MI,RW-7298,road,L,base,1,1899,true,2026-04-20
WEB-105495,2026-04-11,C005042,TX,RW-7298,road,L,base,1,1899,true,2026-04-15
WEB-105497,2026-04-11,C005044,NC,RW-7298,road,L,base,1,1899,true,2026-04-21
WEB-105506,2026-04-11,C005053,NC,RW-7298,road,L,base,1,1899,true,2026-04-14
WEB-105513,2026-04-11,C005059,TX,RW-1378,road,L,carbon,1,3999,true,2026-04-19
WEB-105518,2026-04-11,C005064,CA,RW-1378,road,L,carbon,1,3999,true,2026-04-20
WEB-105524,2026-04-11,C005069,NC,RW-1378,road,L,carbon,1,3999,true,2026-04-15
WEB-105550,2026-04-11,C005090,PA,RW-9304,mtb,S,carbon,1,4899,true,2026-04-15
WEB-105560,2026-04-11,C005097,MI,RW-9324,mtb,M,base,1,2299,true,2026-04-19
WEB-105566,2026-04-11,C005103,MT,RW-9324,mtb,M,base,1,2299,true,2026-04-20
WEB-105575,2026-04-11,C005110,CO,RW-9324,mtb,M,base,1,2299,true,2026-04-17
WEB-105583,2026-04-11,C005118,PA,RW-9324,mtb,M,base,1,2299,true,2026-04-20
WEB-105592,2026-04-11,C005127,MT,RW-9324,mtb,M,base,1,2299,true,2026-04-15
WEB-105595,2026-04-11,C005129,TX,RW-9324,mtb,M,base,1,2299,true,2026-04-20
WEB-105598,2026-04-11,C005132,FL,RW-9324,mtb,M,base,1,2299,true,2026-04-14
WEB-105603,2026-04-11,C005136,CA,RW-4418,mtb,M,carbon,1,4899,true,2026-04-20
WEB-105609,2026-04-11,C005142,ID,RW-4418,mtb,M,carbon,1,4899,true,2026-04-20
WEB-105622,2026-04-11,C005155,UT,RW-4418,mtb,M,carbon,1,4899,true,2026-04-14
WEB-105630,2026-04-11,C005163,FL,RW-4418,mtb,M,carbon,1,4899,true,2026-04-14
WEB-105635,2026-04-11,C005168,CO,RW-9901,mtb,L,base,1,2299,true,2026-04-19
WEB-105637,2026-04-11,C005170,MI,RW-9901,mtb,L,base,1,2299,true,2026-04-15
WEB-105647,2026-04-11,C005180,OR,RW-9901,mtb,L,base,1,2299,true,2026-04-18
WEB-105682,2026-04-11,C005212,GA,RW-6416,mtb,L,carbon,1,4899,true,2026-04-17
WEB-105384,2026-04-12,C004946,MA,RW-3980,road,S,carbon,1,3999,true,2026-04-22
WEB-105388,2026-04-12,C004950,OR,RW-3980,road,S,carbon,1,3999,true,2026-04-17
WEB-105397,2026-04-12,C004959,NC,RW-3980,road,S,carbon,1,3999,true,2026-04-22
WEB-105402,2026-04-12,C004963,WA,RW-3980,road,S,carbon,1,3999,true,2026-04-21
WEB-105404,2026-04-12,C004965,MN,RW-3980,road,S,carbon,1,3999,true,2026-04-14
WEB-105416,2026-04-12,C004975,CO,RW-9835,road,M,base,1,1899,true,2026-04-15
WEB-105430,2026-04-12,C004986,CO,RW-9835,road,M,base,1,1899,true,2026-04-20
WEB-105432,2026-04-12,C004988,GA,RW-9835,road,M,base,1,1899,true,2026-04-17
WEB-105434,2026-04-12,C004990,TX,RW-9835,road,M,base,1,1899,true,2026-04-16
WEB-105444,2026-04-12,C004999,TX,RW-9835,road,M,base,1,1899,true,2026-04-16
WEB-105451,2026-04-12,C005004,NY,RW-2984,road,M,carbon,1,3999,true,2026-04-15
WEB-105452,2026-04-12,C005005,MT,RW-2984,road,M,carbon,1,3999,true,2026-04-16
WEB-105456,2026-04-12,C005009,WA,RW-2984,road,M,carbon,1,3999,true,2026-04-21
WEB-105466,2026-04-12,C005017,NM,RW-2984,road,M,carbon,1,3999,true,2026-04-22
WEB-105468,2026-04-12,C005019,MA,RW-2984,road,M,carbon,1,3999,true,2026-04-14
WEB-105493,2026-04-12,C005041,GA,RW-7298,road,L,base,1,1899,true,2026-04-16
WEB-105496,2026-04-12,C005043,GA,RW-7298,road,L,base,1,1899,true,2026-04-17
WEB-105500,2026-04-12,C005047,MI,RW-7298,road,L,base,1,1899,true,2026-04-18
WEB-105510,2026-04-12,C005057,PA,RW-1378,road,L,carbon,1,3999,true,2026-04-22
WEB-105522,2026-04-12,C005067,IL,RW-1378,road,L,carbon,1,3999,true,2026-04-21
WEB-105533,2026-04-12,C005075,MN,RW-1378,road,L,carbon,1,3999,true,2026-04-14
WEB-105535,2026-04-12,C005077,CO,RW-9304,mtb,S,carbon,1,4899,true,2026-04-16
WEB-105543,2026-04-12,C005084,NC,RW-9304,mtb,S,carbon,1,4899,true,2026-04-14
WEB-105551,2026-04-12,C005091,ID,RW-9304,mtb,S,carbon,1,4899,true,2026-04-15
WEB-105577,2026-04-12,C005112,WA,RW-9324,mtb,M,base,1,2299,true,2026-04-22
WEB-105588,2026-04-12,C005123,MT,RW-9324,mtb,M,base,1,2299,true,2026-04-22
WEB-105617,2026-04-12,C005150,AZ,RW-4418,mtb,M,carbon,1,4899,true,2026-04-17
WEB-105631,2026-04-12,C005164,UT,RW-4418,mtb,M,carbon,1,4899,true,2026-04-15
WEB-105643,2026-04-12,C005176,MI,RW-9901,mtb,L,base,1,2299,true,2026-04-17
WEB-105644,2026-04-12,C005177,GA,RW-9901,mtb,L,base,1,2299,true,2026-04-22
WEB-105645,2026-04-12,C005178,GA,RW-9901,mtb,L,base,1,2299,true,2026-04-16
WEB-105652,2026-04-12,C005185,MN,RW-9901,mtb,L,base,1,2299,true,2026-04-14
WEB-105654,2026-04-12,C005187,UT,RW-9901,mtb,L,base,1,2299,true,2026-04-22
WEB-105664,2026-04-12,C005195,MI,RW-6416,mtb,L,carbon,1,4899,true,2026-04-19
WEB-105669,2026-04-12,C005200,CA,RW-6416,mtb,L,carbon,1,4899,true,2026-04-17
WEB-105670,2026-04-12,C001638,FL,RW-6416,mtb,L,carbon,1,4899,true,2026-04-20
WEB-105689,2026-04-13,C005218,NC,RW-3980,road,S,carbon,1,3999,true,2026-04-22
WEB-105699,2026-04-13,C005227,VT,RW-3980,road,S,carbon,1,3999,true,2026-04-20
WEB-105704,2026-04-13,C005231,MA,RW-3980,road,S,carbon,1,3999,true,2026-04-19
WEB-105714,2026-04-13,C005241,MT,RW-3980,road,S,carbon,1,3999,true,2026-04-16
WEB-105716,2026-04-13,C005243,NC,RW-3980,road,S,carbon,1,3999,true,2026-04-19
WEB-105726,2026-04-13,C005253,CA,RW-9835,road,M,base,1,1899,true,2026-04-17
WEB-105728,2026-04-13,C005255,CO,RW-9835,road,M,base,1,1899,true,2026-04-21
WEB-105751,2026-04-13,C003219,NM,RW-2984,road,M,carbon,1,3999,true,2026-04-21
WEB-105753,2026-04-13,C005277,PA,RW-2984,road,M,carbon,1,3999,true,2026-04-23
WEB-105755,2026-04-13,C005279,MT,RW-2984,road,M,carbon,1,3999,true,2026-04-17
WEB-105771,2026-04-13,C005295,PA,RW-2984,road,M,carbon,1,3999,true,2026-04-16
WEB-105774,2026-04-13,C005298,GA,RW-2984,road,M,carbon,1,3999,true,2026-04-21
WEB-105789,2026-04-13,C005312,CA,RW-2984,road,M,carbon,1,3999,true,2026-04-16
WEB-105799,2026-04-13,C005321,GA,RW-7298,road,L,base,1,1899,true,2026-04-22
WEB-105802,2026-04-13,C005324,OR,RW-7298,road,L,base,1,1899,true,2026-04-23
WEB-105810,2026-04-13,C005330,MI,RW-1378,road,L,carbon,1,3999,true,2026-04-21
WEB-105812,2026-04-13,C005332,TX,RW-1378,road,L,carbon,1,3999,true,2026-04-20
WEB-105819,2026-04-13,C005339,CA,RW-1378,road,L,carbon,1,3999,true,2026-04-17
WEB-105829,2026-04-13,C005349,NY,RW-9304,mtb,S,carbon,1,4899,true,2026-04-16
WEB-105847,2026-04-13,C005366,AZ,RW-9304,mtb,S,carbon,1,4899,true,2026-04-19
WEB-105848,2026-04-13,C005367,MN,RW-9304,mtb,S,carbon,1,4899,true,2026-04-17
WEB-105850,2026-04-13,C005369,FL,RW-9304,mtb,S,carbon,1,4899,true,2026-04-21
WEB-105856,2026-04-13,C005375,PA,RW-9324,mtb,M,base,1,2299,true,2026-04-16
WEB-105858,2026-04-13,C005377,MA,RW-9324,mtb,M,base,1,2299,true,2026-04-16
WEB-105865,2026-04-13,C005382,ID,RW-9324,mtb,M,base,1,2299,true,2026-04-15
WEB-105873,2026-04-13,C005390,FL,RW-9324,mtb,M,base,1,2299,true,2026-04-16
WEB-105881,2026-04-13,C005397,WA,RW-9324,mtb,M,base,1,2299,true,2026-04-15
WEB-105882,2026-04-13,C001749,MN,RW-9324,mtb,M,base,1,2299,true,2026-04-16
WEB-105894,2026-04-13,C005409,MT,RW-4418,mtb,M,carbon,1,4899,true,2026-04-15
WEB-105898,2026-04-13,C005413,NY,RW-4418,mtb,M,carbon,1,4899,true,2026-04-19
WEB-105912,2026-04-13,C005426,MN,RW-4418,mtb,M,carbon,1,4899,true,2026-04-15
WEB-105930,2026-04-13,C005442,TX,RW-9901,mtb,L,base,1,2299,true,2026-04-18
WEB-105931,2026-04-13,C005443,CA,RW-9901,mtb,L,base,1,2299,true,2026-04-23
WEB-105933,2026-04-13,C005445,WA,RW-9901,mtb,L,base,1,2299,true,2026-04-20
WEB-105934,2026-04-13,C005446,OR,RW-9901,mtb,L,base,1,2299,true,2026-04-18
WEB-105943,2026-04-13,C005455,GA,RW-6416,mtb,L,carbon,1,4899,true,2026-04-22
WEB-105959,2026-04-13,C005471,NM,RW-6416,mtb,L,carbon,1,4899,true,2026-04-19
WEB-105688,2026-04-14,C003837,IL,RW-3980,road,S,carbon,1,3999,true,2026-04-17
WEB-105696,2026-04-14,C005224,GA,RW-3980,road,S,carbon,1,3999,true,2026-04-17
WEB-105697,2026-04-14,C005225,CA,RW-3980,road,S,carbon,1,3999,true,2026-04-22
WEB-105703,2026-04-14,C005230,ID,RW-3980,road,S,carbon,1,3999,true,2026-04-21
WEB-105708,2026-04-14,C005235,MT,RW-3980,road,S,carbon,1,3999,true,2026-04-22
WEB-105715,2026-04-14,C005242,OR,RW-3980,road,S,carbon,1,3999,true,2026-04-22
WEB-105725,2026-04-14,C005252,MT,RW-9835,road,M,base,1,1899,true,2026-04-22
WEB-105739,2026-04-14,C005264,PA,RW-9835,road,M,base,1,1899,true,2026-04-19
WEB-105756,2026-04-14,C005280,ID,RW-2984,road,M,carbon,1,3999,true,2026-04-23
WEB-105759,2026-04-14,C005283,NY,RW-2984,road,M,carbon,1,3999,true,2026-04-18
WEB-105762,2026-04-14,C005286,MN,RW-2984,road,M,carbon,1,3999,true,2026-04-18
WEB-105772,2026-04-14,C005296,AZ,RW-2984,road,M,carbon,1,3999,true,2026-04-16
WEB-105773,2026-04-14,C005297,MA,RW-2984,road,M,carbon,1,3999,true,2026-04-18
WEB-105777,2026-04-14,C005301,NY,RW-2984,road,M,carbon,1,3999,true,2026-04-20
WEB-105784,2026-04-14,C005307,CA,RW-2984,road,M,carbon,1,3999,true,2026-04-23
WEB-105786,2026-04-14,C005309,WA,RW-2984,road,M,carbon,1,3999,true,2026-04-24
WEB-105788,2026-04-14,C005311,NC,RW-2984,road,M,carbon,1,3999,true,2026-04-23
WEB-105795,2026-04-14,C005318,MT,RW-7298,road,L,base,1,1899,true,2026-04-19
WEB-105800,2026-04-14,C005322,ID,RW-7298,road,L,base,1,1899,true,2026-04-23
WEB-105803,2026-04-14,C002790,VT,RW-7298,road,L,base,1,1899,true,2026-04-23
WEB-105806,2026-04-14,C005326,UT,RW-1378,road,L,carbon,1,3999,true,2026-04-23
WEB-105816,2026-04-14,C005336,WA,RW-1378,road,L,carbon,1,3999,true,2026-04-17
WEB-105818,2026-04-14,C005338,MI,RW-1378,road,L,carbon,1,3999,true,2026-04-18
WEB-105833,2026-04-14,C005353,NM,RW-9304,mtb,S,carbon,1,4899,true,2026-04-18
WEB-105836,2026-04-14,C005356,GA,RW-9304,mtb,S,carbon,1,4899,true,2026-04-23
WEB-105837,2026-04-14,C005357,MN,RW-9304,mtb,S,carbon,1,4899,true,2026-04-18
WEB-105838,2026-04-14,C005358,OR,RW-9304,mtb,S,carbon,1,4899,true,2026-04-21
WEB-105841,2026-04-14,C005361,ID,RW-9304,mtb,S,carbon,1,4899,true,2026-04-24
WEB-105845,2026-04-14,C005364,CA,RW-9304,mtb,S,carbon,1,4899,true,2026-04-24
WEB-105859,2026-04-14,C005378,UT,RW-9324,mtb,M,base,1,2299,true,2026-04-21
WEB-105860,2026-04-14,C005379,ID,RW-9324,mtb,M,base,1,2299,true,2026-04-18
WEB-105861,2026-04-14,C002653,MN,RW-9324,mtb,M,base,1,2299,true,2026-04-23
WEB-105867,2026-04-14,C005384,CO,RW-9324,mtb,M,base,1,2299,true,2026-04-17
WEB-105868,2026-04-14,C005385,MA,RW-9324,mtb,M,base,1,2299,true,2026-04-20
WEB-105871,2026-04-14,C005388,MN,RW-9324,mtb,M,base,1,2299,true,2026-04-22
WEB-105872,2026-04-14,C005389,TX,RW-9324,mtb,M,base,1,2299,true,2026-04-18
WEB-105876,2026-04-14,C005393,FL,RW-9324,mtb,M,base,1,2299,true,2026-04-23
WEB-105888,2026-04-14,C005403,CO,RW-4418,mtb,M,carbon,1,4899,true,2026-04-21
WEB-105890,2026-04-14,C005405,MA,RW-4418,mtb,M,carbon,1,4899,true,2026-04-20
WEB-105895,2026-04-14,C005410,MT,RW-4418,mtb,M,carbon,1,4899,true,2026-04-20
WEB-105910,2026-04-14,C005424,ID,RW-4418,mtb,M,carbon,1,4899,true,2026-04-17
WEB-105915,2026-04-14,C005429,MT,RW-4418,mtb,M,carbon,1,4899,true,2026-04-22
WEB-105918,2026-04-14,C005432,CO,RW-4418,mtb,M,carbon,1,4899,true,2026-04-17
WEB-105919,2026-04-14,C005433,VT,RW-4418,mtb,M,carbon,1,4899,true,2026-04-21
WEB-105925,2026-04-14,C005437,TX,RW-9901,mtb,L,base,1,2299,true,2026-04-19
WEB-105932,2026-04-14,C005444,NY,RW-9901,mtb,L,base,1,2299,true,2026-04-23
WEB-105940,2026-04-14,C005452,NM,RW-9901,mtb,L,base,1,2299,true,2026-04-24
WEB-105941,2026-04-14,C005453,CO,RW-9901,mtb,L,base,1,2299,true,2026-04-18
WEB-105955,2026-04-14,C005467,WA,RW-6416,mtb,L,carbon,1,4899,true,2026-04-20
WEB-105956,2026-04-14,C005468,TX,RW-6416,mtb,L,carbon,1,4899,true,2026-04-24
WEB-105701,2026-04-15,C005228,IL,RW-3980,road,S,carbon,1,3999,true,2026-04-17
WEB-105705,2026-04-15,C005232,CA,RW-3980,road,S,carbon,1,3999,true,2026-04-24
WEB-105710,2026-04-15,C005237,MI,RW-3980,road,S,carbon,1,3999,true,2026-04-25
WEB-105713,2026-04-15,C005240,MT,RW-3980,road,S,carbon,1,3999,true,2026-04-25
WEB-105717,2026-04-15,C005244,NM,RW-3980,road,S,carbon,1,3999,true,2026-04-23
WEB-105720,2026-04-15,C005247,MN,RW-3980,road,S,carbon,1,3999,true,2026-04-22
WEB-105722,2026-04-15,C005249,TX,RW-3980,road,S,carbon,1,3999,true,2026-04-17
WEB-105731,2026-04-15,C005257,NM,RW-9835,road,M,base,1,1899,true,2026-04-19
WEB-105738,2026-04-15,C005263,NC,RW-9835,road,M,base,1,1899,true,2026-04-19
WEB-105744,2026-04-15,C005269,TX,RW-9835,road,M,base,1,1899,true,2026-04-18
WEB-105758,2026-04-15,C005282,WA,RW-2984,road,M,carbon,1,3999,true,2026-04-20
WEB-105765,2026-04-15,C005289,PA,RW-2984,road,M,carbon,1,3999,true,2026-04-21
WEB-105770,2026-04-15,C005294,GA,RW-2984,road,M,carbon,1,3999,true,2026-04-18
WEB-105792,2026-04-15,C005315,NM,RW-7298,road,L,base,1,1899,true,2026-04-20
WEB-105805,2026-04-15,C003515,CO,RW-1378,road,L,carbon,1,3999,true,2026-04-24
WEB-105808,2026-04-15,C005328,MN,RW-1378,road,L,carbon,1,3999,true,2026-04-22
WEB-105813,2026-04-15,C005333,NC,RW-1378,road,L,carbon,1,3999,true,2026-04-25
WEB-105815,2026-04-15,C005335,NC,RW-1378,road,L,carbon,1,3999,true,2026-04-19
WEB-105826,2026-04-15,C005346,IL,RW-9304,mtb,S,carbon,1,4899,true,2026-04-20
WEB-105831,2026-04-15,C005351,ID,RW-9304,mtb,S,carbon,1,4899,true,2026-04-17
WEB-105834,2026-04-15,C005354,WA,RW-9304,mtb,S,carbon,1,4899,true,2026-04-24
WEB-105839,2026-04-15,C005359,MN,RW-9304,mtb,S,carbon,1,4899,true,2026-04-18
WEB-105842,2026-04-15,C000535,IL,RW-9304,mtb,S,carbon,1,4899,true,2026-04-19
WEB-105851,2026-04-15,C005370,MA,RW-9304,mtb,S,carbon,1,4899,true,2026-04-25
WEB-105855,2026-04-15,C005374,CO,RW-9324,mtb,M,base,1,2299,true,2026-04-25
WEB-105869,2026-04-15,C005386,GA,RW-9324,mtb,M,base,1,2299,true,2026-04-20
WEB-105885,2026-04-15,C005400,FL,RW-9324,mtb,M,base,1,2299,true,2026-04-18
WEB-105892,2026-04-15,C005407,WA,RW-4418,mtb,M,carbon,1,4899,true,2026-04-25
WEB-105899,2026-04-15,C005414,OR,RW-4418,mtb,M,carbon,1,4899,true,2026-04-23
WEB-105900,2026-04-15,C005415,VT,RW-4418,mtb,M,carbon,1,4899,true,2026-04-19
WEB-105902,2026-04-15,C005417,MA,RW-4418,mtb,M,carbon,1,4899,true,2026-04-22
WEB-105903,2026-04-15,C005418,OR,RW-4418,mtb,M,carbon,1,4899,true,2026-04-19
WEB-105924,2026-04-15,C001579,WA,RW-4418,mtb,M,carbon,1,4899,true,2026-04-17
WEB-105929,2026-04-15,C005441,MA,RW-9901,mtb,L,base,1,2299,true,2026-04-20
WEB-105938,2026-04-15,C005450,OR,RW-9901,mtb,L,base,1,2299,true,2026-04-19
WEB-105947,2026-04-15,C005459,WA,RW-6416,mtb,L,carbon,1,4899,true,2026-04-24
WEB-105951,2026-04-15,C005463,VT,RW-6416,mtb,L,carbon,1,4899,true,2026-04-24
WEB-105952,2026-04-15,C005464,AZ,RW-6416,mtb,L,carbon,1,4899,true,2026-04-18
WEB-105960,2026-04-15,C005472,VT,RW-6416,mtb,L,carbon,1,4899,true,2026-04-22
WEB-105690,2026-04-16,C001371,MI,RW-3980,road,S,carbon,1,3999,true,2026-04-21
WEB-105694,2026-04-16,C005222,VT,RW-3980,road,S,carbon,1,3999,true,2026-04-20
WEB-105706,2026-04-16,C005233,NC,RW-3980,road,S,carbon,1,3999,true,2026-04-25
WEB-105719,2026-04-16,C005246,GA,RW-3980,road,S,carbon,1,3999,true,2026-04-22
WEB-105721,2026-04-16,C005248,MA,RW-3980,road,S,carbon,1,3999,true,2026-04-21
WEB-105724,2026-04-16,C005251,WA,RW-3980,road,S,carbon,1,3999,true,2026-04-23
WEB-105733,2026-04-16,C005259,MA,RW-9835,road,M,base,1,1899,true,2026-04-24
WEB-105734,2026-04-16,C005260,NC,RW-9835,road,M,base,1,1899,true,2026-04-23
WEB-105737,2026-04-16,C005262,MA,RW-9835,road,M,base,1,1899,true,2026-04-26
WEB-105745,2026-04-16,C005270,TX,RW-9835,road,M,base,1,1899,true,2026-04-18
WEB-105747,2026-04-16,C005272,OR,RW-9835,road,M,base,1,1899,true,2026-04-23
WEB-105749,2026-04-16,C005274,NM,RW-9835,road,M,base,1,1899,true,2026-04-19
WEB-105768,2026-04-16,C005292,CA,RW-2984,road,M,carbon,1,3999,true,2026-04-22
WEB-105775,2026-04-16,C005299,MA,RW-2984,road,M,carbon,1,3999,true,2026-04-19
WEB-105776,2026-04-16,C005300,NY,RW-2984,road,M,carbon,1,3999,true,2026-04-26
WEB-105779,2026-04-16,C005302,TX,RW-2984,road,M,carbon,1,3999,true,2026-04-23
WEB-105796,2026-04-16,C005319,MT,RW-7298,road,L,base,1,1899,true,2026-04-26
WEB-105811,2026-04-16,C005331,GA,RW-1378,road,L,carbon,1,3999,true,2026-04-22
WEB-105824,2026-04-16,C005344,CA,RW-9304,mtb,S,carbon,1,4899,true,2026-04-24
WEB-105825,2026-04-16,C005345,AZ,RW-9304,mtb,S,carbon,1,4899,true,2026-04-24
WEB-105827,2026-04-16,C005347,OR,RW-9304,mtb,S,carbon,1,4899,true,2026-04-24
WEB-105828,2026-04-16,C005348,MI,RW-9304,mtb,S,carbon,1,4899,true,2026-04-19
WEB-105844,2026-04-16,C005363,IL,RW-9304,mtb,S,carbon,1,4899,true,2026-04-20
WEB-105853,2026-04-16,C005372,UT,RW-9304,mtb,S,carbon,1,4899,true,2026-04-26
WEB-105854,2026-04-16,C005373,TX,RW-9304,mtb,S,carbon,1,4899,true,2026-04-20
WEB-105863,2026-04-16,C002565,FL,RW-9324,mtb,M,base,1,2299,true,2026-04-20
WEB-105874,2026-04-16,C005391,MI,RW-9324,mtb,M,base,1,2299,true,2026-04-23
WEB-105875,2026-04-16,C005392,ID,RW-9324,mtb,M,base,1,2299,true,2026-04-26
WEB-105880,2026-04-16,C005396,AZ,RW-9324,mtb,M,base,1,2299,true,2026-04-26
WEB-105883,2026-04-16,C005398,CO,RW-9324,mtb,M,base,1,2299,true,2026-04-18
WEB-105887,2026-04-16,C005402,UT,RW-9324,mtb,M,base,1,2299,true,2026-04-24
WEB-105889,2026-04-16,C005404,ID,RW-4418,mtb,M,carbon,1,4899,true,2026-04-23
WEB-105893,2026-04-16,C005408,NM,RW-4418,mtb,M,carbon,1,4899,true,2026-04-20
WEB-105905,2026-04-16,C005420,MA,RW-4418,mtb,M,carbon,1,4899,true,2026-04-23
WEB-105911,2026-04-16,C005425,CA,RW-4418,mtb,M,carbon,1,4899,true,2026-04-18
WEB-105913,2026-04-16,C005427,FL,RW-4418,mtb,M,carbon,1,4899,true,2026-04-22
WEB-105916,2026-04-16,C005430,UT,RW-4418,mtb,M,carbon,1,4899,true,2026-04-21
WEB-105920,2026-04-16,C001003,OR,RW-4418,mtb,M,carbon,1,4899,true,2026-04-25
WEB-105922,2026-04-16,C005435,NC,RW-4418,mtb,M,carbon,1,4899,true,2026-04-18
WEB-105928,2026-04-16,C005440,MI,RW-9901,mtb,L,base,1,2299,true,2026-04-24
WEB-105945,2026-04-16,C005457,MI,RW-6416,mtb,L,carbon,1,4899,true,2026-04-24
WEB-105946,2026-04-16,C005458,NC,RW-6416,mtb,L,carbon,1,4899,true,2026-04-20
WEB-105948,2026-04-16,C005460,ID,RW-6416,mtb,L,carbon,1,4899,true,2026-04-24
WEB-105692,2026-04-17,C005220,IL,RW-3980,road,S,carbon,1,3999,true,2026-04-25
WEB-105698,2026-04-17,C005226,UT,RW-3980,road,S,carbon,1,3999,true,2026-04-22
WEB-105718,2026-04-17,C005245,GA,RW-3980,road,S,carbon,1,3999,true,2026-04-19
WEB-105729,2026-04-17,C005256,CO,RW-9835,road,M,base,1,1899,true,2026-04-20
WEB-105736,2026-04-17,C005261,CO,RW-9835,road,M,base,1,1899,true,2026-04-21
WEB-105740,2026-04-17,C005265,MN,RW-9835,road,M,base,1,1899,true,2026-04-27
WEB-105743,2026-04-17,C005268,ID,RW-9835,road,M,base,1,1899,true,2026-04-19
WEB-105748,2026-04-17,C005273,MA,RW-9835,road,M,base,1,1899,true,2026-04-23
WEB-105752,2026-04-17,C005276,ID,RW-2984,road,M,carbon,1,3999,true,2026-04-21
WEB-105757,2026-04-17,C005281,MT,RW-2984,road,M,carbon,1,3999,true,2026-04-21
WEB-105760,2026-04-17,C005284,AZ,RW-2984,road,M,carbon,1,3999,true,2026-04-22
WEB-105764,2026-04-17,C005288,ID,RW-2984,road,M,carbon,1,3999,true,2026-04-27
WEB-105769,2026-04-17,C005293,ID,RW-2984,road,M,carbon,1,3999,true,2026-04-25
WEB-105778,2026-04-17,C002525,NY,RW-2984,road,M,carbon,1,3999,true,2026-04-25
WEB-105782,2026-04-17,C005305,NY,RW-2984,road,M,carbon,1,3999,true,2026-04-24
WEB-105785,2026-04-17,C005308,ID,RW-2984,road,M,carbon,1,3999,true,2026-04-23
WEB-105787,2026-04-17,C005310,MI,RW-2984,road,M,carbon,1,3999,true,2026-04-19
WEB-105790,2026-04-17,C005313,FL,RW-2984,road,M,carbon,1,3999,true,2026-04-25
WEB-105793,2026-04-17,C005316,TX,RW-7298,road,L,base,1,1899,true,2026-04-27
WEB-105794,2026-04-17,C005317,AZ,RW-7298,road,L,base,1,1899,true,2026-04-20
WEB-105797,2026-04-17,C005320,WA,RW-7298,road,L,base,1,1899,true,2026-04-25
WEB-105801,2026-04-17,C005323,OR,RW-7298,road,L,base,1,1899,true,2026-04-19
WEB-105817,2026-04-17,C005337,CA,RW-1378,road,L,carbon,1,3999,true,2026-04-19
WEB-105820,2026-04-17,C005340,IL,RW-1378,road,L,carbon,1,3999,true,2026-04-25
WEB-105821,2026-04-17,C005341,NM,RW-1378,road,L,carbon,1,3999,true,2026-04-19
WEB-105823,2026-04-17,C005343,NY,RW-9304,mtb,S,carbon,1,4899,true,2026-04-22
WEB-105830,2026-04-17,C005350,FL,RW-9304,mtb,S,carbon,1,4899,true,2026-04-20
WEB-105843,2026-04-17,C005362,AZ,RW-9304,mtb,S,carbon,1,4899,true,2026-04-20
WEB-105849,2026-04-17,C005368,VT,RW-9304,mtb,S,carbon,1,4899,true,2026-04-25
WEB-105862,2026-04-17,C005380,MN,RW-9324,mtb,M,base,1,2299,true,2026-04-26
WEB-105864,2026-04-17,C005381,NM,RW-9324,mtb,M,base,1,2299,true,2026-04-20
WEB-105870,2026-04-17,C005387,MI,RW-9324,mtb,M,base,1,2299,true,2026-04-20
WEB-105877,2026-04-17,C002652,GA,RW-9324,mtb,M,base,1,2299,true,2026-04-20
WEB-105886,2026-04-17,C005401,CA,RW-9324,mtb,M,base,1,2299,true,2026-04-21
WEB-105897,2026-04-17,C005412,FL,RW-4418,mtb,M,carbon,1,4899,true,2026-04-26
WEB-105901,2026-04-17,C005416,MA,RW-4418,mtb,M,carbon,1,4899,true,2026-04-23
WEB-105907,2026-04-17,C005421,UT,RW-4418,mtb,M,carbon,1,4899,true,2026-04-25
WEB-105908,2026-04-17,C005422,IL,RW-4418,mtb,M,carbon,1,4899,true,2026-04-21
WEB-105909,2026-04-17,C005423,PA,RW-4418,mtb,M,carbon,1,4899,true,2026-04-22
WEB-105926,2026-04-17,C005438,FL,RW-9901,mtb,L,base,1,2299,true,2026-04-20
WEB-105954,2026-04-17,C005466,OR,RW-6416,mtb,L,carbon,1,4899,true,2026-04-24
WEB-105957,2026-04-17,C005469,ID,RW-6416,mtb,L,carbon,1,4899,true,2026-04-19
WEB-105691,2026-04-18,C005219,PA,RW-3980,road,S,carbon,1,3999,true,2026-04-28
WEB-105693,2026-04-18,C005221,NC,RW-3980,road,S,carbon,1,3999,true,2026-04-22
WEB-105700,2026-04-18,C001300,MT,RW-3980,road,S,carbon,1,3999,true,2026-04-22
WEB-105702,2026-04-18,C005229,WA,RW-3980,road,S,carbon,1,3999,true,2026-04-23
WEB-105707,2026-04-18,C005234,AZ,RW-3980,road,S,carbon,1,3999,true,2026-04-27
WEB-105709,2026-04-18,C005236,TX,RW-3980,road,S,carbon,1,3999,true,2026-04-23
WEB-105711,2026-04-18,C005238,PA,RW-3980,road,S,carbon,1,3999,true,2026-04-27
WEB-105727,2026-04-18,C005254,CO,RW-9835,road,M,base,1,1899,true,2026-04-28
WEB-105730,2026-04-18,C000385,VT,RW-9835,road,M,base,1,1899,true,2026-04-24
WEB-105732,2026-04-18,C005258,NM,RW-9835,road,M,base,1,1899,true,2026-04-21
WEB-105741,2026-04-18,C005266,PA,RW-9835,road,M,base,1,1899,true,2026-04-23
WEB-105750,2026-04-18,C005275,MI,RW-2984,road,M,carbon,1,3999,true,2026-04-26
WEB-105754,2026-04-18,C005278,MI,RW-2984,road,M,carbon,1,3999,true,2026-04-26
WEB-105763,2026-04-18,C005287,VT,RW-2984,road,M,carbon,1,3999,true,2026-04-28
WEB-105766,2026-04-18,C005290,AZ,RW-2984,road,M,carbon,1,3999,true,2026-04-26
WEB-105767,2026-04-18,C005291,CA,RW-2984,road,M,carbon,1,3999,true,2026-04-22
WEB-105791,2026-04-18,C005314,NC,RW-2984,road,M,carbon,1,3999,true,2026-04-22
WEB-105798,2026-04-18,C004612,MI,RW-7298,road,L,base,1,1899,true,2026-04-28
WEB-105804,2026-04-18,C005325,CO,RW-1378,road,L,carbon,1,3999,true,2026-04-21
WEB-105809,2026-04-18,C005329,PA,RW-1378,road,L,carbon,1,3999,true,2026-04-24
WEB-105814,2026-04-18,C005334,FL,RW-1378,road,L,carbon,1,3999,true,2026-04-21
WEB-105832,2026-04-18,C005352,UT,RW-9304,mtb,S,carbon,1,4899,true,2026-04-28
WEB-105835,2026-04-18,C005355,MI,RW-9304,mtb,S,carbon,1,4899,true,2026-04-26
WEB-105840,2026-04-18,C005360,NY,RW-9304,mtb,S,carbon,1,4899,true,2026-04-20
WEB-105846,2026-04-18,C005365,NY,RW-9304,mtb,S,carbon,1,4899,true,2026-04-24
WEB-105852,2026-04-18,C005371,FL,RW-9304,mtb,S,carbon,1,4899,true,2026-04-26
WEB-105857,2026-04-18,C005376,AZ,RW-9324,mtb,M,base,1,2299,true,2026-04-27
WEB-105884,2026-04-18,C005399,OR,RW-9324,mtb,M,base,1,2299,true,2026-04-22
WEB-105896,2026-04-18,C005411,MT,RW-4418,mtb,M,carbon,1,4899,true,2026-04-27
WEB-105904,2026-04-18,C005419,GA,RW-4418,mtb,M,carbon,1,4899,true,2026-04-20
WEB-105914,2026-04-18,C005428,TX,RW-4418,mtb,M,carbon,1,4899,true,2026-04-28
WEB-105917,2026-04-18,C005431,MA,RW-4418,mtb,M,carbon,1,4899,true,2026-04-23
WEB-105935,2026-04-18,C005447,GA,RW-9901,mtb,L,base,1,2299,true,2026-04-28
WEB-105944,2026-04-18,C005456,NY,RW-6416,mtb,L,carbon,1,4899,true,2026-04-24
WEB-105949,2026-04-18,C005461,OR,RW-6416,mtb,L,carbon,1,4899,true,2026-04-21
WEB-105958,2026-04-18,C005470,PA,RW-6416,mtb,L,carbon,1,4899,true,2026-04-25
WEB-105695,2026-04-19,C005223,CO,RW-3980,road,S,carbon,1,3999,true,2026-04-29
WEB-105712,2026-04-19,C005239,FL,RW-3980,road,S,carbon,1,3999,true,2026-04-22
WEB-105723,2026-04-19,C005250,FL,RW-3980,road,S,carbon,1,3999,true,2026-04-25
WEB-105735,2026-04-19,C001360,WA,RW-9835,road,M,base,1,1899,true,2026-04-27
WEB-105742,2026-04-19,C005267,UT,RW-9835,road,M,base,1,1899,true,2026-04-24
WEB-105746,2026-04-19,C005271,ID,RW-9835,road,M,base,1,1899,true,2026-04-24
WEB-105761,2026-04-19,C005285,IL,RW-2984,road,M,carbon,1,3999,true,2026-04-26
WEB-105780,2026-04-19,C005303,NY,RW-2984,road,M,carbon,1,3999,true,2026-04-27
WEB-105781,2026-04-19,C005304,UT,RW-2984,road,M,carbon,1,3999,true,2026-04-24
WEB-105783,2026-04-19,C005306,TX,RW-2984,road,M,carbon,1,3999,true,2026-04-22
WEB-105807,2026-04-19,C005327,AZ,RW-1378,road,L,carbon,1,3999,true,2026-04-29
WEB-105822,2026-04-19,C005342,MI,RW-1378,road,L,carbon,1,3999,true,2026-04-27
WEB-105866,2026-04-19,C005383,WA,RW-9324,mtb,M,base,1,2299,true,2026-04-26
WEB-105878,2026-04-19,C005394,CO,RW-9324,mtb,M,base,1,2299,true,2026-04-23
WEB-105879,2026-04-19,C005395,MA,RW-9324,mtb,M,base,1,2299,true,2026-04-26
WEB-105891,2026-04-19,C005406,ID,RW-4418,mtb,M,carbon,1,4899,true,2026-04-27
WEB-105906,2026-04-19,C004550,GA,RW-4418,mtb,M,carbon,1,4899,true,2026-04-25
WEB-105921,2026-04-19,C005434,MT,RW-4418,mtb,M,carbon,1,4899,true,2026-04-21
WEB-105923,2026-04-19,C005436,TX,RW-4418,mtb,M,carbon,1,4899,true,2026-04-23
WEB-105927,2026-04-19,C005439,VT,RW-9901,mtb,L,base,1,2299,true,2026-04-21
WEB-105936,2026-04-19,C005448,WA,RW-9901,mtb,L,base,1,2299,true,2026-04-29
WEB-105937,2026-04-19,C005449,AZ,RW-9901,mtb,L,base,1,2299,true,2026-04-28
WEB-105939,2026-04-19,C005451,CO,RW-9901,mtb,L,base,1,2299,true,2026-04-28
WEB-105942,2026-04-19,C005454,GA,RW-9901,mtb,L,base,1,2299,true,2026-04-26
WEB-105950,2026-04-19,C005462,FL,RW-6416,mtb,L,carbon,1,4899,true,2026-04-22
WEB-105953,2026-04-19,C005465,VT,RW-6416,mtb,L,carbon,1,4899,true,2026-04-28
WEB-105962,2026-04-20,C005474,FL,RW-3980,road,S,carbon,1,3999,true,2026-04-24
WEB-105964,2026-04-20,C005476,MA,RW-3980,road,S,carbon,1,3999,true,2026-04-29
WEB-105972,2026-04-20,C005483,NM,RW-3980,road,S,carbon,1,3999,true,2026-04-23
WEB-105980,2026-04-20,C005490,CA,RW-3980,road,S,carbon,1,3999,true,2026-04-28
WEB-105982,2026-04-20,C005492,PA,RW-3980,road,S,carbon,1,3999,true,2026-04-22
WEB-105986,2026-04-20,C005496,AZ,RW-3980,road,S,carbon,1,3999,true,2026-04-26
WEB-105992,2026-04-20,C005501,IL,RW-3980,road,S,carbon,1,3999,true,2026-04-29
WEB-106000,2026-04-20,C005507,MN,RW-9835,road,M,base,1,1899,true,2026-04-29
WEB-106008,2026-04-20,C005515,MT,RW-9835,road,M,base,1,1899,true,2026-04-26
WEB-106026,2026-04-20,C005531,GA,RW-9835,road,M,base,1,1899,true,2026-04-28
WEB-106027,2026-04-20,C005532,NM,RW-9835,road,M,base,1,1899,true,2026-04-23
WEB-106045,2026-04-20,C005548,IL,RW-2984,road,M,carbon,1,3999,true,2026-04-24
WEB-106070,2026-04-20,C005572,PA,RW-7298,road,L,base,1,1899,true,2026-04-27
WEB-106076,2026-04-20,C005578,MT,RW-1378,road,L,carbon,1,3999,true,2026-04-24
WEB-106079,2026-04-20,C005581,GA,RW-1378,road,L,carbon,1,3999,true,2026-04-22
WEB-106094,2026-04-20,C005596,MN,RW-1378,road,L,carbon,1,3999,true,2026-04-24
WEB-106095,2026-04-20,C005597,MI,RW-1378,road,L,carbon,1,3999,true,2026-04-26
WEB-106100,2026-04-20,C005602,NC,RW-9304,mtb,S,carbon,1,4899,true,2026-04-26
WEB-106119,2026-04-20,C004436,AZ,RW-9304,mtb,S,carbon,1,4899,true,2026-04-27
WEB-106121,2026-04-20,C005622,VT,RW-9304,mtb,S,carbon,1,4899,true,2026-04-24
WEB-106127,2026-04-20,C005627,MI,RW-9324,mtb,M,base,1,2299,true,2026-04-29
WEB-106129,2026-04-20,C005629,IL,RW-9324,mtb,M,base,1,2299,true,2026-04-23
WEB-106131,2026-04-20,C005631,OR,RW-9324,mtb,M,base,1,2299,true,2026-04-26
WEB-106134,2026-04-20,C005634,PA,RW-9324,mtb,M,base,1,2299,true,2026-04-23
WEB-106144,2026-04-20,C005642,MT,RW-9324,mtb,M,base,1,2299,true,2026-04-25
WEB-106152,2026-04-20,C005649,AZ,RW-9324,mtb,M,base,1,2299,true,2026-04-27
WEB-106156,2026-04-20,C001222,NM,RW-9324,mtb,M,base,1,2299,true,2026-04-23
WEB-106164,2026-04-20,C002201,AZ,RW-9324,mtb,M,base,1,2299,true,2026-04-24
WEB-106166,2026-04-20,C002456,VT,RW-4418,mtb,M,carbon,1,4899,true,2026-04-25
WEB-106171,2026-04-20,C003248,PA,RW-4418,mtb,M,carbon,1,4899,true,2026-04-23
WEB-106177,2026-04-20,C002199,ID,RW-4418,mtb,M,carbon,1,4899,true,2026-04-22
WEB-106185,2026-04-20,C005676,OR,RW-4418,mtb,M,carbon,1,4899,true,2026-04-26
WEB-106188,2026-04-20,C005679,GA,RW-4418,mtb,M,carbon,1,4899,true,2026-04-28
WEB-106197,2026-04-20,C005686,TX,RW-4418,mtb,M,carbon,1,4899,true,2026-04-30
WEB-106204,2026-04-20,C005693,NC,RW-9901,mtb,L,base,1,2299,true,2026-04-24
WEB-106207,2026-04-20,C005696,NC,RW-9901,mtb,L,base,1,2299,true,2026-04-22
WEB-106210,2026-04-20,C005699,MI,RW-9901,mtb,L,base,1,2299,true,2026-04-24
WEB-106223,2026-04-20,C005711,MA,RW-9901,mtb,L,base,1,2299,true,2026-04-29
WEB-106243,2026-04-20,C005729,GA,RW-6416,mtb,L,carbon,1,4899,true,2026-04-24
WEB-106244,2026-04-20,C005730,PA,RW-6416,mtb,L,carbon,1,4899,true,2026-04-23
WEB-106248,2026-04-20,C005734,FL,RW-6416,mtb,L,carbon,1,4899,true,2026-04-29
WEB-105961,2026-04-21,C005473,UT,RW-3980,road,S,carbon,1,3999,true,2026-04-23
WEB-105967,2026-04-21,C005478,CA,RW-3980,road,S,carbon,1,3999,true,2026-04-28
WEB-105971,2026-04-21,C005482,WA,RW-3980,road,S,carbon,1,3999,true,2026-04-23
WEB-105974,2026-04-21,C005485,MN,RW-3980,road,S,carbon,1,3999,true,2026-04-28
WEB-105984,2026-04-21,C005494,FL,RW-3980,road,S,carbon,1,3999,true,2026-04-26
WEB-105985,2026-04-21,C005495,CA,RW-3980,road,S,carbon,1,3999,true,2026-04-26
WEB-105995,2026-04-21,C005504,ID,RW-3980,road,S,carbon,1,3999,true,2026-05-01
WEB-106001,2026-04-21,C005508,NY,RW-9835,road,M,base,1,1899,true,2026-04-26
WEB-106012,2026-04-21,C005519,TX,RW-9835,road,M,base,1,1899,true,2026-04-30
WEB-106025,2026-04-21,C001995,MI,RW-9835,road,M,base,1,1899,true,2026-04-27
WEB-106030,2026-04-21,C005535,MI,RW-2984,road,M,carbon,1,3999,true,2026-04-30
WEB-106041,2026-04-21,C005544,AZ,RW-2984,road,M,carbon,1,3999,true,2026-04-28
WEB-106043,2026-04-21,C005546,PA,RW-2984,road,M,carbon,1,3999,true,2026-04-30
WEB-106044,2026-04-21,C005547,UT,RW-2984,road,M,carbon,1,3999,true,2026-04-26
WEB-106051,2026-04-21,C005554,NC,RW-2984,road,M,carbon,1,3999,true,2026-04-24
WEB-106059,2026-04-21,C005561,CA,RW-7298,road,L,base,1,1899,true,2026-04-24
WEB-106061,2026-04-21,C005563,MI,RW-7298,road,L,base,1,1899,true,2026-04-26
WEB-106068,2026-04-21,C005570,IL,RW-7298,road,L,base,1,1899,true,2026-04-24
WEB-106069,2026-04-21,C005571,PA,RW-7298,road,L,base,1,1899,true,2026-04-29
WEB-106073,2026-04-21,C005575,PA,RW-1378,road,L,carbon,1,3999,true,2026-04-29
WEB-106096,2026-04-21,C005598,TX,RW-1378,road,L,carbon,1,3999,true,2026-04-29
WEB-106101,2026-04-21,C005603,ID,RW-9304,mtb,S,carbon,1,4899,true,2026-04-26
WEB-106103,2026-04-21,C005605,OR,RW-9304,mtb,S,carbon,1,4899,true,2026-04-29
WEB-106106,2026-04-21,C005608,NM,RW-9304,mtb,S,carbon,1,4899,true,2026-04-29
WEB-106123,2026-04-21,C005380,FL,RW-9304,mtb,S,carbon,1,4899,true,2026-04-25
WEB-106126,2026-04-21,C005626,MN,RW-9304,mtb,S,carbon,1,4899,true,2026-04-30
WEB-106128,2026-04-21,C005628,OR,RW-9324,mtb,M,base,1,2299,true,2026-04-25
WEB-106139,2026-04-21,C005638,UT,RW-9324,mtb,M,base,1,2299,true,2026-04-30
WEB-106143,2026-04-21,C001191,CA,RW-9324,mtb,M,base,1,2299,true,2026-04-30
WEB-106149,2026-04-21,C005646,UT,RW-9324,mtb,M,base,1,2299,true,2026-04-23
WEB-106153,2026-04-21,C005481,NY,RW-9324,mtb,M,base,1,2299,true,2026-04-27
WEB-106155,2026-04-21,C005651,WA,RW-9324,mtb,M,base,1,2299,true,2026-04-28
WEB-106160,2026-04-21,C005655,WA,RW-9324,mtb,M,base,1,2299,true,2026-04-26
WEB-106162,2026-04-21,C005657,ID,RW-9324,mtb,M,base,1,2299,true,2026-04-23
WEB-106165,2026-04-21,C005659,MN,RW-4418,mtb,M,carbon,1,4899,true,2026-04-26
WEB-106183,2026-04-21,C005674,NC,RW-4418,mtb,M,carbon,1,4899,true,2026-05-01
WEB-106190,2026-04-21,C005681,UT,RW-4418,mtb,M,carbon,1,4899,true,2026-04-29
WEB-106196,2026-04-21,C005328,NC,RW-4418,mtb,M,carbon,1,4899,true,2026-04-26
WEB-106206,2026-04-21,C005695,OR,RW-9901,mtb,L,base,1,2299,true,2026-04-24
WEB-106209,2026-04-21,C005698,UT,RW-9901,mtb,L,base,1,2299,true,2026-04-30
WEB-106215,2026-04-21,C005703,NM,RW-9901,mtb,L,base,1,2299,true,2026-04-24
WEB-106224,2026-04-21,C005712,WA,RW-9901,mtb,L,base,1,2299,true,2026-04-24
WEB-106240,2026-04-21,C005727,FL,RW-6416,mtb,L,carbon,1,4899,true,2026-04-23
WEB-106242,2026-04-21,C003438,MA,RW-6416,mtb,L,carbon,1,4899,true,2026-04-27
WEB-106246,2026-04-21,C005732,NM,RW-6416,mtb,L,carbon,1,4899,true,2026-05-01
WEB-105989,2026-04-22,C005499,MT,RW-3980,road,S,carbon,1,3999,true,2026-04-30
WEB-106006,2026-04-22,C005513,ID,RW-9835,road,M,base,1,1899,true,2026-04-26
WEB-106010,2026-04-22,C005517,FL,RW-9835,road,M,base,1,1899,true,2026-04-26
WEB-106031,2026-04-22,C005536,NC,RW-2984,road,M,carbon,1,3999,true,2026-04-25
WEB-106033,2026-04-22,C005538,IL,RW-2984,road,M,carbon,1,3999,true,2026-04-27
WEB-106052,2026-04-22,C005555,CO,RW-2984,road,M,carbon,1,3999,true,2026-05-02
WEB-106053,2026-04-22,C005556,MI,RW-2984,road,M,carbon,1,3999,true,2026-04-25
WEB-106064,2026-04-22,C005566,MN,RW-7298,road,L,base,1,1899,true,2026-04-25
WEB-106067,2026-04-22,C005569,CO,RW-7298,road,L,base,1,1899,true,2026-04-28
WEB-106071,2026-04-22,C005573,CO,RW-1378,road,L,carbon,1,3999,true,2026-04-24
WEB-106090,2026-04-22,C005592,NC,RW-1378,road,L,carbon,1,3999,true,2026-04-29
WEB-106099,2026-04-22,C005601,GA,RW-9304,mtb,S,carbon,1,4899,true,2026-04-30
WEB-106109,2026-04-22,C005611,NY,RW-9304,mtb,S,carbon,1,4899,true,2026-04-30
WEB-106112,2026-04-22,C005614,AZ,RW-9304,mtb,S,carbon,1,4899,true,2026-04-24
WEB-106115,2026-04-22,C005617,NY,RW-9304,mtb,S,carbon,1,4899,true,2026-04-30
WEB-106124,2026-04-22,C005624,NC,RW-9304,mtb,S,carbon,1,4899,true,2026-04-25
WEB-106125,2026-04-22,C005625,CA,RW-9304,mtb,S,carbon,1,4899,true,2026-05-01
WEB-106138,2026-04-22,C005637,WA,RW-9324,mtb,M,base,1,2299,true,2026-04-28
WEB-106147,2026-04-22,C005644,VT,RW-9324,mtb,M,base,1,2299,true,2026-04-26
WEB-106151,2026-04-22,C005648,CO,RW-9324,mtb,M,base,1,2299,true,2026-04-30
WEB-106159,2026-04-22,C005654,CA,RW-9324,mtb,M,base,1,2299,true,2026-04-28
WEB-106163,2026-04-22,C005658,NM,RW-9324,mtb,M,base,1,2299,true,2026-04-28
WEB-106168,2026-04-22,C005661,AZ,RW-4418,mtb,M,carbon,1,4899,true,2026-05-01
WEB-106170,2026-04-22,C005663,MT,RW-4418,mtb,M,carbon,1,4899,true,2026-05-02
WEB-106172,2026-04-22,C005664,VT,RW-4418,mtb,M,carbon,1,4899,true,2026-04-24
WEB-106180,2026-04-22,C005671,MI,RW-4418,mtb,M,carbon,1,4899,true,2026-04-28
WEB-106193,2026-04-22,C005683,CO,RW-4418,mtb,M,carbon,1,4899,true,2026-05-02
WEB-106201,2026-04-22,C005690,WA,RW-9901,mtb,L,base,1,2299,true,2026-04-30
WEB-106214,2026-04-22,C005702,AZ,RW-9901,mtb,L,base,1,2299,true,2026-04-24
WEB-106225,2026-04-22,C005713,UT,RW-9901,mtb,L,base,1,2299,true,2026-04-28
WEB-106230,2026-04-22,C005718,FL,RW-9901,mtb,L,base,1,2299,true,2026-04-28
WEB-106235,2026-04-22,C005723,WA,RW-9901,mtb,L,base,1,2299,true,2026-04-28
WEB-106249,2026-04-22,C005735,MA,RW-6416,mtb,L,carbon,1,4899,true,2026-04-24
WEB-105963,2026-04-23,C005475,GA,RW-3980,road,S,carbon,1,3999,true,2026-04-29
WEB-105966,2026-04-23,C002271,MN,RW-3980,road,S,carbon,1,3999,true,2026-04-26
WEB-105970,2026-04-23,C005481,MA,RW-3980,road,S,carbon,1,3999,true,2026-04-26
WEB-105981,2026-04-23,C005491,PA,RW-3980,road,S,carbon,1,3999,true,2026-04-30
WEB-105987,2026-04-23,C005497,MA,RW-3980,road,S,carbon,1,3999,true,2026-05-01
WEB-105993,2026-04-23,C005502,VT,RW-3980,road,S,carbon,1,3999,true,2026-05-03
WEB-106002,2026-04-23,C005509,IL,RW-9835,road,M,base,1,1899,true,2026-05-03
WEB-106007,2026-04-23,C005514,AZ,RW-9835,road,M,base,1,1899,true,2026-04-26
WEB-106015,2026-04-23,C005522,MI,RW-9835,road,M,base,1,1899,true,2026-04-25
WEB-106016,2026-04-23,C000847,MA,RW-9835,road,M,base,1,1899,true,2026-05-01
WEB-106017,2026-04-23,C005523,TX,RW-9835,road,M,base,1,1899,true,2026-04-25
WEB-106018,2026-04-23,C005524,ID,RW-9835,road,M,base,1,1899,true,2026-04-28
WEB-106029,2026-04-23,C005534,NC,RW-9835,road,M,base,1,1899,true,2026-04-29
WEB-106036,2026-04-23,C005541,NC,RW-2984,road,M,carbon,1,3999,true,2026-04-29
WEB-106038,2026-04-23,C005387,MN,RW-2984,road,M,carbon,1,3999,true,2026-04-29
WEB-106040,2026-04-23,C005543,TX,RW-2984,road,M,carbon,1,3999,true,2026-04-30
WEB-106055,2026-04-23,C005557,NC,RW-2984,road,M,carbon,1,3999,true,2026-04-27
WEB-106060,2026-04-23,C005562,CO,RW-7298,road,L,base,1,1899,true,2026-04-27
WEB-106062,2026-04-23,C005564,OR,RW-7298,road,L,base,1,1899,true,2026-04-30
WEB-106072,2026-04-23,C005574,CO,RW-1378,road,L,carbon,1,3999,true,2026-05-01
WEB-106077,2026-04-23,C005579,IL,RW-1378,road,L,carbon,1,3999,true,2026-04-27
WEB-106080,2026-04-23,C005582,NC,RW-1378,road,L,carbon,1,3999,true,2026-04-28
WEB-106084,2026-04-23,C005586,MN,RW-1378,road,L,carbon,1,3999,true,2026-05-02
WEB-106087,2026-04-23,C005589,VT,RW-1378,road,L,carbon,1,3999,true,2026-05-01
WEB-106091,2026-04-23,C005593,MT,RW-1378,road,L,carbon,1,3999,true,2026-04-30
WEB-106097,2026-04-23,C005599,IL,RW-1378,road,L,carbon,1,3999,true,2026-05-01
WEB-106098,2026-04-23,C005600,IL,RW-9304,mtb,S,carbon,1,4899,true,2026-05-02
WEB-106104,2026-04-23,C005606,MN,RW-9304,mtb,S,carbon,1,4899,true,2026-04-27
WEB-106116,2026-04-23,C005618,OR,RW-9304,mtb,S,carbon,1,4899,true,2026-04-29
WEB-106118,2026-04-23,C005620,MI,RW-9304,mtb,S,carbon,1,4899,true,2026-04-27
WEB-106132,2026-04-23,C005632,FL,RW-9324,mtb,M,base,1,2299,true,2026-04-28
WEB-106133,2026-04-23,C005633,CA,RW-9324,mtb,M,base,1,2299,true,2026-05-02
WEB-106135,2026-04-23,C005635,OR,RW-9324,mtb,M,base,1,2299,true,2026-05-03
WEB-106148,2026-04-23,C005645,WA,RW-9324,mtb,M,base,1,2299,true,2026-05-01
WEB-106157,2026-04-23,C005652,NY,RW-9324,mtb,M,base,1,2299,true,2026-04-30
WEB-106158,2026-04-23,C005653,AZ,RW-9324,mtb,M,base,1,2299,true,2026-04-25
WEB-106167,2026-04-23,C005660,NM,RW-4418,mtb,M,carbon,1,4899,true,2026-04-28
WEB-106176,2026-04-23,C005668,FL,RW-4418,mtb,M,carbon,1,4899,true,2026-05-02
WEB-106179,2026-04-23,C005670,NY,RW-4418,mtb,M,carbon,1,4899,true,2026-05-02
WEB-106186,2026-04-23,C005677,AZ,RW-4418,mtb,M,carbon,1,4899,true,2026-05-02
WEB-106192,2026-04-23,C002619,NC,RW-4418,mtb,M,carbon,1,4899,true,2026-04-26
WEB-106195,2026-04-23,C005685,NC,RW-4418,mtb,M,carbon,1,4899,true,2026-04-28
WEB-106198,2026-04-23,C005687,NY,RW-4418,mtb,M,carbon,1,4899,true,2026-04-30
WEB-106208,2026-04-23,C005697,FL,RW-9901,mtb,L,base,1,2299,true,2026-04-26
WEB-106213,2026-04-23,C005701,CA,RW-9901,mtb,L,base,1,2299,true,2026-04-27
WEB-106226,2026-04-23,C005714,VT,RW-9901,mtb,L,base,1,2299,true,2026-04-26
WEB-106229,2026-04-23,C005717,CA,RW-9901,mtb,L,base,1,2299,true,2026-04-27
WEB-106234,2026-04-23,C005722,VT,RW-9901,mtb,L,base,1,2299,true,2026-05-02
WEB-106237,2026-04-23,C005724,NC,RW-6416,mtb,L,carbon,1,4899,true,2026-04-30
WEB-106250,2026-04-23,C005736,NM,RW-6416,mtb,L,carbon,1,4899,true,2026-04-27
WEB-105968,2026-04-24,C005479,MN,RW-3980,road,S,carbon,1,3999,true,2026-04-27
WEB-105969,2026-04-24,C005480,AZ,RW-3980,road,S,carbon,1,3999,true,2026-04-28
WEB-105977,2026-04-24,C005487,ID,RW-3980,road,S,carbon,1,3999,true,2026-04-28
WEB-105978,2026-04-24,C005488,OR,RW-3980,road,S,carbon,1,3999,true,2026-04-27
WEB-105979,2026-04-24,C005489,WA,RW-3980,road,S,carbon,1,3999,true,2026-04-27
WEB-105997,2026-04-24,C003404,TX,RW-9835,road,M,base,1,1899,true,2026-04-30
WEB-105999,2026-04-24,C005506,AZ,RW-9835,road,M,base,1,1899,true,2026-05-04
WEB-106004,2026-04-24,C005511,UT,RW-9835,road,M,base,1,1899,true,2026-04-27
WEB-106024,2026-04-24,C005530,NM,RW-9835,road,M,base,1,1899,true,2026-04-27
WEB-106034,2026-04-24,C005539,NM,RW-2984,road,M,carbon,1,3999,true,2026-04-28
WEB-106035,2026-04-24,C005540,WA,RW-2984,road,M,carbon,1,3999,true,2026-05-01
WEB-106042,2026-04-24,C005545,MN,RW-2984,road,M,carbon,1,3999,true,2026-04-29
WEB-106048,2026-04-24,C005551,TX,RW-2984,road,M,carbon,1,3999,true,2026-05-02
WEB-106049,2026-04-24,C005552,UT,RW-2984,road,M,carbon,1,3999,true,2026-05-02
WEB-106065,2026-04-24,C005567,OR,RW-7298,road,L,base,1,1899,true,2026-04-30
WEB-106066,2026-04-24,C005568,UT,RW-7298,road,L,base,1,1899,true,2026-04-29
WEB-106075,2026-04-24,C005577,GA,RW-1378,road,L,carbon,1,3999,true,2026-05-02
WEB-106078,2026-04-24,C005580,UT,RW-1378,road,L,carbon,1,3999,true,2026-05-01
WEB-106082,2026-04-24,C005584,MI,RW-1378,road,L,carbon,1,3999,true,2026-05-02
WEB-106083,2026-04-24,C005585,WA,RW-1378,road,L,carbon,1,3999,true,2026-04-30
WEB-106086,2026-04-24,C005588,MT,RW-1378,road,L,carbon,1,3999,true,2026-04-26
WEB-106088,2026-04-24,C005590,MT,RW-1378,road,L,carbon,1,3999,true,2026-05-01
WEB-106093,2026-04-24,C005595,TX,RW-1378,road,L,carbon,1,3999,true,2026-05-01
WEB-106105,2026-04-24,C005607,AZ,RW-9304,mtb,S,carbon,1,4899,true,2026-05-02
WEB-106120,2026-04-24,C005621,WA,RW-9304,mtb,S,carbon,1,4899,true,2026-04-28
WEB-106136,2026-04-24,C005636,GA,RW-9324,mtb,M,base,1,2299,true,2026-04-27
WEB-106140,2026-04-24,C005639,WA,RW-9324,mtb,M,base,1,2299,true,2026-04-28
WEB-106141,2026-04-24,C005640,CA,RW-9324,mtb,M,base,1,2299,true,2026-05-04
WEB-106161,2026-04-24,C005656,VT,RW-9324,mtb,M,base,1,2299,true,2026-05-03
WEB-106169,2026-04-24,C005662,VT,RW-4418,mtb,M,carbon,1,4899,true,2026-04-28
WEB-106175,2026-04-24,C005667,MA,RW-4418,mtb,M,carbon,1,4899,true,2026-05-02
WEB-106182,2026-04-24,C005673,GA,RW-4418,mtb,M,carbon,1,4899,true,2026-05-02
WEB-106191,2026-04-24,C005682,NM,RW-4418,mtb,M,carbon,1,4899,true,2026-05-02
WEB-106211,2026-04-24,C005700,VT,RW-9901,mtb,L,base,1,2299,true,2026-05-02
WEB-106212,2026-04-24,C004510,VT,RW-9901,mtb,L,base,1,2299,true,2026-05-04
WEB-106216,2026-04-24,C005704,CO,RW-9901,mtb,L,base,1,2299,true,2026-05-01
WEB-106232,2026-04-24,C005720,MT,RW-9901,mtb,L,base,1,2299,true,2026-04-26
WEB-106233,2026-04-24,C005721,MA,RW-9901,mtb,L,base,1,2299,true,2026-05-01
WEB-106236,2026-04-24,C002951,GA,RW-6416,mtb,L,carbon,1,4899,true,2026-04-29
WEB-106238,2026-04-24,C005725,TX,RW-6416,mtb,L,carbon,1,4899,true,2026-05-03
WEB-105983,2026-04-25,C005493,AZ,RW-3980,road,S,carbon,1,3999,true,2026-04-30
WEB-105990,2026-04-25,C002950,NC,RW-3980,road,S,carbon,1,3999,true,2026-05-05
WEB-105991,2026-04-25,C005500,MN,RW-3980,road,S,carbon,1,3999,true,2026-05-02
WEB-105998,2026-04-25,C000232,MA,RW-9835,road,M,base,1,1899,true,2026-05-05
WEB-106005,2026-04-25,C005512,VT,RW-9835,road,M,base,1,1899,true,2026-05-04
WEB-106019,2026-04-25,C005525,GA,RW-9835,road,M,base,1,1899,true,2026-05-05
WEB-106020,2026-04-25,C005526,CA,RW-9835,road,M,base,1,1899,true,2026-04-30
WEB-106021,2026-04-25,C005527,MI,RW-9835,road,M,base,1,1899,true,2026-05-01
WEB-106032,2026-04-25,C005537,AZ,RW-2984,road,M,carbon,1,3999,true,2026-05-05
WEB-106039,2026-04-25,C004693,CO,RW-2984,road,M,carbon,1,3999,true,2026-05-04
WEB-106046,2026-04-25,C005549,NY,RW-2984,road,M,carbon,1,3999,true,2026-04-30
WEB-106050,2026-04-25,C005553,OR,RW-2984,road,M,carbon,1,3999,true,2026-05-05
WEB-106054,2026-04-25,C005007,FL,RW-2984,road,M,carbon,1,3999,true,2026-04-30
WEB-106056,2026-04-25,C005558,WA,RW-2984,road,M,carbon,1,3999,true,2026-04-30
WEB-106081,2026-04-25,C005583,OR,RW-1378,road,L,carbon,1,3999,true,2026-05-03
WEB-106110,2026-04-25,C005612,CO,RW-9304,mtb,S,carbon,1,4899,true,2026-05-04
WEB-106111,2026-04-25,C005613,GA,RW-9304,mtb,S,carbon,1,4899,true,2026-05-03
WEB-106130,2026-04-25,C005630,VT,RW-9324,mtb,M,base,1,2299,true,2026-05-04
WEB-106137,2026-04-25,C001388,MT,RW-9324,mtb,M,base,1,2299,true,2026-05-02
WEB-106142,2026-04-25,C005641,GA,RW-9324,mtb,M,base,1,2299,true,2026-04-28
WEB-106145,2026-04-25,C005643,NC,RW-9324,mtb,M,base,1,2299,true,2026-05-02
WEB-106154,2026-04-25,C005650,PA,RW-9324,mtb,M,base,1,2299,true,2026-04-29
WEB-106173,2026-04-25,C005665,IL,RW-4418,mtb,M,carbon,1,4899,true,2026-05-04
WEB-106174,2026-04-25,C005666,NC,RW-4418,mtb,M,carbon,1,4899,true,2026-05-02
WEB-106181,2026-04-25,C005672,MI,RW-4418,mtb,M,carbon,1,4899,true,2026-04-30
WEB-106184,2026-04-25,C005675,PA,RW-4418,mtb,M,carbon,1,4899,true,2026-05-05
WEB-106187,2026-04-25,C005678,AZ,RW-4418,mtb,M,carbon,1,4899,true,2026-04-28
WEB-106189,2026-04-25,C005680,NC,RW-4418,mtb,M,carbon,1,4899,true,2026-04-28
WEB-106200,2026-04-25,C005689,CO,RW-4418,mtb,M,carbon,1,4899,true,2026-05-02
WEB-106217,2026-04-25,C005705,MA,RW-9901,mtb,L,base,1,2299,true,2026-05-01
WEB-106218,2026-04-25,C005706,ID,RW-9901,mtb,L,base,1,2299,true,2026-04-30
WEB-106219,2026-04-25,C005707,FL,RW-9901,mtb,L,base,1,2299,true,2026-05-02
WEB-106221,2026-04-25,C005709,MN,RW-9901,mtb,L,base,1,2299,true,2026-04-28
WEB-106222,2026-04-25,C005710,MI,RW-9901,mtb,L,base,1,2299,true,2026-04-28
WEB-106227,2026-04-25,C005715,ID,RW-9901,mtb,L,base,1,2299,true,2026-04-30
WEB-106241,2026-04-25,C005728,MT,RW-6416,mtb,L,carbon,1,4899,true,2026-05-01
WEB-106245,2026-04-25,C005731,IL,RW-6416,mtb,L,carbon,1,4899,true,2026-04-27
WEB-106247,2026-04-25,C005733,IL,RW-6416,mtb,L,carbon,1,4899,true,2026-04-29
WEB-105965,2026-04-26,C005477,TX,RW-3980,road,S,carbon,1,3999,true,2026-05-03
WEB-105973,2026-04-26,C005484,MN,RW-3980,road,S,carbon,1,3999,true,2026-05-01
WEB-105975,2026-04-26,C004419,GA,RW-3980,road,S,carbon,1,3999,true,2026-05-01
WEB-105976,2026-04-26,C005486,MT,RW-3980,road,S,carbon,1,3999,true,2026-04-28
WEB-105988,2026-04-26,C005498,TX,RW-3980,road,S,carbon,1,3999,true,2026-05-04
WEB-105994,2026-04-26,C005503,MI,RW-3980,road,S,carbon,1,3999,true,2026-04-29
WEB-105996,2026-04-26,C005505,OR,RW-3980,road,S,carbon,1,3999,true,2026-05-06
WEB-106003,2026-04-26,C005510,NY,RW-9835,road,M,base,1,1899,true,2026-04-30
WEB-106009,2026-04-26,C005516,MT,RW-9835,road,M,base,1,1899,true,2026-04-28
WEB-106011,2026-04-26,C005518,TX,RW-9835,road,M,base,1,1899,true,2026-05-02
WEB-106013,2026-04-26,C005520,CA,RW-9835,road,M,base,1,1899,true,2026-05-05
WEB-106014,2026-04-26,C005521,VT,RW-9835,road,M,base,1,1899,true,2026-04-29
WEB-106022,2026-04-26,C005528,MA,RW-9835,road,M,base,1,1899,true,2026-04-28
WEB-106023,2026-04-26,C005529,MI,RW-9835,road,M,base,1,1899,true,2026-05-04
WEB-106028,2026-04-26,C005533,ID,RW-9835,road,M,base,1,1899,true,2026-05-04
WEB-106037,2026-04-26,C005542,MA,RW-2984,road,M,carbon,1,3999,true,2026-05-02
WEB-106047,2026-04-26,C005550,WA,RW-2984,road,M,carbon,1,3999,true,2026-05-03
WEB-106057,2026-04-26,C005559,NC,RW-2984,road,M,carbon,1,3999,true,2026-05-06
WEB-106058,2026-04-26,C005560,NC,RW-7298,road,L,base,1,1899,true,2026-04-29
WEB-106063,2026-04-26,C005565,WA,RW-7298,road,L,base,1,1899,true,2026-05-05
WEB-106074,2026-04-26,C005576,AZ,RW-1378,road,L,carbon,1,3999,true,2026-05-04
WEB-106085,2026-04-26,C005587,WA,RW-1378,road,L,carbon,1,3999,true,2026-05-03
WEB-106089,2026-04-26,C005591,NY,RW-1378,road,L,carbon,1,3999,true,2026-04-29
WEB-106092,2026-04-26,C005594,TX,RW-1378,road,L,carbon,1,3999,true,2026-05-04
WEB-106102,2026-04-26,C005604,MA,RW-9304,mtb,S,carbon,1,4899,true,2026-05-01
WEB-106107,2026-04-26,C005609,MA,RW-9304,mtb,S,carbon,1,4899,true,2026-05-04
WEB-106108,2026-04-26,C005610,NM,RW-9304,mtb,S,carbon,1,4899,true,2026-05-03
WEB-106113,2026-04-26,C005615,CO,RW-9304,mtb,S,carbon,1,4899,true,2026-04-29
WEB-106114,2026-04-26,C005616,AZ,RW-9304,mtb,S,carbon,1,4899,true,2026-04-30
WEB-106117,2026-04-26,C005619,GA,RW-9304,mtb,S,carbon,1,4899,true,2026-04-30
WEB-106122,2026-04-26,C005623,FL,RW-9304,mtb,S,carbon,1,4899,true,2026-04-28
WEB-106146,2026-04-26,C001873,GA,RW-9324,mtb,M,base,1,2299,true,2026-04-28
WEB-106150,2026-04-26,C005647,NC,RW-9324,mtb,M,base,1,2299,true,2026-05-03
WEB-106178,2026-04-26,C005669,GA,RW-4418,mtb,M,carbon,1,4899,true,2026-04-29
WEB-106194,2026-04-26,C005684,NC,RW-4418,mtb,M,carbon,1,4899,true,2026-05-04
WEB-106199,2026-04-26,C005688,AZ,RW-4418,mtb,M,carbon,1,4899,true,2026-04-30
WEB-106202,2026-04-26,C005691,MA,RW-9901,mtb,L,base,1,2299,true,2026-05-02
WEB-106203,2026-04-26,C005692,MA,RW-9901,mtb,L,base,1,2299,true,2026-05-03
WEB-106205,2026-04-26,C005694,UT,RW-9901,mtb,L,base,1,2299,true,2026-05-03
WEB-106220,2026-04-26,C005708,FL,RW-9901,mtb,L,base,1,2299,true,2026-05-03
WEB-106228,2026-04-26,C005716,GA,RW-9901,mtb,L,base,1,2299,true,2026-05-01
WEB-106231,2026-04-26,C005719,MI,RW-9901,mtb,L,base,1,2299,true,2026-04-30
WEB-106239,2026-04-26,C005726,MI,RW-6416,mtb,L,carbon,1,4899,true,2026-04-28
WEB-106251,2026-04-26,C005737,CA,RW-6416,mtb,L,carbon,1,4899,true,2026-04-30
WEB-106265,2026-04-27,C005750,TX,RW-3980,road,S,carbon,1,3999,true,2026-05-02
WEB-106268,2026-04-27,C005753,TX,RW-3980,road,S,carbon,1,3999,true,2026-05-01
WEB-106274,2026-04-27,C005759,VT,RW-3980,road,S,carbon,1,3999,true,2026-04-29
WEB-106276,2026-04-27,C005761,UT,RW-3980,road,S,carbon,1,3999,true,2026-05-01
WEB-106280,2026-04-27,C005765,CO,RW-3980,road,S,carbon,1,3999,true,2026-05-02
WEB-106291,2026-04-27,C005775,MI,RW-9835,road,M,base,1,1899,true,2026-05-04
WEB-106300,2026-04-27,C005784,MN,RW-9835,road,M,base,1,1899,true,2026-04-29
WEB-106307,2026-04-27,C005791,NM,RW-9835,road,M,base,1,1899,true,2026-04-29
WEB-106311,2026-04-27,C005795,UT,RW-9835,road,M,base,1,1899,true,2026-04-29
WEB-106321,2026-04-27,C005805,NY,RW-9835,road,M,base,1,1899,true,2026-05-01
WEB-106328,2026-04-27,C005812,IL,RW-9835,road,M,base,1,1899,true,2026-05-05
WEB-106334,2026-04-27,C004977,NC,RW-2984,road,M,carbon,1,3999,true,2026-05-02
WEB-106337,2026-04-27,C005820,CO,RW-2984,road,M,carbon,1,3999,true,2026-05-01
WEB-106345,2026-04-27,C005828,NM,RW-2984,road,M,carbon,1,3999,true,2026-05-03
WEB-106347,2026-04-27,C005830,FL,RW-2984,road,M,carbon,1,3999,true,2026-04-30
WEB-106356,2026-04-27,C005839,CA,RW-7298,road,L,base,1,1899,true,2026-04-29
WEB-106362,2026-04-27,C005844,NC,RW-7298,road,L,base,1,1899,true,2026-05-01
WEB-106372,2026-04-27,C005853,MN,RW-1378,road,L,carbon,1,3999,true,2026-05-04
WEB-106385,2026-04-27,C005865,PA,RW-1378,road,L,carbon,1,3999,true,2026-05-02
WEB-106386,2026-04-27,C005866,MN,RW-1378,road,L,carbon,1,3999,true,2026-05-02
WEB-106391,2026-04-27,C005871,GA,RW-9304,mtb,S,carbon,1,4899,true,2026-04-29
WEB-106395,2026-04-27,C005875,NC,RW-9304,mtb,S,carbon,1,4899,true,2026-05-03
WEB-106397,2026-04-27,C005876,CA,RW-9304,mtb,S,carbon,1,4899,true,2026-05-04
WEB-106399,2026-04-27,C002534,PA,RW-9304,mtb,S,carbon,1,4899,true,2026-05-03
WEB-106402,2026-04-27,C005880,WA,RW-9304,mtb,S,carbon,1,4899,true,2026-04-29
WEB-106403,2026-04-27,C005881,VT,RW-9304,mtb,S,carbon,1,4899,true,2026-05-07
WEB-106413,2026-04-27,C005891,AZ,RW-9304,mtb,S,carbon,1,4899,true,2026-05-06
WEB-106424,2026-04-27,C005900,MI,RW-9324,mtb,M,base,1,2299,true,2026-05-05
WEB-106425,2026-04-27,C005901,CA,RW-9324,mtb,M,base,1,2299,true,2026-04-30
WEB-106428,2026-04-27,C005904,MN,RW-9324,mtb,M,base,1,2299,true,2026-05-05
WEB-106433,2026-04-27,C005909,ID,RW-9324,mtb,M,base,1,2299,true,2026-05-07
WEB-106443,2026-04-27,C005918,WA,RW-9324,mtb,M,base,1,2299,true,2026-04-29
WEB-106444,2026-04-27,C005919,NY,RW-9324,mtb,M,base,1,2299,true,2026-05-04
WEB-106450,2026-04-27,C005924,NM,RW-9324,mtb,M,base,1,2299,true,2026-05-07
WEB-106456,2026-04-27,C005930,UT,RW-9324,mtb,M,base,1,2299,true,2026-05-01
WEB-106460,2026-04-27,C005934,MT,RW-9324,mtb,M,base,1,2299,true,2026-04-30
WEB-106462,2026-04-27,C005936,FL,RW-9324,mtb,M,base,1,2299,true,2026-04-29
WEB-106479,2026-04-27,C005952,IL,RW-4418,mtb,M,carbon,1,4899,true,2026-05-06
WEB-106480,2026-04-27,C005953,NC,RW-4418,mtb,M,carbon,1,4899,true,2026-05-01
WEB-106502,2026-04-27,C005550,IL,RW-9901,mtb,L,base,1,2299,true,2026-05-06
WEB-106506,2026-04-27,C005977,WA,RW-9901,mtb,L,base,1,2299,true,2026-05-04
WEB-106511,2026-04-27,C005981,ID,RW-6416,mtb,L,carbon,1,4899,true,2026-05-02
WEB-106517,2026-04-27,C005987,AZ,RW-6416,mtb,L,carbon,1,4899,true,2026-05-04
WEB-106521,2026-04-27,C005991,MN,RW-6416,mtb,L,carbon,1,4899,true,2026-05-06
WEB-106525,2026-04-27,C005995,WA,RW-6416,mtb,L,carbon,1,4899,true,2026-05-07
WEB-106527,2026-04-27,C005997,WA,RW-6416,mtb,L,carbon,1,4899,true,2026-04-30
WEB-106256,2026-04-28,C005741,IL,RW-3980,road,S,carbon,1,3999,true,2026-05-07
WEB-106262,2026-04-28,C005747,WA,RW-3980,road,S,carbon,1,3999,true,2026-05-04
WEB-106263,2026-04-28,C005748,IL,RW-3980,road,S,carbon,1,3999,true,2026-05-05
WEB-106267,2026-04-28,C005752,IL,RW-3980,road,S,carbon,1,3999,true,2026-05-01
WEB-106270,2026-04-28,C005755,GA,RW-3980,road,S,carbon,1,3999,true,2026-05-01
WEB-106284,2026-04-28,C005769,MI,RW-3980,road,S,carbon,1,3999,true,2026-05-06
WEB-106286,2026-04-28,C005771,UT,RW-3980,road,S,carbon,1,3999,true,2026-05-01
WEB-106288,2026-04-28,C005772,IL,RW-3980,road,S,carbon,1,3999,true,2026-04-30
WEB-106289,2026-04-28,C005773,IL,RW-3980,road,S,carbon,1,3999,true,2026-05-01
WEB-106292,2026-04-28,C005776,NC,RW-9835,road,M,base,1,1899,true,2026-05-06
WEB-106296,2026-04-28,C005780,PA,RW-9835,road,M,base,1,1899,true,2026-05-08
WEB-106297,2026-04-28,C005781,IL,RW-9835,road,M,base,1,1899,true,2026-05-06
WEB-106298,2026-04-28,C005782,PA,RW-9835,road,M,base,1,1899,true,2026-04-30
WEB-106299,2026-04-28,C005783,MA,RW-9835,road,M,base,1,1899,true,2026-05-06
WEB-106309,2026-04-28,C005793,FL,RW-9835,road,M,base,1,1899,true,2026-05-06
WEB-106310,2026-04-28,C005794,NC,RW-9835,road,M,base,1,1899,true,2026-05-03
WEB-106325,2026-04-28,C005809,IL,RW-9835,road,M,base,1,1899,true,2026-05-02
WEB-106330,2026-04-28,C005814,AZ,RW-2984,road,M,carbon,1,3999,true,2026-05-08
WEB-106346,2026-04-28,C005829,ID,RW-2984,road,M,carbon,1,3999,true,2026-05-01
WEB-106374,2026-04-28,C005855,TX,RW-1378,road,L,carbon,1,3999,true,2026-05-05
WEB-106377,2026-04-28,C005857,MI,RW-1378,road,L,carbon,1,3999,true,2026-05-02
WEB-106384,2026-04-28,C005864,CO,RW-1378,road,L,carbon,1,3999,true,2026-05-06
WEB-106387,2026-04-28,C005867,MA,RW-1378,road,L,carbon,1,3999,true,2026-05-02
WEB-106388,2026-04-28,C005868,FL,RW-1378,road,L,carbon,1,3999,true,2026-05-02
WEB-106398,2026-04-28,C005877,ID,RW-9304,mtb,S,carbon,1,4899,true,2026-04-30
WEB-106409,2026-04-28,C005887,NC,RW-9304,mtb,S,carbon,1,4899,true,2026-05-02
WEB-106429,2026-04-28,C005905,TX,RW-9324,mtb,M,base,1,2299,true,2026-05-01
WEB-106431,2026-04-28,C005907,MN,RW-9324,mtb,M,base,1,2299,true,2026-05-06
WEB-106446,2026-04-28,C005921,WA,RW-9324,mtb,M,base,1,2299,true,2026-05-01
WEB-106447,2026-04-28,C005922,MT,RW-9324,mtb,M,base,1,2299,true,2026-05-06
WEB-106453,2026-04-28,C005927,WA,RW-9324,mtb,M,base,1,2299,true,2026-05-07
WEB-106454,2026-04-28,C005928,TX,RW-9324,mtb,M,base,1,2299,true,2026-05-08
WEB-106467,2026-04-28,C005941,MT,RW-4418,mtb,M,carbon,1,4899,true,2026-04-30
WEB-106476,2026-04-28,C005949,NM,RW-4418,mtb,M,carbon,1,4899,true,2026-05-06
WEB-106477,2026-04-28,C005950,TX,RW-4418,mtb,M,carbon,1,4899,true,2026-04-30
WEB-106483,2026-04-28,C005956,VT,RW-4418,mtb,M,carbon,1,4899,true,2026-05-04
WEB-106484,2026-04-28,C005957,ID,RW-4418,mtb,M,carbon,1,4899,true,2026-05-04
WEB-106485,2026-04-28,C005958,VT,RW-4418,mtb,M,carbon,1,4899,true,2026-05-03
WEB-106497,2026-04-28,C005969,CA,RW-9901,mtb,L,base,1,2299,true,2026-05-08
WEB-106503,2026-04-28,C005974,FL,RW-9901,mtb,L,base,1,2299,true,2026-05-03
WEB-106504,2026-04-28,C005975,WA,RW-9901,mtb,L,base,1,2299,true,2026-05-04
WEB-106507,2026-04-28,C005978,UT,RW-9901,mtb,L,base,1,2299,true,2026-05-03
WEB-106512,2026-04-28,C005982,CA,RW-6416,mtb,L,carbon,1,4899,true,2026-05-08
WEB-106513,2026-04-28,C005983,PA,RW-6416,mtb,L,carbon,1,4899,true,2026-05-06
WEB-106519,2026-04-28,C005989,NY,RW-6416,mtb,L,carbon,1,4899,true,2026-04-30
WEB-106252,2026-04-29,C005738,GA,RW-3980,road,S,carbon,1,3999,true,2026-05-04
WEB-106255,2026-04-29,C002501,OR,RW-3980,road,S,carbon,1,3999,true,2026-05-06
WEB-106258,2026-04-29,C005743,OR,RW-3980,road,S,carbon,1,3999,true,2026-05-07
WEB-106266,2026-04-29,C005751,OR,RW-3980,road,S,carbon,1,3999,true,2026-05-01
WEB-106275,2026-04-29,C005760,NY,RW-3980,road,S,carbon,1,3999,true,2026-05-05
WEB-106277,2026-04-29,C005762,MA,RW-3980,road,S,carbon,1,3999,true,2026-05-08
WEB-106278,2026-04-29,C005763,MA,RW-3980,road,S,carbon,1,3999,true,2026-05-05
WEB-106283,2026-04-29,C005768,NC,RW-3980,road,S,carbon,1,3999,true,2026-05-02
WEB-106308,2026-04-29,C005792,MI,RW-9835,road,M,base,1,1899,true,2026-05-07
WEB-106316,2026-04-29,C005800,NC,RW-9835,road,M,base,1,1899,true,2026-05-02
WEB-106320,2026-04-29,C005804,PA,RW-9835,road,M,base,1,1899,true,2026-05-09
WEB-106331,2026-04-29,C005815,NC,RW-2984,road,M,carbon,1,3999,true,2026-05-05
WEB-106332,2026-04-29,C005816,CO,RW-2984,road,M,carbon,1,3999,true,2026-05-02
WEB-106335,2026-04-29,C005818,WA,RW-2984,road,M,carbon,1,3999,true,2026-05-02
WEB-106350,2026-04-29,C005833,PA,RW-2984,road,M,carbon,1,3999,true,2026-05-06
WEB-106353,2026-04-29,C005836,MN,RW-7298,road,L,base,1,1899,true,2026-05-06
WEB-106366,2026-04-29,C005848,WA,RW-7298,road,L,base,1,1899,true,2026-05-03
WEB-106367,2026-04-29,C005849,IL,RW-7298,road,L,base,1,1899,true,2026-05-05
WEB-106375,2026-04-29,C005856,VT,RW-1378,road,L,carbon,1,3999,true,2026-05-06
WEB-106378,2026-04-29,C005858,OR,RW-1378,road,L,carbon,1,3999,true,2026-05-07
WEB-106389,2026-04-29,C005869,MT,RW-1378,road,L,carbon,1,3999,true,2026-05-07
WEB-106392,2026-04-29,C005872,WA,RW-9304,mtb,S,carbon,1,4899,true,2026-05-09
WEB-106396,2026-04-29,C005297,FL,RW-9304,mtb,S,carbon,1,4899,true,2026-05-08
WEB-106400,2026-04-29,C005878,MN,RW-9304,mtb,S,carbon,1,4899,true,2026-05-03
WEB-106415,2026-04-29,C005892,NC,RW-9304,mtb,S,carbon,1,4899,true,2026-05-03
WEB-106416,2026-04-29,C005893,WA,RW-9304,mtb,S,carbon,1,4899,true,2026-05-04
WEB-106417,2026-04-29,C005894,MT,RW-9304,mtb,S,carbon,1,4899,true,2026-05-05
WEB-106423,2026-04-29,C005899,AZ,RW-9324,mtb,M,base,1,2299,true,2026-05-08
WEB-106426,2026-04-29,C005902,FL,RW-9324,mtb,M,base,1,2299,true,2026-05-07
WEB-106432,2026-04-29,C005908,PA,RW-9324,mtb,M,base,1,2299,true,2026-05-09
WEB-106437,2026-04-29,C005913,TX,RW-9324,mtb,M,base,1,2299,true,2026-05-01
WEB-106442,2026-04-29,C005917,UT,RW-9324,mtb,M,base,1,2299,true,2026-05-05
WEB-106458,2026-04-29,C005932,AZ,RW-9324,mtb,M,base,1,2299,true,2026-05-08
WEB-106470,2026-04-29,C004376,UT,RW-4418,mtb,M,carbon,1,4899,true,2026-05-07
WEB-106472,2026-04-29,C005945,ID,RW-4418,mtb,M,carbon,1,4899,true,2026-05-03
WEB-106475,2026-04-29,C005948,MI,RW-4418,mtb,M,carbon,1,4899,true,2026-05-09
WEB-106490,2026-04-29,C000463,ID,RW-4418,mtb,M,carbon,1,4899,true,2026-05-03
WEB-106499,2026-04-29,C005971,CA,RW-9901,mtb,L,base,1,2299,true,2026-05-07
WEB-106515,2026-04-29,C005985,FL,RW-6416,mtb,L,carbon,1,4899,true,2026-05-07
WEB-106257,2026-04-30,C005742,OR,RW-3980,road,S,carbon,1,3999,true,2026-05-02
WEB-106269,2026-04-30,C005754,OR,RW-3980,road,S,carbon,1,3999,true,2026-05-02
WEB-106272,2026-04-30,C005757,MN,RW-3980,road,S,carbon,1,3999,true,2026-05-10
WEB-106285,2026-04-30,C005770,OR,RW-3980,road,S,carbon,1,3999,true,2026-05-03
WEB-106301,2026-04-30,C005785,NM,RW-9835,road,M,base,1,1899,true,2026-05-07
WEB-106319,2026-04-30,C005803,NY,RW-9835,road,M,base,1,1899,true,2026-05-05
WEB-106324,2026-04-30,C005808,ID,RW-9835,road,M,base,1,1899,true,2026-05-05
WEB-106326,2026-04-30,C005810,UT,RW-9835,road,M,base,1,1899,true,2026-05-10
WEB-106329,2026-04-30,C005813,WA,RW-2984,road,M,carbon,1,3999,true,2026-05-09
WEB-106339,2026-04-30,C005822,NM,RW-2984,road,M,carbon,1,3999,true,2026-05-10
WEB-106343,2026-04-30,C005826,AZ,RW-2984,road,M,carbon,1,3999,true,2026-05-06
WEB-106348,2026-04-30,C005831,WA,RW-2984,road,M,carbon,1,3999,true,2026-05-08
WEB-106364,2026-04-30,C005846,ID,RW-7298,road,L,base,1,1899,true,2026-05-03
WEB-106370,2026-04-30,C005852,TX,RW-1378,road,L,carbon,1,3999,true,2026-05-08
WEB-106379,2026-04-30,C005859,FL,RW-1378,road,L,carbon,1,3999,true,2026-05-10
WEB-106394,2026-04-30,C005874,OR,RW-9304,mtb,S,carbon,1,4899,true,2026-05-04
WEB-106401,2026-04-30,C005879,UT,RW-9304,mtb,S,carbon,1,4899,true,2026-05-06
WEB-106407,2026-04-30,C005885,NM,RW-9304,mtb,S,carbon,1,4899,true,2026-05-05
WEB-106410,2026-04-30,C005888,CO,RW-9304,mtb,S,carbon,1,4899,true,2026-05-05
WEB-106412,2026-04-30,C005890,NY,RW-9304,mtb,S,carbon,1,4899,true,2026-05-09
WEB-106414,2026-04-30,C005021,NY,RW-9304,mtb,S,carbon,1,4899,true,2026-05-06
WEB-106427,2026-04-30,C005903,PA,RW-9324,mtb,M,base,1,2299,true,2026-05-09
WEB-106439,2026-04-30,C005914,FL,RW-9324,mtb,M,base,1,2299,true,2026-05-07
WEB-106445,2026-04-30,C005920,IL,RW-9324,mtb,M,base,1,2299,true,2026-05-05
WEB-106459,2026-04-30,C005933,CA,RW-9324,mtb,M,base,1,2299,true,2026-05-05
WEB-106468,2026-04-30,C005942,AZ,RW-4418,mtb,M,carbon,1,4899,true,2026-05-09
WEB-106482,2026-04-30,C005955,MI,RW-4418,mtb,M,carbon,1,4899,true,2026-05-04
WEB-106488,2026-04-30,C005961,VT,RW-4418,mtb,M,carbon,1,4899,true,2026-05-02
WEB-106495,2026-04-30,C005967,ID,RW-9901,mtb,L,base,1,2299,true,2026-05-08
WEB-106496,2026-04-30,C005968,MI,RW-9901,mtb,L,base,1,2299,true,2026-05-05
WEB-106498,2026-04-30,C005970,CO,RW-9901,mtb,L,base,1,2299,true,2026-05-02
WEB-106508,2026-04-30,C002771,MT,RW-6416,mtb,L,carbon,1,4899,true,2026-05-07
WEB-106510,2026-04-30,C005980,MA,RW-6416,mtb,L,carbon,1,4899,true,2026-05-09
WEB-106526,2026-04-30,C005996,PA,RW-6416,mtb,L,carbon,1,4899,true,2026-05-10
WEB-106261,2026-05-01,C005746,MA,RW-3980,road,S,carbon,1,3999,true,2026-05-06
WEB-106264,2026-05-01,C005749,TX,RW-3980,road,S,carbon,1,3999,true,2026-05-06
WEB-106279,2026-05-01,C005764,VT,RW-3980,road,S,carbon,1,3999,true,2026-05-07
WEB-106294,2026-05-01,C005778,TX,RW-9835,road,M,base,1,1899,true,2026-05-04
WEB-106305,2026-05-01,C005789,NY,RW-9835,road,M,base,1,1899,true,2026-05-05
WEB-106312,2026-05-01,C005796,UT,RW-9835,road,M,base,1,1899,true,2026-05-06
WEB-106313,2026-05-01,C005797,VT,RW-9835,road,M,base,1,1899,true,2026-05-11
WEB-106315,2026-05-01,C005799,NY,RW-9835,road,M,base,1,1899,true,2026-05-10
WEB-106322,2026-05-01,C005806,TX,RW-9835,road,M,base,1,1899,true,2026-05-11
WEB-106327,2026-05-01,C005811,PA,RW-9835,road,M,base,1,1899,true,2026-05-04
WEB-106342,2026-05-01,C005825,NY,RW-2984,road,M,carbon,1,3999,true,2026-05-04
WEB-106344,2026-05-01,C005827,TX,RW-2984,road,M,carbon,1,3999,true,2026-05-03
WEB-106351,2026-05-01,C005834,NY,RW-2984,road,M,carbon,1,3999,true,2026-05-05
WEB-106354,2026-05-01,C005837,NC,RW-7298,road,L,base,1,1899,true,2026-05-04
WEB-106358,2026-05-01,C005840,WA,RW-7298,road,L,base,1,1899,true,2026-05-10
WEB-106359,2026-05-01,C005841,MN,RW-7298,road,L,base,1,1899,true,2026-05-09
WEB-106363,2026-05-01,C005845,IL,RW-7298,road,L,base,1,1899,true,2026-05-10
WEB-106365,2026-05-01,C005847,UT,RW-7298,road,L,base,1,1899,true,2026-05-08
WEB-106368,2026-05-01,C005850,MA,RW-1378,road,L,carbon,1,3999,true,2026-05-06
WEB-106369,2026-05-01,C005851,CO,RW-1378,road,L,carbon,1,3999,true,2026-05-03
WEB-106371,2026-05-01,C003162,MT,RW-1378,road,L,carbon,1,3999,true,2026-05-10
WEB-106380,2026-05-01,C005860,GA,RW-1378,road,L,carbon,1,3999,true,2026-05-04
WEB-106393,2026-05-01,C005873,GA,RW-9304,mtb,S,carbon,1,4899,true,2026-05-10
WEB-106404,2026-05-01,C005882,GA,RW-9304,mtb,S,carbon,1,4899,true,2026-05-08
WEB-106408,2026-05-01,C005886,VT,RW-9304,mtb,S,carbon,1,4899,true,2026-05-09
WEB-106420,2026-05-01,C003472,ID,RW-9304,mtb,S,carbon,1,4899,true,2026-05-04
WEB-106422,2026-05-01,C005898,CA,RW-9304,mtb,S,carbon,1,4899,true,2026-05-11
WEB-106430,2026-05-01,C005906,MA,RW-9324,mtb,M,base,1,2299,true,2026-05-07
WEB-106435,2026-05-01,C005911,UT,RW-9324,mtb,M,base,1,2299,true,2026-05-07
WEB-106436,2026-05-01,C005912,CO,RW-9324,mtb,M,base,1,2299,true,2026-05-08
WEB-106455,2026-05-01,C005929,IL,RW-9324,mtb,M,base,1,2299,true,2026-05-03
WEB-106463,2026-05-01,C005937,VT,RW-4418,mtb,M,carbon,1,4899,true,2026-05-04
WEB-106466,2026-05-01,C005940,MN,RW-4418,mtb,M,carbon,1,4899,true,2026-05-10
WEB-106486,2026-05-01,C005959,CO,RW-4418,mtb,M,carbon,1,4899,true,2026-05-05
WEB-106493,2026-05-01,C005965,NM,RW-4418,mtb,M,carbon,1,4899,true,2026-05-04
WEB-106500,2026-05-01,C005972,MI,RW-9901,mtb,L,base,1,2299,true,2026-05-03
WEB-106514,2026-05-01,C005984,IL,RW-6416,mtb,L,carbon,1,4899,true,2026-05-08
WEB-106518,2026-05-01,C005988,NM,RW-6416,mtb,L,carbon,1,4899,true,2026-05-11
WEB-106523,2026-05-01,C005993,GA,RW-6416,mtb,L,carbon,1,4899,true,2026-05-09
WEB-106253,2026-05-02,C005739,WA,RW-3980,road,S,carbon,1,3999,true,2026-05-07
WEB-106254,2026-05-02,C005740,CA,RW-3980,road,S,carbon,1,3999,true,2026-05-11
WEB-106259,2026-05-02,C005744,AZ,RW-3980,road,S,carbon,1,3999,true,2026-05-06
WEB-106271,2026-05-02,C005756,MA,RW-3980,road,S,carbon,1,3999,true,2026-05-08
WEB-106273,2026-05-02,C005758,AZ,RW-3980,road,S,carbon,1,3999,true,2026-05-08
WEB-106281,2026-05-02,C005766,ID,RW-3980,road,S,carbon,1,3999,true,2026-05-09
WEB-106282,2026-05-02,C005767,PA,RW-3980,road,S,carbon,1,3999,true,2026-05-04
WEB-106287,2026-05-02,C002386,IL,RW-3980,road,S,carbon,1,3999,true,2026-05-05
WEB-106304,2026-05-02,C005788,CO,RW-9835,road,M,base,1,1899,true,2026-05-12
WEB-106306,2026-05-02,C005790,CA,RW-9835,road,M,base,1,1899,true,2026-05-11
WEB-106314,2026-05-02,C005798,TX,RW-9835,road,M,base,1,1899,true,2026-05-09
WEB-106317,2026-05-02,C005801,MA,RW-9835,road,M,base,1,1899,true,2026-05-08
WEB-106333,2026-05-02,C005817,WA,RW-2984,road,M,carbon,1,3999,true,2026-05-09
WEB-106341,2026-05-02,C005824,NY,RW-2984,road,M,carbon,1,3999,true,2026-05-06
WEB-106357,2026-05-02,C002978,FL,RW-7298,road,L,base,1,1899,true,2026-05-11
WEB-106376,2026-05-02,C003070,AZ,RW-1378,road,L,carbon,1,3999,true,2026-05-05
WEB-106390,2026-05-02,C005870,CO,RW-9304,mtb,S,carbon,1,4899,true,2026-05-08
WEB-106405,2026-05-02,C005883,MT,RW-9304,mtb,S,carbon,1,4899,true,2026-05-06
WEB-106411,2026-05-02,C005889,MI,RW-9304,mtb,S,carbon,1,4899,true,2026-05-09
WEB-106419,2026-05-02,C005896,NY,RW-9304,mtb,S,carbon,1,4899,true,2026-05-04
WEB-106421,2026-05-02,C005897,FL,RW-9304,mtb,S,carbon,1,4899,true,2026-05-07
WEB-106440,2026-05-02,C005915,CO,RW-9324,mtb,M,base,1,2299,true,2026-05-07
WEB-106469,2026-05-02,C005943,PA,RW-4418,mtb,M,carbon,1,4899,true,2026-05-09
WEB-106471,2026-05-02,C005944,UT,RW-4418,mtb,M,carbon,1,4899,true,2026-05-11
WEB-106489,2026-05-02,C005962,WA,RW-4418,mtb,M,carbon,1,4899,true,2026-05-04
WEB-106492,2026-05-02,C005964,IL,RW-4418,mtb,M,carbon,1,4899,true,2026-05-09
WEB-106505,2026-05-02,C005976,GA,RW-9901,mtb,L,base,1,2299,true,2026-05-12
WEB-106509,2026-05-02,C005979,OR,RW-6416,mtb,L,carbon,1,4899,true,2026-05-07
WEB-106516,2026-05-02,C005986,MA,RW-6416,mtb,L,carbon,1,4899,true,2026-05-12
WEB-106520,2026-05-02,C005990,CA,RW-6416,mtb,L,carbon,1,4899,true,2026-05-06
WEB-106522,2026-05-02,C005992,OR,RW-6416,mtb,L,carbon,1,4899,true,2026-05-07
WEB-106524,2026-05-02,C005994,AZ,RW-6416,mtb,L,carbon,1,4899,true,2026-05-07
WEB-106260,2026-05-03,C005745,ID,RW-3980,road,S,carbon,1,3999,true,2026-05-12
WEB-106290,2026-05-03,C005774,NC,RW-9835,road,M,base,1,1899,true,2026-05-13
WEB-106293,2026-05-03,C005777,WA,RW-9835,road,M,base,1,1899,true,2026-05-06
WEB-106295,2026-05-03,C005779,GA,RW-9835,road,M,base,1,1899,true,2026-05-05
WEB-106302,2026-05-03,C005786,WA,RW-9835,road,M,base,1,1899,true,2026-05-10
WEB-106303,2026-05-03,C005787,WA,RW-9835,road,M,base,1,1899,true,2026-05-10
WEB-106318,2026-05-03,C005802,GA,RW-9835,road,M,base,1,1899,true,2026-05-12
WEB-106323,2026-05-03,C005807,NM,RW-9835,road,M,base,1,1899,true,2026-05-05
WEB-106336,2026-05-03,C005819,MT,RW-2984,road,M,carbon,1,3999,true,2026-05-05
WEB-106338,2026-05-03,C005821,UT,RW-2984,road,M,carbon,1,3999,true,2026-05-07
WEB-106340,2026-05-03,C005823,FL,RW-2984,road,M,carbon,1,3999,true,2026-05-08
WEB-106349,2026-05-03,C005832,GA,RW-2984,road,M,carbon,1,3999,true,2026-05-07
WEB-106352,2026-05-03,C005835,MN,RW-7298,road,L,base,1,1899,true,2026-05-07
WEB-106355,2026-05-03,C005838,UT,RW-7298,road,L,base,1,1899,true,2026-05-06
WEB-106360,2026-05-03,C005842,CO,RW-7298,road,L,base,1,1899,true,2026-05-11
WEB-106361,2026-05-03,C005843,ID,RW-7298,road,L,base,1,1899,true,2026-05-10
WEB-106373,2026-05-03,C005854,GA,RW-1378,road,L,carbon,1,3999,true,2026-05-12
WEB-106381,2026-05-03,C005861,MT,RW-1378,road,L,carbon,1,3999,true,2026-05-12
WEB-106382,2026-05-03,C005862,FL,RW-1378,road,L,carbon,1,3999,true,2026-05-08
WEB-106383,2026-05-03,C005863,UT,RW-1378,road,L,carbon,1,3999,true,2026-05-09
WEB-106406,2026-05-03,C005884,NC,RW-9304,mtb,S,carbon,1,4899,true,2026-05-12
WEB-106418,2026-05-03,C005895,NC,RW-9304,mtb,S,carbon,1,4899,true,2026-05-09
WEB-106434,2026-05-03,C005910,ID,RW-9324,mtb,M,base,1,2299,true,2026-05-11
WEB-106438,2026-05-03,C000453,NC,RW-9324,mtb,M,base,1,2299,true,2026-05-11
WEB-106441,2026-05-03,C005916,PA,RW-9324,mtb,M,base,1,2299,true,2026-05-13
WEB-106448,2026-05-03,C002574,FL,RW-9324,mtb,M,base,1,2299,true,2026-05-11
WEB-106449,2026-05-03,C005923,WA,RW-9324,mtb,M,base,1,2299,true,2026-05-11
WEB-106451,2026-05-03,C005925,GA,RW-9324,mtb,M,base,1,2299,true,2026-05-12
WEB-106452,2026-05-03,C005926,CO,RW-9324,mtb,M,base,1,2299,true,2026-05-09
WEB-106457,2026-05-03,C005931,NY,RW-9324,mtb,M,base,1,2299,true,2026-05-07
WEB-106461,2026-05-03,C005935,UT,RW-9324,mtb,M,base,1,2299,true,2026-05-08
WEB-106464,2026-05-03,C005938,UT,RW-4418,mtb,M,carbon,1,4899,true,2026-05-13
WEB-106465,2026-05-03,C005939,AZ,RW-4418,mtb,M,carbon,1,4899,true,2026-05-08
WEB-106473,2026-05-03,C005946,MN,RW-4418,mtb,M,carbon,1,4899,true,2026-05-06
WEB-106474,2026-05-03,C005947,VT,RW-4418,mtb,M,carbon,1,4899,true,2026-05-07
WEB-106478,2026-05-03,C005951,IL,RW-4418,mtb,M,carbon,1,4899,true,2026-05-11
WEB-106481,2026-05-03,C005954,PA,RW-4418,mtb,M,carbon,1,4899,true,2026-05-12
WEB-106487,2026-05-03,C005960,ID,RW-4418,mtb,M,carbon,1,4899,true,2026-05-06
WEB-106491,2026-05-03,C005963,WA,RW-4418,mtb,M,carbon,1,4899,true,2026-05-12
WEB-106494,2026-05-03,C005966,NY,RW-9901,mtb,L,base,1,2299,true,2026-05-07
WEB-106501,2026-05-03,C005973,NC,RW-9901,mtb,L,base,1,2299,true,2026-05-08
WEB-106540,2026-05-04,C006010,UT,RW-3980,road,S,carbon,1,3999,true,2026-05-07
WEB-106545,2026-05-04,C006014,MA,RW-3980,road,S,carbon,1,3999,true,2026-05-14
WEB-106553,2026-05-04,C006022,UT,RW-3980,road,S,carbon,1,3999,true,2026-05-07
WEB-106563,2026-05-04,C006032,MA,RW-9835,road,M,base,1,1899,true,2026-05-11
WEB-106569,2026-05-04,C006037,IL,RW-9835,road,M,base,1,1899,true,2026-05-11
WEB-106571,2026-05-04,C006039,OR,RW-9835,road,M,base,1,1899,true,2026-05-07
WEB-106577,2026-05-04,C006045,ID,RW-9835,road,M,base,1,1899,true,2026-05-13
WEB-106578,2026-05-04,C006046,MI,RW-9835,road,M,base,1,1899,true,2026-05-12
WEB-106595,2026-05-04,C006063,MA,RW-2984,road,M,carbon,1,3999,true,2026-05-11
WEB-106598,2026-05-04,C006066,NC,RW-2984,road,M,carbon,1,3999,true,2026-05-06
WEB-106599,2026-05-04,C006067,CA,RW-2984,road,M,carbon,1,3999,true,2026-05-11
WEB-106606,2026-05-04,C006074,UT,RW-2984,road,M,carbon,1,3999,true,2026-05-12
WEB-106607,2026-05-04,C006075,GA,RW-2984,road,M,carbon,1,3999,true,2026-05-12
WEB-106612,2026-05-04,C006080,MA,RW-2984,road,M,carbon,1,3999,true,2026-05-09
WEB-106619,2026-05-04,C006087,NC,RW-2984,road,M,carbon,1,3999,true,2026-05-09
WEB-106638,2026-05-04,C006104,UT,RW-7298,road,L,base,1,1899,true,2026-05-14
WEB-106644,2026-05-04,C006109,TX,RW-1378,road,L,carbon,1,3999,true,2026-05-14
WEB-106646,2026-05-04,C006110,WA,RW-1378,road,L,carbon,1,3999,true,2026-05-09
WEB-106655,2026-05-04,C006119,NM,RW-1378,road,L,carbon,1,3999,true,2026-05-12
WEB-106664,2026-05-04,C006127,CO,RW-9304,mtb,S,carbon,1,4899,true,2026-05-06
WEB-106667,2026-05-04,C006130,MI,RW-9304,mtb,S,carbon,1,4899,true,2026-05-07
WEB-106672,2026-05-04,C006135,MA,RW-9304,mtb,S,carbon,1,4899,true,2026-05-09
WEB-106674,2026-05-04,C006137,PA,RW-9304,mtb,S,carbon,1,4899,true,2026-05-08
WEB-106675,2026-05-04,C006138,CO,RW-9304,mtb,S,carbon,1,4899,true,2026-05-10
WEB-106685,2026-05-04,C006148,MI,RW-9304,mtb,S,carbon,1,4899,true,2026-05-13
WEB-106691,2026-05-04,C006154,WA,RW-9304,mtb,S,carbon,1,4899,true,2026-05-06
WEB-106693,2026-05-04,C006156,MI,RW-9304,mtb,S,carbon,1,4899,true,2026-05-10
WEB-106701,2026-05-04,C006164,TX,RW-9324,mtb,M,base,1,2299,true,2026-05-09
WEB-106716,2026-05-04,C006178,GA,RW-9324,mtb,M,base,1,2299,true,2026-05-06
WEB-106723,2026-05-04,C006185,MI,RW-9324,mtb,M,base,1,2299,true,2026-05-11
WEB-106729,2026-05-04,C006190,FL,RW-9324,mtb,M,base,1,2299,true,2026-05-08
WEB-106741,2026-05-04,C006202,NC,RW-9324,mtb,M,base,1,2299,true,2026-05-10
WEB-106748,2026-05-04,C006209,TX,RW-4418,mtb,M,carbon,1,4899,true,2026-05-10
WEB-106756,2026-05-04,C006216,GA,RW-4418,mtb,M,carbon,1,4899,true,2026-05-10
WEB-106759,2026-05-04,C006219,OR,RW-4418,mtb,M,carbon,1,4899,true,2026-05-08
WEB-106770,2026-05-04,C006230,FL,RW-4418,mtb,M,carbon,1,4899,true,2026-05-11
WEB-106771,2026-05-04,C006231,PA,RW-4418,mtb,M,carbon,1,4899,true,2026-05-10
WEB-106783,2026-05-04,C006243,IL,RW-9901,mtb,L,base,1,2299,true,2026-05-13
WEB-106795,2026-05-04,C003401,PA,RW-9901,mtb,L,base,1,2299,true,2026-05-12
WEB-106798,2026-05-04,C006256,MA,RW-6416,mtb,L,carbon,1,4899,true,2026-05-06
WEB-106801,2026-05-04,C001049,VT,RW-6416,mtb,L,carbon,1,4899,true,2026-05-07
WEB-106541,2026-05-05,C006011,FL,RW-3980,road,S,carbon,1,3999,true,2026-05-10
WEB-106550,2026-05-05,C006019,FL,RW-3980,road,S,carbon,1,3999,true,2026-05-15
WEB-106551,2026-05-05,C006020,MA,RW-3980,road,S,carbon,1,3999,true,2026-05-08
WEB-106579,2026-05-05,C006047,MT,RW-9835,road,M,base,1,1899,true,2026-05-07
WEB-106585,2026-05-05,C006053,CA,RW-9835,road,M,base,1,1899,true,2026-05-15
WEB-106587,2026-05-05,C006055,GA,RW-9835,road,M,base,1,1899,true,2026-05-11
WEB-106603,2026-05-05,C006071,TX,RW-2984,road,M,carbon,1,3999,true,2026-05-08
WEB-106613,2026-05-05,C006081,TX,RW-2984,road,M,carbon,1,3999,true,2026-05-10
WEB-106616,2026-05-05,C006084,PA,RW-2984,road,M,carbon,1,3999,true,2026-05-07
WEB-106624,2026-05-05,C006091,IL,RW-7298,road,L,base,1,1899,true,2026-05-08
WEB-106628,2026-05-05,C006095,CA,RW-7298,road,L,base,1,1899,true,2026-05-11
WEB-106632,2026-05-05,C006099,NY,RW-7298,road,L,base,1,1899,true,2026-05-13
WEB-106637,2026-05-05,C006103,MN,RW-7298,road,L,base,1,1899,true,2026-05-13
WEB-106642,2026-05-05,C006108,GA,RW-1378,road,L,carbon,1,3999,true,2026-05-11
WEB-106643,2026-05-05,C004687,AZ,RW-1378,road,L,carbon,1,3999,true,2026-05-11
WEB-106645,2026-05-05,C002957,NC,RW-1378,road,L,carbon,1,3999,true,2026-05-12
WEB-106649,2026-05-05,C006113,MI,RW-1378,road,L,carbon,1,3999,true,2026-05-13
WEB-106660,2026-05-05,C001347,NM,RW-9304,mtb,S,carbon,1,4899,true,2026-05-14
WEB-106668,2026-05-05,C006131,AZ,RW-9304,mtb,S,carbon,1,4899,true,2026-05-07
WEB-106679,2026-05-05,C006142,TX,RW-9304,mtb,S,carbon,1,4899,false,
WEB-106681,2026-05-05,C006144,FL,RW-9304,mtb,S,carbon,1,4899,false,
WEB-106683,2026-05-05,C006146,MT,RW-9304,mtb,S,carbon,1,4899,false,
WEB-106692,2026-05-05,C006155,UT,RW-9304,mtb,S,carbon,1,4899,false,
WEB-106700,2026-05-05,C006163,OR,RW-9304,mtb,S,carbon,1,4899,false,
WEB-106702,2026-05-05,C006165,FL,RW-9324,mtb,M,base,1,2299,true,2026-05-09
WEB-106704,2026-05-05,C006167,TX,RW-9324,mtb,M,base,1,2299,true,2026-05-09
WEB-106710,2026-05-05,C006172,MN,RW-9324,mtb,M,base,1,2299,true,2026-05-15
WEB-106711,2026-05-05,C006173,PA,RW-9324,mtb,M,base,1,2299,true,2026-05-12
WEB-106725,2026-05-05,C006187,GA,RW-9324,mtb,M,base,1,2299,true,2026-05-09
WEB-106732,2026-05-05,C006193,NY,RW-9324,mtb,M,base,1,2299,true,2026-05-15
WEB-106734,2026-05-05,C006195,AZ,RW-9324,mtb,M,base,1,2299,true,2026-05-09
WEB-106738,2026-05-05,C006199,MT,RW-9324,mtb,M,base,1,2299,true,2026-05-11
WEB-106739,2026-05-05,C006200,VT,RW-9324,mtb,M,base,1,2299,true,2026-05-12
WEB-106747,2026-05-05,C006208,MT,RW-4418,mtb,M,carbon,1,4899,true,2026-05-08
WEB-106753,2026-05-05,C006214,OR,RW-4418,mtb,M,carbon,1,4899,true,2026-05-10
WEB-106763,2026-05-05,C006223,CO,RW-4418,mtb,M,carbon,1,4899,true,2026-05-14
WEB-106767,2026-05-05,C006227,NM,RW-4418,mtb,M,carbon,1,4899,true,2026-05-10
WEB-106776,2026-05-05,C006236,MT,RW-4418,mtb,M,carbon,1,4899,true,2026-05-15
WEB-106778,2026-05-05,C006238,NY,RW-4418,mtb,M,carbon,1,4899,true,2026-05-09
WEB-106780,2026-05-05,C006240,TX,RW-4418,mtb,M,carbon,1,4899,true,2026-05-07
WEB-106782,2026-05-05,C006242,OR,RW-9901,mtb,L,base,1,2299,true,2026-05-08
WEB-106792,2026-05-05,C006251,NY,RW-9901,mtb,L,base,1,2299,true,2026-05-08
WEB-106804,2026-05-05,C006261,NM,RW-6416,mtb,L,carbon,1,4899,true,2026-05-07
WEB-106811,2026-05-05,C006267,MI,RW-6416,mtb,L,carbon,1,4899,true,2026-05-13
WEB-106816,2026-05-05,C006272,MA,RW-6416,mtb,L,carbon,1,4899,true,2026-05-13
WEB-106535,2026-05-06,C006005,MN,RW-3980,road,S,carbon,1,3999,true,2026-05-14
WEB-106539,2026-05-06,C006009,VT,RW-3980,road,S,carbon,1,3999,true,2026-05-08
WEB-106555,2026-05-06,C006024,NC,RW-3980,road,S,carbon,1,3999,true,2026-05-08
WEB-106556,2026-05-06,C006025,WA,RW-3980,road,S,carbon,1,3999,true,2026-05-14
WEB-106561,2026-05-06,C006030,WA,RW-9835,road,M,base,1,1899,true,2026-05-10
WEB-106566,2026-05-06,C006034,UT,RW-9835,road,M,base,1,1899,true,2026-05-12
WEB-106567,2026-05-06,C006035,CA,RW-9835,road,M,base,1,1899,true,2026-05-09
WEB-106572,2026-05-06,C006040,MA,RW-9835,road,M,base,1,1899,true,2026-05-16
WEB-106574,2026-05-06,C006042,UT,RW-9835,road,M,base,1,1899,true,2026-05-09
WEB-106581,2026-05-06,C006049,CO,RW-9835,road,M,base,1,1899,true,2026-05-11
WEB-106592,2026-05-06,C006060,FL,RW-2984,road,M,carbon,1,3999,true,2026-05-11
WEB-106593,2026-05-06,C006061,UT,RW-2984,road,M,carbon,1,3999,true,2026-05-10
WEB-106600,2026-05-06,C006068,TX,RW-2984,road,M,carbon,1,3999,true,2026-05-11
WEB-106605,2026-05-06,C006073,AZ,RW-2984,road,M,carbon,1,3999,true,2026-05-10
WEB-106622,2026-05-06,C006089,WA,RW-7298,road,L,base,1,1899,true,2026-05-14
WEB-106626,2026-05-06,C006093,NY,RW-7298,road,L,base,1,1899,true,2026-05-10
WEB-106630,2026-05-06,C006097,CO,RW-7298,road,L,base,1,1899,true,2026-05-14
WEB-106631,2026-05-06,C006098,WA,RW-7298,road,L,base,1,1899,true,2026-05-15
WEB-106634,2026-05-06,C006100,MN,RW-7298,road,L,base,1,1899,true,2026-05-12
WEB-106652,2026-05-06,C006116,MI,RW-1378,road,L,carbon,1,3999,true,2026-05-11
WEB-106654,2026-05-06,C006118,UT,RW-1378,road,L,carbon,1,3999,true,2026-05-09
WEB-106684,2026-05-06,C006147,TX,RW-9304,mtb,S,carbon,1,4899,false,
WEB-106690,2026-05-06,C006153,MA,RW-9304,mtb,S,carbon,1,4899,false,
WEB-106699,2026-05-06,C006162,TX,RW-9304,mtb,S,carbon,1,4899,false,
WEB-106705,2026-05-06,C005555,CO,RW-9324,mtb,M,base,1,2299,true,2026-05-14
WEB-106709,2026-05-06,C006171,PA,RW-9324,mtb,M,base,1,2299,true,2026-05-16
WEB-106721,2026-05-06,C006183,VT,RW-9324,mtb,M,base,1,2299,true,2026-05-13
WEB-106735,2026-05-06,C006196,MI,RW-9324,mtb,M,base,1,2299,true,2026-05-14
WEB-106744,2026-05-06,C006205,MN,RW-4418,mtb,M,carbon,1,4899,true,2026-05-13
WEB-106765,2026-05-06,C006225,IL,RW-4418,mtb,M,carbon,1,4899,true,2026-05-08
WEB-106785,2026-05-06,C006082,VT,RW-9901,mtb,L,base,1,2299,true,2026-05-09
WEB-106788,2026-05-06,C006247,NY,RW-9901,mtb,L,base,1,2299,true,2026-05-15
WEB-106790,2026-05-06,C006249,CO,RW-9901,mtb,L,base,1,2299,true,2026-05-14
WEB-106791,2026-05-06,C006250,ID,RW-9901,mtb,L,base,1,2299,true,2026-05-12
WEB-106799,2026-05-06,C006257,FL,RW-6416,mtb,L,carbon,1,4899,true,2026-05-16
WEB-106806,2026-05-06,C002104,AZ,RW-6416,mtb,L,carbon,1,4899,true,2026-05-11
WEB-106807,2026-05-06,C006263,VT,RW-6416,mtb,L,carbon,1,4899,true,2026-05-08
WEB-106814,2026-05-06,C006270,OR,RW-6416,mtb,L,carbon,1,4899,true,2026-05-16
WEB-106815,2026-05-06,C006271,FL,RW-6416,mtb,L,carbon,1,4899,true,2026-05-12
WEB-106543,2026-05-07,C006012,WA,RW-3980,road,S,carbon,1,3999,true,2026-05-09
WEB-106552,2026-05-07,C006021,WA,RW-3980,road,S,carbon,1,3999,true,2026-05-14
WEB-106559,2026-05-07,C006028,TX,RW-3980,road,S,carbon,1,3999,true,2026-05-15
WEB-106560,2026-05-07,C006029,CA,RW-9835,road,M,base,1,1899,true,2026-05-10
WEB-106565,2026-05-07,C006033,MT,RW-9835,road,M,base,1,1899,true,2026-05-09
WEB-106570,2026-05-07,C006038,NM,RW-9835,road,M,base,1,1899,true,2026-05-17
WEB-106583,2026-05-07,C006051,MT,RW-9835,road,M,base,1,1899,true,2026-05-14
WEB-106586,2026-05-07,C006054,NM,RW-9835,road,M,base,1,1899,true,2026-05-13
WEB-106590,2026-05-07,C006058,MI,RW-2984,road,M,carbon,1,3999,true,2026-05-14
WEB-106591,2026-05-07,C006059,MT,RW-2984,road,M,carbon,1,3999,true,2026-05-10
WEB-106596,2026-05-07,C006064,AZ,RW-2984,road,M,carbon,1,3999,true,2026-05-09
WEB-106602,2026-05-07,C006070,CO,RW-2984,road,M,carbon,1,3999,true,2026-05-12
WEB-106614,2026-05-07,C006082,IL,RW-2984,road,M,carbon,1,3999,true,2026-05-10
WEB-106618,2026-05-07,C006086,IL,RW-2984,road,M,carbon,1,3999,true,2026-05-12
WEB-106623,2026-05-07,C006090,PA,RW-7298,road,L,base,1,1899,true,2026-05-13
WEB-106625,2026-05-07,C006092,MA,RW-7298,road,L,base,1,1899,true,2026-05-12
WEB-106635,2026-05-07,C006101,NC,RW-7298,road,L,base,1,1899,true,2026-05-13
WEB-106647,2026-05-07,C006111,CA,RW-1378,road,L,carbon,1,3999,true,2026-05-16
WEB-106648,2026-05-07,C006112,WA,RW-1378,road,L,carbon,1,3999,true,2026-05-12
WEB-106650,2026-05-07,C006114,WA,RW-1378,road,L,carbon,1,3999,true,2026-05-14
WEB-106656,2026-05-07,C006120,MA,RW-1378,road,L,carbon,1,3999,true,2026-05-13
WEB-106657,2026-05-07,C006121,OR,RW-1378,road,L,carbon,1,3999,true,2026-05-13
WEB-106659,2026-05-07,C006123,OR,RW-9304,mtb,S,carbon,1,4899,false,
WEB-106671,2026-05-07,C006134,TX,RW-9304,mtb,S,carbon,1,4899,false,
WEB-106673,2026-05-07,C006136,OR,RW-9304,mtb,S,carbon,1,4899,false,
WEB-106676,2026-05-07,C006139,ID,RW-9304,mtb,S,carbon,1,4899,false,
WEB-106680,2026-05-07,C006143,ID,RW-9304,mtb,S,carbon,1,4899,false,
WEB-106686,2026-05-07,C006149,NM,RW-9304,mtb,S,carbon,1,4899,false,
WEB-106695,2026-05-07,C006158,UT,RW-9304,mtb,S,carbon,1,4899,false,
WEB-106696,2026-05-07,C006159,GA,RW-9304,mtb,S,carbon,1,4899,false,
WEB-106706,2026-05-07,C006168,CO,RW-9324,mtb,M,base,1,2299,true,2026-05-17
WEB-106715,2026-05-07,C006177,CA,RW-9324,mtb,M,base,1,2299,true,2026-05-11
WEB-106717,2026-05-07,C006179,CA,RW-9324,mtb,M,base,1,2299,true,2026-05-10
WEB-106742,2026-05-07,C006203,OR,RW-9324,mtb,M,base,1,2299,true,2026-05-10
WEB-106749,2026-05-07,C006210,VT,RW-4418,mtb,M,carbon,1,4899,true,2026-05-17
WEB-106750,2026-05-07,C006211,MN,RW-4418,mtb,M,carbon,1,4899,true,2026-05-14
WEB-106760,2026-05-07,C006220,MT,RW-4418,mtb,M,carbon,1,4899,true,2026-05-17
WEB-106764,2026-05-07,C006224,FL,RW-4418,mtb,M,carbon,1,4899,true,2026-05-14
WEB-106777,2026-05-07,C006237,TX,RW-4418,mtb,M,carbon,1,4899,true,2026-05-12
WEB-106781,2026-05-07,C006241,OR,RW-9901,mtb,L,base,1,2299,true,2026-05-10
WEB-106794,2026-05-07,C006253,TX,RW-9901,mtb,L,base,1,2299,true,2026-05-15
WEB-106797,2026-05-07,C006255,ID,RW-9901,mtb,L,base,1,2299,true,2026-05-10
WEB-106803,2026-05-07,C006260,UT,RW-6416,mtb,L,carbon,1,4899,true,2026-05-13
WEB-106805,2026-05-07,C006262,MN,RW-6416,mtb,L,carbon,1,4899,true,2026-05-17
WEB-106813,2026-05-07,C006269,CA,RW-6416,mtb,L,carbon,1,4899,true,2026-05-12
WEB-106817,2026-05-07,C006273,TX,RW-6416,mtb,L,carbon,1,4899,true,2026-05-13
WEB-106529,2026-05-08,C005999,MA,RW-3980,road,S,carbon,1,3999,true,2026-05-15
WEB-106544,2026-05-08,C006013,PA,RW-3980,road,S,carbon,1,3999,true,2026-05-14
WEB-106547,2026-05-08,C006016,CO,RW-3980,road,S,carbon,1,3999,true,2026-05-16
WEB-106548,2026-05-08,C006017,WA,RW-3980,road,S,carbon,1,3999,true,2026-05-11
WEB-106549,2026-05-08,C006018,OR,RW-3980,road,S,carbon,1,3999,true,2026-05-13
WEB-106568,2026-05-08,C006036,MI,RW-9835,road,M,base,1,1899,true,2026-05-15
WEB-106608,2026-05-08,C006076,ID,RW-2984,road,M,carbon,1,3999,true,2026-05-12
WEB-106609,2026-05-08,C006077,TX,RW-2984,road,M,carbon,1,3999,true,2026-05-16
WEB-106610,2026-05-08,C006078,GA,RW-2984,road,M,carbon,1,3999,true,2026-05-10
WEB-106611,2026-05-08,C006079,UT,RW-2984,road,M,carbon,1,3999,true,2026-05-16
WEB-106615,2026-05-08,C006083,MA,RW-2984,road,M,carbon,1,3999,true,2026-05-13
WEB-106639,2026-05-08,C006105,NM,RW-1378,road,L,carbon,1,3999,true,2026-05-13
WEB-106640,2026-05-08,C006106,NC,RW-1378,road,L,carbon,1,3999,true,2026-05-16
WEB-106669,2026-05-08,C006132,TX,RW-9304,mtb,S,carbon,1,4899,false,
WEB-106678,2026-05-08,C006141,GA,RW-9304,mtb,S,carbon,1,4899,false,
WEB-106682,2026-05-08,C006145,AZ,RW-9304,mtb,S,carbon,1,4899,false,
WEB-106687,2026-05-08,C006150,MI,RW-9304,mtb,S,carbon,1,4899,false,
WEB-106712,2026-05-08,C006174,TX,RW-9324,mtb,M,base,1,2299,true,2026-05-12
WEB-106714,2026-05-08,C006176,CO,RW-9324,mtb,M,base,1,2299,true,2026-05-13
WEB-106731,2026-05-08,C006192,AZ,RW-9324,mtb,M,base,1,2299,true,2026-05-10
WEB-106751,2026-05-08,C006212,WA,RW-4418,mtb,M,carbon,1,4899,true,2026-05-11
WEB-106754,2026-05-08,C006215,IL,RW-4418,mtb,M,carbon,1,4899,true,2026-05-15
WEB-106757,2026-05-08,C006217,FL,RW-4418,mtb,M,carbon,1,4899,true,2026-05-16
WEB-106766,2026-05-08,C006226,NY,RW-4418,mtb,M,carbon,1,4899,true,2026-05-18
WEB-106769,2026-05-08,C006229,MN,RW-4418,mtb,M,carbon,1,4899,true,2026-05-10
WEB-106774,2026-05-08,C006234,CA,RW-4418,mtb,M,carbon,1,4899,true,2026-05-13
WEB-106779,2026-05-08,C006239,MT,RW-4418,mtb,M,carbon,1,4899,true,2026-05-17
WEB-106784,2026-05-08,C006244,VT,RW-9901,mtb,L,base,1,2299,true,2026-05-11
WEB-106786,2026-05-08,C006245,FL,RW-9901,mtb,L,base,1,2299,true,2026-05-10
WEB-106793,2026-05-08,C006252,TX,RW-9901,mtb,L,base,1,2299,true,2026-05-12
WEB-106533,2026-05-09,C006003,TX,RW-3980,road,S,carbon,1,3999,true,2026-05-19
WEB-106538,2026-05-09,C006008,WA,RW-3980,road,S,carbon,1,3999,true,2026-05-12
WEB-106542,2026-05-09,C001863,CA,RW-3980,road,S,carbon,1,3999,true,2026-05-12
WEB-106557,2026-05-09,C006026,PA,RW-3980,road,S,carbon,1,3999,true,2026-05-16
WEB-106558,2026-05-09,C006027,PA,RW-3980,road,S,carbon,1,3999,true,2026-05-19
WEB-106573,2026-05-09,C006041,UT,RW-9835,road,M,base,1,1899,true,2026-05-18
WEB-106576,2026-05-09,C006044,MN,RW-9835,road,M,base,1,1899,true,2026-05-16
WEB-106582,2026-05-09,C006050,OR,RW-9835,road,M,base,1,1899,true,2026-05-17
WEB-106584,2026-05-09,C006052,CA,RW-9835,road,M,base,1,1899,true,2026-05-12
WEB-106589,2026-05-09,C006057,CO,RW-2984,road,M,carbon,1,3999,true,2026-05-11
WEB-106604,2026-05-09,C006072,MT,RW-2984,road,M,carbon,1,3999,true,2026-05-15
WEB-106620,2026-05-09,C006088,NM,RW-2984,road,M,carbon,1,3999,true,2026-05-13
WEB-106621,2026-05-09,C000111,MN,RW-2984,road,M,carbon,1,3999,true,2026-05-15
WEB-106636,2026-05-09,C006102,NY,RW-7298,road,L,base,1,1899,true,2026-05-18
WEB-106641,2026-05-09,C006107,MT,RW-1378,road,L,carbon,1,3999,true,2026-05-19
WEB-106651,2026-05-09,C006115,PA,RW-1378,road,L,carbon,1,3999,true,2026-05-19
WEB-106663,2026-05-09,C006126,CO,RW-9304,mtb,S,carbon,1,4899,false,
WEB-106677,2026-05-09,C006140,MN,RW-9304,mtb,S,carbon,1,4899,false,
WEB-106689,2026-05-09,C006152,MN,RW-9304,mtb,S,carbon,1,4899,false,
WEB-106694,2026-05-09,C006157,WA,RW-9304,mtb,S,carbon,1,4899,false,
WEB-106697,2026-05-09,C006160,MN,RW-9304,mtb,S,carbon,1,4899,false,
WEB-106698,2026-05-09,C006161,CA,RW-9304,mtb,S,carbon,1,4899,false,
WEB-106703,2026-05-09,C006166,TX,RW-9324,mtb,M,base,1,2299,true,2026-05-12
WEB-106708,2026-05-09,C006170,OR,RW-9324,mtb,M,base,1,2299,true,2026-05-16
WEB-106713,2026-05-09,C006175,OR,RW-9324,mtb,M,base,1,2299,true,2026-05-19
WEB-106718,2026-05-09,C006180,IL,RW-9324,mtb,M,base,1,2299,true,2026-05-12
WEB-106719,2026-05-09,C006181,OR,RW-9324,mtb,M,base,1,2299,true,2026-05-14
WEB-106722,2026-05-09,C006184,NC,RW-9324,mtb,M,base,1,2299,true,2026-05-15
WEB-106724,2026-05-09,C006186,IL,RW-9324,mtb,M,base,1,2299,true,2026-05-13
WEB-106728,2026-05-09,C006189,ID,RW-9324,mtb,M,base,1,2299,true,2026-05-19
WEB-106733,2026-05-09,C006194,CA,RW-9324,mtb,M,base,1,2299,true,2026-05-11
WEB-106740,2026-05-09,C006201,IL,RW-9324,mtb,M,base,1,2299,true,2026-05-17
WEB-106755,2026-05-09,C003083,MN,RW-4418,mtb,M,carbon,1,4899,true,2026-05-16
WEB-106772,2026-05-09,C006232,UT,RW-4418,mtb,M,carbon,1,4899,true,2026-05-16
WEB-106773,2026-05-09,C006233,TX,RW-4418,mtb,M,carbon,1,4899,true,2026-05-13
WEB-106775,2026-05-09,C006235,PA,RW-4418,mtb,M,carbon,1,4899,true,2026-05-18
WEB-106796,2026-05-09,C006254,NY,RW-9901,mtb,L,base,1,2299,true,2026-05-13
WEB-106800,2026-05-09,C006258,WA,RW-6416,mtb,L,carbon,1,4899,true,2026-05-12
WEB-106808,2026-05-09,C006264,MA,RW-6416,mtb,L,carbon,1,4899,true,2026-05-13
WEB-106809,2026-05-09,C006265,VT,RW-6416,mtb,L,carbon,1,4899,true,2026-05-14
WEB-106810,2026-05-09,C006266,MI,RW-6416,mtb,L,carbon,1,4899,true,2026-05-14
WEB-106528,2026-05-10,C005998,CA,RW-3980,road,S,carbon,1,3999,true,2026-05-16
WEB-106530,2026-05-10,C006000,GA,RW-3980,road,S,carbon,1,3999,true,2026-05-17
WEB-106531,2026-05-10,C006001,CA,RW-3980,road,S,carbon,1,3999,true,2026-05-15
WEB-106532,2026-05-10,C006002,TX,RW-3980,road,S,carbon,1,3999,true,2026-05-12
WEB-106534,2026-05-10,C006004,GA,RW-3980,road,S,carbon,1,3999,true,2026-05-19
WEB-106536,2026-05-10,C006006,WA,RW-3980,road,S,carbon,1,3999,true,2026-05-12
WEB-106537,2026-05-10,C006007,NY,RW-3980,road,S,carbon,1,3999,true,2026-05-13
WEB-106546,2026-05-10,C006015,UT,RW-3980,road,S,carbon,1,3999,true,2026-05-14
WEB-106554,2026-05-10,C006023,MT,RW-3980,road,S,carbon,1,3999,true,2026-05-19
WEB-106562,2026-05-10,C006031,VT,RW-9835,road,M,base,1,1899,true,2026-05-18
WEB-106564,2026-05-10,C000296,NY,RW-9835,road,M,base,1,1899,true,2026-05-20
WEB-106575,2026-05-10,C006043,CA,RW-9835,road,M,base,1,1899,true,2026-05-12
WEB-106580,2026-05-10,C006048,PA,RW-9835,road,M,base,1,1899,true,2026-05-17
WEB-106588,2026-05-10,C006056,VT,RW-9835,road,M,base,1,1899,true,2026-05-16
WEB-106594,2026-05-10,C006062,TX,RW-2984,road,M,carbon,1,3999,true,2026-05-12
WEB-106597,2026-05-10,C006065,TX,RW-2984,road,M,carbon,1,3999,true,2026-05-13
WEB-106601,2026-05-10,C006069,AZ,RW-2984,road,M,carbon,1,3999,true,2026-05-15
WEB-106617,2026-05-10,C006085,NY,RW-2984,road,M,carbon,1,3999,true,2026-05-13
WEB-106627,2026-05-10,C006094,TX,RW-7298,road,L,base,1,1899,true,2026-05-20
WEB-106629,2026-05-10,C006096,PA,RW-7298,road,L,base,1,1899,true,2026-05-20
WEB-106633,2026-05-10,C002808,ID,RW-7298,road,L,base,1,1899,true,2026-05-15
WEB-106653,2026-05-10,C006117,CO,RW-1378,road,L,carbon,1,3999,true,2026-05-12
WEB-106658,2026-05-10,C006122,TX,RW-1378,road,L,carbon,1,3999,true,2026-05-16
WEB-106661,2026-05-10,C006124,OR,RW-9304,mtb,S,carbon,1,4899,false,
WEB-106662,2026-05-10,C006125,TX,RW-9304,mtb,S,carbon,1,4899,false,
WEB-106665,2026-05-10,C006128,MI,RW-9304,mtb,S,carbon,1,4899,false,
WEB-106666,2026-05-10,C006129,ID,RW-9304,mtb,S,carbon,1,4899,false,
WEB-106670,2026-05-10,C006133,VT,RW-9304,mtb,S,carbon,1,4899,false,
WEB-106688,2026-05-10,C006151,IL,RW-9304,mtb,S,carbon,1,4899,false,
WEB-106707,2026-05-10,C006169,NC,RW-9324,mtb,M,base,1,2299,true,2026-05-17
WEB-106720,2026-05-10,C006182,GA,RW-9324,mtb,M,base,1,2299,true,2026-05-13
WEB-106726,2026-05-10,C006188,NC,RW-9324,mtb,M,base,1,2299,true,2026-05-15
WEB-106727,2026-05-10,C002046,PA,RW-9324,mtb,M,base,1,2299,true,2026-05-19
WEB-106730,2026-05-10,C006191,FL,RW-9324,mtb,M,base,1,2299,true,2026-05-17
WEB-106736,2026-05-10,C006197,MN,RW-9324,mtb,M,base,1,2299,true,2026-05-19
WEB-106737,2026-05-10,C006198,ID,RW-9324,mtb,M,base,1,2299,true,2026-05-15
WEB-106743,2026-05-10,C006204,AZ,RW-9324,mtb,M,base,1,2299,true,2026-05-14
WEB-106745,2026-05-10,C006206,MT,RW-4418,mtb,M,carbon,1,4899,true,2026-05-15
WEB-106746,2026-05-10,C006207,UT,RW-4418,mtb,M,carbon,1,4899,true,2026-05-19
WEB-106752,2026-05-10,C006213,FL,RW-4418,mtb,M,carbon,1,4899,true,2026-05-12
WEB-106758,2026-05-10,C006218,WA,RW-4418,mtb,M,carbon,1,4899,true,2026-05-12
WEB-106761,2026-05-10,C006221,CA,RW-4418,mtb,M,carbon,1,4899,true,2026-05-18
WEB-106762,2026-05-10,C006222,NM,RW-4418,mtb,M,carbon,1,4899,true,2026-05-14
WEB-106768,2026-05-10,C006228,VT,RW-4418,mtb,M,carbon,1,4899,true,2026-05-17
WEB-106787,2026-05-10,C006246,PA,RW-9901,mtb,L,base,1,2299,true,2026-05-17
WEB-106789,2026-05-10,C006248,FL,RW-9901,mtb,L,base,1,2299,true,2026-05-12
WEB-106802,2026-05-10,C006259,MA,RW-6416,mtb,L,carbon,1,4899,true,2026-05-17
WEB-106812,2026-05-10,C006268,AZ,RW-6416,mtb,L,carbon,1,4899,true,2026-05-14
WEB-106821,2026-05-11,C006277,VT,RW-3980,road,S,carbon,1,3999,true,2026-05-21
WEB-106829,2026-05-11,C006285,FL,RW-3980,road,S,carbon,1,3999,true,2026-05-14
WEB-106849,2026-05-11,C006303,UT,RW-9835,road,M,base,1,1899,true,2026-05-19
WEB-106865,2026-05-11,C006315,MI,RW-9835,road,M,base,1,1899,true,2026-05-17
WEB-106877,2026-05-11,C006326,WA,RW-9835,road,M,base,1,1899,true,2026-05-15
WEB-106882,2026-05-11,C006331,OR,RW-9835,road,M,base,1,1899,true,2026-05-17
WEB-106883,2026-05-11,C006332,MA,RW-9835,road,M,base,1,1899,true,2026-05-18
WEB-106892,2026-05-11,C006341,CA,RW-2984,road,M,carbon,1,3999,true,2026-05-15
WEB-106908,2026-05-11,C006356,AZ,RW-2984,road,M,carbon,1,3999,true,2026-05-21
WEB-106914,2026-05-11,C006362,MI,RW-2984,road,M,carbon,1,3999,true,2026-05-19
WEB-106916,2026-05-11,C006364,UT,RW-2984,road,M,carbon,1,3999,true,2026-05-19
WEB-106917,2026-05-11,C006365,CA,RW-2984,road,M,carbon,1,3999,true,2026-05-13
WEB-106930,2026-05-11,C000833,CO,RW-7298,road,L,base,1,1899,true,2026-05-20
WEB-106933,2026-05-11,C004815,VT,RW-7298,road,L,base,1,1899,true,2026-05-21
WEB-106937,2026-05-11,C000061,MN,RW-7298,road,L,base,1,1899,true,2026-05-16
WEB-106947,2026-05-11,C006390,AZ,RW-1378,road,L,carbon,1,3999,true,2026-05-15
WEB-106978,2026-05-11,C006420,WA,RW-9304,mtb,S,carbon,1,4899,false,
WEB-106979,2026-05-11,C006421,MI,RW-9304,mtb,S,carbon,1,4899,false,
WEB-106980,2026-05-11,C006422,AZ,RW-9304,mtb,S,carbon,1,4899,false,
WEB-106981,2026-05-11,C006423,OR,RW-9304,mtb,S,carbon,1,4899,false,
WEB-106995,2026-05-11,C006437,CA,RW-9304,mtb,S,carbon,1,4899,false,
WEB-107001,2026-05-11,C006441,ID,RW-9324,mtb,M,base,1,2299,true,2026-05-19
WEB-107006,2026-05-11,C006445,MN,RW-9324,mtb,M,base,1,2299,true,2026-05-18
WEB-107009,2026-05-11,C006448,MT,RW-9324,mtb,M,base,1,2299,true,2026-05-21
WEB-107010,2026-05-11,C006449,ID,RW-9324,mtb,M,base,1,2299,true,2026-05-21
WEB-107011,2026-05-11,C006450,TX,RW-9324,mtb,M,base,1,2299,true,2026-05-14
WEB-107017,2026-05-11,C006456,UT,RW-9324,mtb,M,base,1,2299,true,2026-05-15
WEB-107019,2026-05-11,C006458,GA,RW-9324,mtb,M,base,1,2299,true,2026-05-21
WEB-107030,2026-05-11,C006469,NM,RW-9324,mtb,M,base,1,2299,true,2026-05-13
WEB-107031,2026-05-11,C006470,NY,RW-9324,mtb,M,base,1,2299,true,2026-05-16
WEB-107033,2026-05-11,C006472,NC,RW-9324,mtb,M,base,1,2299,true,2026-05-13
WEB-107039,2026-05-11,C006477,MT,RW-4418,mtb,M,carbon,1,4899,true,2026-05-16
WEB-107048,2026-05-11,C006484,UT,RW-4418,mtb,M,carbon,1,4899,true,2026-05-20
WEB-107050,2026-05-11,C006486,MT,RW-4418,mtb,M,carbon,1,4899,true,2026-05-18
WEB-107056,2026-05-11,C006491,UT,RW-4418,mtb,M,carbon,1,4899,true,2026-05-17
WEB-107058,2026-05-11,C006493,NM,RW-4418,mtb,M,carbon,1,4899,true,2026-05-15
WEB-107073,2026-05-11,C006506,MN,RW-4418,mtb,M,carbon,1,4899,true,2026-05-18
WEB-107082,2026-05-11,C006515,MI,RW-9901,mtb,L,base,1,2299,true,2026-05-15
WEB-107087,2026-05-11,C004154,VT,RW-9901,mtb,L,base,1,2299,true,2026-05-15
WEB-107091,2026-05-11,C006523,IL,RW-9901,mtb,L,base,1,2299,true,2026-05-20
WEB-107097,2026-05-11,C006529,NY,RW-6416,mtb,L,carbon,1,4899,true,2026-05-14
WEB-107099,2026-05-11,C006531,OR,RW-6416,mtb,L,carbon,1,4899,true,2026-05-20
WEB-107105,2026-05-11,C006536,NM,RW-6416,mtb,L,carbon,1,4899,true,2026-05-14
WEB-107106,2026-05-11,C006537,MN,RW-6416,mtb,L,carbon,1,4899,true,2026-05-20
WEB-107114,2026-05-11,C006544,NY,RW-6416,mtb,L,carbon,1,4899,true,2026-05-16
WEB-106825,2026-05-12,C006281,ID,RW-3980,road,S,carbon,1,3999,true,2026-05-20
WEB-106844,2026-05-12,C006298,IL,RW-3980,road,S,carbon,1,3999,true,2026-05-16
WEB-106857,2026-05-12,C006309,MT,RW-9835,road,M,base,1,1899,true,2026-05-20
WEB-106863,2026-05-12,C006313,TX,RW-9835,road,M,base,1,1899,true,2026-05-16
WEB-106873,2026-05-12,C006322,NY,RW-9835,road,M,base,1,1899,true,2026-05-19
WEB-106885,2026-05-12,C006334,NC,RW-9835,road,M,base,1,1899,true,2026-05-17
WEB-106895,2026-05-12,C006343,TX,RW-2984,road,M,carbon,1,3999,true,2026-05-18
WEB-106896,2026-05-12,C006344,ID,RW-2984,road,M,carbon,1,3999,true,2026-05-21
WEB-106897,2026-05-12,C006345,MI,RW-2984,road,M,carbon,1,3999,true,2026-05-20
WEB-106904,2026-05-12,C006352,WA,RW-2984,road,M,carbon,1,3999,true,2026-05-14
WEB-106912,2026-05-12,C006360,CO,RW-2984,road,M,carbon,1,3999,true,2026-05-21
WEB-106922,2026-05-12,C006263,VT,RW-7298,road,L,base,1,1899,true,2026-05-18
WEB-106941,2026-05-12,C006384,GA,RW-7298,road,L,base,1,1899,true,2026-05-19
WEB-106954,2026-05-12,C006397,VT,RW-1378,road,L,carbon,1,3999,true,2026-05-21
WEB-106956,2026-05-12,C006399,AZ,RW-1378,road,L,carbon,1,3999,true,2026-05-16
WEB-106965,2026-05-12,C006408,MT,RW-1378,road,L,carbon,1,3999,true,2026-05-19
WEB-106968,2026-05-12,C002831,PA,RW-1378,road,L,carbon,1,3999,true,2026-05-14
WEB-106970,2026-05-12,C006412,TX,RW-9304,mtb,S,carbon,1,4899,false,
WEB-106987,2026-05-12,C006429,WA,RW-9304,mtb,S,carbon,1,4899,false,
WEB-106989,2026-05-12,C006431,UT,RW-9304,mtb,S,carbon,1,4899,false,
WEB-106992,2026-05-12,C006434,CA,RW-9304,mtb,S,carbon,1,4899,false,
WEB-106994,2026-05-12,C006436,MA,RW-9304,mtb,S,carbon,1,4899,false,
WEB-107003,2026-05-12,C004131,WA,RW-9324,mtb,M,base,1,2299,true,2026-05-16
WEB-107015,2026-05-12,C006454,GA,RW-9324,mtb,M,base,1,2299,true,2026-05-14
WEB-107028,2026-05-12,C006467,ID,RW-9324,mtb,M,base,1,2299,true,2026-05-17
WEB-107049,2026-05-12,C006485,VT,RW-4418,mtb,M,carbon,1,4899,true,2026-05-17
WEB-107061,2026-05-12,C006496,IL,RW-4418,mtb,M,carbon,1,4899,true,2026-05-20
WEB-107065,2026-05-12,C006500,ID,RW-4418,mtb,M,carbon,1,4899,true,2026-05-14
WEB-107076,2026-05-12,C006509,NY,RW-9901,mtb,L,base,1,2299,true,2026-05-19
WEB-107081,2026-05-12,C006514,WA,RW-9901,mtb,L,base,1,2299,true,2026-05-22
WEB-107084,2026-05-12,C006517,MA,RW-9901,mtb,L,base,1,2299,true,2026-05-14
WEB-107086,2026-05-12,C006519,ID,RW-9901,mtb,L,base,1,2299,true,2026-05-18
WEB-107090,2026-05-12,C006522,VT,RW-9901,mtb,L,base,1,2299,true,2026-05-21
WEB-107094,2026-05-12,C006526,FL,RW-9901,mtb,L,base,1,2299,true,2026-05-21
WEB-107096,2026-05-12,C006528,TX,RW-9901,mtb,L,base,1,2299,true,2026-05-15
WEB-107101,2026-05-12,C006533,GA,RW-6416,mtb,L,carbon,1,4899,true,2026-05-19
WEB-107109,2026-05-12,C006540,NM,RW-6416,mtb,L,carbon,1,4899,true,2026-05-17
WEB-107112,2026-05-12,C006542,IL,RW-6416,mtb,L,carbon,1,4899,true,2026-05-18
WEB-107113,2026-05-12,C006543,AZ,RW-6416,mtb,L,carbon,1,4899,true,2026-05-22
WEB-106819,2026-05-13,C006275,GA,RW-3980,road,S,carbon,1,3999,true,2026-05-22
WEB-106820,2026-05-13,C006276,TX,RW-3980,road,S,carbon,1,3999,true,2026-05-23
WEB-106831,2026-05-13,C006287,MT,RW-3980,road,S,carbon,1,3999,true,2026-05-17
WEB-106837,2026-05-13,C006292,MT,RW-3980,road,S,carbon,1,3999,true,2026-05-21
WEB-106839,2026-05-13,C006293,CA,RW-3980,road,S,carbon,1,3999,true,2026-05-22
WEB-106840,2026-05-13,C006294,CA,RW-3980,road,S,carbon,1,3999,true,2026-05-15
WEB-106847,2026-05-13,C006301,NM,RW-3980,road,S,carbon,1,3999,true,2026-05-20
WEB-106848,2026-05-13,C006302,UT,RW-9835,road,M,base,1,1899,true,2026-05-18
WEB-106853,2026-05-13,C006305,UT,RW-9835,road,M,base,1,1899,true,2026-05-18
WEB-106862,2026-05-13,C006312,MA,RW-9835,road,M,base,1,1899,true,2026-05-23
WEB-106875,2026-05-13,C006324,VT,RW-9835,road,M,base,1,1899,true,2026-05-21
WEB-106878,2026-05-13,C006327,CO,RW-9835,road,M,base,1,1899,true,2026-05-23
WEB-106902,2026-05-13,C006350,OR,RW-2984,road,M,carbon,1,3999,true,2026-05-22
WEB-106907,2026-05-13,C006355,NM,RW-2984,road,M,carbon,1,3999,true,2026-05-15
WEB-106910,2026-05-13,C006358,FL,RW-2984,road,M,carbon,1,3999,true,2026-05-17
WEB-106928,2026-05-13,C006375,WA,RW-7298,road,L,base,1,1899,true,2026-05-20
WEB-106932,2026-05-13,C006378,MA,RW-7298,road,L,base,1,1899,true,2026-05-23
WEB-106934,2026-05-13,C006379,NY,RW-7298,road,L,base,1,1899,true,2026-05-15
WEB-106950,2026-05-13,C006393,FL,RW-1378,road,L,carbon,1,3999,true,2026-05-22
WEB-106951,2026-05-13,C006394,MI,RW-1378,road,L,carbon,1,3999,true,2026-05-22
WEB-106959,2026-05-13,C006402,WA,RW-1378,road,L,carbon,1,3999,true,2026-05-17
WEB-106964,2026-05-13,C006407,NY,RW-1378,road,L,carbon,1,3999,true,2026-05-20
WEB-106967,2026-05-13,C006410,MN,RW-1378,road,L,carbon,1,3999,true,2026-05-23
WEB-106975,2026-05-13,C006417,MN,RW-9304,mtb,S,carbon,1,4899,false,
WEB-106984,2026-05-13,C006426,NY,RW-9304,mtb,S,carbon,1,4899,false,
WEB-106999,2026-05-13,C000972,ID,RW-9304,mtb,S,carbon,1,4899,false,
WEB-107007,2026-05-13,C006446,TX,RW-9324,mtb,M,base,1,2299,true,2026-05-23
WEB-107016,2026-05-13,C006455,VT,RW-9324,mtb,M,base,1,2299,true,2026-05-16
WEB-107027,2026-05-13,C006466,GA,RW-9324,mtb,M,base,1,2299,true,2026-05-16
WEB-107036,2026-05-13,C001952,MA,RW-9324,mtb,M,base,1,2299,true,2026-05-18
WEB-107038,2026-05-13,C006476,PA,RW-9324,mtb,M,base,1,2299,true,2026-05-18
WEB-107054,2026-05-13,C006489,MA,RW-4418,mtb,M,carbon,1,4899,true,2026-05-22
WEB-107055,2026-05-13,C006490,CA,RW-4418,mtb,M,carbon,1,4899,true,2026-05-20
WEB-107057,2026-05-13,C006492,ID,RW-4418,mtb,M,carbon,1,4899,true,2026-05-22
WEB-107070,2026-05-13,C001657,CA,RW-4418,mtb,M,carbon,1,4899,true,2026-05-21
WEB-107083,2026-05-13,C006516,MA,RW-9901,mtb,L,base,1,2299,true,2026-05-21
WEB-107107,2026-05-13,C006538,OR,RW-6416,mtb,L,carbon,1,4899,true,2026-05-21
WEB-107110,2026-05-13,C006541,GA,RW-6416,mtb,L,carbon,1,4899,true,2026-05-18
WEB-106826,2026-05-14,C006282,MI,RW-3980,road,S,carbon,1,3999,true,2026-05-16
WEB-106828,2026-05-14,C006284,CA,RW-3980,road,S,carbon,1,3999,true,2026-05-20
WEB-106834,2026-05-14,C006290,GA,RW-3980,road,S,carbon,1,3999,true,2026-05-23
WEB-106835,2026-05-14,C004106,FL,RW-3980,road,S,carbon,1,3999,true,2026-05-20
WEB-106836,2026-05-14,C006291,PA,RW-3980,road,S,carbon,1,3999,true,2026-05-17
WEB-106855,2026-05-14,C006307,WA,RW-9835,road,M,base,1,1899,true,2026-05-23
WEB-106866,2026-05-14,C006316,WA,RW-9835,road,M,base,1,1899,true,2026-05-24
WEB-106872,2026-05-14,C003799,OR,RW-9835,road,M,base,1,1899,true,2026-05-21
WEB-106874,2026-05-14,C006323,WA,RW-9835,road,M,base,1,1899,true,2026-05-23
WEB-106891,2026-05-14,C006340,GA,RW-2984,road,M,carbon,1,3999,true,2026-05-23
WEB-106893,2026-05-14,C005696,CO,RW-2984,road,M,carbon,1,3999,true,2026-05-20
WEB-106903,2026-05-14,C006351,PA,RW-2984,road,M,carbon,1,3999,true,2026-05-23
WEB-106906,2026-05-14,C006354,IL,RW-2984,road,M,carbon,1,3999,true,2026-05-22
WEB-106909,2026-05-14,C006357,PA,RW-2984,road,M,carbon,1,3999,true,2026-05-16
WEB-106915,2026-05-14,C006363,ID,RW-2984,road,M,carbon,1,3999,true,2026-05-17
WEB-106918,2026-05-14,C006366,NY,RW-2984,road,M,carbon,1,3999,true,2026-05-16
WEB-106923,2026-05-14,C006370,MN,RW-7298,road,L,base,1,1899,true,2026-05-23
WEB-106935,2026-05-14,C006380,NC,RW-7298,road,L,base,1,1899,true,2026-05-24
WEB-106939,2026-05-14,C006382,NC,RW-7298,road,L,base,1,1899,true,2026-05-22
WEB-106942,2026-05-14,C006385,TX,RW-7298,road,L,base,1,1899,true,2026-05-23
WEB-106944,2026-05-14,C006387,PA,RW-1378,road,L,carbon,1,3999,true,2026-05-17
WEB-106945,2026-05-14,C006388,AZ,RW-1378,road,L,carbon,1,3999,true,2026-05-16
WEB-106946,2026-05-14,C006389,OR,RW-1378,road,L,carbon,1,3999,true,2026-05-23
WEB-106958,2026-05-14,C006401,NC,RW-1378,road,L,carbon,1,3999,true,2026-05-17
WEB-106972,2026-05-14,C006414,CO,RW-9304,mtb,S,carbon,1,4899,false,
WEB-106977,2026-05-14,C006419,VT,RW-9304,mtb,S,carbon,1,4899,false,
WEB-106993,2026-05-14,C006435,MN,RW-9304,mtb,S,carbon,1,4899,false,
WEB-107000,2026-05-14,C000196,NC,RW-9324,mtb,M,base,1,2299,true,2026-05-17
WEB-107014,2026-05-14,C006453,IL,RW-9324,mtb,M,base,1,2299,true,2026-05-21
WEB-107018,2026-05-14,C006457,NY,RW-9324,mtb,M,base,1,2299,true,2026-05-18
WEB-107020,2026-05-14,C006459,IL,RW-9324,mtb,M,base,1,2299,true,2026-05-16
WEB-107035,2026-05-14,C006474,NC,RW-9324,mtb,M,base,1,2299,true,2026-05-21
WEB-107040,2026-05-14,C006478,NC,RW-4418,mtb,M,carbon,1,4899,false,
WEB-107041,2026-05-14,C006479,VT,RW-4418,mtb,M,carbon,1,4899,false,
WEB-107059,2026-05-14,C006494,MT,RW-4418,mtb,M,carbon,1,4899,false,
WEB-107062,2026-05-14,C006497,CA,RW-4418,mtb,M,carbon,1,4899,false,
WEB-107068,2026-05-14,C006503,NM,RW-4418,mtb,M,carbon,1,4899,false,
WEB-107069,2026-05-14,C006504,NM,RW-4418,mtb,M,carbon,1,4899,false,
WEB-107072,2026-05-14,C006505,CA,RW-4418,mtb,M,carbon,1,4899,false,
WEB-107077,2026-05-14,C006510,MN,RW-9901,mtb,L,base,1,2299,true,2026-05-21
WEB-107088,2026-05-14,C006520,MI,RW-9901,mtb,L,base,1,2299,true,2026-05-17
WEB-107092,2026-05-14,C006524,MI,RW-9901,mtb,L,base,1,2299,true,2026-05-17
WEB-107102,2026-05-14,C004131,GA,RW-6416,mtb,L,carbon,1,4899,false,
WEB-107104,2026-05-14,C006535,TX,RW-6416,mtb,L,carbon,1,4899,false,
WEB-107108,2026-05-14,C006539,PA,RW-6416,mtb,L,carbon,1,4899,false,
WEB-106842,2026-05-15,C006296,GA,RW-3980,road,S,carbon,1,3999,true,2026-05-20
WEB-106850,2026-05-15,C006304,MI,RW-9835,road,M,base,1,1899,true,2026-05-21
WEB-106851,2026-05-15,C001355,CO,RW-9835,road,M,base,1,1899,true,2026-05-25
WEB-106858,2026-05-15,C000983,NC,RW-9835,road,M,base,1,1899,true,2026-05-25
WEB-106861,2026-05-15,C002021,OR,RW-9835,road,M,base,1,1899,true,2026-05-21
WEB-106869,2026-05-15,C006319,NY,RW-9835,road,M,base,1,1899,true,2026-05-22
WEB-106886,2026-05-15,C006335,NM,RW-9835,road,M,base,1,1899,true,2026-05-20
WEB-106887,2026-05-15,C006336,MT,RW-2984,road,M,carbon,1,3999,true,2026-05-25
WEB-106900,2026-05-15,C006348,GA,RW-2984,road,M,carbon,1,3999,true,2026-05-22
WEB-106901,2026-05-15,C006349,MT,RW-2984,road,M,carbon,1,3999,true,2026-05-24
WEB-106911,2026-05-15,C006359,AZ,RW-2984,road,M,carbon,1,3999,true,2026-05-25
WEB-106920,2026-05-15,C006368,AZ,RW-7298,road,L,base,1,1899,true,2026-05-22
WEB-106924,2026-05-15,C006371,MA,RW-7298,road,L,base,1,1899,true,2026-05-23
WEB-106925,2026-05-15,C006372,GA,RW-7298,road,L,base,1,1899,true,2026-05-20
WEB-106927,2026-05-15,C006374,VT,RW-7298,road,L,base,1,1899,true,2026-05-22
WEB-106929,2026-05-15,C006376,AZ,RW-7298,road,L,base,1,1899,true,2026-05-24
WEB-106931,2026-05-15,C006377,PA,RW-7298,road,L,base,1,1899,true,2026-05-18
WEB-106940,2026-05-15,C006383,VT,RW-7298,road,L,base,1,1899,true,2026-05-17
WEB-106952,2026-05-15,C006395,GA,RW-1378,road,L,carbon,1,3999,true,2026-05-19
WEB-106957,2026-05-15,C006400,MI,RW-1378,road,L,carbon,1,3999,true,2026-05-18
WEB-106966,2026-05-15,C006409,IL,RW-1378,road,L,carbon,1,3999,true,2026-05-20
WEB-106976,2026-05-15,C006418,UT,RW-9304,mtb,S,carbon,1,4899,false,
WEB-106983,2026-05-15,C006425,MI,RW-9304,mtb,S,carbon,1,4899,false,
WEB-106988,2026-05-15,C006430,NC,RW-9304,mtb,S,carbon,1,4899,false,
WEB-106990,2026-05-15,C006432,GA,RW-9304,mtb,S,carbon,1,4899,false,
WEB-107012,2026-05-15,C006451,AZ,RW-9324,mtb,M,base,1,2299,true,2026-05-23
WEB-107021,2026-05-15,C006460,WA,RW-9324,mtb,M,base,1,2299,true,2026-05-22
WEB-107023,2026-05-15,C006462,TX,RW-9324,mtb,M,base,1,2299,true,2026-05-19
WEB-107026,2026-05-15,C006465,MT,RW-9324,mtb,M,base,1,2299,true,2026-05-20
WEB-107037,2026-05-15,C006475,ID,RW-9324,mtb,M,base,1,2299,true,2026-05-25
WEB-107043,2026-05-15,C006481,PA,RW-4418,mtb,M,carbon,1,4899,false,
WEB-107045,2026-05-15,C005974,ID,RW-4418,mtb,M,carbon,1,4899,false,
WEB-107046,2026-05-15,C006483,TX,RW-4418,mtb,M,carbon,1,4899,false,
WEB-107085,2026-05-15,C006518,TX,RW-9901,mtb,L,base,1,2299,true,2026-05-25
WEB-107089,2026-05-15,C006521,NY,RW-9901,mtb,L,base,1,2299,true,2026-05-21
WEB-106823,2026-05-16,C006279,NM,RW-3980,road,S,carbon,1,3999,true,2026-05-20
WEB-106827,2026-05-16,C006283,CO,RW-3980,road,S,carbon,1,3999,true,2026-05-18
WEB-106833,2026-05-16,C006289,WA,RW-3980,road,S,carbon,1,3999,true,2026-05-20
WEB-106841,2026-05-16,C006295,NY,RW-3980,road,S,carbon,1,3999,true,2026-05-25
WEB-106846,2026-05-16,C006300,MI,RW-3980,road,S,carbon,1,3999,true,2026-05-21
WEB-106854,2026-05-16,C006306,FL,RW-9835,road,M,base,1,1899,true,2026-05-18
WEB-106864,2026-05-16,C006314,ID,RW-9835,road,M,base,1,1899,true,2026-05-26
WEB-106867,2026-05-16,C006317,WA,RW-9835,road,M,base,1,1899,true,2026-05-26
WEB-106870,2026-05-16,C006320,PA,RW-9835,road,M,base,1,1899,true,2026-05-19
WEB-106879,2026-05-16,C006328,AZ,RW-9835,road,M,base,1,1899,true,2026-05-24
WEB-106880,2026-05-16,C006329,VT,RW-9835,road,M,base,1,1899,true,2026-05-23
WEB-106884,2026-05-16,C006333,VT,RW-9835,road,M,base,1,1899,true,2026-05-25
WEB-106894,2026-05-16,C006342,MT,RW-2984,road,M,carbon,1,3999,true,2026-05-25
WEB-106899,2026-05-16,C006347,FL,RW-2984,road,M,carbon,1,3999,true,2026-05-24
WEB-106905,2026-05-16,C006353,PA,RW-2984,road,M,carbon,1,3999,true,2026-05-23
WEB-106936,2026-05-16,C006381,WA,RW-7298,road,L,base,1,1899,true,2026-05-18
WEB-106949,2026-05-16,C006392,ID,RW-1378,road,L,carbon,1,3999,true,2026-05-23
WEB-106955,2026-05-16,C006398,MA,RW-1378,road,L,carbon,1,3999,true,2026-05-25
WEB-106960,2026-05-16,C006403,MA,RW-1378,road,L,carbon,1,3999,true,2026-05-26
WEB-106962,2026-05-16,C006405,MT,RW-1378,road,L,carbon,1,3999,true,2026-05-26
WEB-106963,2026-05-16,C006406,CO,RW-1378,road,L,carbon,1,3999,true,2026-05-19
WEB-106971,2026-05-16,C006413,ID,RW-9304,mtb,S,carbon,1,4899,false,
WEB-106973,2026-05-16,C006415,MT,RW-9304,mtb,S,carbon,1,4899,false,
WEB-106974,2026-05-16,C006416,WA,RW-9304,mtb,S,carbon,1,4899,false,
WEB-106982,2026-05-16,C006424,NY,RW-9304,mtb,S,carbon,1,4899,false,
WEB-106991,2026-05-16,C006433,WA,RW-9304,mtb,S,carbon,1,4899,false,
WEB-106997,2026-05-16,C006439,FL,RW-9304,mtb,S,carbon,1,4899,false,
WEB-107002,2026-05-16,C006442,NM,RW-9324,mtb,M,base,1,2299,true,2026-05-24
WEB-107004,2026-05-16,C006443,UT,RW-9324,mtb,M,base,1,2299,true,2026-05-23
WEB-107005,2026-05-16,C006444,OR,RW-9324,mtb,M,base,1,2299,true,2026-05-20
WEB-107008,2026-05-16,C006447,VT,RW-9324,mtb,M,base,1,2299,true,2026-05-23
WEB-107013,2026-05-16,C006452,VT,RW-9324,mtb,M,base,1,2299,true,2026-05-18
WEB-107022,2026-05-16,C006461,NC,RW-9324,mtb,M,base,1,2299,true,2026-05-25
WEB-107025,2026-05-16,C006464,VT,RW-9324,mtb,M,base,1,2299,true,2026-05-22
WEB-107029,2026-05-16,C006468,VT,RW-9324,mtb,M,base,1,2299,true,2026-05-18
WEB-107044,2026-05-16,C006482,NY,RW-4418,mtb,M,carbon,1,4899,false,
WEB-107051,2026-05-16,C006487,VT,RW-4418,mtb,M,carbon,1,4899,false,
WEB-107052,2026-05-16,C006488,WA,RW-4418,mtb,M,carbon,1,4899,false,
WEB-107060,2026-05-16,C006495,NM,RW-4418,mtb,M,carbon,1,4899,false,
WEB-107063,2026-05-16,C006498,AZ,RW-4418,mtb,M,carbon,1,4899,false,
WEB-107066,2026-05-16,C006501,NY,RW-4418,mtb,M,carbon,1,4899,false,
WEB-107067,2026-05-16,C006502,NC,RW-4418,mtb,M,carbon,1,4899,false,
WEB-107071,2026-05-16,C000606,TX,RW-4418,mtb,M,carbon,1,4899,false,
WEB-107100,2026-05-16,C006532,GA,RW-6416,mtb,L,carbon,1,4899,false,
WEB-107103,2026-05-16,C006534,MT,RW-6416,mtb,L,carbon,1,4899,false,
WEB-107111,2026-05-16,C005652,GA,RW-6416,mtb,L,carbon,1,4899,false,
WEB-106818,2026-05-17,C006274,CA,RW-3980,road,S,carbon,1,3999,true,2026-05-27
WEB-106822,2026-05-17,C006278,MT,RW-3980,road,S,carbon,1,3999,true,2026-05-22
WEB-106824,2026-05-17,C006280,IL,RW-3980,road,S,carbon,1,3999,true,2026-05-27
WEB-106830,2026-05-17,C006286,NC,RW-3980,road,S,carbon,1,3999,true,2026-05-23
WEB-106832,2026-05-17,C006288,VT,RW-3980,road,S,carbon,1,3999,true,2026-05-22
WEB-106838,2026-05-17,C005877,NY,RW-3980,road,S,carbon,1,3999,true,2026-05-27
WEB-106843,2026-05-17,C006297,GA,RW-3980,road,S,carbon,1,3999,true,2026-05-24
WEB-106845,2026-05-17,C006299,MI,RW-3980,road,S,carbon,1,3999,true,2026-05-23
WEB-106852,2026-05-17,C000413,NY,RW-9835,road,M,base,1,1899,true,2026-05-25
WEB-106856,2026-05-17,C006308,PA,RW-9835,road,M,base,1,1899,true,2026-05-27
WEB-106859,2026-05-17,C006310,MI,RW-9835,road,M,base,1,1899,true,2026-05-22
WEB-106860,2026-05-17,C006311,PA,RW-9835,road,M,base,1,1899,true,2026-05-23
WEB-106868,2026-05-17,C006318,WA,RW-9835,road,M,base,1,1899,true,2026-05-27
WEB-106871,2026-05-17,C006321,MI,RW-9835,road,M,base,1,1899,true,2026-05-27
WEB-106876,2026-05-17,C006325,AZ,RW-9835,road,M,base,1,1899,true,2026-05-24
WEB-106881,2026-05-17,C006330,WA,RW-9835,road,M,base,1,1899,true,2026-05-23
WEB-106888,2026-05-17,C006337,OR,RW-2984,road,M,carbon,1,3999,true,2026-05-19
WEB-106889,2026-05-17,C006338,MI,RW-2984,road,M,carbon,1,3999,true,2026-05-19
WEB-106890,2026-05-17,C006339,MT,RW-2984,road,M,carbon,1,3999,true,2026-05-24
WEB-106898,2026-05-17,C006346,VT,RW-2984,road,M,carbon,1,3999,true,2026-05-25
WEB-106913,2026-05-17,C006361,CA,RW-2984,road,M,carbon,1,3999,true,2026-05-25
WEB-106919,2026-05-17,C006367,TX,RW-2984,road,M,carbon,1,3999,true,2026-05-23
WEB-106921,2026-05-17,C006369,MN,RW-7298,road,L,base,1,1899,true,2026-05-24
WEB-106926,2026-05-17,C006373,VT,RW-7298,road,L,base,1,1899,true,2026-05-23
WEB-106938,2026-05-17,C004636,TX,RW-7298,road,L,base,1,1899,true,2026-05-24
WEB-106943,2026-05-17,C006386,MA,RW-1378,road,L,carbon,1,3999,true,2026-05-24
WEB-106948,2026-05-17,C006391,MA,RW-1378,road,L,carbon,1,3999,true,2026-05-21
WEB-106953,2026-05-17,C006396,MT,RW-1378,road,L,carbon,1,3999,true,2026-05-22
WEB-106961,2026-05-17,C006404,NC,RW-1378,road,L,carbon,1,3999,true,2026-05-24
WEB-106969,2026-05-17,C006411,MI,RW-1378,road,L,carbon,1,3999,true,2026-05-27
WEB-106985,2026-05-17,C006427,WA,RW-9304,mtb,S,carbon,1,4899,false,
WEB-106986,2026-05-17,C006428,MT,RW-9304,mtb,S,carbon,1,4899,false,
WEB-106996,2026-05-17,C006438,AZ,RW-9304,mtb,S,carbon,1,4899,false,
WEB-106998,2026-05-17,C006440,GA,RW-9304,mtb,S,carbon,1,4899,false,
WEB-107024,2026-05-17,C006463,NC,RW-9324,mtb,M,base,1,2299,true,2026-05-27
WEB-107032,2026-05-17,C006471,MI,RW-9324,mtb,M,base,1,2299,true,2026-05-25
WEB-107034,2026-05-17,C006473,MI,RW-9324,mtb,M,base,1,2299,true,2026-05-27
WEB-107042,2026-05-17,C006480,MT,RW-4418,mtb,M,carbon,1,4899,false,
WEB-107047,2026-05-17,C003007,UT,RW-4418,mtb,M,carbon,1,4899,false,
WEB-107053,2026-05-17,C002970,NY,RW-4418,mtb,M,carbon,1,4899,false,
WEB-107064,2026-05-17,C006499,GA,RW-4418,mtb,M,carbon,1,4899,false,
WEB-107074,2026-05-17,C006507,NY,RW-9901,mtb,L,base,1,2299,true,2026-05-19
WEB-107075,2026-05-17,C006508,MN,RW-9901,mtb,L,base,1,2299,true,2026-05-22
WEB-107078,2026-05-17,C006511,CO,RW-9901,mtb,L,base,1,2299,true,2026-05-27
WEB-107079,2026-05-17,C006512,TX,RW-9901,mtb,L,base,1,2299,true,2026-05-24
WEB-107080,2026-05-17,C006513,ID,RW-9901,mtb,L,base,1,2299,true,2026-05-25
WEB-107093,2026-05-17,C006525,WA,RW-9901,mtb,L,base,1,2299,true,2026-05-26
WEB-107095,2026-05-17,C006527,AZ,RW-9901,mtb,L,base,1,2299,true,2026-05-26
WEB-107098,2026-05-17,C006530,MI,RW-6416,mtb,L,carbon,1,4899,false,
WEB-107115,2026-05-18,C006545,AZ,RW-3980,road,S,carbon,1,3999,true,2026-05-26
WEB-107123,2026-05-18,C006551,MN,RW-3980,road,S,carbon,1,3999,true,2026-05-27
WEB-107131,2026-05-18,C006558,CO,RW-3980,road,S,carbon,1,3999,true,2026-05-21
WEB-107138,2026-05-18,C006565,PA,RW-3980,road,S,carbon,1,3999,true,2026-05-26
WEB-107148,2026-05-18,C006575,TX,RW-9835,road,M,base,1,1899,true,2026-05-28
WEB-107150,2026-05-18,C005719,NM,RW-9835,road,M,base,1,1899,true,2026-05-20
WEB-107154,2026-05-18,C006580,CA,RW-9835,road,M,base,1,1899,true,2026-05-28
WEB-107174,2026-05-18,C006172,MT,RW-2984,road,M,carbon,1,3999,true,2026-05-28
WEB-107175,2026-05-18,C006597,MI,RW-2984,road,M,carbon,1,3999,true,2026-05-22
WEB-107179,2026-05-18,C006601,WA,RW-2984,road,M,carbon,1,3999,true,2026-05-26
WEB-107184,2026-05-18,C006605,OR,RW-2984,road,M,carbon,1,3999,true,2026-05-28
WEB-107195,2026-05-18,C006616,MT,RW-2984,road,M,carbon,1,3999,true,2026-05-23
WEB-107199,2026-05-18,C006620,OR,RW-2984,road,M,carbon,1,3999,true,2026-05-20
WEB-107204,2026-05-18,C006624,TX,RW-2984,road,M,carbon,1,3999,true,2026-05-27
WEB-107206,2026-05-18,C006626,PA,RW-7298,road,L,base,1,1899,true,2026-05-26
WEB-107209,2026-05-18,C006629,ID,RW-7298,road,L,base,1,1899,true,2026-05-24
WEB-107226,2026-05-18,C006646,IL,RW-7298,road,L,base,1,1899,true,2026-05-25
WEB-107237,2026-05-18,C006656,NY,RW-1378,road,L,carbon,1,3999,true,2026-05-21
WEB-107244,2026-05-18,C006662,UT,RW-1378,road,L,carbon,1,3999,true,2026-05-28
WEB-107249,2026-05-18,C003504,NM,RW-9304,mtb,S,carbon,1,4899,false,
WEB-107287,2026-05-18,C006701,VT,RW-9324,mtb,M,base,1,2299,true,2026-05-25
WEB-107297,2026-05-18,C006711,CO,RW-9324,mtb,M,base,1,2299,true,2026-05-23
WEB-107299,2026-05-18,C006713,MT,RW-9324,mtb,M,base,1,2299,true,2026-05-24
WEB-107303,2026-05-18,C006717,AZ,RW-9324,mtb,M,base,1,2299,true,2026-05-25
WEB-107308,2026-05-18,C006722,NC,RW-9324,mtb,M,base,1,2299,true,2026-05-21
WEB-107320,2026-05-18,C006734,VT,RW-9324,mtb,M,base,1,2299,true,2026-05-20
WEB-107321,2026-05-18,C006735,ID,RW-4418,mtb,M,carbon,1,4899,false,
WEB-107326,2026-05-18,C006740,OR,RW-4418,mtb,M,carbon,1,4899,false,
WEB-107329,2026-05-18,C006743,WA,RW-4418,mtb,M,carbon,1,4899,false,
WEB-107330,2026-05-18,C006744,MA,RW-4418,mtb,M,carbon,1,4899,false,
WEB-107343,2026-05-18,C006756,AZ,RW-4418,mtb,M,carbon,1,4899,false,
WEB-107352,2026-05-18,C006765,NY,RW-4418,mtb,M,carbon,1,4899,false,
WEB-107354,2026-05-18,C006767,MI,RW-4418,mtb,M,carbon,1,4899,false,
WEB-107384,2026-05-18,C006797,NM,RW-6416,mtb,L,carbon,1,4899,false,
WEB-107397,2026-05-18,C006809,MI,RW-6416,mtb,L,carbon,1,4899,false,
WEB-107399,2026-05-18,C004049,IL,RW-6416,mtb,L,carbon,1,4899,false,
WEB-107405,2026-05-18,C006816,VT,RW-6416,mtb,L,carbon,1,4899,false,
WEB-107407,2026-05-18,C004398,NC,RW-6416,mtb,L,carbon,1,4899,false,
WEB-107408,2026-05-18,C006818,MT,RW-6416,mtb,L,carbon,1,4899,false,
WEB-107118,2026-05-19,C006548,AZ,RW-3980,road,S,carbon,1,3999,true,2026-05-27
WEB-107121,2026-05-19,C002419,NC,RW-3980,road,S,carbon,1,3999,true,2026-05-26
WEB-107134,2026-05-19,C006561,OR,RW-3980,road,S,carbon,1,3999,true,2026-05-22
WEB-107164,2026-05-19,C006590,MN,RW-9835,road,M,base,1,1899,true,2026-05-22
WEB-107167,2026-05-19,C002391,AZ,RW-9835,road,M,base,1,1899,true,2026-05-22
WEB-107178,2026-05-19,C006600,AZ,RW-2984,road,M,carbon,1,3999,true,2026-05-26
WEB-107188,2026-05-19,C006609,CO,RW-2984,road,M,carbon,1,3999,true,2026-05-25
WEB-107197,2026-05-19,C006618,WA,RW-2984,road,M,carbon,1,3999,true,2026-05-27
WEB-107220,2026-05-19,C006640,OR,RW-7298,road,L,base,1,1899,true,2026-05-26
WEB-107234,2026-05-19,C006653,OR,RW-1378,road,L,carbon,1,3999,true,2026-05-26
WEB-107239,2026-05-19,C006658,CA,RW-1378,road,L,carbon,1,3999,true,2026-05-23
WEB-107243,2026-05-19,C006661,WA,RW-1378,road,L,carbon,1,3999,true,2026-05-22
WEB-107252,2026-05-19,C006668,CA,RW-9304,mtb,S,carbon,1,4899,false,
WEB-107253,2026-05-19,C004558,TX,RW-9304,mtb,S,carbon,1,4899,false,
WEB-107257,2026-05-19,C006672,MN,RW-9304,mtb,S,carbon,1,4899,false,
WEB-107258,2026-05-19,C006673,CO,RW-9304,mtb,S,carbon,1,4899,false,
WEB-107270,2026-05-19,C006685,GA,RW-9304,mtb,S,carbon,1,4899,false,
WEB-107282,2026-05-19,C006696,FL,RW-9304,mtb,S,carbon,1,4899,false,
WEB-107292,2026-05-19,C006706,MI,RW-9324,mtb,M,base,1,2299,true,2026-05-24
WEB-107295,2026-05-19,C006709,PA,RW-9324,mtb,M,base,1,2299,true,2026-05-23
WEB-107298,2026-05-19,C006712,CA,RW-9324,mtb,M,base,1,2299,true,2026-05-21
WEB-107301,2026-05-19,C006715,MN,RW-9324,mtb,M,base,1,2299,true,2026-05-24
WEB-107310,2026-05-19,C006724,ID,RW-9324,mtb,M,base,1,2299,true,2026-05-25
WEB-107316,2026-05-19,C006730,CO,RW-9324,mtb,M,base,1,2299,true,2026-05-23
WEB-107327,2026-05-19,C006741,MA,RW-4418,mtb,M,carbon,1,4899,false,
WEB-107338,2026-05-19,C006751,TX,RW-4418,mtb,M,carbon,1,4899,false,
WEB-107344,2026-05-19,C006757,IL,RW-4418,mtb,M,carbon,1,4899,false,
WEB-107345,2026-05-19,C006758,TX,RW-4418,mtb,M,carbon,1,4899,false,
WEB-107353,2026-05-19,C006766,ID,RW-4418,mtb,M,carbon,1,4899,false,
WEB-107355,2026-05-19,C006768,WA,RW-4418,mtb,M,carbon,1,4899,false,
WEB-107359,2026-05-19,C006772,MT,RW-9901,mtb,L,base,1,2299,true,2026-05-24
WEB-107367,2026-05-19,C006780,FL,RW-9901,mtb,L,base,1,2299,true,2026-05-26
WEB-107374,2026-05-19,C006787,NC,RW-9901,mtb,L,base,1,2299,true,2026-05-23
WEB-107381,2026-05-19,C006794,UT,RW-9901,mtb,L,base,1,2299,true,2026-05-21
WEB-107389,2026-05-19,C006802,MI,RW-6416,mtb,L,carbon,1,4899,false,
WEB-107400,2026-05-19,C006811,ID,RW-6416,mtb,L,carbon,1,4899,false,
WEB-107403,2026-05-19,C006814,WA,RW-6416,mtb,L,carbon,1,4899,false,
WEB-107404,2026-05-19,C006815,IL,RW-6416,mtb,L,carbon,1,4899,false,
WEB-107126,2026-05-20,C006554,PA,RW-3980,road,S,carbon,1,3999,true,2026-05-24
WEB-107129,2026-05-20,C005537,VT,RW-3980,road,S,carbon,1,3999,true,2026-05-28
WEB-107130,2026-05-20,C006557,GA,RW-3980,road,S,carbon,1,3999,true,2026-05-22
WEB-107142,2026-05-20,C006569,MT,RW-3980,road,S,carbon,1,3999,true,2026-05-23
WEB-107143,2026-05-20,C006570,MT,RW-3980,road,S,carbon,1,3999,true,2026-05-27
WEB-107147,2026-05-20,C006574,FL,RW-9835,road,M,base,1,1899,true,2026-05-29
WEB-107149,2026-05-20,C006576,UT,RW-9835,road,M,base,1,1899,true,2026-05-24
WEB-107160,2026-05-20,C006586,CA,RW-9835,road,M,base,1,1899,true,2026-05-29
WEB-107170,2026-05-20,C006594,FL,RW-9835,road,M,base,1,1899,true,2026-05-22
WEB-107171,2026-05-20,C006595,MN,RW-9835,road,M,base,1,1899,true,2026-05-30
WEB-107173,2026-05-20,C006596,MA,RW-9835,road,M,base,1,1899,true,2026-05-29
WEB-107177,2026-05-20,C006599,VT,RW-2984,road,M,carbon,1,3999,true,2026-05-22
WEB-107185,2026-05-20,C006606,FL,RW-2984,road,M,carbon,1,3999,true,2026-05-26
WEB-107186,2026-05-20,C006607,CO,RW-2984,road,M,carbon,1,3999,true,2026-05-28
WEB-107198,2026-05-20,C006619,MI,RW-2984,road,M,carbon,1,3999,true,2026-05-29
WEB-107200,2026-05-20,C006621,VT,RW-2984,road,M,carbon,1,3999,true,2026-05-28
WEB-107203,2026-05-20,C006623,NM,RW-2984,road,M,carbon,1,3999,true,2026-05-29
WEB-107215,2026-05-20,C006635,NY,RW-7298,road,L,base,1,1899,true,2026-05-25
WEB-107216,2026-05-20,C006636,NY,RW-7298,road,L,base,1,1899,true,2026-05-30
WEB-107217,2026-05-20,C006637,NY,RW-7298,road,L,base,1,1899,true,2026-05-23
WEB-107223,2026-05-20,C006643,NY,RW-7298,road,L,base,1,1899,true,2026-05-30
WEB-107229,2026-05-20,C006649,MI,RW-1378,road,L,carbon,1,3999,true,2026-05-27
WEB-107230,2026-05-20,C006650,ID,RW-1378,road,L,carbon,1,3999,true,2026-05-29
WEB-107232,2026-05-20,C006651,CO,RW-1378,road,L,carbon,1,3999,true,2026-05-27
WEB-107233,2026-05-20,C006652,CA,RW-1378,road,L,carbon,1,3999,true,2026-05-27
WEB-107241,2026-05-20,C001539,FL,RW-1378,road,L,carbon,1,3999,true,2026-05-23
WEB-107251,2026-05-20,C006667,NM,RW-9304,mtb,S,carbon,1,4899,false,
WEB-107255,2026-05-20,C006670,MA,RW-9304,mtb,S,carbon,1,4899,false,
WEB-107265,2026-05-20,C006680,WA,RW-9304,mtb,S,carbon,1,4899,false,
WEB-107277,2026-05-20,C006691,UT,RW-9304,mtb,S,carbon,1,4899,false,
WEB-107280,2026-05-20,C006694,NY,RW-9304,mtb,S,carbon,1,4899,false,
WEB-107293,2026-05-20,C006707,NM,RW-9324,mtb,M,base,1,2299,true,2026-05-24
WEB-107305,2026-05-20,C006719,CO,RW-9324,mtb,M,base,1,2299,true,2026-05-29
WEB-107306,2026-05-20,C006720,TX,RW-9324,mtb,M,base,1,2299,true,2026-05-25
WEB-107307,2026-05-20,C006721,CO,RW-9324,mtb,M,base,1,2299,true,2026-05-26
WEB-107309,2026-05-20,C006723,CO,RW-9324,mtb,M,base,1,2299,true,2026-05-28
WEB-107313,2026-05-20,C006727,VT,RW-9324,mtb,M,base,1,2299,true,2026-05-24
WEB-107314,2026-05-20,C006728,CA,RW-9324,mtb,M,base,1,2299,true,2026-05-25
WEB-107319,2026-05-20,C006733,NM,RW-9324,mtb,M,base,1,2299,true,2026-05-23
WEB-107336,2026-05-20,C006749,NM,RW-4418,mtb,M,carbon,1,4899,false,
WEB-107340,2026-05-20,C006753,NY,RW-4418,mtb,M,carbon,1,4899,false,
WEB-107341,2026-05-20,C006754,OR,RW-4418,mtb,M,carbon,1,4899,false,
WEB-107347,2026-05-20,C006760,MT,RW-4418,mtb,M,carbon,1,4899,false,
WEB-107358,2026-05-20,C006771,CO,RW-9901,mtb,L,base,1,2299,true,2026-05-29
WEB-107362,2026-05-20,C006775,NM,RW-9901,mtb,L,base,1,2299,true,2026-05-25
WEB-107363,2026-05-20,C006776,CA,RW-9901,mtb,L,base,1,2299,true,2026-05-25
WEB-107365,2026-05-20,C006778,CO,RW-9901,mtb,L,base,1,2299,true,2026-05-22
WEB-107368,2026-05-20,C006781,MN,RW-9901,mtb,L,base,1,2299,true,2026-05-22
WEB-107369,2026-05-20,C006782,FL,RW-9901,mtb,L,base,1,2299,true,2026-05-24
WEB-107376,2026-05-20,C006789,MA,RW-9901,mtb,L,base,1,2299,true,2026-05-30
WEB-107380,2026-05-20,C006793,MI,RW-9901,mtb,L,base,1,2299,true,2026-05-30
WEB-107117,2026-05-21,C006547,AZ,RW-3980,road,S,carbon,1,3999,true,2026-05-26
WEB-107128,2026-05-21,C006556,NC,RW-3980,road,S,carbon,1,3999,true,2026-05-25
WEB-107133,2026-05-21,C006560,WA,RW-3980,road,S,carbon,1,3999,true,2026-05-23
WEB-107137,2026-05-21,C006564,MT,RW-3980,road,S,carbon,1,3999,true,2026-05-28
WEB-107152,2026-05-21,C006578,NM,RW-9835,road,M,base,1,1899,true,2026-05-30
WEB-107162,2026-05-21,C006588,IL,RW-9835,road,M,base,1,1899,true,2026-05-26
WEB-107166,2026-05-21,C006592,ID,RW-9835,road,M,base,1,1899,true,2026-05-27
WEB-107187,2026-05-21,C006608,NY,RW-2984,road,M,carbon,1,3999,true,2026-05-26
WEB-107189,2026-05-21,C006610,MN,RW-2984,road,M,carbon,1,3999,true,2026-05-27
WEB-107208,2026-05-21,C006628,WA,RW-7298,road,L,base,1,1899,true,2026-05-29
WEB-107212,2026-05-21,C006632,MI,RW-7298,road,L,base,1,1899,true,2026-05-25
WEB-107222,2026-05-21,C006642,FL,RW-7298,road,L,base,1,1899,true,2026-05-23
WEB-107227,2026-05-21,C006647,OR,RW-1378,road,L,carbon,1,3999,true,2026-05-30
WEB-107238,2026-05-21,C006657,ID,RW-1378,road,L,carbon,1,3999,true,2026-05-27
WEB-107242,2026-05-21,C006660,MI,RW-1378,road,L,carbon,1,3999,true,2026-05-31
WEB-107247,2026-05-21,C006665,NM,RW-1378,road,L,carbon,1,3999,true,2026-05-31
WEB-107260,2026-05-21,C006675,OR,RW-9304,mtb,S,carbon,1,4899,false,
WEB-107264,2026-05-21,C006679,CO,RW-9304,mtb,S,carbon,1,4899,false,
WEB-107269,2026-05-21,C006684,MA,RW-9304,mtb,S,carbon,1,4899,false,
WEB-107273,2026-05-21,C006687,VT,RW-9304,mtb,S,carbon,1,4899,false,
WEB-107276,2026-05-21,C006690,NY,RW-9304,mtb,S,carbon,1,4899,false,
WEB-107281,2026-05-21,C006695,NC,RW-9304,mtb,S,carbon,1,4899,false,
WEB-107283,2026-05-21,C006697,AZ,RW-9304,mtb,S,carbon,1,4899,false,
WEB-107286,2026-05-21,C006700,AZ,RW-9324,mtb,M,base,1,2299,true,2026-05-27
WEB-107288,2026-05-21,C006702,AZ,RW-9324,mtb,M,base,1,2299,true,2026-05-27
WEB-107289,2026-05-21,C006703,NY,RW-9324,mtb,M,base,1,2299,true,2026-05-27
WEB-107304,2026-05-21,C006718,NY,RW-9324,mtb,M,base,1,2299,true,2026-05-31
WEB-107317,2026-05-21,C006731,PA,RW-9324,mtb,M,base,1,2299,true,2026-05-28
WEB-107328,2026-05-21,C006742,GA,RW-4418,mtb,M,carbon,1,4899,false,
WEB-107331,2026-05-21,C006745,CO,RW-4418,mtb,M,carbon,1,4899,false,
WEB-107349,2026-05-21,C006762,NY,RW-4418,mtb,M,carbon,1,4899,false,
WEB-107350,2026-05-21,C006763,CA,RW-4418,mtb,M,carbon,1,4899,false,
WEB-107361,2026-05-21,C006774,MN,RW-9901,mtb,L,base,1,2299,true,2026-05-25
WEB-107373,2026-05-21,C006786,AZ,RW-9901,mtb,L,base,1,2299,true,2026-05-29
WEB-107386,2026-05-21,C006799,ID,RW-6416,mtb,L,carbon,1,4899,false,
WEB-107387,2026-05-21,C006800,MT,RW-6416,mtb,L,carbon,1,4899,false,
WEB-107390,2026-05-21,C006803,AZ,RW-6416,mtb,L,carbon,1,4899,false,
WEB-107391,2026-05-21,C006804,WA,RW-6416,mtb,L,carbon,1,4899,false,
WEB-107393,2026-05-21,C006806,CA,RW-6416,mtb,L,carbon,1,4899,false,
WEB-107401,2026-05-21,C006812,MI,RW-6416,mtb,L,carbon,1,4899,false,
WEB-107116,2026-05-22,C006546,NM,RW-3980,road,S,carbon,1,3999,true,2026-06-01
WEB-107120,2026-05-22,C006550,VT,RW-3980,road,S,carbon,1,3999,true,2026-05-27
WEB-107122,2026-05-22,C005971,PA,RW-3980,road,S,carbon,1,3999,true,2026-05-31
WEB-107135,2026-05-22,C006562,MT,RW-3980,road,S,carbon,1,3999,true,2026-05-27
WEB-107146,2026-05-22,C006573,CO,RW-9835,road,M,base,1,1899,true,2026-05-25
WEB-107151,2026-05-22,C006577,MI,RW-9835,road,M,base,1,1899,true,2026-05-28
WEB-107153,2026-05-22,C006579,NM,RW-9835,road,M,base,1,1899,true,2026-05-28
WEB-107155,2026-05-22,C006581,CO,RW-9835,road,M,base,1,1899,true,2026-05-25
WEB-107159,2026-05-22,C006585,WA,RW-9835,road,M,base,1,1899,true,2026-05-26
WEB-107176,2026-05-22,C006598,PA,RW-2984,road,M,carbon,1,3999,true,2026-05-30
WEB-107192,2026-05-22,C006613,WA,RW-2984,road,M,carbon,1,3999,true,2026-05-25
WEB-107196,2026-05-22,C006617,CA,RW-2984,road,M,carbon,1,3999,true,2026-05-29
WEB-107201,2026-05-22,C006622,CA,RW-2984,road,M,carbon,1,3999,true,2026-05-24
WEB-107202,2026-05-22,C004130,OR,RW-2984,road,M,carbon,1,3999,true,2026-05-24
WEB-107205,2026-05-22,C006625,WA,RW-2984,road,M,carbon,1,3999,true,2026-05-26
WEB-107211,2026-05-22,C006631,VT,RW-7298,road,L,base,1,1899,true,2026-05-27
WEB-107219,2026-05-22,C006639,MT,RW-7298,road,L,base,1,1899,true,2026-05-31
WEB-107221,2026-05-22,C006641,NM,RW-7298,road,L,base,1,1899,true,2026-05-29
WEB-107225,2026-05-22,C006645,MN,RW-7298,road,L,base,1,1899,true,2026-05-29
WEB-107240,2026-05-22,C006659,PA,RW-1378,road,L,carbon,1,3999,true,2026-05-27
WEB-107245,2026-05-22,C006663,FL,RW-1378,road,L,carbon,1,3999,true,2026-05-27
WEB-107248,2026-05-22,C006666,ID,RW-1378,road,L,carbon,1,3999,true,2026-05-29
WEB-107256,2026-05-22,C006671,MN,RW-9304,mtb,S,carbon,1,4899,false,
WEB-107259,2026-05-22,C006674,CA,RW-9304,mtb,S,carbon,1,4899,false,
WEB-107267,2026-05-22,C006682,TX,RW-9304,mtb,S,carbon,1,4899,false,
WEB-107272,2026-05-22,C004895,NM,RW-9304,mtb,S,carbon,1,4899,false,
WEB-107275,2026-05-22,C006689,MT,RW-9304,mtb,S,carbon,1,4899,false,
WEB-107285,2026-05-22,C006699,IL,RW-9324,mtb,M,base,1,2299,true,2026-05-27
WEB-107290,2026-05-22,C006704,CA,RW-9324,mtb,M,base,1,2299,true,2026-05-24
WEB-107294,2026-05-22,C006708,MN,RW-9324,mtb,M,base,1,2299,true,2026-05-25
WEB-107300,2026-05-22,C006714,PA,RW-9324,mtb,M,base,1,2299,true,2026-06-01
WEB-107311,2026-05-22,C006725,WA,RW-9324,mtb,M,base,1,2299,true,2026-05-30
WEB-107315,2026-05-22,C006729,NC,RW-9324,mtb,M,base,1,2299,true,2026-05-31
WEB-107322,2026-05-22,C006736,PA,RW-4418,mtb,M,carbon,1,4899,false,
WEB-107323,2026-05-22,C006737,FL,RW-4418,mtb,M,carbon,1,4899,false,
WEB-107325,2026-05-22,C006739,CA,RW-4418,mtb,M,carbon,1,4899,false,
WEB-107333,2026-05-22,C006747,VT,RW-4418,mtb,M,carbon,1,4899,false,
WEB-107334,2026-05-22,C006748,AZ,RW-4418,mtb,M,carbon,1,4899,false,
WEB-107339,2026-05-22,C006752,TX,RW-4418,mtb,M,carbon,1,4899,false,
WEB-107351,2026-05-22,C006764,MT,RW-4418,mtb,M,carbon,1,4899,false,
WEB-107375,2026-05-22,C006788,MT,RW-9901,mtb,L,base,1,2299,true,2026-05-25
WEB-107379,2026-05-22,C006792,WA,RW-9901,mtb,L,base,1,2299,true,2026-05-24
WEB-107383,2026-05-22,C006796,GA,RW-9901,mtb,L,base,1,2299,true,2026-05-25
WEB-107119,2026-05-23,C006549,NY,RW-3980,road,S,carbon,1,3999,true,2026-05-30
WEB-107124,2026-05-23,C006552,UT,RW-3980,road,S,carbon,1,3999,true,2026-05-31
WEB-107127,2026-05-23,C006555,MI,RW-3980,road,S,carbon,1,3999,true,2026-05-28
WEB-107136,2026-05-23,C006563,MI,RW-3980,road,S,carbon,1,3999,true,2026-05-29
WEB-107139,2026-05-23,C006566,NC,RW-3980,road,S,carbon,1,3999,true,2026-05-29
WEB-107140,2026-05-23,C006567,NY,RW-3980,road,S,carbon,1,3999,true,2026-06-02
WEB-107141,2026-05-23,C006568,IL,RW-3980,road,S,carbon,1,3999,true,2026-06-02
WEB-107156,2026-05-23,C006582,CO,RW-9835,road,M,base,1,1899,true,2026-06-02
WEB-107157,2026-05-23,C006583,MT,RW-9835,road,M,base,1,1899,true,2026-05-26
WEB-107161,2026-05-23,C006587,NY,RW-9835,road,M,base,1,1899,true,2026-05-28
WEB-107163,2026-05-23,C006589,NY,RW-9835,road,M,base,1,1899,true,2026-06-02
WEB-107168,2026-05-23,C006593,FL,RW-9835,road,M,base,1,1899,true,2026-06-01
WEB-107172,2026-05-23,C000662,VT,RW-9835,road,M,base,1,1899,true,2026-05-26
WEB-107180,2026-05-23,C006602,FL,RW-2984,road,M,carbon,1,3999,true,2026-05-26
WEB-107181,2026-05-23,C006603,NM,RW-2984,road,M,carbon,1,3999,true,2026-05-29
WEB-107190,2026-05-23,C006611,NY,RW-2984,road,M,carbon,1,3999,true,2026-06-01
WEB-107191,2026-05-23,C006612,PA,RW-2984,road,M,carbon,1,3999,true,2026-05-25
WEB-107218,2026-05-23,C006638,ID,RW-7298,road,L,base,1,1899,true,2026-05-25
WEB-107224,2026-05-23,C006644,MI,RW-7298,road,L,base,1,1899,true,2026-06-02
WEB-107231,2026-05-23,C002961,WA,RW-1378,road,L,carbon,1,3999,true,2026-05-29
WEB-107236,2026-05-23,C006655,NY,RW-1378,road,L,carbon,1,3999,true,2026-05-31
WEB-107246,2026-05-23,C006664,ID,RW-1378,road,L,carbon,1,3999,true,2026-06-01
WEB-107250,2026-05-23,C004992,IL,RW-9304,mtb,S,carbon,1,4899,false,
WEB-107262,2026-05-23,C006677,CO,RW-9304,mtb,S,carbon,1,4899,false,
WEB-107268,2026-05-23,C006683,CO,RW-9304,mtb,S,carbon,1,4899,false,
WEB-107274,2026-05-23,C006688,TX,RW-9304,mtb,S,carbon,1,4899,false,
WEB-107291,2026-05-23,C006705,MN,RW-9324,mtb,M,base,1,2299,true,2026-05-31
WEB-107296,2026-05-23,C006710,FL,RW-9324,mtb,M,base,1,2299,true,2026-06-02
WEB-107302,2026-05-23,C006716,NY,RW-9324,mtb,M,base,1,2299,true,2026-05-27
WEB-107318,2026-05-23,C006732,MI,RW-9324,mtb,M,base,1,2299,true,2026-06-01
WEB-107324,2026-05-23,C006738,WA,RW-4418,mtb,M,carbon,1,4899,false,
WEB-107332,2026-05-23,C006746,GA,RW-4418,mtb,M,carbon,1,4899,false,
WEB-107335,2026-05-23,C005190,MA,RW-4418,mtb,M,carbon,1,4899,false,
WEB-107337,2026-05-23,C006750,CA,RW-4418,mtb,M,carbon,1,4899,false,
WEB-107348,2026-05-23,C006761,IL,RW-4418,mtb,M,carbon,1,4899,false,
WEB-107356,2026-05-23,C006769,NC,RW-4418,mtb,M,carbon,1,4899,false,
WEB-107360,2026-05-23,C006773,MN,RW-9901,mtb,L,base,1,2299,true,2026-06-02
WEB-107366,2026-05-23,C006779,PA,RW-9901,mtb,L,base,1,2299,true,2026-05-31
WEB-107370,2026-05-23,C006783,CA,RW-9901,mtb,L,base,1,2299,true,2026-05-29
WEB-107371,2026-05-23,C006784,CO,RW-9901,mtb,L,base,1,2299,true,2026-06-02
WEB-107378,2026-05-23,C006791,CA,RW-9901,mtb,L,base,1,2299,true,2026-05-29
WEB-107388,2026-05-23,C006801,PA,RW-6416,mtb,L,carbon,1,4899,false,
WEB-107392,2026-05-23,C006805,NC,RW-6416,mtb,L,carbon,1,4899,false,
WEB-107396,2026-05-23,C006808,AZ,RW-6416,mtb,L,carbon,1,4899,false,
WEB-107398,2026-05-23,C006810,MN,RW-6416,mtb,L,carbon,1,4899,false,
WEB-107125,2026-05-24,C006553,MT,RW-3980,road,S,carbon,1,3999,true,2026-05-29
WEB-107132,2026-05-24,C006559,CO,RW-3980,road,S,carbon,1,3999,true,2026-06-03
WEB-107144,2026-05-24,C006571,PA,RW-3980,road,S,carbon,1,3999,true,2026-05-26
WEB-107145,2026-05-24,C006572,FL,RW-3980,road,S,carbon,1,3999,true,2026-06-03
WEB-107158,2026-05-24,C006584,WA,RW-9835,road,M,base,1,1899,true,2026-05-27
WEB-107165,2026-05-24,C006591,MA,RW-9835,road,M,base,1,1899,true,2026-06-02
WEB-107169,2026-05-24,C005208,MI,RW-9835,road,M,base,1,1899,true,2026-06-01
WEB-107182,2026-05-24,C006604,MI,RW-2984,road,M,carbon,1,3999,true,2026-06-03
WEB-107183,2026-05-24,C002977,WA,RW-2984,road,M,carbon,1,3999,true,2026-05-27
WEB-107193,2026-05-24,C006614,NM,RW-2984,road,M,carbon,1,3999,true,2026-05-30
WEB-107194,2026-05-24,C006615,CO,RW-2984,road,M,carbon,1,3999,true,2026-06-03
WEB-107207,2026-05-24,C006627,VT,RW-7298,road,L,base,1,1899,true,2026-06-02
WEB-107210,2026-05-24,C006630,CO,RW-7298,road,L,base,1,1899,true,2026-06-02
WEB-107213,2026-05-24,C006633,PA,RW-7298,road,L,base,1,1899,true,2026-05-30
WEB-107214,2026-05-24,C006634,CA,RW-7298,road,L,base,1,1899,true,2026-05-29
WEB-107228,2026-05-24,C006648,NY,RW-1378,road,L,carbon,1,3999,true,2026-06-01
WEB-107235,2026-05-24,C006654,GA,RW-1378,road,L,carbon,1,3999,true,2026-05-31
WEB-107254,2026-05-24,C006669,CO,RW-9304,mtb,S,carbon,1,4899,false,
WEB-107261,2026-05-24,C006676,MI,RW-9304,mtb,S,carbon,1,4899,false,
WEB-107263,2026-05-24,C006678,IL,RW-9304,mtb,S,carbon,1,4899,false,
WEB-107266,2026-05-24,C006681,MT,RW-9304,mtb,S,carbon,1,4899,false,
WEB-107271,2026-05-24,C006686,TX,RW-9304,mtb,S,carbon,1,4899,false,
WEB-107278,2026-05-24,C006692,AZ,RW-9304,mtb,S,carbon,1,4899,false,
WEB-107279,2026-05-24,C006693,NM,RW-9304,mtb,S,carbon,1,4899,false,
WEB-107284,2026-05-24,C006698,UT,RW-9324,mtb,M,base,1,2299,true,2026-05-30
WEB-107312,2026-05-24,C006726,MI,RW-9324,mtb,M,base,1,2299,true,2026-05-28
WEB-107342,2026-05-24,C006755,TX,RW-4418,mtb,M,carbon,1,4899,false,
WEB-107346,2026-05-24,C006759,IL,RW-4418,mtb,M,carbon,1,4899,false,
WEB-107357,2026-05-24,C006770,TX,RW-9901,mtb,L,base,1,2299,true,2026-06-01
WEB-107364,2026-05-24,C006777,PA,RW-9901,mtb,L,base,1,2299,true,2026-05-31
WEB-107372,2026-05-24,C006785,CO,RW-9901,mtb,L,base,1,2299,true,2026-06-02
WEB-107377,2026-05-24,C006790,CO,RW-9901,mtb,L,base,1,2299,true,2026-05-30
WEB-107382,2026-05-24,C006795,IL,RW-9901,mtb,L,base,1,2299,true,2026-06-02
WEB-107385,2026-05-24,C006798,NY,RW-6416,mtb,L,carbon,1,4899,false,
WEB-107394,2026-05-24,C006807,MA,RW-6416,mtb,L,carbon,1,4899,false,
WEB-107395,2026-05-24,C004258,OR,RW-6416,mtb,L,carbon,1,4899,false,
WEB-107402,2026-05-24,C006813,WA,RW-6416,mtb,L,carbon,1,4899,false,
WEB-107406,2026-05-24,C006817,UT,RW-6416,mtb,L,carbon,1,4899,false,
WEB-107414,2026-05-25,C006824,WA,RW-3980,road,S,carbon,1,3999,true,2026-06-04
WEB-107417,2026-05-25,C006827,GA,RW-3980,road,S,carbon,1,3999,true,2026-06-03
WEB-107423,2026-05-25,C006832,IL,RW-3980,road,S,carbon,1,3999,true,2026-06-03
WEB-107426,2026-05-25,C006835,NC,RW-3980,road,S,carbon,1,3999,true,2026-05-29
WEB-107429,2026-05-25,C006838,CO,RW-3980,road,S,carbon,1,3999,true,2026-05-27
WEB-107431,2026-05-25,C006840,NC,RW-3980,road,S,carbon,1,3999,true,2026-06-02
WEB-107435,2026-05-25,C006844,VT,RW-9835,road,M,base,1,1899,true,2026-06-02
WEB-107441,2026-05-25,C006850,GA,RW-9835,road,M,base,1,1899,true,2026-06-02
WEB-107446,2026-05-25,C006854,MI,RW-9835,road,M,base,1,1899,true,2026-06-02
WEB-107449,2026-05-25,C006857,IL,RW-9835,road,M,base,1,1899,true,2026-05-27
WEB-107453,2026-05-25,C006861,FL,RW-2984,road,M,carbon,1,3999,true,2026-05-31
WEB-107457,2026-05-25,C006865,PA,RW-2984,road,M,carbon,1,3999,true,2026-06-01
WEB-107485,2026-05-25,C006890,IL,RW-2984,road,M,carbon,1,3999,true,2026-05-27
WEB-107489,2026-05-25,C006894,MN,RW-2984,road,M,carbon,1,3999,true,2026-05-28
WEB-107492,2026-05-25,C006897,VT,RW-2984,road,M,carbon,1,3999,true,2026-06-02
WEB-107502,2026-05-25,C006907,NM,RW-7298,road,L,base,1,1899,true,2026-06-03
WEB-107506,2026-05-25,C006911,IL,RW-7298,road,L,base,1,1899,true,2026-05-28
WEB-107515,2026-05-25,C006919,UT,RW-1378,road,L,carbon,1,3999,true,2026-05-28
WEB-107524,2026-05-25,C006928,AZ,RW-1378,road,L,carbon,1,3999,true,2026-06-03
WEB-107525,2026-05-25,C006929,NY,RW-1378,road,L,carbon,1,3999,true,2026-06-04
WEB-107534,2026-05-25,C006938,WA,RW-9304,mtb,S,carbon,1,4899,false,
WEB-107539,2026-05-25,C006942,OR,RW-9304,mtb,S,carbon,1,4899,false,
WEB-107542,2026-05-25,C006945,MA,RW-9304,mtb,S,carbon,1,4899,false,
WEB-107546,2026-05-25,C006949,NM,RW-9304,mtb,S,carbon,1,4899,false,
WEB-107548,2026-05-25,C006950,CO,RW-9304,mtb,S,carbon,1,4899,false,
WEB-107554,2026-05-25,C006955,TX,RW-9304,mtb,S,carbon,1,4899,false,
WEB-107568,2026-05-25,C006968,CO,RW-9324,mtb,M,base,1,2299,true,2026-06-02
WEB-107574,2026-05-25,C006972,AZ,RW-9324,mtb,M,base,1,2299,true,2026-05-27
WEB-107603,2026-05-25,C006998,AZ,RW-4418,mtb,M,carbon,1,4899,false,
WEB-107619,2026-05-25,C007013,FL,RW-4418,mtb,M,carbon,1,4899,false,
WEB-107621,2026-05-25,C007015,UT,RW-4418,mtb,M,carbon,1,4899,false,
WEB-107622,2026-05-25,C007016,GA,RW-4418,mtb,M,carbon,1,4899,false,
WEB-107626,2026-05-25,C007020,FL,RW-4418,mtb,M,carbon,1,4899,false,
WEB-107631,2026-05-25,C007025,UT,RW-4418,mtb,M,carbon,1,4899,false,
WEB-107636,2026-05-25,C007030,VT,RW-4418,mtb,M,carbon,1,4899,false,
WEB-107637,2026-05-25,C007031,MN,RW-9901,mtb,L,base,1,2299,true,2026-05-28
WEB-107640,2026-05-25,C007034,IL,RW-9901,mtb,L,base,1,2299,true,2026-05-31
WEB-107656,2026-05-25,C007048,CA,RW-9901,mtb,L,base,1,2299,true,2026-05-28
WEB-107659,2026-05-25,C007051,MN,RW-6416,mtb,L,carbon,1,4899,false,
WEB-107660,2026-05-25,C007052,CA,RW-6416,mtb,L,carbon,1,4899,false,
WEB-107663,2026-05-25,C007055,FL,RW-6416,mtb,L,carbon,1,4899,false,
WEB-107672,2026-05-25,C007063,CA,RW-6416,mtb,L,carbon,1,4899,false,
WEB-107412,2026-05-26,C006822,MN,RW-3980,road,S,carbon,1,3999,true,2026-05-28
WEB-107421,2026-05-26,C006831,IL,RW-3980,road,S,carbon,1,3999,true,2026-06-02
WEB-107424,2026-05-26,C006833,MA,RW-3980,road,S,carbon,1,3999,true,2026-05-30
WEB-107439,2026-05-26,C006848,UT,RW-9835,road,M,base,1,1899,true,2026-06-02
WEB-107440,2026-05-26,C006849,MA,RW-9835,road,M,base,1,1899,true,2026-06-02
WEB-107447,2026-05-26,C006855,NC,RW-9835,road,M,base,1,1899,true,2026-06-05
WEB-107448,2026-05-26,C006856,TX,RW-9835,road,M,base,1,1899,true,2026-06-01
WEB-107452,2026-05-26,C006860,AZ,RW-9835,road,M,base,1,1899,true,2026-05-28
WEB-107458,2026-05-26,C006866,IL,RW-2984,road,M,carbon,1,3999,true,2026-06-04
WEB-107461,2026-05-26,C006869,OR,RW-2984,road,M,carbon,1,3999,true,2026-06-02
WEB-107463,2026-05-26,C006871,MA,RW-2984,road,M,carbon,1,3999,true,2026-05-30
WEB-107471,2026-05-26,C006879,MT,RW-2984,road,M,carbon,1,3999,true,2026-05-28
WEB-107479,2026-05-26,C006887,GA,RW-2984,road,M,carbon,1,3999,true,2026-06-04
WEB-107480,2026-05-26,C005348,FL,RW-2984,road,M,carbon,1,3999,true,2026-05-30
WEB-107495,2026-05-26,C006900,CA,RW-7298,road,L,base,1,1899,true,2026-06-01
WEB-107499,2026-05-26,C006904,NM,RW-7298,road,L,base,1,1899,true,2026-06-03
WEB-107511,2026-05-26,C006916,GA,RW-1378,road,L,carbon,1,3999,true,2026-06-01
WEB-107533,2026-05-26,C006937,IL,RW-9304,mtb,S,carbon,1,4899,false,
WEB-107536,2026-05-26,C006939,GA,RW-9304,mtb,S,carbon,1,4899,false,
WEB-107544,2026-05-26,C006947,NY,RW-9304,mtb,S,carbon,1,4899,false,
WEB-107559,2026-05-26,C006960,CA,RW-9324,mtb,M,base,1,2299,true,2026-06-01
WEB-107567,2026-05-26,C005585,NC,RW-9324,mtb,M,base,1,2299,true,2026-06-05
WEB-107570,2026-05-26,C006969,AZ,RW-9324,mtb,M,base,1,2299,true,2026-05-30
WEB-107571,2026-05-26,C006970,NM,RW-9324,mtb,M,base,1,2299,true,2026-06-05
WEB-107572,2026-05-26,C003798,UT,RW-9324,mtb,M,base,1,2299,true,2026-06-04
WEB-107581,2026-05-26,C006977,ID,RW-9324,mtb,M,base,1,2299,true,2026-06-02
WEB-107587,2026-05-26,C006982,WA,RW-9324,mtb,M,base,1,2299,true,2026-06-04
WEB-107589,2026-05-26,C006984,PA,RW-9324,mtb,M,base,1,2299,true,2026-05-29
WEB-107593,2026-05-26,C006988,ID,RW-9324,mtb,M,base,1,2299,true,2026-05-28
WEB-107607,2026-05-26,C007002,MT,RW-4418,mtb,M,carbon,1,4899,false,
WEB-107612,2026-05-26,C007006,MN,RW-4418,mtb,M,carbon,1,4899,false,
WEB-107614,2026-05-26,C007008,NM,RW-4418,mtb,M,carbon,1,4899,false,
WEB-107620,2026-05-26,C007014,ID,RW-4418,mtb,M,carbon,1,4899,false,
WEB-107632,2026-05-26,C007026,TX,RW-4418,mtb,M,carbon,1,4899,false,
WEB-107634,2026-05-26,C007028,GA,RW-4418,mtb,M,carbon,1,4899,false,
WEB-107638,2026-05-26,C007032,PA,RW-9901,mtb,L,base,1,2299,true,2026-05-31
WEB-107654,2026-05-26,C007046,MN,RW-9901,mtb,L,base,1,2299,true,2026-06-05
WEB-107411,2026-05-27,C006821,CA,RW-3980,road,S,carbon,1,3999,true,2026-05-31
WEB-107430,2026-05-27,C006839,IL,RW-3980,road,S,carbon,1,3999,true,2026-05-31
WEB-107445,2026-05-27,C006853,NY,RW-9835,road,M,base,1,1899,true,2026-06-01
WEB-107451,2026-05-27,C006859,VT,RW-9835,road,M,base,1,1899,true,2026-06-04
WEB-107460,2026-05-27,C006868,ID,RW-2984,road,M,carbon,1,3999,true,2026-06-01
WEB-107464,2026-05-27,C006872,NC,RW-2984,road,M,carbon,1,3999,true,2026-06-03
WEB-107466,2026-05-27,C006874,MT,RW-2984,road,M,carbon,1,3999,true,2026-06-01
WEB-107472,2026-05-27,C006880,FL,RW-2984,road,M,carbon,1,3999,true,2026-06-05
WEB-107481,2026-05-27,C006888,IL,RW-2984,road,M,carbon,1,3999,true,2026-05-29
WEB-107484,2026-05-27,C005629,AZ,RW-2984,road,M,carbon,1,3999,true,2026-06-03
WEB-107501,2026-05-27,C006906,MT,RW-7298,road,L,base,1,1899,true,2026-05-29
WEB-107505,2026-05-27,C006910,TX,RW-7298,road,L,base,1,1899,true,2026-06-05
WEB-107508,2026-05-27,C006913,WA,RW-1378,road,L,carbon,1,3999,true,2026-05-31
WEB-107513,2026-05-27,C002584,NM,RW-1378,road,L,carbon,1,3999,true,2026-06-05
WEB-107531,2026-05-27,C006935,CO,RW-9304,mtb,S,carbon,1,4899,false,
WEB-107540,2026-05-27,C006943,MA,RW-9304,mtb,S,carbon,1,4899,false,
WEB-107545,2026-05-27,C006948,NM,RW-9304,mtb,S,carbon,1,4899,false,
WEB-107547,2026-05-27,C004388,MT,RW-9304,mtb,S,carbon,1,4899,false,
WEB-107563,2026-05-27,C006964,FL,RW-9324,mtb,M,base,1,2299,true,2026-06-02
WEB-107564,2026-05-27,C006965,NY,RW-9324,mtb,M,base,1,2299,true,2026-06-03
WEB-107566,2026-05-27,C006967,WA,RW-9324,mtb,M,base,1,2299,true,2026-05-29
WEB-107582,2026-05-27,C006978,PA,RW-9324,mtb,M,base,1,2299,true,2026-05-29
WEB-107585,2026-05-27,C006980,IL,RW-9324,mtb,M,base,1,2299,true,2026-06-05
WEB-107594,2026-05-27,C006989,UT,RW-9324,mtb,M,base,1,2299,true,2026-05-30
WEB-107597,2026-05-27,C006992,AZ,RW-9324,mtb,M,base,1,2299,true,2026-06-04
WEB-107599,2026-05-27,C006994,MA,RW-9324,mtb,M,base,1,2299,true,2026-06-04
WEB-107610,2026-05-27,C007004,GA,RW-4418,mtb,M,carbon,1,4899,false,
WEB-107613,2026-05-27,C007007,VT,RW-4418,mtb,M,carbon,1,4899,false,
WEB-107616,2026-05-27,C007010,UT,RW-4418,mtb,M,carbon,1,4899,false,
WEB-107643,2026-05-27,C007036,NY,RW-9901,mtb,L,base,1,2299,true,2026-06-06
WEB-107646,2026-05-27,C001595,UT,RW-9901,mtb,L,base,1,2299,true,2026-06-06
WEB-107649,2026-05-27,C007041,IL,RW-9901,mtb,L,base,1,2299,true,2026-06-01
WEB-107651,2026-05-27,C007043,FL,RW-9901,mtb,L,base,1,2299,true,2026-05-31
WEB-107653,2026-05-27,C007045,MA,RW-9901,mtb,L,base,1,2299,true,2026-06-06
WEB-107657,2026-05-27,C007049,ID,RW-9901,mtb,L,base,1,2299,true,2026-05-29
WEB-107665,2026-05-27,C002784,AZ,RW-6416,mtb,L,carbon,1,4899,false,
WEB-107666,2026-05-27,C007057,NY,RW-6416,mtb,L,carbon,1,4899,false,
WEB-107409,2026-05-28,C006819,NC,RW-3980,road,S,carbon,1,3999,true,2026-06-01
WEB-107418,2026-05-28,C006828,MI,RW-3980,road,S,carbon,1,3999,true,2026-06-07
WEB-107427,2026-05-28,C006836,IL,RW-3980,road,S,carbon,1,3999,true,2026-05-30
WEB-107436,2026-05-28,C006845,NM,RW-9835,road,M,base,1,1899,true,2026-06-02
WEB-107450,2026-05-28,C006858,MN,RW-9835,road,M,base,1,1899,true,2026-06-01
WEB-107468,2026-05-28,C006876,PA,RW-2984,road,M,carbon,1,3999,true,2026-05-30
WEB-107473,2026-05-28,C006881,OR,RW-2984,road,M,carbon,1,3999,true,2026-06-02
WEB-107478,2026-05-28,C006886,WA,RW-2984,road,M,carbon,1,3999,true,2026-06-03
WEB-107483,2026-05-28,C006889,ID,RW-2984,road,M,carbon,1,3999,true,2026-06-02
WEB-107487,2026-05-28,C006892,NC,RW-2984,road,M,carbon,1,3999,true,2026-06-01
WEB-107519,2026-05-28,C006923,NY,RW-1378,road,L,carbon,1,3999,true,2026-06-05
WEB-107538,2026-05-28,C006941,FL,RW-9304,mtb,S,carbon,1,4899,false,
WEB-107578,2026-05-28,C003751,GA,RW-9324,mtb,M,base,1,2299,true,2026-05-31
WEB-107579,2026-05-28,C005411,FL,RW-9324,mtb,M,base,1,2299,true,2026-06-06
WEB-107596,2026-05-28,C006991,OR,RW-9324,mtb,M,base,1,2299,true,2026-06-02
WEB-107598,2026-05-28,C006993,TX,RW-9324,mtb,M,base,1,2299,true,2026-06-05
WEB-107600,2026-05-28,C006995,ID,RW-9324,mtb,M,base,1,2299,true,2026-06-03
WEB-107602,2026-05-28,C006997,VT,RW-4418,mtb,M,carbon,1,4899,false,
WEB-107605,2026-05-28,C007000,NM,RW-4418,mtb,M,carbon,1,4899,false,
WEB-107608,2026-05-28,C005883,MN,RW-4418,mtb,M,carbon,1,4899,false,
WEB-107625,2026-05-28,C007019,IL,RW-4418,mtb,M,carbon,1,4899,false,
WEB-107627,2026-05-28,C007021,FL,RW-4418,mtb,M,carbon,1,4899,false,
WEB-107633,2026-05-28,C007027,MT,RW-4418,mtb,M,carbon,1,4899,false,
WEB-107635,2026-05-28,C007029,IL,RW-4418,mtb,M,carbon,1,4899,false,
WEB-107641,2026-05-28,C007035,UT,RW-9901,mtb,L,base,1,2299,true,2026-06-05
WEB-107645,2026-05-28,C007038,VT,RW-9901,mtb,L,base,1,2299,true,2026-05-31
WEB-107655,2026-05-28,C007047,AZ,RW-9901,mtb,L,base,1,2299,true,2026-06-06
WEB-107661,2026-05-28,C007053,ID,RW-6416,mtb,L,carbon,1,4899,false,
WEB-107664,2026-05-28,C007056,MT,RW-6416,mtb,L,carbon,1,4899,false,
WEB-107671,2026-05-28,C007062,FL,RW-6416,mtb,L,carbon,1,4899,false,
WEB-107419,2026-05-29,C006829,OR,RW-3980,road,S,carbon,1,3999,true,2026-06-05
WEB-107434,2026-05-29,C006843,UT,RW-9835,road,M,base,1,1899,true,2026-06-06
WEB-107442,2026-05-29,C006851,FL,RW-9835,road,M,base,1,1899,true,2026-06-07
WEB-107444,2026-05-29,C001103,PA,RW-9835,road,M,base,1,1899,true,2026-06-04
WEB-107454,2026-05-29,C006862,NY,RW-2984,road,M,carbon,1,3999,true,2026-06-01
WEB-107462,2026-05-29,C006870,PA,RW-2984,road,M,carbon,1,3999,true,2026-06-02
WEB-107465,2026-05-29,C006873,WA,RW-2984,road,M,carbon,1,3999,true,2026-06-02
WEB-107469,2026-05-29,C006877,MT,RW-2984,road,M,carbon,1,3999,true,2026-06-08
WEB-107470,2026-05-29,C006878,ID,RW-2984,road,M,carbon,1,3999,true,2026-06-04
WEB-107476,2026-05-29,C006884,MA,RW-2984,road,M,carbon,1,3999,true,2026-06-06
WEB-107493,2026-05-29,C006898,NC,RW-2984,road,M,carbon,1,3999,true,2026-06-04
WEB-107496,2026-05-29,C006901,CA,RW-7298,road,L,base,1,1899,true,2026-06-06
WEB-107497,2026-05-29,C006902,ID,RW-7298,road,L,base,1,1899,true,2026-06-06
WEB-107503,2026-05-29,C006908,FL,RW-7298,road,L,base,1,1899,true,2026-06-01
WEB-107504,2026-05-29,C006909,IL,RW-7298,road,L,base,1,1899,true,2026-06-02
WEB-107507,2026-05-29,C006912,PA,RW-1378,road,L,carbon,1,3999,true,2026-06-08
WEB-107512,2026-05-29,C006917,WA,RW-1378,road,L,carbon,1,3999,true,2026-06-08
WEB-107514,2026-05-29,C006918,MT,RW-1378,road,L,carbon,1,3999,true,2026-06-08
WEB-107517,2026-05-29,C006921,VT,RW-1378,road,L,carbon,1,3999,true,2026-06-07
WEB-107518,2026-05-29,C006922,NM,RW-1378,road,L,carbon,1,3999,true,2026-06-06
WEB-107528,2026-05-29,C006932,VT,RW-9304,mtb,S,carbon,1,4899,false,
WEB-107530,2026-05-29,C006934,UT,RW-9304,mtb,S,carbon,1,4899,false,
WEB-107541,2026-05-29,C006944,AZ,RW-9304,mtb,S,carbon,1,4899,false,
WEB-107550,2026-05-29,C006952,MN,RW-9304,mtb,S,carbon,1,4899,false,
WEB-107552,2026-05-29,C006954,FL,RW-9304,mtb,S,carbon,1,4899,false,
WEB-107555,2026-05-29,C006956,MI,RW-9304,mtb,S,carbon,1,4899,false,
WEB-107556,2026-05-29,C006957,CA,RW-9304,mtb,S,carbon,1,4899,false,
WEB-107558,2026-05-29,C006959,UT,RW-9304,mtb,S,carbon,1,4899,false,
WEB-107561,2026-05-29,C006962,MT,RW-9324,mtb,M,base,1,2299,true,2026-06-05
WEB-107569,2026-05-29,C002658,IL,RW-9324,mtb,M,base,1,2299,true,2026-06-08
WEB-107576,2026-05-29,C006974,MT,RW-9324,mtb,M,base,1,2299,true,2026-06-08
WEB-107577,2026-05-29,C006975,ID,RW-9324,mtb,M,base,1,2299,true,2026-06-02
WEB-107583,2026-05-29,C006979,MI,RW-9324,mtb,M,base,1,2299,true,2026-06-04
WEB-107584,2026-05-29,C001060,ID,RW-9324,mtb,M,base,1,2299,true,2026-06-07
WEB-107586,2026-05-29,C006981,OR,RW-9324,mtb,M,base,1,2299,true,2026-06-08
WEB-107591,2026-05-29,C006986,GA,RW-9324,mtb,M,base,1,2299,true,2026-06-08
WEB-107609,2026-05-29,C007003,IL,RW-4418,mtb,M,carbon,1,4899,false,
WEB-107611,2026-05-29,C007005,PA,RW-4418,mtb,M,carbon,1,4899,false,
WEB-107628,2026-05-29,C007022,ID,RW-4418,mtb,M,carbon,1,4899,false,
WEB-107629,2026-05-29,C007023,PA,RW-4418,mtb,M,carbon,1,4899,false,
WEB-107630,2026-05-29,C007024,NM,RW-4418,mtb,M,carbon,1,4899,false,
WEB-107639,2026-05-29,C007033,MT,RW-9901,mtb,L,base,1,2299,true,2026-06-01
WEB-107642,2026-05-29,C004690,AZ,RW-9901,mtb,L,base,1,2299,true,2026-06-05
WEB-107644,2026-05-29,C007037,MA,RW-9901,mtb,L,base,1,2299,true,2026-06-02
WEB-107648,2026-05-29,C007040,NM,RW-9901,mtb,L,base,1,2299,true,2026-05-31
WEB-107650,2026-05-29,C007042,OR,RW-9901,mtb,L,base,1,2299,true,2026-06-02
WEB-107652,2026-05-29,C007044,CA,RW-9901,mtb,L,base,1,2299,true,2026-05-31
WEB-107674,2026-05-29,C007065,UT,RW-6416,mtb,L,carbon,1,4899,false,
WEB-107675,2026-05-29,C007066,IL,RW-6416,mtb,L,carbon,1,4899,false,
WEB-107676,2026-05-29,C007067,NM,RW-6416,mtb,L,carbon,1,4899,false,
WEB-107413,2026-05-30,C006823,NM,RW-3980,road,S,carbon,1,3999,true,2026-06-06
WEB-107415,2026-05-30,C006825,MT,RW-3980,road,S,carbon,1,3999,true,2026-06-05
WEB-107416,2026-05-30,C006826,WA,RW-3980,road,S,carbon,1,3999,true,2026-06-09
WEB-107420,2026-05-30,C006830,IL,RW-3980,road,S,carbon,1,3999,true,2026-06-03
WEB-107422,2026-05-30,C003015,AZ,RW-3980,road,S,carbon,1,3999,true,2026-06-08
WEB-107428,2026-05-30,C006837,MI,RW-3980,road,S,carbon,1,3999,true,2026-06-05
WEB-107437,2026-05-30,C006846,AZ,RW-9835,road,M,base,1,1899,true,2026-06-01
WEB-107438,2026-05-30,C006847,ID,RW-9835,road,M,base,1,1899,true,2026-06-01
WEB-107467,2026-05-30,C006875,MA,RW-2984,road,M,carbon,1,3999,true,2026-06-01
WEB-107488,2026-05-30,C006893,MT,RW-2984,road,M,carbon,1,3999,true,2026-06-09
WEB-107491,2026-05-30,C006896,WA,RW-2984,road,M,carbon,1,3999,true,2026-06-08
WEB-107521,2026-05-30,C006925,MI,RW-1378,road,L,carbon,1,3999,true,2026-06-05
WEB-107523,2026-05-30,C006927,MT,RW-1378,road,L,carbon,1,3999,true,2026-06-05
WEB-107527,2026-05-30,C006931,FL,RW-9304,mtb,S,carbon,1,4899,false,
WEB-107532,2026-05-30,C006936,NC,RW-9304,mtb,S,carbon,1,4899,false,
WEB-107537,2026-05-30,C006940,NM,RW-9304,mtb,S,carbon,1,4899,false,
WEB-107543,2026-05-30,C006946,IL,RW-9304,mtb,S,carbon,1,4899,false,
WEB-107549,2026-05-30,C006951,MN,RW-9304,mtb,S,carbon,1,4899,false,
WEB-107551,2026-05-30,C006953,TX,RW-9304,mtb,S,carbon,1,4899,false,
WEB-107557,2026-05-30,C006958,NC,RW-9304,mtb,S,carbon,1,4899,false,
WEB-107560,2026-05-30,C006961,ID,RW-9324,mtb,M,base,1,2299,true,2026-06-09
WEB-107575,2026-05-30,C006973,MN,RW-9324,mtb,M,base,1,2299,true,2026-06-03
WEB-107580,2026-05-30,C006976,MT,RW-9324,mtb,M,base,1,2299,true,2026-06-07
WEB-107588,2026-05-30,C006983,AZ,RW-9324,mtb,M,base,1,2299,true,2026-06-02
WEB-107592,2026-05-30,C006987,PA,RW-9324,mtb,M,base,1,2299,true,2026-06-05
WEB-107658,2026-05-30,C007050,NM,RW-6416,mtb,L,carbon,1,4899,false,
WEB-107662,2026-05-30,C007054,MI,RW-6416,mtb,L,carbon,1,4899,false,
WEB-107667,2026-05-30,C007058,ID,RW-6416,mtb,L,carbon,1,4899,false,
WEB-107668,2026-05-30,C007059,VT,RW-6416,mtb,L,carbon,1,4899,false,
WEB-107673,2026-05-30,C007064,CA,RW-6416,mtb,L,carbon,1,4899,false,
WEB-107410,2026-05-31,C006820,NC,RW-3980,road,S,carbon,1,3999,true,2026-06-06
WEB-107425,2026-05-31,C006834,CO,RW-3980,road,S,carbon,1,3999,true,2026-06-09
WEB-107432,2026-05-31,C006841,GA,RW-3980,road,S,carbon,1,3999,true,2026-06-06
WEB-107433,2026-05-31,C006842,MN,RW-9835,road,M,base,1,1899,true,2026-06-06
WEB-107443,2026-05-31,C006852,MI,RW-9835,road,M,base,1,1899,true,2026-06-05
WEB-107455,2026-05-31,C006863,MT,RW-2984,road,M,carbon,1,3999,true,2026-06-06
WEB-107456,2026-05-31,C006864,NY,RW-2984,road,M,carbon,1,3999,true,2026-06-03
WEB-107459,2026-05-31,C006867,CO,RW-2984,road,M,carbon,1,3999,true,2026-06-04
WEB-107474,2026-05-31,C006882,WA,RW-2984,road,M,carbon,1,3999,true,2026-06-08
WEB-107475,2026-05-31,C006883,MN,RW-2984,road,M,carbon,1,3999,true,2026-06-04
WEB-107477,2026-05-31,C006885,GA,RW-2984,road,M,carbon,1,3999,true,2026-06-04
WEB-107482,2026-05-31,C004599,NC,RW-2984,road,M,carbon,1,3999,true,2026-06-07
WEB-107486,2026-05-31,C006891,MA,RW-2984,road,M,carbon,1,3999,true,2026-06-05
WEB-107490,2026-05-31,C006895,NY,RW-2984,road,M,carbon,1,3999,true,2026-06-06
WEB-107494,2026-05-31,C006899,FL,RW-2984,road,M,carbon,1,3999,true,2026-06-06
WEB-107498,2026-05-31,C006903,TX,RW-7298,road,L,base,1,1899,true,2026-06-05
WEB-107500,2026-05-31,C006905,OR,RW-7298,road,L,base,1,1899,true,2026-06-07
WEB-107509,2026-05-31,C006914,FL,RW-1378,road,L,carbon,1,3999,true,2026-06-10
WEB-107510,2026-05-31,C006915,AZ,RW-1378,road,L,carbon,1,3999,true,2026-06-09
WEB-107516,2026-05-31,C006920,UT,RW-1378,road,L,carbon,1,3999,true,2026-06-02
WEB-107520,2026-05-31,C006924,AZ,RW-1378,road,L,carbon,1,3999,true,2026-06-03
WEB-107522,2026-05-31,C006926,PA,RW-1378,road,L,carbon,1,3999,true,2026-06-05
WEB-107526,2026-05-31,C006930,NM,RW-1378,road,L,carbon,1,3999,true,2026-06-10
WEB-107529,2026-05-31,C006933,MT,RW-9304,mtb,S,carbon,1,4899,false,
WEB-107535,2026-05-31,C000834,TX,RW-9304,mtb,S,carbon,1,4899,false,
WEB-107553,2026-05-31,C004079,NC,RW-9304,mtb,S,carbon,1,4899,false,
WEB-107562,2026-05-31,C006963,IL,RW-9324,mtb,M,base,1,2299,true,2026-06-05
WEB-107565,2026-05-31,C006966,VT,RW-9324,mtb,M,base,1,2299,true,2026-06-07
WEB-107573,2026-05-31,C006971,GA,RW-9324,mtb,M,base,1,2299,true,2026-06-04
WEB-107590,2026-05-31,C006985,IL,RW-9324,mtb,M,base,1,2299,true,2026-06-07
WEB-107595,2026-05-31,C006990,AZ,RW-9324,mtb,M,base,1,2299,true,2026-06-08
WEB-107601,2026-05-31,C006996,CA,RW-4418,mtb,M,carbon,1,4899,false,
WEB-107604,2026-05-31,C006999,UT,RW-4418,mtb,M,carbon,1,4899,false,
WEB-107606,2026-05-31,C007001,IL,RW-4418,mtb,M,carbon,1,4899,false,
WEB-107615,2026-05-31,C007009,FL,RW-4418,mtb,M,carbon,1,4899,false,
WEB-107617,2026-05-31,C007011,FL,RW-4418,mtb,M,carbon,1,4899,false,
WEB-107618,2026-05-31,C007012,CA,RW-4418,mtb,M,carbon,1,4899,false,
WEB-107623,2026-05-31,C007017,ID,RW-4418,mtb,M,carbon,1,4899,false,
WEB-107624,2026-05-31,C007018,IL,RW-4418,mtb,M,carbon,1,4899,false,
WEB-107647,2026-05-31,C007039,ID,RW-9901,mtb,L,base,1,2299,true,2026-06-05
WEB-107669,2026-05-31,C007060,NM,RW-6416,mtb,L,carbon,1,4899,false,
WEB-107670,2026-05-31,C007061,WA,RW-6416,mtb,L,carbon,1,4899,false,
WEB-107686,2026-06-01,C007075,OR,RW-3980,road,S,carbon,1,3999,true,2026-06-11
WEB-107697,2026-06-01,C007086,MA,RW-9835,road,M,base,1,1899,true,2026-06-06
WEB-107702,2026-06-01,C007089,VT,RW-9835,road,M,base,1,1899,true,2026-06-04
WEB-107706,2026-06-01,C007093,FL,RW-9835,road,M,base,1,1899,true,2026-06-08
WEB-107710,2026-06-01,C007097,GA,RW-9835,road,M,base,1,1899,true,2026-06-04
WEB-107725,2026-06-01,C007111,CA,RW-2984,road,M,carbon,1,3999,true,2026-06-07
WEB-107734,2026-06-01,C007120,WA,RW-2984,road,M,carbon,1,3999,true,2026-06-07
WEB-107739,2026-06-01,C007125,OR,RW-2984,road,M,carbon,1,3999,true,2026-06-03
WEB-107754,2026-06-01,C007139,PA,RW-7298,road,L,base,1,1899,true,2026-06-05
WEB-107773,2026-06-01,C007156,MN,RW-1378,road,L,carbon,1,3999,true,2026-06-10
WEB-107776,2026-06-01,C007159,CO,RW-1378,road,L,carbon,1,3999,true,2026-06-06
WEB-107789,2026-06-01,C007171,GA,RW-9304,mtb,S,carbon,1,4899,false,
WEB-107793,2026-06-01,C007175,CO,RW-9304,mtb,S,carbon,1,4899,false,
WEB-107796,2026-06-01,C007178,VT,RW-9304,mtb,S,carbon,1,4899,false,
WEB-107799,2026-06-01,C007181,FL,RW-9304,mtb,S,carbon,1,4899,false,
WEB-107803,2026-06-01,C007185,PA,RW-9304,mtb,S,carbon,1,4899,false,
WEB-107812,2026-06-01,C007191,MA,RW-9304,mtb,S,carbon,1,4899,false,
WEB-107821,2026-06-01,C006277,OR,RW-9324,mtb,M,base,1,2299,true,2026-06-05
WEB-107830,2026-06-01,C007206,OR,RW-9324,mtb,M,base,1,2299,true,2026-06-08
WEB-107831,2026-06-01,C007207,WA,RW-9324,mtb,M,base,1,2299,true,2026-06-07
WEB-107833,2026-06-01,C003822,VT,RW-9324,mtb,M,base,1,2299,true,2026-06-03
WEB-107836,2026-06-01,C007211,ID,RW-9324,mtb,M,base,1,2299,true,2026-06-11
WEB-107838,2026-06-01,C007213,GA,RW-9324,mtb,M,base,1,2299,true,2026-06-06
WEB-107847,2026-06-01,C007222,MI,RW-9324,mtb,M,base,1,2299,true,2026-06-07
WEB-107849,2026-06-01,C007224,MT,RW-9324,mtb,M,base,1,2299,true,2026-06-05
WEB-107851,2026-06-01,C004459,VT,RW-4418,mtb,M,carbon,1,4899,false,
WEB-107874,2026-06-01,C007248,GA,RW-9901,mtb,L,base,1,2299,true,2026-06-11
WEB-107879,2026-06-01,C007253,MA,RW-9901,mtb,L,base,1,2299,true,2026-06-11
WEB-107887,2026-06-01,C007261,UT,RW-9901,mtb,L,base,1,2299,true,2026-06-06
WEB-107889,2026-06-01,C007263,NM,RW-9901,mtb,L,base,1,2299,true,2026-06-03
WEB-107896,2026-06-01,C007269,OR,RW-9901,mtb,L,base,1,2299,true,2026-06-03
WEB-107897,2026-06-01,C007270,PA,RW-9901,mtb,L,base,1,2299,true,2026-06-09
WEB-107898,2026-06-01,C007271,AZ,RW-9901,mtb,L,base,1,2299,true,2026-06-06
WEB-107901,2026-06-01,C007274,ID,RW-9901,mtb,L,base,1,2299,true,2026-06-07
WEB-107907,2026-06-01,C007280,PA,RW-6416,mtb,L,carbon,1,4899,false,
WEB-107908,2026-06-01,C007281,IL,RW-6416,mtb,L,carbon,1,4899,false,
WEB-107910,2026-06-01,C007283,MT,RW-6416,mtb,L,carbon,1,4899,false,
WEB-107913,2026-06-01,C007286,TX,RW-6416,mtb,L,carbon,1,4899,false,
WEB-107914,2026-06-01,C007287,MT,RW-6416,mtb,L,carbon,1,4899,false,
WEB-107679,2026-06-02,C007070,MA,RW-3980,road,S,carbon,1,3999,true,2026-06-05
WEB-107682,2026-06-02,C007073,OR,RW-3980,road,S,carbon,1,3999,true,2026-06-10
WEB-107683,2026-06-02,C000060,OR,RW-3980,road,S,carbon,1,3999,true,2026-06-12
WEB-107692,2026-06-02,C007081,MN,RW-3980,road,S,carbon,1,3999,true,2026-06-04
WEB-107703,2026-06-02,C007090,PA,RW-9835,road,M,base,1,1899,true,2026-06-06
WEB-107709,2026-06-02,C007096,ID,RW-9835,road,M,base,1,1899,true,2026-06-06
WEB-107712,2026-06-02,C007099,AZ,RW-9835,road,M,base,1,1899,true,2026-06-04
WEB-107713,2026-06-02,C007100,TX,RW-9835,road,M,base,1,1899,true,2026-06-12
WEB-107716,2026-06-02,C007103,GA,RW-9835,road,M,base,1,1899,true,2026-06-11
WEB-107717,2026-06-02,C007104,VT,RW-9835,road,M,base,1,1899,true,2026-06-04
WEB-107723,2026-06-02,C007109,FL,RW-2984,road,M,carbon,1,3999,true,2026-06-07
WEB-107724,2026-06-02,C007110,ID,RW-2984,road,M,carbon,1,3999,true,2026-06-07
WEB-107737,2026-06-02,C007123,AZ,RW-2984,road,M,carbon,1,3999,true,2026-06-09
WEB-107738,2026-06-02,C007124,GA,RW-2984,road,M,carbon,1,3999,true,2026-06-09
WEB-107745,2026-06-02,C007130,VT,RW-2984,road,M,carbon,1,3999,true,2026-06-08
WEB-107768,2026-06-02,C007151,IL,RW-1378,road,L,carbon,1,3999,true,2026-06-07
WEB-107769,2026-06-02,C007152,MT,RW-1378,road,L,carbon,1,3999,true,2026-06-09
WEB-107772,2026-06-02,C007155,TX,RW-1378,road,L,carbon,1,3999,true,2026-06-11
WEB-107783,2026-06-02,C007165,CO,RW-1378,road,L,carbon,1,3999,true,2026-06-11
WEB-107790,2026-06-02,C007172,MT,RW-9304,mtb,S,carbon,1,4899,false,
WEB-107794,2026-06-02,C007176,CO,RW-9304,mtb,S,carbon,1,4899,false,
WEB-107805,2026-06-02,C007186,CA,RW-9304,mtb,S,carbon,1,4899,false,
WEB-107808,2026-06-02,C007182,NC,RW-9304,mtb,S,carbon,1,4899,false,
WEB-107827,2026-06-02,C007203,CA,RW-9324,mtb,M,base,1,2299,true,2026-06-07
WEB-107842,2026-06-02,C007217,CA,RW-9324,mtb,M,base,1,2299,true,2026-06-11
WEB-107843,2026-06-02,C007218,CA,RW-9324,mtb,M,base,1,2299,true,2026-06-05
WEB-107848,2026-06-02,C007223,MI,RW-9324,mtb,M,base,1,2299,true,2026-06-04
WEB-107855,2026-06-02,C007229,AZ,RW-4418,mtb,M,carbon,1,4899,false,
WEB-107863,2026-06-02,C007237,CA,RW-4418,mtb,M,carbon,1,4899,false,
WEB-107902,2026-06-02,C007275,TX,RW-9901,mtb,L,base,1,2299,true,2026-06-05
WEB-107911,2026-06-02,C007284,VT,RW-6416,mtb,L,carbon,1,4899,false,
WEB-107691,2026-06-03,C007080,MN,RW-3980,road,S,carbon,1,3999,true,2026-06-13
WEB-107699,2026-06-03,C001892,MN,RW-9835,road,M,base,1,1899,true,2026-06-11
WEB-107700,2026-06-03,C007088,MA,RW-9835,road,M,base,1,1899,true,2026-06-05
WEB-107704,2026-06-03,C007091,CA,RW-9835,road,M,base,1,1899,true,2026-06-09
WEB-107705,2026-06-03,C007092,AZ,RW-9835,road,M,base,1,1899,true,2026-06-12
WEB-107720,2026-06-03,C007106,NY,RW-2984,road,M,carbon,1,3999,true,2026-06-08
WEB-107722,2026-06-03,C007108,CO,RW-2984,road,M,carbon,1,3999,true,2026-06-10
WEB-107728,2026-06-03,C007114,ID,RW-2984,road,M,carbon,1,3999,true,2026-06-12
WEB-107730,2026-06-03,C007116,GA,RW-2984,road,M,carbon,1,3999,true,2026-06-11
WEB-107731,2026-06-03,C007117,MI,RW-2984,road,M,carbon,1,3999,true,2026-06-09
WEB-107732,2026-06-03,C007118,MI,RW-2984,road,M,carbon,1,3999,true,2026-06-06
WEB-107741,2026-06-03,C007127,OR,RW-2984,road,M,carbon,1,3999,true,2026-06-10
WEB-107743,2026-06-03,C007129,PA,RW-2984,road,M,carbon,1,3999,true,2026-06-12
WEB-107744,2026-06-03,C006237,WA,RW-2984,road,M,carbon,1,3999,true,2026-06-11
WEB-107750,2026-06-03,C007135,WA,RW-7298,road,L,base,1,1899,true,2026-06-10
WEB-107763,2026-06-03,C007146,VT,RW-7298,road,L,base,1,1899,true,2026-06-07
WEB-107764,2026-06-03,C007147,WA,RW-7298,road,L,base,1,1899,true,2026-06-08
WEB-107765,2026-06-03,C007148,ID,RW-7298,road,L,base,1,1899,true,2026-06-05
WEB-107777,2026-06-03,C007160,AZ,RW-1378,road,L,carbon,1,3999,true,2026-06-07
WEB-107787,2026-06-03,C007169,VT,RW-9304,mtb,S,carbon,1,4899,false,
WEB-107801,2026-06-03,C007183,MI,RW-9304,mtb,S,carbon,1,4899,false,
WEB-107811,2026-06-03,C007190,PA,RW-9304,mtb,S,carbon,1,4899,false,
WEB-107818,2026-06-03,C007197,CO,RW-9324,mtb,M,base,1,2299,true,2026-06-07
WEB-107819,2026-06-03,C007198,NY,RW-9324,mtb,M,base,1,2299,true,2026-06-07
WEB-107828,2026-06-03,C007204,ID,RW-9324,mtb,M,base,1,2299,true,2026-06-10
WEB-107837,2026-06-03,C007212,AZ,RW-9324,mtb,M,base,1,2299,true,2026-06-11
WEB-107857,2026-06-03,C007231,MT,RW-4418,mtb,M,carbon,1,4899,false,
WEB-107862,2026-06-03,C007236,CA,RW-4418,mtb,M,carbon,1,4899,false,
WEB-107864,2026-06-03,C007238,NC,RW-4418,mtb,M,carbon,1,4899,false,
WEB-107865,2026-06-03,C007239,IL,RW-4418,mtb,M,carbon,1,4899,false,
WEB-107867,2026-06-03,C007241,VT,RW-4418,mtb,M,carbon,1,4899,false,
WEB-107876,2026-06-03,C007250,MT,RW-9901,mtb,L,base,1,2299,true,2026-06-11
WEB-107882,2026-06-03,C007256,NM,RW-9901,mtb,L,base,1,2299,true,2026-06-09
WEB-107883,2026-06-03,C007257,NY,RW-9901,mtb,L,base,1,2299,true,2026-06-08
WEB-107899,2026-06-03,C007272,TX,RW-9901,mtb,L,base,1,2299,true,2026-06-12
WEB-107680,2026-06-04,C007071,AZ,RW-3980,road,S,carbon,1,3999,true,2026-06-06
WEB-107685,2026-06-04,C007074,OR,RW-3980,road,S,carbon,1,3999,true,2026-06-14
WEB-107694,2026-06-04,C007083,ID,RW-3980,road,S,carbon,1,3999,true,2026-06-06
WEB-107695,2026-06-04,C007084,WA,RW-3980,road,S,carbon,1,3999,true,2026-06-09
WEB-107718,2026-06-04,C007105,MN,RW-9835,road,M,base,1,1899,true,2026-06-13
WEB-107736,2026-06-04,C007122,CA,RW-2984,road,M,carbon,1,3999,true,2026-06-14
WEB-107748,2026-06-04,C007133,IL,RW-2984,road,M,carbon,1,3999,true,2026-06-13
WEB-107758,2026-06-04,C007143,GA,RW-7298,road,L,base,1,1899,true,2026-06-06
WEB-107767,2026-06-04,C007150,CA,RW-1378,road,L,carbon,1,3999,true,2026-06-09
WEB-107771,2026-06-04,C007154,ID,RW-1378,road,L,carbon,1,3999,true,2026-06-08
WEB-107779,2026-06-04,C007162,TX,RW-1378,road,L,carbon,1,3999,true,2026-06-14
WEB-107784,2026-06-04,C007166,VT,RW-1378,road,L,carbon,1,3999,true,2026-06-09
WEB-107792,2026-06-04,C007174,ID,RW-9304,mtb,S,carbon,1,4899,false,
WEB-107795,2026-06-04,C007177,NY,RW-9304,mtb,S,carbon,1,4899,false,
WEB-107800,2026-06-04,C007182,WA,RW-9304,mtb,S,carbon,1,4899,false,
WEB-107802,2026-06-04,C007184,PA,RW-9304,mtb,S,carbon,1,4899,false,
WEB-107806,2026-06-04,C007187,MI,RW-9304,mtb,S,carbon,1,4899,false,
WEB-107816,2026-06-04,C007195,NM,RW-9324,mtb,M,base,1,2299,true,2026-06-12
WEB-107840,2026-06-04,C007215,AZ,RW-9324,mtb,M,base,1,2299,true,2026-06-13
WEB-107841,2026-06-04,C007216,GA,RW-9324,mtb,M,base,1,2299,true,2026-06-11
WEB-107844,2026-06-04,C007219,FL,RW-9324,mtb,M,base,1,2299,true,2026-06-07
WEB-107852,2026-06-04,C007226,MA,RW-4418,mtb,M,carbon,1,4899,false,
WEB-107860,2026-06-04,C007234,CO,RW-4418,mtb,M,carbon,1,4899,false,
WEB-107861,2026-06-04,C007235,FL,RW-4418,mtb,M,carbon,1,4899,false,
WEB-107870,2026-06-04,C007244,NY,RW-4418,mtb,M,carbon,1,4899,false,
WEB-107873,2026-06-04,C007247,OR,RW-9901,mtb,L,base,1,2299,true,2026-06-06
WEB-107891,2026-06-04,C005334,WA,RW-9901,mtb,L,base,1,2299,true,2026-06-08
WEB-107900,2026-06-04,C007273,NM,RW-9901,mtb,L,base,1,2299,true,2026-06-14
WEB-107912,2026-06-04,C007285,UT,RW-6416,mtb,L,carbon,1,4899,false,
WEB-107678,2026-06-05,C007069,FL,RW-3980,road,S,carbon,1,3999,true,2026-06-09
WEB-107681,2026-06-05,C007072,MI,RW-3980,road,S,carbon,1,3999,true,2026-06-10
WEB-107687,2026-06-05,C007076,AZ,RW-3980,road,S,carbon,1,3999,true,2026-06-08
WEB-107689,2026-06-05,C007078,ID,RW-3980,road,S,carbon,1,3999,true,2026-06-09
WEB-107698,2026-06-05,C007087,MI,RW-9835,road,M,base,1,1899,true,2026-06-13
WEB-107740,2026-06-05,C007126,MA,RW-2984,road,M,carbon,1,3999,true,2026-06-08
WEB-107746,2026-06-05,C007131,NY,RW-2984,road,M,carbon,1,3999,true,2026-06-13
WEB-107751,2026-06-05,C007136,NM,RW-7298,road,L,base,1,1899,true,2026-06-15
WEB-107753,2026-06-05,C007138,FL,RW-7298,road,L,base,1,1899,true,2026-06-07
WEB-107762,2026-06-05,C004413,OR,RW-7298,road,L,base,1,1899,true,2026-06-13
WEB-107770,2026-06-05,C007153,MN,RW-1378,road,L,carbon,1,3999,true,2026-06-07
WEB-107788,2026-06-05,C007170,WA,RW-9304,mtb,S,carbon,1,4899,false,
WEB-107804,2026-06-05,C005726,VT,RW-9304,mtb,S,carbon,1,4899,false,
WEB-107809,2026-06-05,C006229,ID,RW-9304,mtb,S,carbon,1,4899,false,
WEB-107810,2026-06-05,C007189,MT,RW-9304,mtb,S,carbon,1,4899,false,
WEB-107813,2026-06-05,C007192,MN,RW-9304,mtb,S,carbon,1,4899,false,
WEB-107817,2026-06-05,C007196,CA,RW-9324,mtb,M,base,1,2299,true,2026-06-15
WEB-107822,2026-06-05,C001818,MI,RW-9324,mtb,M,base,1,2299,true,2026-06-12
WEB-107826,2026-06-05,C007202,CA,RW-9324,mtb,M,base,1,2299,true,2026-06-09
WEB-107829,2026-06-05,C007205,MA,RW-9324,mtb,M,base,1,2299,true,2026-06-09
WEB-107846,2026-06-05,C007221,CO,RW-9324,mtb,M,base,1,2299,true,2026-06-11
WEB-107868,2026-06-05,C007242,AZ,RW-4418,mtb,M,carbon,1,4899,false,
WEB-107869,2026-06-05,C007243,NC,RW-4418,mtb,M,carbon,1,4899,false,
WEB-107888,2026-06-05,C007262,CO,RW-9901,mtb,L,base,1,2299,true,2026-06-12
WEB-107890,2026-06-05,C007264,OR,RW-9901,mtb,L,base,1,2299,true,2026-06-10
WEB-107893,2026-06-05,C007266,NC,RW-9901,mtb,L,base,1,2299,true,2026-06-14
WEB-107903,2026-06-05,C007276,AZ,RW-9901,mtb,L,base,1,2299,true,2026-06-07
WEB-107905,2026-06-05,C007278,NM,RW-6416,mtb,L,carbon,1,4899,false,
WEB-107677,2026-06-06,C007068,OR,RW-3980,road,S,carbon,1,3999,true,2026-06-16
WEB-107690,2026-06-06,C007079,NC,RW-3980,road,S,carbon,1,3999,true,2026-06-15
WEB-107701,2026-06-06,C006023,NM,RW-9835,road,M,base,1,1899,true,2026-06-10
WEB-107711,2026-06-06,C007098,IL,RW-9835,road,M,base,1,1899,true,2026-06-11
WEB-107719,2026-06-06,C001714,UT,RW-2984,road,M,carbon,1,3999,true,2026-06-11
WEB-107726,2026-06-06,C007112,MI,RW-2984,road,M,carbon,1,3999,true,2026-06-11
WEB-107735,2026-06-06,C007121,PA,RW-2984,road,M,carbon,1,3999,true,2026-06-13
WEB-107742,2026-06-06,C007128,MI,RW-2984,road,M,carbon,1,3999,true,2026-06-10
WEB-107747,2026-06-06,C007132,NM,RW-2984,road,M,carbon,1,3999,true,2026-06-10
WEB-107759,2026-06-06,C007144,MA,RW-7298,road,L,base,1,1899,true,2026-06-14
WEB-107761,2026-06-06,C007145,NC,RW-7298,road,L,base,1,1899,true,2026-06-10
WEB-107766,2026-06-06,C007149,MI,RW-7298,road,L,base,1,1899,true,2026-06-10
WEB-107774,2026-06-06,C007157,NC,RW-1378,road,L,carbon,1,3999,true,2026-06-11
WEB-107781,2026-06-06,C001339,CA,RW-1378,road,L,carbon,1,3999,true,2026-06-08
WEB-107782,2026-06-06,C007164,PA,RW-1378,road,L,carbon,1,3999,true,2026-06-12
WEB-107785,2026-06-06,C007167,NM,RW-1378,road,L,carbon,1,3999,true,2026-06-09
WEB-107797,2026-06-06,C007179,CO,RW-9304,mtb,S,carbon,1,4899,false,
WEB-107807,2026-06-06,C007188,MI,RW-9304,mtb,S,carbon,1,4899,false,
WEB-107815,2026-06-06,C007194,UT,RW-9324,mtb,M,base,1,2299,true,2026-06-13
WEB-107823,2026-06-06,C007200,MI,RW-9324,mtb,M,base,1,2299,true,2026-06-14
WEB-107824,2026-06-06,C007201,CO,RW-9324,mtb,M,base,1,2299,true,2026-06-12
WEB-107825,2026-06-06,C002113,PA,RW-9324,mtb,M,base,1,2299,true,2026-06-14
WEB-107832,2026-06-06,C007208,NM,RW-9324,mtb,M,base,1,2299,true,2026-06-16
WEB-107839,2026-06-06,C007214,MA,RW-9324,mtb,M,base,1,2299,true,2026-06-11
WEB-107845,2026-06-06,C007220,NC,RW-9324,mtb,M,base,1,2299,true,2026-06-16
WEB-107853,2026-06-06,C007227,WA,RW-4418,mtb,M,carbon,1,4899,false,
WEB-107854,2026-06-06,C007228,GA,RW-4418,mtb,M,carbon,1,4899,false,
WEB-107859,2026-06-06,C007233,WA,RW-4418,mtb,M,carbon,1,4899,false,
WEB-107875,2026-06-06,C007249,NY,RW-9901,mtb,L,base,1,2299,true,2026-06-10
WEB-107877,2026-06-06,C007251,CA,RW-9901,mtb,L,base,1,2299,true,2026-06-10
WEB-107880,2026-06-06,C007254,TX,RW-9901,mtb,L,base,1,2299,true,2026-06-13
WEB-107884,2026-06-06,C007258,ID,RW-9901,mtb,L,base,1,2299,true,2026-06-16
WEB-107892,2026-06-06,C007265,PA,RW-9901,mtb,L,base,1,2299,true,2026-06-09
WEB-107894,2026-06-06,C007267,AZ,RW-9901,mtb,L,base,1,2299,true,2026-06-15
WEB-107895,2026-06-06,C007268,AZ,RW-9901,mtb,L,base,1,2299,true,2026-06-11
WEB-107909,2026-06-06,C007282,CA,RW-6416,mtb,L,carbon,1,4899,false,
WEB-107915,2026-06-06,C007288,FL,RW-6416,mtb,L,carbon,1,4899,false,
WEB-107684,2026-06-07,C001350,MT,RW-3980,road,S,carbon,1,3999,true,2026-06-17
WEB-107688,2026-06-07,C007077,AZ,RW-3980,road,S,carbon,1,3999,true,2026-06-15
WEB-107693,2026-06-07,C007082,AZ,RW-3980,road,S,carbon,1,3999,true,2026-06-13
WEB-107696,2026-06-07,C007085,CO,RW-9835,road,M,base,1,1899,true,2026-06-12
WEB-107707,2026-06-07,C007094,VT,RW-9835,road,M,base,1,1899,true,2026-06-14
WEB-107708,2026-06-07,C007095,UT,RW-9835,road,M,base,1,1899,true,2026-06-09
WEB-107714,2026-06-07,C007101,MT,RW-9835,road,M,base,1,1899,true,2026-06-11
WEB-107715,2026-06-07,C007102,MA,RW-9835,road,M,base,1,1899,true,2026-06-13
WEB-107721,2026-06-07,C007107,OR,RW-2984,road,M,carbon,1,3999,true,2026-06-10
WEB-107727,2026-06-07,C007113,CA,RW-2984,road,M,carbon,1,3999,true,2026-06-09
WEB-107729,2026-06-07,C007115,VT,RW-2984,road,M,carbon,1,3999,true,2026-06-11
WEB-107733,2026-06-07,C007119,GA,RW-2984,road,M,carbon,1,3999,true,2026-06-15
WEB-107749,2026-06-07,C007134,NM,RW-7298,road,L,base,1,1899,true,2026-06-12
WEB-107752,2026-06-07,C007137,WA,RW-7298,road,L,base,1,1899,true,2026-06-13
WEB-107755,2026-06-07,C007140,FL,RW-7298,road,L,base,1,1899,true,2026-06-11
WEB-107756,2026-06-07,C007141,OR,RW-7298,road,L,base,1,1899,true,2026-06-13
WEB-107757,2026-06-07,C007142,NC,RW-7298,road,L,base,1,1899,true,2026-06-14
WEB-107760,2026-06-07,C001003,CA,RW-7298,road,L,base,1,1899,true,2026-06-17
WEB-107775,2026-06-07,C007158,OR,RW-1378,road,L,carbon,1,3999,true,2026-06-12
WEB-107778,2026-06-07,C007161,OR,RW-1378,road,L,carbon,1,3999,true,2026-06-10
WEB-107780,2026-06-07,C007163,ID,RW-1378,road,L,carbon,1,3999,true,2026-06-10
WEB-107786,2026-06-07,C007168,UT,RW-9304,mtb,S,carbon,1,4899,false,
WEB-107791,2026-06-07,C007173,MI,RW-9304,mtb,S,carbon,1,4899,false,
WEB-107798,2026-06-07,C007180,OR,RW-9304,mtb,S,carbon,1,4899,false,
WEB-107814,2026-06-07,C007193,NC,RW-9304,mtb,S,carbon,1,4899,false,
WEB-107820,2026-06-07,C007199,WA,RW-9324,mtb,M,base,1,2299,true,2026-06-11
WEB-107834,2026-06-07,C007209,IL,RW-9324,mtb,M,base,1,2299,true,2026-06-12
WEB-107835,2026-06-07,C007210,MA,RW-9324,mtb,M,base,1,2299,true,2026-06-14
WEB-107850,2026-06-07,C007225,NY,RW-4418,mtb,M,carbon,1,4899,false,
WEB-107856,2026-06-07,C007230,WA,RW-4418,mtb,M,carbon,1,4899,false,
WEB-107858,2026-06-07,C007232,NM,RW-4418,mtb,M,carbon,1,4899,false,
WEB-107866,2026-06-07,C007240,MI,RW-4418,mtb,M,carbon,1,4899,false,
WEB-107871,2026-06-07,C007245,IL,RW-4418,mtb,M,carbon,1,4899,false,
WEB-107872,2026-06-07,C007246,OR,RW-4418,mtb,M,carbon,1,4899,false,
WEB-107878,2026-06-07,C007252,NM,RW-9901,mtb,L,base,1,2299,true,2026-06-14
WEB-107881,2026-06-07,C007255,MA,RW-9901,mtb,L,base,1,2299,true,2026-06-10
WEB-107885,2026-06-07,C007259,TX,RW-9901,mtb,L,base,1,2299,true,2026-06-11
WEB-107886,2026-06-07,C007260,IL,RW-9901,mtb,L,base,1,2299,true,2026-06-16
WEB-107904,2026-06-07,C007277,AZ,RW-6416,mtb,L,carbon,1,4899,false,
WEB-107906,2026-06-07,C007279,MT,RW-6416,mtb,L,carbon,1,4899,false,
WEB-107921,2026-06-08,C007294,NY,RW-3980,road,S,carbon,1,3999,true,2026-06-18
WEB-107929,2026-06-08,C007301,NC,RW-3980,road,S,carbon,1,3999,true,2026-06-12
WEB-107936,2026-06-08,C007308,FL,RW-3980,road,S,carbon,1,3999,true,2026-06-17
WEB-107941,2026-06-08,C007312,CO,RW-3980,road,S,carbon,1,3999,true,2026-06-17
WEB-107943,2026-06-08,C007314,OR,RW-3980,road,S,carbon,1,3999,true,2026-06-12
WEB-107945,2026-06-08,C007123,NM,RW-9835,road,M,base,1,1899,true,2026-06-15
WEB-107961,2026-06-08,C007329,MI,RW-9835,road,M,base,1,1899,true,2026-06-10
WEB-107964,2026-06-08,C007332,FL,RW-9835,road,M,base,1,1899,true,2026-06-16
WEB-107969,2026-06-08,C007336,NC,RW-9835,road,M,base,1,1899,true,2026-06-11
WEB-107973,2026-06-08,C007340,NY,RW-9835,road,M,base,1,1899,true,2026-06-18
WEB-107978,2026-06-08,C007345,TX,RW-2984,road,M,carbon,1,3999,true,2026-06-12
WEB-107980,2026-06-08,C007347,FL,RW-2984,road,M,carbon,1,3999,true,2026-06-16
WEB-107986,2026-06-08,C007353,MA,RW-2984,road,M,carbon,1,3999,true,2026-06-16
WEB-107988,2026-06-08,C007354,NY,RW-2984,road,M,carbon,1,3999,true,2026-06-15
WEB-107990,2026-06-08,C007356,MI,RW-2984,road,M,carbon,1,3999,true,2026-06-16
WEB-107992,2026-06-08,C002933,MN,RW-2984,road,M,carbon,1,3999,true,2026-06-11
WEB-108006,2026-06-08,C007371,IL,RW-7298,road,L,base,1,1899,true,2026-06-17
WEB-108025,2026-06-08,C007390,ID,RW-1378,road,L,carbon,1,3999,true,2026-06-18
WEB-108050,2026-06-08,C007412,WA,RW-9304,mtb,S,carbon,1,4899,false,
WEB-108070,2026-06-08,C007430,MT,RW-9324,mtb,M,base,1,2299,true,2026-06-11
WEB-108075,2026-06-08,C007435,PA,RW-9324,mtb,M,base,1,2299,true,2026-06-18
WEB-108079,2026-06-08,C007438,TX,RW-9324,mtb,M,base,1,2299,true,2026-06-15
WEB-108083,2026-06-08,C007442,WA,RW-9324,mtb,M,base,1,2299,true,2026-06-15
WEB-108087,2026-06-08,C005565,MA,RW-9324,mtb,M,base,1,2299,true,2026-06-14
WEB-108091,2026-06-08,C007447,MI,RW-9324,mtb,M,base,1,2299,true,2026-06-14
WEB-108093,2026-06-08,C005906,VT,RW-9324,mtb,M,base,1,2299,true,2026-06-16
WEB-108099,2026-06-08,C007454,IL,RW-9324,mtb,M,base,1,2299,true,2026-06-16
WEB-108101,2026-06-08,C007456,MT,RW-4418,mtb,M,carbon,1,4899,false,
WEB-108108,2026-06-08,C007462,MT,RW-4418,mtb,M,carbon,1,4899,false,
WEB-108123,2026-06-08,C007476,CA,RW-4418,mtb,M,carbon,1,4899,false,
WEB-108138,2026-06-08,C007489,NC,RW-6416,mtb,L,carbon,1,4899,false,
WEB-108149,2026-06-08,C007498,NM,RW-6416,mtb,L,carbon,1,4899,false,
WEB-107933,2026-06-09,C007305,IL,RW-3980,road,S,carbon,1,3999,true,2026-06-15
WEB-107966,2026-06-09,C007334,TX,RW-9835,road,M,base,1,1899,true,2026-06-18
WEB-107979,2026-06-09,C007346,MI,RW-2984,road,M,carbon,1,3999,true,2026-06-12
WEB-108002,2026-06-09,C007367,GA,RW-7298,road,L,base,1,1899,true,2026-06-17
WEB-108003,2026-06-09,C007368,CO,RW-7298,road,L,base,1,1899,true,2026-06-17
WEB-108011,2026-06-09,C007376,AZ,RW-7298,road,L,base,1,1899,true,2026-06-16
WEB-108021,2026-06-09,C007386,ID,RW-1378,road,L,carbon,1,3999,true,2026-06-16
WEB-108035,2026-06-09,C007400,OR,RW-9304,mtb,S,carbon,1,4899,false,
WEB-108036,2026-06-09,C007401,TX,RW-9304,mtb,S,carbon,1,4899,false,
WEB-108040,2026-06-09,C007405,NY,RW-9304,mtb,S,carbon,1,4899,false,
WEB-108045,2026-06-09,C007409,CO,RW-9304,mtb,S,carbon,1,4899,false,
WEB-108055,2026-06-09,C007416,NY,RW-9304,mtb,S,carbon,1,4899,false,
WEB-108057,2026-06-09,C007418,PA,RW-9304,mtb,S,carbon,1,4899,false,
WEB-108061,2026-06-09,C007421,IL,RW-9304,mtb,S,carbon,1,4899,false,
WEB-108062,2026-06-09,C007422,TX,RW-9304,mtb,S,carbon,1,4899,false,
WEB-108065,2026-06-09,C007425,MN,RW-9324,mtb,M,base,1,2299,true,2026-06-12
WEB-108074,2026-06-09,C007434,PA,RW-9324,mtb,M,base,1,2299,true,2026-06-18
WEB-108076,2026-06-09,C005886,NY,RW-9324,mtb,M,base,1,2299,true,2026-06-14
WEB-108081,2026-06-09,C007440,OR,RW-9324,mtb,M,base,1,2299,true,2026-06-17
WEB-108084,2026-06-09,C003463,ID,RW-9324,mtb,M,base,1,2299,true,2026-06-11
WEB-108086,2026-06-09,C004052,TX,RW-9324,mtb,M,base,1,2299,true,2026-06-13
WEB-108094,2026-06-09,C007449,PA,RW-9324,mtb,M,base,1,2299,true,2026-06-18
WEB-108096,2026-06-09,C007451,UT,RW-9324,mtb,M,base,1,2299,true,2026-06-13
WEB-108103,2026-06-09,C007458,ID,RW-4418,mtb,M,carbon,1,4899,false,
WEB-108105,2026-06-09,C007460,GA,RW-4418,mtb,M,carbon,1,4899,false,
WEB-108111,2026-06-09,C007465,MA,RW-4418,mtb,M,carbon,1,4899,false,
WEB-108124,2026-06-09,C007477,MA,RW-4418,mtb,M,carbon,1,4899,false,
WEB-108127,2026-06-09,C007480,IL,RW-9901,mtb,L,base,1,2299,true,2026-06-19
WEB-108129,2026-06-09,C007481,UT,RW-9901,mtb,L,base,1,2299,true,2026-06-11
WEB-108134,2026-06-09,C001214,MI,RW-9901,mtb,L,base,1,2299,true,2026-06-16
WEB-108144,2026-06-09,C007494,MA,RW-6416,mtb,L,carbon,1,4899,false,
WEB-108146,2026-06-09,C007496,NY,RW-6416,mtb,L,carbon,1,4899,false,
WEB-108150,2026-06-09,C007499,GA,RW-6416,mtb,L,carbon,1,4899,false,
WEB-108153,2026-06-09,C007502,NC,RW-6416,mtb,L,carbon,1,4899,false,
WEB-107917,2026-06-10,C007290,ID,RW-3980,road,S,carbon,1,3999,true,2026-06-12
WEB-107919,2026-06-10,C007292,MN,RW-3980,road,S,carbon,1,3999,true,2026-06-20
WEB-107927,2026-06-10,C007299,WA,RW-3980,road,S,carbon,1,3999,true,2026-06-16
WEB-107930,2026-06-10,C007302,MI,RW-3980,road,S,carbon,1,3999,true,2026-06-13
WEB-107938,2026-06-10,C007309,NC,RW-3980,road,S,carbon,1,3999,true,2026-06-19
WEB-107950,2026-06-10,C007319,TX,RW-9835,road,M,base,1,1899,true,2026-06-13
WEB-107958,2026-06-10,C007326,FL,RW-9835,road,M,base,1,1899,true,2026-06-15
WEB-107959,2026-06-10,C007327,MA,RW-9835,road,M,base,1,1899,true,2026-06-16
WEB-107963,2026-06-10,C007331,VT,RW-9835,road,M,base,1,1899,true,2026-06-20
WEB-107965,2026-06-10,C007333,TX,RW-9835,road,M,base,1,1899,true,2026-06-13
WEB-107989,2026-06-10,C007355,MI,RW-2984,road,M,carbon,1,3999,true,2026-06-12
WEB-107991,2026-06-10,C007357,GA,RW-2984,road,M,carbon,1,3999,true,2026-06-16
WEB-107994,2026-06-10,C007359,MT,RW-2984,road,M,carbon,1,3999,true,2026-06-12
WEB-107995,2026-06-10,C007360,CO,RW-2984,road,M,carbon,1,3999,true,2026-06-12
WEB-107999,2026-06-10,C007364,MT,RW-7298,road,L,base,1,1899,true,2026-06-19
WEB-108020,2026-06-10,C007385,CA,RW-1378,road,L,carbon,1,3999,true,2026-06-12
WEB-108023,2026-06-10,C007388,UT,RW-1378,road,L,carbon,1,3999,true,2026-06-14
WEB-108027,2026-06-10,C007392,OR,RW-1378,road,L,carbon,1,3999,true,2026-06-15
WEB-108037,2026-06-10,C007402,CO,RW-9304,mtb,S,carbon,1,4899,false,
WEB-108041,2026-06-10,C007406,MA,RW-9304,mtb,S,carbon,1,4899,false,
WEB-108042,2026-06-10,C007407,TX,RW-9304,mtb,S,carbon,1,4899,false,
WEB-108051,2026-06-10,C003662,GA,RW-9304,mtb,S,carbon,1,4899,false,
WEB-108054,2026-06-10,C007415,PA,RW-9304,mtb,S,carbon,1,4899,false,
WEB-108056,2026-06-10,C007417,AZ,RW-9304,mtb,S,carbon,1,4899,false,
WEB-108059,2026-06-10,C007419,OR,RW-9304,mtb,S,carbon,1,4899,false,
WEB-108067,2026-06-10,C007427,AZ,RW-9324,mtb,M,base,1,2299,true,2026-06-20
WEB-108078,2026-06-10,C007437,GA,RW-9324,mtb,M,base,1,2299,true,2026-06-19
WEB-108088,2026-06-10,C007444,WA,RW-9324,mtb,M,base,1,2299,true,2026-06-12
WEB-108090,2026-06-10,C007446,WA,RW-9324,mtb,M,base,1,2299,true,2026-06-15
WEB-108100,2026-06-10,C007455,IL,RW-4418,mtb,M,carbon,1,4899,false,
WEB-108116,2026-06-10,C007469,ID,RW-4418,mtb,M,carbon,1,4899,false,
WEB-108132,2026-06-10,C007484,UT,RW-9901,mtb,L,base,1,2299,true,2026-06-18
WEB-108140,2026-06-10,C007491,OR,RW-6416,mtb,L,carbon,1,4899,false,
WEB-108154,2026-06-10,C007503,GA,RW-6416,mtb,L,carbon,1,4899,false,
WEB-108156,2026-06-10,C007505,CA,RW-6416,mtb,L,carbon,1,4899,false,
WEB-107916,2026-06-11,C007289,IL,RW-3980,road,S,carbon,1,3999,true,2026-06-16
WEB-107925,2026-06-11,C007297,GA,RW-3980,road,S,carbon,1,3999,true,2026-06-19
WEB-107926,2026-06-11,C007298,MA,RW-3980,road,S,carbon,1,3999,true,2026-06-21
WEB-107939,2026-06-11,C007310,MI,RW-3980,road,S,carbon,1,3999,true,2026-06-19
WEB-107947,2026-06-11,C007316,ID,RW-9835,road,M,base,1,1899,true,2026-06-18
WEB-107951,2026-06-11,C007320,IL,RW-9835,road,M,base,1,1899,true,2026-06-14
WEB-107952,2026-06-11,C007321,OR,RW-9835,road,M,base,1,1899,true,2026-06-20
WEB-107953,2026-06-11,C007322,CO,RW-9835,road,M,base,1,1899,true,2026-06-19
WEB-107967,2026-06-11,C000932,MT,RW-9835,road,M,base,1,1899,true,2026-06-19
WEB-107968,2026-06-11,C007335,NM,RW-9835,road,M,base,1,1899,true,2026-06-15
WEB-107974,2026-06-11,C007341,ID,RW-9835,road,M,base,1,1899,true,2026-06-14
WEB-107975,2026-06-11,C007342,MN,RW-2984,road,M,carbon,1,3999,true,2026-06-17
WEB-107977,2026-06-11,C007344,ID,RW-2984,road,M,carbon,1,3999,true,2026-06-19
WEB-107982,2026-06-11,C007349,MN,RW-2984,road,M,carbon,1,3999,true,2026-06-17
WEB-107983,2026-06-11,C007350,MN,RW-2984,road,M,carbon,1,3999,true,2026-06-18
WEB-107996,2026-06-11,C007361,PA,RW-7298,road,L,base,1,1899,true,2026-06-15
WEB-108005,2026-06-11,C007370,CO,RW-7298,road,L,base,1,1899,true,2026-06-16
WEB-108009,2026-06-11,C007374,OR,RW-7298,road,L,base,1,1899,true,2026-06-21
WEB-108012,2026-06-11,C007377,WA,RW-1378,road,L,carbon,1,3999,true,2026-06-18
WEB-108015,2026-06-11,C007380,UT,RW-1378,road,L,carbon,1,3999,true,2026-06-17
WEB-108024,2026-06-11,C007389,AZ,RW-1378,road,L,carbon,1,3999,true,2026-06-17
WEB-108028,2026-06-11,C007393,CA,RW-1378,road,L,carbon,1,3999,true,2026-06-21
WEB-108038,2026-06-11,C007403,MI,RW-9304,mtb,S,carbon,1,4899,false,
WEB-108046,2026-06-11,C002618,AZ,RW-9304,mtb,S,carbon,1,4899,false,
WEB-108048,2026-06-11,C003384,ID,RW-9304,mtb,S,carbon,1,4899,false,
WEB-108052,2026-06-11,C007413,NM,RW-9304,mtb,S,carbon,1,4899,false,
WEB-108053,2026-06-11,C007414,CA,RW-9304,mtb,S,carbon,1,4899,false,
WEB-108058,2026-06-11,C002912,MI,RW-9304,mtb,S,carbon,1,4899,false,
WEB-108060,2026-06-11,C007420,CO,RW-9304,mtb,S,carbon,1,4899,false,
WEB-108072,2026-06-11,C007432,MT,RW-9324,mtb,M,base,1,2299,true,2026-06-16
WEB-108080,2026-06-11,C007439,TX,RW-9324,mtb,M,base,1,2299,true,2026-06-15
WEB-108085,2026-06-11,C007443,FL,RW-9324,mtb,M,base,1,2299,true,2026-06-13
WEB-108095,2026-06-11,C007450,MN,RW-9324,mtb,M,base,1,2299,true,2026-06-20
WEB-108102,2026-06-11,C007457,NY,RW-4418,mtb,M,carbon,1,4899,false,
WEB-108109,2026-06-11,C007463,NY,RW-4418,mtb,M,carbon,1,4899,false,
WEB-108114,2026-06-11,C007468,ID,RW-4418,mtb,M,carbon,1,4899,false,
WEB-108117,2026-06-11,C007470,ID,RW-4418,mtb,M,carbon,1,4899,false,
WEB-108121,2026-06-11,C007474,NY,RW-4418,mtb,M,carbon,1,4899,false,
WEB-108128,2026-06-11,C000950,UT,RW-9901,mtb,L,base,1,2299,true,2026-06-14
WEB-108131,2026-06-11,C007483,MN,RW-9901,mtb,L,base,1,2299,true,2026-06-20
WEB-108133,2026-06-11,C007485,GA,RW-9901,mtb,L,base,1,2299,true,2026-06-16
WEB-108137,2026-06-11,C007488,GA,RW-6416,mtb,L,carbon,1,4899,false,
WEB-108155,2026-06-11,C007504,PA,RW-6416,mtb,L,carbon,1,4899,false,
WEB-107918,2026-06-12,C007291,MN,RW-3980,road,S,carbon,1,3999,true,2026-06-22
WEB-107935,2026-06-12,C007307,CO,RW-3980,road,S,carbon,1,3999,true,2026-06-14
WEB-107948,2026-06-12,C007317,ID,RW-9835,road,M,base,1,1899,true,2026-06-14
WEB-107955,2026-06-12,C007323,MI,RW-9835,road,M,base,1,1899,true,2026-06-20
WEB-107957,2026-06-12,C007325,PA,RW-9835,road,M,base,1,1899,true,2026-06-16
WEB-107976,2026-06-12,C007343,PA,RW-2984,road,M,carbon,1,3999,true,2026-06-22
WEB-107985,2026-06-12,C007352,MN,RW-2984,road,M,carbon,1,3999,true,2026-06-21
WEB-107987,2026-06-12,C005270,ID,RW-2984,road,M,carbon,1,3999,true,2026-06-18
WEB-107993,2026-06-12,C007358,MN,RW-2984,road,M,carbon,1,3999,true,2026-06-19
WEB-108008,2026-06-12,C007373,MI,RW-7298,road,L,base,1,1899,true,2026-06-16
WEB-108013,2026-06-12,C007378,CA,RW-1378,road,L,carbon,1,3999,true,2026-06-22
WEB-108017,2026-06-12,C007382,GA,RW-1378,road,L,carbon,1,3999,true,2026-06-19
WEB-108022,2026-06-12,C007387,ID,RW-1378,road,L,carbon,1,3999,true,2026-06-21
WEB-108026,2026-06-12,C007391,IL,RW-1378,road,L,carbon,1,3999,true,2026-06-18
WEB-108064,2026-06-12,C007424,MA,RW-9324,mtb,M,base,1,2299,true,2026-06-18
WEB-108068,2026-06-12,C007428,NY,RW-9324,mtb,M,base,1,2299,true,2026-06-17
WEB-108069,2026-06-12,C007429,UT,RW-9324,mtb,M,base,1,2299,true,2026-06-14
WEB-108071,2026-06-12,C007431,MI,RW-9324,mtb,M,base,1,2299,true,2026-06-14
WEB-108097,2026-06-12,C007452,VT,RW-9324,mtb,M,base,1,2299,true,2026-06-14
WEB-108098,2026-06-12,C007453,MI,RW-9324,mtb,M,base,1,2299,true,2026-06-15
WEB-108107,2026-06-12,C007461,WA,RW-4418,mtb,M,carbon,1,4899,false,
WEB-108110,2026-06-12,C007464,MT,RW-4418,mtb,M,carbon,1,4899,false,
WEB-108136,2026-06-12,C007487,CO,RW-6416,mtb,L,carbon,1,4899,false,
WEB-108141,2026-06-12,C007492,OR,RW-6416,mtb,L,carbon,1,4899,false,
WEB-108142,2026-06-12,C007493,FL,RW-6416,mtb,L,carbon,1,4899,false,
WEB-107922,2026-06-13,C005663,UT,RW-3980,road,S,carbon,1,3999,true,2026-06-18
WEB-107923,2026-06-13,C007295,MI,RW-3980,road,S,carbon,1,3999,true,2026-06-15
WEB-107928,2026-06-13,C007300,AZ,RW-3980,road,S,carbon,1,3999,true,2026-06-20
WEB-107934,2026-06-13,C007306,NC,RW-3980,road,S,carbon,1,3999,true,2026-06-20
WEB-107940,2026-06-13,C007311,UT,RW-3980,road,S,carbon,1,3999,true,2026-06-23
WEB-107942,2026-06-13,C007313,OR,RW-3980,road,S,carbon,1,3999,true,2026-06-18
WEB-107946,2026-06-13,C005505,UT,RW-9835,road,M,base,1,1899,true,2026-06-21
WEB-107949,2026-06-13,C007318,TX,RW-9835,road,M,base,1,1899,true,2026-06-18
WEB-107954,2026-06-13,C003840,NY,RW-9835,road,M,base,1,1899,true,2026-06-15
WEB-107960,2026-06-13,C007328,FL,RW-9835,road,M,base,1,1899,true,2026-06-22
WEB-107971,2026-06-13,C007338,UT,RW-9835,road,M,base,1,1899,true,2026-06-23
WEB-107984,2026-06-13,C007351,VT,RW-2984,road,M,carbon,1,3999,true,2026-06-18
WEB-107998,2026-06-13,C007363,ID,RW-7298,road,L,base,1,1899,true,2026-06-18
WEB-108001,2026-06-13,C007366,PA,RW-7298,road,L,base,1,1899,true,2026-06-19
WEB-108004,2026-06-13,C007369,FL,RW-7298,road,L,base,1,1899,true,2026-06-20
WEB-108016,2026-06-13,C007381,CO,RW-1378,road,L,carbon,1,3999,true,2026-06-23
WEB-108018,2026-06-13,C007383,CA,RW-1378,road,L,carbon,1,3999,true,2026-06-15
WEB-108019,2026-06-13,C007384,NM,RW-1378,road,L,carbon,1,3999,true,2026-06-22
WEB-108029,2026-06-13,C007394,NC,RW-1378,road,L,carbon,1,3999,true,2026-06-19
WEB-108030,2026-06-13,C007395,AZ,RW-1378,road,L,carbon,1,3999,true,2026-06-22
WEB-108032,2026-06-13,C007397,TX,RW-9304,mtb,S,carbon,1,4899,false,
WEB-108033,2026-06-13,C007398,MT,RW-9304,mtb,S,carbon,1,4899,false,
WEB-108043,2026-06-13,C004163,OR,RW-9304,mtb,S,carbon,1,4899,false,
WEB-108047,2026-06-13,C007410,UT,RW-9304,mtb,S,carbon,1,4899,false,
WEB-108049,2026-06-13,C007411,VT,RW-9304,mtb,S,carbon,1,4899,false,
WEB-108063,2026-06-13,C007423,OR,RW-9304,mtb,S,carbon,1,4899,false,
WEB-108073,2026-06-13,C007433,NM,RW-9324,mtb,M,base,1,2299,true,2026-06-17
WEB-108082,2026-06-13,C007441,FL,RW-9324,mtb,M,base,1,2299,true,2026-06-21
WEB-108089,2026-06-13,C007445,WA,RW-9324,mtb,M,base,1,2299,true,2026-06-22
WEB-108092,2026-06-13,C007448,TX,RW-9324,mtb,M,base,1,2299,true,2026-06-15
WEB-108106,2026-06-13,C005466,NY,RW-4418,mtb,M,carbon,1,4899,false,
WEB-108113,2026-06-13,C007467,NY,RW-4418,mtb,M,carbon,1,4899,false,
WEB-108119,2026-06-13,C007472,MT,RW-4418,mtb,M,carbon,1,4899,false,
WEB-108120,2026-06-13,C007473,MA,RW-4418,mtb,M,carbon,1,4899,false,
WEB-108122,2026-06-13,C007475,GA,RW-4418,mtb,M,carbon,1,4899,false,
WEB-108130,2026-06-13,C007482,CA,RW-9901,mtb,L,base,1,2299,true,2026-06-20
WEB-108135,2026-06-13,C007486,OR,RW-9901,mtb,L,base,1,2299,true,2026-06-18
WEB-108145,2026-06-13,C007495,UT,RW-6416,mtb,L,carbon,1,4899,false,
WEB-108151,2026-06-13,C007500,CA,RW-6416,mtb,L,carbon,1,4899,false,
WEB-107920,2026-06-14,C007293,NY,RW-3980,road,S,carbon,1,3999,true,2026-06-24
WEB-107924,2026-06-14,C007296,OR,RW-3980,road,S,carbon,1,3999,true,2026-06-23
WEB-107931,2026-06-14,C007303,AZ,RW-3980,road,S,carbon,1,3999,true,2026-06-22
WEB-107932,2026-06-14,C007304,PA,RW-3980,road,S,carbon,1,3999,true,2026-06-20
WEB-107937,2026-06-14,C002144,UT,RW-3980,road,S,carbon,1,3999,true,2026-06-17
WEB-107944,2026-06-14,C007315,VT,RW-3980,road,S,carbon,1,3999,true,2026-06-19
WEB-107956,2026-06-14,C007324,TX,RW-9835,road,M,base,1,1899,true,2026-06-18
WEB-107962,2026-06-14,C007330,MN,RW-9835,road,M,base,1,1899,true,2026-06-19
WEB-107970,2026-06-14,C007337,NC,RW-9835,road,M,base,1,1899,true,2026-06-21
WEB-107972,2026-06-14,C007339,OR,RW-9835,road,M,base,1,1899,true,2026-06-20
WEB-107981,2026-06-14,C007348,VT,RW-2984,road,M,carbon,1,3999,true,2026-06-17
WEB-107997,2026-06-14,C007362,MA,RW-7298,road,L,base,1,1899,true,2026-06-24
WEB-108000,2026-06-14,C007365,ID,RW-7298,road,L,base,1,1899,true,2026-06-22
WEB-108007,2026-06-14,C007372,OR,RW-7298,road,L,base,1,1899,true,2026-06-19
WEB-108010,2026-06-14,C007375,CA,RW-7298,road,L,base,1,1899,true,2026-06-16
WEB-108014,2026-06-14,C007379,NC,RW-1378,road,L,carbon,1,3999,true,2026-06-22
WEB-108031,2026-06-14,C007396,UT,RW-9304,mtb,S,carbon,1,4899,false,
WEB-108034,2026-06-14,C007399,MT,RW-9304,mtb,S,carbon,1,4899,false,
WEB-108039,2026-06-14,C007404,TX,RW-9304,mtb,S,carbon,1,4899,false,
WEB-108044,2026-06-14,C007408,MA,RW-9304,mtb,S,carbon,1,4899,false,
WEB-108066,2026-06-14,C007426,UT,RW-9324,mtb,M,base,1,2299,true,2026-06-24
WEB-108077,2026-06-14,C007436,FL,RW-9324,mtb,M,base,1,2299,true,2026-06-19
WEB-108104,2026-06-14,C007459,PA,RW-4418,mtb,M,carbon,1,4899,false,
WEB-108112,2026-06-14,C007466,TX,RW-4418,mtb,M,carbon,1,4899,false,
WEB-108115,2026-06-14,C000449,GA,RW-4418,mtb,M,carbon,1,4899,false,
WEB-108118,2026-06-14,C007471,IL,RW-4418,mtb,M,carbon,1,4899,false,
WEB-108125,2026-06-14,C007478,MT,RW-9901,mtb,L,base,1,2299,true,2026-06-19
WEB-108126,2026-06-14,C007479,NM,RW-9901,mtb,L,base,1,2299,true,2026-06-16
WEB-108139,2026-06-14,C007490,OR,RW-6416,mtb,L,carbon,1,4899,false,
WEB-108143,2026-06-14,C003324,CO,RW-6416,mtb,L,carbon,1,4899,false,
WEB-108147,2026-06-14,C006750,CA,RW-6416,mtb,L,carbon,1,4899,false,
WEB-108148,2026-06-14,C007497,UT,RW-6416,mtb,L,carbon,1,4899,false,
WEB-108152,2026-06-14,C007501,FL,RW-6416,mtb,L,carbon,1,4899,false,
WEB-108165,2026-06-15,C007513,CA,RW-3980,road,S,carbon,1,3999,true,2026-06-25
WEB-108167,2026-06-15,C007515,MN,RW-3980,road,S,carbon,1,3999,true,2026-06-20
WEB-108177,2026-06-15,C007525,CO,RW-9835,road,M,base,1,1899,true,2026-06-21
WEB-108210,2026-06-15,C007558,MT,RW-2984,road,M,carbon,1,3999,true,2026-06-17
WEB-108216,2026-06-15,C007564,MA,RW-2984,road,M,carbon,1,3999,true,2026-06-23
WEB-108224,2026-06-15,C007572,UT,RW-2984,road,M,carbon,1,3999,true,2026-06-20
WEB-108235,2026-06-15,C007582,IL,RW-7298,road,L,base,1,1899,true,2026-06-19
WEB-108241,2026-06-15,C004549,IL,RW-7298,road,L,base,1,1899,true,2026-06-23
WEB-108255,2026-06-15,C007601,TX,RW-1378,road,L,carbon,1,3999,true,2026-06-20
WEB-108271,2026-06-15,C007615,NC,RW-9304,mtb,S,carbon,1,4899,false,
WEB-108276,2026-06-15,C007620,TX,RW-9304,mtb,S,carbon,1,4899,false,
WEB-108280,2026-06-15,C007623,NM,RW-9304,mtb,S,carbon,1,4899,false,
WEB-108291,2026-06-15,C007633,VT,RW-9304,mtb,S,carbon,1,4899,false,
WEB-108298,2026-06-15,C002117,NC,RW-9324,mtb,M,base,1,2299,true,2026-06-23
WEB-108301,2026-06-15,C007642,WA,RW-9324,mtb,M,base,1,2299,true,2026-06-22
WEB-108303,2026-06-15,C007644,CA,RW-9324,mtb,M,base,1,2299,true,2026-06-18
WEB-108306,2026-06-15,C007647,MT,RW-9324,mtb,M,base,1,2299,true,2026-06-21
WEB-108312,2026-06-15,C007653,CA,RW-9324,mtb,M,base,1,2299,true,2026-06-23
WEB-108315,2026-06-15,C007655,MI,RW-9324,mtb,M,base,1,2299,true,2026-06-21
WEB-108316,2026-06-15,C007656,CA,RW-9324,mtb,M,base,1,2299,true,2026-06-22
WEB-108318,2026-06-15,C007658,MT,RW-9324,mtb,M,base,1,2299,true,2026-06-25
WEB-108329,2026-06-15,C007668,UT,RW-9324,mtb,M,base,1,2299,true,2026-06-20
WEB-108330,2026-06-15,C007669,GA,RW-9324,mtb,M,base,1,2299,true,2026-06-23
WEB-108345,2026-06-15,C007683,TX,RW-4418,mtb,M,carbon,1,4899,false,
WEB-108357,2026-06-15,C007694,GA,RW-4418,mtb,M,carbon,1,4899,false,
WEB-108374,2026-06-15,C007710,MI,RW-9901,mtb,L,base,1,2299,true,2026-06-20
WEB-108381,2026-06-15,C007717,TX,RW-6416,mtb,L,carbon,1,4899,false,
WEB-108169,2026-06-16,C007517,PA,RW-3980,road,S,carbon,1,3999,true,2026-06-18
WEB-108170,2026-06-16,C007518,PA,RW-3980,road,S,carbon,1,3999,true,2026-06-18
WEB-108172,2026-06-16,C007520,AZ,RW-3980,road,S,carbon,1,3999,true,2026-06-20
WEB-108174,2026-06-16,C007522,GA,RW-3980,road,S,carbon,1,3999,true,2026-06-25
WEB-108175,2026-06-16,C007523,GA,RW-9835,road,M,base,1,1899,true,2026-06-22
WEB-108187,2026-06-16,C007535,OR,RW-9835,road,M,base,1,1899,true,2026-06-19
WEB-108191,2026-06-16,C007539,WA,RW-9835,road,M,base,1,1899,true,2026-06-20
WEB-108192,2026-06-16,C007540,WA,RW-9835,road,M,base,1,1899,true,2026-06-19
WEB-108200,2026-06-16,C007548,NM,RW-9835,road,M,base,1,1899,true,2026-06-18
WEB-108205,2026-06-16,C007553,MT,RW-9835,road,M,base,1,1899,true,2026-06-24
WEB-108206,2026-06-16,C007554,NY,RW-9835,road,M,base,1,1899,true,2026-06-26
WEB-108218,2026-06-16,C007566,MT,RW-2984,road,M,carbon,1,3999,true,2026-06-24
WEB-108221,2026-06-16,C007569,MT,RW-2984,road,M,carbon,1,3999,true,2026-06-26
WEB-108231,2026-06-16,C007578,CA,RW-2984,road,M,carbon,1,3999,true,2026-06-22
WEB-108233,2026-06-16,C007580,CO,RW-2984,road,M,carbon,1,3999,true,2026-06-21
WEB-108240,2026-06-16,C007587,OR,RW-7298,road,L,base,1,1899,true,2026-06-22
WEB-108252,2026-06-16,C007598,NC,RW-1378,road,L,carbon,1,3999,true,2026-06-23
WEB-108258,2026-06-16,C007604,OR,RW-1378,road,L,carbon,1,3999,true,2026-06-22
WEB-108259,2026-06-16,C004741,NC,RW-1378,road,L,carbon,1,3999,true,2026-06-20
WEB-108266,2026-06-16,C007611,AZ,RW-1378,road,L,carbon,1,3999,true,2026-06-24
WEB-108267,2026-06-16,C007612,ID,RW-1378,road,L,carbon,1,3999,true,2026-06-18
WEB-108299,2026-06-16,C007640,VT,RW-9324,mtb,M,base,1,2299,true,2026-06-18
WEB-108300,2026-06-16,C007641,FL,RW-9324,mtb,M,base,1,2299,true,2026-06-26
WEB-108302,2026-06-16,C007643,CO,RW-9324,mtb,M,base,1,2299,true,2026-06-19
WEB-108310,2026-06-16,C007651,MA,RW-9324,mtb,M,base,1,2299,true,2026-06-20
WEB-108319,2026-06-16,C007659,NM,RW-9324,mtb,M,base,1,2299,true,2026-06-24
WEB-108325,2026-06-16,C007664,WA,RW-9324,mtb,M,base,1,2299,true,2026-06-26
WEB-108332,2026-06-16,C007671,CA,RW-9324,mtb,M,base,1,2299,true,2026-06-26
WEB-108340,2026-06-16,C007679,NC,RW-4418,mtb,M,carbon,1,4899,false,
WEB-108352,2026-06-16,C003224,OR,RW-4418,mtb,M,carbon,1,4899,false,
WEB-108370,2026-06-16,C007706,FL,RW-9901,mtb,L,base,1,2299,true,2026-06-18
WEB-108384,2026-06-16,C003219,NY,RW-6416,mtb,L,carbon,1,4899,false,
WEB-108158,2026-06-17,C007507,GA,RW-3980,road,S,carbon,1,3999,true,2026-06-25
WEB-108166,2026-06-17,C007514,MT,RW-3980,road,S,carbon,1,3999,true,2026-06-23
WEB-108178,2026-06-17,C007526,NC,RW-9835,road,M,base,1,1899,true,2026-06-23
WEB-108180,2026-06-17,C007528,MA,RW-9835,road,M,base,1,1899,true,2026-06-19
WEB-108184,2026-06-17,C007532,WA,RW-9835,road,M,base,1,1899,true,2026-06-24
WEB-108188,2026-06-17,C007536,UT,RW-9835,road,M,base,1,1899,true,2026-06-20
WEB-108198,2026-06-17,C007546,MN,RW-9835,road,M,base,1,1899,true,2026-06-24
WEB-108203,2026-06-17,C007551,GA,RW-9835,road,M,base,1,1899,true,2026-06-19
WEB-108209,2026-06-17,C007557,MI,RW-2984,road,M,carbon,1,3999,true,2026-06-21
WEB-108211,2026-06-17,C007559,CA,RW-2984,road,M,carbon,1,3999,true,2026-06-26
WEB-108219,2026-06-17,C007567,NY,RW-2984,road,M,carbon,1,3999,true,2026-06-24
WEB-108220,2026-06-17,C007568,CA,RW-2984,road,M,carbon,1,3999,true,2026-06-22
WEB-108257,2026-06-17,C007603,PA,RW-1378,road,L,carbon,1,3999,true,2026-06-21
WEB-108264,2026-06-17,C007609,MA,RW-1378,road,L,carbon,1,3999,true,2026-06-19
WEB-108265,2026-06-17,C007610,PA,RW-1378,road,L,carbon,1,3999,true,2026-06-27
WEB-108270,2026-06-17,C007614,CO,RW-9304,mtb,S,carbon,1,4899,false,
WEB-108296,2026-06-17,C007638,MT,RW-9304,mtb,S,carbon,1,4899,false,
WEB-108309,2026-06-17,C007650,NM,RW-9324,mtb,M,base,1,2299,true,2026-06-21
WEB-108321,2026-06-17,C007661,MT,RW-9324,mtb,M,base,1,2299,true,2026-06-23
WEB-108327,2026-06-17,C007666,PA,RW-9324,mtb,M,base,1,2299,true,2026-06-20
WEB-108331,2026-06-17,C007670,WA,RW-9324,mtb,M,base,1,2299,true,2026-06-22
WEB-108335,2026-06-17,C007674,VT,RW-4418,mtb,M,carbon,1,4899,false,
WEB-108344,2026-06-17,C007682,PA,RW-4418,mtb,M,carbon,1,4899,false,
WEB-108347,2026-06-17,C007685,MN,RW-4418,mtb,M,carbon,1,4899,false,
WEB-108350,2026-06-17,C007688,MA,RW-4418,mtb,M,carbon,1,4899,false,
WEB-108353,2026-06-17,C007690,PA,RW-4418,mtb,M,carbon,1,4899,false,
WEB-108360,2026-06-17,C007696,NM,RW-4418,mtb,M,carbon,1,4899,false,
WEB-108361,2026-06-17,C007697,FL,RW-4418,mtb,M,carbon,1,4899,false,
WEB-108364,2026-06-17,C007700,NC,RW-9901,mtb,L,base,1,2299,true,2026-06-26
WEB-108376,2026-06-17,C007712,FL,RW-9901,mtb,L,base,1,2299,true,2026-06-21
WEB-108386,2026-06-17,C007721,TX,RW-6416,mtb,L,carbon,1,4899,false,
WEB-108159,2026-06-18,C007508,GA,RW-3980,road,S,carbon,1,3999,true,2026-06-22
WEB-108186,2026-06-18,C007534,ID,RW-9835,road,M,base,1,1899,true,2026-06-28
WEB-108190,2026-06-18,C007538,OR,RW-9835,road,M,base,1,1899,true,2026-06-21
WEB-108195,2026-06-18,C007543,ID,RW-9835,road,M,base,1,1899,true,2026-06-26
WEB-108207,2026-06-18,C007555,AZ,RW-9835,road,M,base,1,1899,true,2026-06-24
WEB-108217,2026-06-18,C007565,IL,RW-2984,road,M,carbon,1,3999,true,2026-06-24
WEB-108223,2026-06-18,C007571,WA,RW-2984,road,M,carbon,1,3999,true,2026-06-25
WEB-108225,2026-06-18,C002289,CA,RW-2984,road,M,carbon,1,3999,true,2026-06-20
WEB-108228,2026-06-18,C007575,GA,RW-2984,road,M,carbon,1,3999,true,2026-06-27
WEB-108242,2026-06-18,C007588,ID,RW-7298,road,L,base,1,1899,true,2026-06-20
WEB-108243,2026-06-18,C007589,NM,RW-7298,road,L,base,1,1899,true,2026-06-24
WEB-108247,2026-06-18,C007593,WA,RW-7298,road,L,base,1,1899,true,2026-06-27
WEB-108248,2026-06-18,C007594,MI,RW-7298,road,L,base,1,1899,true,2026-06-23
WEB-108251,2026-06-18,C007597,UT,RW-1378,road,L,carbon,1,3999,true,2026-06-21
WEB-108254,2026-06-18,C007600,NC,RW-1378,road,L,carbon,1,3999,true,2026-06-21
WEB-108263,2026-06-18,C007608,MI,RW-1378,road,L,carbon,1,3999,true,2026-06-28
WEB-108273,2026-06-18,C007617,VT,RW-9304,mtb,S,carbon,1,4899,false,
WEB-108277,2026-06-18,C001301,NC,RW-9304,mtb,S,carbon,1,4899,false,
WEB-108279,2026-06-18,C007622,NY,RW-9304,mtb,S,carbon,1,4899,false,
WEB-108284,2026-06-18,C007626,NY,RW-9304,mtb,S,carbon,1,4899,false,
WEB-108287,2026-06-18,C007629,ID,RW-9304,mtb,S,carbon,1,4899,false,
WEB-108289,2026-06-18,C007631,FL,RW-9304,mtb,S,carbon,1,4899,false,
WEB-108290,2026-06-18,C007632,UT,RW-9304,mtb,S,carbon,1,4899,false,
WEB-108305,2026-06-18,C007646,VT,RW-9324,mtb,M,base,1,2299,true,2026-06-25
WEB-108308,2026-06-18,C007649,TX,RW-9324,mtb,M,base,1,2299,true,2026-06-25
WEB-108322,2026-06-18,C007662,CO,RW-9324,mtb,M,base,1,2299,true,2026-06-22
WEB-108324,2026-06-18,C007663,WA,RW-9324,mtb,M,base,1,2299,true,2026-06-20
WEB-108336,2026-06-18,C007675,ID,RW-4418,mtb,M,carbon,1,4899,false,
WEB-108337,2026-06-18,C007676,AZ,RW-4418,mtb,M,carbon,1,4899,false,
WEB-108341,2026-06-18,C007680,NY,RW-4418,mtb,M,carbon,1,4899,false,
WEB-108343,2026-06-18,C007681,ID,RW-4418,mtb,M,carbon,1,4899,false,
WEB-108346,2026-06-18,C007684,MA,RW-4418,mtb,M,carbon,1,4899,false,
WEB-108349,2026-06-18,C007687,FL,RW-4418,mtb,M,carbon,1,4899,false,
WEB-108375,2026-06-18,C007711,PA,RW-9901,mtb,L,base,1,2299,true,2026-06-23
WEB-108160,2026-06-19,C007509,ID,RW-3980,road,S,carbon,1,3999,true,2026-06-28
WEB-108163,2026-06-19,C007512,NC,RW-3980,road,S,carbon,1,3999,true,2026-06-21
WEB-108168,2026-06-19,C007516,MN,RW-3980,road,S,carbon,1,3999,true,2026-06-27
WEB-108173,2026-06-19,C007521,FL,RW-3980,road,S,carbon,1,3999,true,2026-06-23
WEB-108181,2026-06-19,C007529,WA,RW-9835,road,M,base,1,1899,true,2026-06-27
WEB-108185,2026-06-19,C007533,NY,RW-9835,road,M,base,1,1899,true,2026-06-21
WEB-108189,2026-06-19,C007537,IL,RW-9835,road,M,base,1,1899,true,2026-06-28
WEB-108199,2026-06-19,C007547,UT,RW-9835,road,M,base,1,1899,true,2026-06-22
WEB-108204,2026-06-19,C007552,WA,RW-9835,road,M,base,1,1899,true,2026-06-21
WEB-108212,2026-06-19,C007560,NC,RW-2984,road,M,carbon,1,3999,true,2026-06-23
WEB-108214,2026-06-19,C007562,OR,RW-2984,road,M,carbon,1,3999,true,2026-06-25
WEB-108227,2026-06-19,C007574,CA,RW-2984,road,M,carbon,1,3999,true,2026-06-23
WEB-108229,2026-06-19,C007576,PA,RW-2984,road,M,carbon,1,3999,true,2026-06-28
WEB-108236,2026-06-19,C007583,AZ,RW-7298,road,L,base,1,1899,true,2026-06-24
WEB-108238,2026-06-19,C007585,MA,RW-7298,road,L,base,1,1899,true,2026-06-24
WEB-108239,2026-06-19,C007586,WA,RW-7298,road,L,base,1,1899,true,2026-06-22
WEB-108245,2026-06-19,C007591,VT,RW-7298,road,L,base,1,1899,true,2026-06-21
WEB-108250,2026-06-19,C007596,MT,RW-1378,road,L,carbon,1,3999,true,2026-06-25
WEB-108260,2026-06-19,C007605,NC,RW-1378,road,L,carbon,1,3999,true,2026-06-23
WEB-108262,2026-06-19,C007607,NC,RW-1378,road,L,carbon,1,3999,true,2026-06-29
WEB-108268,2026-06-19,C007613,PA,RW-1378,road,L,carbon,1,3999,true,2026-06-26
WEB-108278,2026-06-19,C007621,ID,RW-9304,mtb,S,carbon,1,4899,false,
WEB-108282,2026-06-19,C007625,MI,RW-9304,mtb,S,carbon,1,4899,false,
WEB-108283,2026-06-19,C004697,OR,RW-9304,mtb,S,carbon,1,4899,false,
WEB-108285,2026-06-19,C007627,MN,RW-9304,mtb,S,carbon,1,4899,false,
WEB-108297,2026-06-19,C007639,NM,RW-9304,mtb,S,carbon,1,4899,false,
WEB-108304,2026-06-19,C007645,NM,RW-9324,mtb,M,base,1,2299,true,2026-06-22
WEB-108328,2026-06-19,C007667,WA,RW-9324,mtb,M,base,1,2299,true,2026-06-24
WEB-108338,2026-06-19,C007677,PA,RW-4418,mtb,M,carbon,1,4899,false,
WEB-108342,2026-06-19,C002972,ID,RW-4418,mtb,M,carbon,1,4899,false,
WEB-108348,2026-06-19,C007686,MA,RW-4418,mtb,M,carbon,1,4899,false,
WEB-108351,2026-06-19,C007689,WA,RW-4418,mtb,M,carbon,1,4899,false,
WEB-108355,2026-06-19,C007692,IL,RW-4418,mtb,M,carbon,1,4899,false,
WEB-108356,2026-06-19,C007693,OR,RW-4418,mtb,M,carbon,1,4899,false,
WEB-108366,2026-06-19,C007702,ID,RW-9901,mtb,L,base,1,2299,true,2026-06-28
WEB-108372,2026-06-19,C007708,NC,RW-9901,mtb,L,base,1,2299,true,2026-06-27
WEB-108373,2026-06-19,C007709,IL,RW-9901,mtb,L,base,1,2299,true,2026-06-25
WEB-108377,2026-06-19,C007713,MT,RW-6416,mtb,L,carbon,1,4899,false,
WEB-108378,2026-06-19,C007714,MN,RW-6416,mtb,L,carbon,1,4899,false,
WEB-108387,2026-06-19,C007722,UT,RW-6416,mtb,L,carbon,1,4899,false,
WEB-108157,2026-06-20,C007506,VT,RW-3980,road,S,carbon,1,3999,true,2026-06-29
WEB-108161,2026-06-20,C007510,VT,RW-3980,road,S,carbon,1,3999,true,2026-06-30
WEB-108194,2026-06-20,C007542,IL,RW-9835,road,M,base,1,1899,true,2026-06-22
WEB-108196,2026-06-20,C007544,CA,RW-9835,road,M,base,1,1899,true,2026-06-22
WEB-108197,2026-06-20,C007545,ID,RW-9835,road,M,base,1,1899,true,2026-06-24
WEB-108202,2026-06-20,C007550,FL,RW-9835,road,M,base,1,1899,true,2026-06-28
WEB-108208,2026-06-20,C007556,PA,RW-9835,road,M,base,1,1899,true,2026-06-28
WEB-108213,2026-06-20,C007561,VT,RW-2984,road,M,carbon,1,3999,true,2026-06-25
WEB-108222,2026-06-20,C007570,AZ,RW-2984,road,M,carbon,1,3999,true,2026-06-24
WEB-108237,2026-06-20,C007584,ID,RW-7298,road,L,base,1,1899,true,2026-06-27
WEB-108275,2026-06-20,C007619,AZ,RW-9304,mtb,S,carbon,1,4899,false,
WEB-108281,2026-06-20,C007624,NY,RW-9304,mtb,S,carbon,1,4899,false,
WEB-108286,2026-06-20,C007628,NY,RW-9304,mtb,S,carbon,1,4899,false,
WEB-108288,2026-06-20,C007630,GA,RW-9304,mtb,S,carbon,1,4899,false,
WEB-108292,2026-06-20,C007634,ID,RW-9304,mtb,S,carbon,1,4899,false,
WEB-108295,2026-06-20,C007637,NY,RW-9304,mtb,S,carbon,1,4899,false,
WEB-108307,2026-06-20,C007648,CA,RW-9324,mtb,M,base,1,2299,true,2026-06-30
WEB-108320,2026-06-20,C007660,GA,RW-9324,mtb,M,base,1,2299,true,2026-06-30
WEB-108323,2026-06-20,C004648,IL,RW-9324,mtb,M,base,1,2299,true,2026-06-22
WEB-108326,2026-06-20,C007665,ID,RW-9324,mtb,M,base,1,2299,true,2026-06-23
WEB-108339,2026-06-20,C007678,NC,RW-4418,mtb,M,carbon,1,4899,false,
WEB-108358,2026-06-20,C005845,CO,RW-4418,mtb,M,carbon,1,4899,false,
WEB-108359,2026-06-20,C007695,MI,RW-4418,mtb,M,carbon,1,4899,false,
WEB-108363,2026-06-20,C007699,FL,RW-4418,mtb,M,carbon,1,4899,false,
WEB-108365,2026-06-20,C007701,TX,RW-9901,mtb,L,base,1,2299,true,2026-06-25
WEB-108367,2026-06-20,C007703,UT,RW-9901,mtb,L,base,1,2299,true,2026-06-27
WEB-108379,2026-06-20,C007715,NC,RW-6416,mtb,L,carbon,1,4899,false,
WEB-108382,2026-06-20,C007718,OR,RW-6416,mtb,L,carbon,1,4899,false,
WEB-108162,2026-06-21,C007511,PA,RW-3980,road,S,carbon,1,3999,true,2026-06-23
WEB-108164,2026-06-21,C006254,UT,RW-3980,road,S,carbon,1,3999,true,2026-06-25
WEB-108171,2026-06-21,C007519,CO,RW-3980,road,S,carbon,1,3999,true,2026-06-26
WEB-108176,2026-06-21,C007524,AZ,RW-9835,road,M,base,1,1899,true,2026-06-30
WEB-108179,2026-06-21,C007527,CO,RW-9835,road,M,base,1,1899,true,2026-06-26
WEB-108182,2026-06-21,C007530,CA,RW-9835,road,M,base,1,1899,true,2026-06-30
WEB-108183,2026-06-21,C007531,MI,RW-9835,road,M,base,1,1899,true,2026-06-27
WEB-108193,2026-06-21,C007541,MN,RW-9835,road,M,base,1,1899,true,2026-06-25
WEB-108201,2026-06-21,C007549,NC,RW-9835,road,M,base,1,1899,true,2026-06-27
WEB-108215,2026-06-21,C007563,AZ,RW-2984,road,M,carbon,1,3999,true,2026-07-01
WEB-108226,2026-06-21,C007573,GA,RW-2984,road,M,carbon,1,3999,true,2026-06-28
WEB-108230,2026-06-21,C007577,CA,RW-2984,road,M,carbon,1,3999,true,2026-06-24
WEB-108232,2026-06-21,C007579,PA,RW-2984,road,M,carbon,1,3999,true,2026-06-25
WEB-108234,2026-06-21,C007581,VT,RW-7298,road,L,base,1,1899,true,2026-06-26
WEB-108244,2026-06-21,C007590,ID,RW-7298,road,L,base,1,1899,true,2026-06-24
WEB-108246,2026-06-21,C007592,NC,RW-7298,road,L,base,1,1899,true,2026-06-26
WEB-108249,2026-06-21,C007595,WA,RW-1378,road,L,carbon,1,3999,true,2026-06-23
WEB-108253,2026-06-21,C007599,OR,RW-1378,road,L,carbon,1,3999,true,2026-07-01
WEB-108256,2026-06-21,C007602,CA,RW-1378,road,L,carbon,1,3999,true,2026-06-25
WEB-108261,2026-06-21,C007606,PA,RW-1378,road,L,carbon,1,3999,true,2026-06-27
WEB-108269,2026-06-21,C006503,WA,RW-9304,mtb,S,carbon,1,4899,false,
WEB-108272,2026-06-21,C007616,NC,RW-9304,mtb,S,carbon,1,4899,false,
WEB-108274,2026-06-21,C007618,GA,RW-9304,mtb,S,carbon,1,4899,false,
WEB-108293,2026-06-21,C007635,MI,RW-9304,mtb,S,carbon,1,4899,false,
WEB-108294,2026-06-21,C007636,UT,RW-9304,mtb,S,carbon,1,4899,false,
WEB-108311,2026-06-21,C007652,UT,RW-9324,mtb,M,base,1,2299,true,2026-06-28
WEB-108313,2026-06-21,C007654,VT,RW-9324,mtb,M,base,1,2299,true,2026-06-26
WEB-108314,2026-06-21,C007102,WA,RW-9324,mtb,M,base,1,2299,true,2026-06-23
WEB-108317,2026-06-21,C007657,MA,RW-9324,mtb,M,base,1,2299,true,2026-06-28
WEB-108333,2026-06-21,C007672,PA,RW-9324,mtb,M,base,1,2299,true,2026-06-27
WEB-108334,2026-06-21,C007673,MN,RW-4418,mtb,M,carbon,1,4899,false,
WEB-108354,2026-06-21,C007691,AZ,RW-4418,mtb,M,carbon,1,4899,false,
WEB-108362,2026-06-21,C007698,TX,RW-4418,mtb,M,carbon,1,4899,false,
WEB-108368,2026-06-21,C007704,AZ,RW-9901,mtb,L,base,1,2299,true,2026-07-01
WEB-108369,2026-06-21,C007705,GA,RW-9901,mtb,L,base,1,2299,true,2026-06-25
WEB-108371,2026-06-21,C007707,NY,RW-9901,mtb,L,base,1,2299,true,2026-06-24
WEB-108380,2026-06-21,C007716,PA,RW-6416,mtb,L,carbon,1,4899,false,
WEB-108383,2026-06-21,C007719,MT,RW-6416,mtb,L,carbon,1,4899,false,
WEB-108385,2026-06-21,C007720,MN,RW-6416,mtb,L,carbon,1,4899,false,
WEB-108389,2026-06-22,C007724,UT,RW-3980,road,S,carbon,1,3999,false,
WEB-108413,2026-06-22,C007747,AZ,RW-9835,road,M,base,1,1899,true,2026-06-27
WEB-108438,2026-06-22,C007771,MI,RW-2984,road,M,carbon,1,3999,true,2026-06-30
WEB-108442,2026-06-22,C007775,OR,RW-2984,road,M,carbon,1,3999,true,2026-07-01
WEB-108452,2026-06-22,C002180,AZ,RW-2984,road,M,carbon,1,3999,true,2026-07-02
WEB-108457,2026-06-22,C007787,WA,RW-2984,road,M,carbon,1,3999,true,2026-06-30
WEB-108458,2026-06-22,C007788,MI,RW-2984,road,M,carbon,1,3999,true,2026-07-02
WEB-108460,2026-06-22,C007790,OR,RW-2984,road,M,carbon,1,3999,true,2026-06-30
WEB-108462,2026-06-22,C007792,IL,RW-2984,road,M,carbon,1,3999,true,2026-06-25
WEB-108477,2026-06-22,C007807,MA,RW-7298,road,L,base,1,1899,true,2026-07-02
WEB-108486,2026-06-22,C007814,IL,RW-1378,road,L,carbon,1,3999,true,2026-06-29
WEB-108489,2026-06-22,C007817,MI,RW-1378,road,L,carbon,1,3999,true,2026-07-01
WEB-108498,2026-06-22,C007826,MN,RW-9304,mtb,S,carbon,1,4899,false,
WEB-108509,2026-06-22,C007835,FL,RW-9304,mtb,S,carbon,1,4899,false,
WEB-108518,2026-06-22,C007844,MA,RW-9304,mtb,S,carbon,1,4899,false,
WEB-108536,2026-06-22,C007859,MT,RW-9324,mtb,M,base,1,2299,true,2026-06-30
WEB-108541,2026-06-22,C007863,MT,RW-9324,mtb,M,base,1,2299,true,2026-06-29
WEB-108546,2026-06-22,C007868,MI,RW-4418,mtb,M,carbon,1,4899,false,
WEB-108552,2026-06-22,C007873,NM,RW-4418,mtb,M,carbon,1,4899,false,
WEB-108555,2026-06-22,C007876,NC,RW-4418,mtb,M,carbon,1,4899,false,
WEB-108562,2026-06-22,C007883,NM,RW-4418,mtb,M,carbon,1,4899,false,
WEB-108563,2026-06-22,C007884,AZ,RW-4418,mtb,M,carbon,1,4899,false,
WEB-108568,2026-06-22,C007888,GA,RW-9901,mtb,L,base,1,2299,false,
WEB-108570,2026-06-22,C002592,MA,RW-9901,mtb,L,base,1,2299,false,
WEB-108574,2026-06-22,C007892,MN,RW-9901,mtb,L,base,1,2299,false,
WEB-108575,2026-06-22,C007893,FL,RW-9901,mtb,L,base,1,2299,false,
WEB-108576,2026-06-22,C007894,TX,RW-9901,mtb,L,base,1,2299,false,
WEB-108577,2026-06-22,C007895,UT,RW-9901,mtb,L,base,1,2299,false,
WEB-108581,2026-06-22,C007898,TX,RW-9901,mtb,L,base,1,2299,false,
WEB-108585,2026-06-22,C007901,AZ,RW-9901,mtb,L,base,1,2299,false,
WEB-108587,2026-06-22,C007903,MI,RW-9901,mtb,L,base,1,2299,false,
WEB-108588,2026-06-22,C007904,VT,RW-9901,mtb,L,base,1,2299,false,
WEB-108590,2026-06-22,C007906,OR,RW-6416,mtb,L,carbon,1,4899,false,
WEB-108591,2026-06-22,C007907,MA,RW-6416,mtb,L,carbon,1,4899,false,
WEB-108592,2026-06-22,C007908,CA,RW-6416,mtb,L,carbon,1,4899,false,
WEB-108395,2026-06-23,C007730,OR,RW-3980,road,S,carbon,1,3999,false,
WEB-108400,2026-06-23,C007734,NC,RW-3980,road,S,carbon,1,3999,false,
WEB-108409,2026-06-23,C007743,CA,RW-9835,road,M,base,1,1899,true,2026-06-28
WEB-108411,2026-06-23,C007745,FL,RW-9835,road,M,base,1,1899,true,2026-07-01
WEB-108415,2026-06-23,C007749,GA,RW-9835,road,M,base,1,1899,true,2026-06-29
WEB-108423,2026-06-23,C007756,MN,RW-9835,road,M,base,1,1899,true,2026-06-29
WEB-108429,2026-06-23,C007762,AZ,RW-9835,road,M,base,1,1899,true,2026-06-28
WEB-108437,2026-06-23,C007770,MA,RW-2984,road,M,carbon,1,3999,true,2026-06-30
WEB-108443,2026-06-23,C007776,ID,RW-2984,road,M,carbon,1,3999,true,2026-07-03
WEB-108446,2026-06-23,C007779,MT,RW-2984,road,M,carbon,1,3999,true,2026-07-01
WEB-108449,2026-06-23,C007782,VT,RW-2984,road,M,carbon,1,3999,true,2026-07-03
WEB-108450,2026-06-23,C007783,TX,RW-2984,road,M,carbon,1,3999,true,2026-06-25
WEB-108455,2026-06-23,C007786,UT,RW-2984,road,M,carbon,1,3999,true,2026-06-26
WEB-108464,2026-06-23,C007794,PA,RW-7298,road,L,base,1,1899,true,2026-06-28
WEB-108469,2026-06-23,C007799,CO,RW-7298,road,L,base,1,1899,true,2026-06-28
WEB-108474,2026-06-23,C007804,AZ,RW-7298,road,L,base,1,1899,true,2026-06-27
WEB-108476,2026-06-23,C007806,OR,RW-7298,road,L,base,1,1899,true,2026-06-29
WEB-108478,2026-06-23,C007808,NC,RW-1378,road,L,carbon,1,3999,true,2026-07-01
WEB-108487,2026-06-23,C007815,VT,RW-1378,road,L,carbon,1,3999,true,2026-06-25
WEB-108494,2026-06-23,C007822,GA,RW-9304,mtb,S,carbon,1,4899,false,
WEB-108512,2026-06-23,C007838,GA,RW-9304,mtb,S,carbon,1,4899,false,
WEB-108516,2026-06-23,C007842,ID,RW-9304,mtb,S,carbon,1,4899,false,
WEB-108517,2026-06-23,C007843,FL,RW-9304,mtb,S,carbon,1,4899,false,
WEB-108539,2026-06-23,C006936,NC,RW-9324,mtb,M,base,1,2299,true,2026-07-02
WEB-108542,2026-06-23,C007864,NY,RW-9324,mtb,M,base,1,2299,true,2026-06-28
WEB-108554,2026-06-23,C007875,TX,RW-4418,mtb,M,carbon,1,4899,false,
WEB-108578,2026-06-23,C007896,NY,RW-9901,mtb,L,base,1,2299,false,
WEB-108579,2026-06-23,C007897,NC,RW-9901,mtb,L,base,1,2299,false,
WEB-108583,2026-06-23,C007899,MT,RW-9901,mtb,L,base,1,2299,false,
WEB-108594,2026-06-23,C007910,WA,RW-6416,mtb,L,carbon,1,4899,false,
WEB-108597,2026-06-23,C007913,VT,RW-6416,mtb,L,carbon,1,4899,false,
WEB-108607,2026-06-23,C007922,TX,RW-6416,mtb,L,carbon,1,4899,false,
WEB-108608,2026-06-23,C007923,MA,RW-6416,mtb,L,carbon,1,4899,false,
WEB-108402,2026-06-24,C007736,GA,RW-3980,road,S,carbon,1,3999,false,
WEB-108405,2026-06-24,C007739,NY,RW-3980,road,S,carbon,1,3999,false,
WEB-108412,2026-06-24,C007746,CA,RW-9835,road,M,base,1,1899,true,2026-06-27
WEB-108417,2026-06-24,C007751,VT,RW-9835,road,M,base,1,1899,true,2026-06-27
WEB-108419,2026-06-24,C007753,FL,RW-9835,road,M,base,1,1899,true,2026-07-01
WEB-108427,2026-06-24,C007760,NY,RW-9835,road,M,base,1,1899,true,2026-07-01
WEB-108433,2026-06-24,C007766,MT,RW-9835,road,M,base,1,1899,true,2026-07-02
WEB-108435,2026-06-24,C007768,OR,RW-2984,road,M,carbon,1,3999,true,2026-06-30
WEB-108440,2026-06-24,C007773,GA,RW-2984,road,M,carbon,1,3999,true,2026-07-02
WEB-108444,2026-06-24,C007777,TX,RW-2984,road,M,carbon,1,3999,true,2026-07-01
WEB-108445,2026-06-24,C007778,NC,RW-2984,road,M,carbon,1,3999,true,2026-06-30
WEB-108447,2026-06-24,C007780,AZ,RW-2984,road,M,carbon,1,3999,true,2026-07-04
WEB-108451,2026-06-24,C007784,VT,RW-2984,road,M,carbon,1,3999,true,2026-07-04
WEB-108456,2026-06-24,C006169,WA,RW-2984,road,M,carbon,1,3999,true,2026-06-28
WEB-108461,2026-06-24,C007791,AZ,RW-2984,road,M,carbon,1,3999,true,2026-07-01
WEB-108475,2026-06-24,C007805,CO,RW-7298,road,L,base,1,1899,true,2026-07-01
WEB-108485,2026-06-24,C000483,CA,RW-1378,road,L,carbon,1,3999,true,2026-06-29
WEB-108504,2026-06-24,C007832,TX,RW-9304,mtb,S,carbon,1,4899,false,
WEB-108505,2026-06-24,C007833,MA,RW-9304,mtb,S,carbon,1,4899,false,
WEB-108507,2026-06-24,C006543,AZ,RW-9304,mtb,S,carbon,1,4899,false,
WEB-108511,2026-06-24,C007837,MT,RW-9304,mtb,S,carbon,1,4899,false,
WEB-108515,2026-06-24,C007841,CO,RW-9304,mtb,S,carbon,1,4899,false,
WEB-108521,2026-06-24,C005660,NM,RW-9324,mtb,M,base,1,2299,true,2026-07-01
WEB-108522,2026-06-24,C007847,NC,RW-9324,mtb,M,base,1,2299,true,2026-07-04
WEB-108528,2026-06-24,C007853,GA,RW-9324,mtb,M,base,1,2299,true,2026-07-04
WEB-108531,2026-06-24,C007855,MI,RW-9324,mtb,M,base,1,2299,true,2026-07-02
WEB-108534,2026-06-24,C007858,UT,RW-9324,mtb,M,base,1,2299,true,2026-07-01
WEB-108540,2026-06-24,C007862,NM,RW-9324,mtb,M,base,1,2299,true,2026-06-29
WEB-108544,2026-06-24,C007866,NY,RW-9324,mtb,M,base,1,2299,true,2026-07-02
WEB-108547,2026-06-24,C007869,OR,RW-4418,mtb,M,carbon,1,4899,false,
WEB-108553,2026-06-24,C007874,GA,RW-4418,mtb,M,carbon,1,4899,false,
WEB-108559,2026-06-24,C007880,FL,RW-4418,mtb,M,carbon,1,4899,false,
WEB-108565,2026-06-24,C005499,MT,RW-4418,mtb,M,carbon,1,4899,false,
WEB-108572,2026-06-24,C007890,MT,RW-9901,mtb,L,base,1,2299,false,
WEB-108601,2026-06-24,C007917,MI,RW-6416,mtb,L,carbon,1,4899,false,
WEB-108603,2026-06-24,C007919,OR,RW-6416,mtb,L,carbon,1,4899,false,
WEB-108613,2026-06-24,C007928,MA,RW-6416,mtb,L,carbon,1,4899,false,
WEB-108391,2026-06-25,C007726,ID,RW-3980,road,S,carbon,1,3999,false,
WEB-108392,2026-06-25,C007727,NY,RW-3980,road,S,carbon,1,3999,false,
WEB-108396,2026-06-25,C007731,MI,RW-3980,road,S,carbon,1,3999,false,
WEB-108399,2026-06-25,C007644,GA,RW-3980,road,S,carbon,1,3999,false,
WEB-108424,2026-06-25,C007757,ID,RW-9835,road,M,base,1,1899,true,2026-06-29
WEB-108428,2026-06-25,C007761,AZ,RW-9835,road,M,base,1,1899,true,2026-07-05
WEB-108431,2026-06-25,C007764,CA,RW-9835,road,M,base,1,1899,true,2026-06-27
WEB-108432,2026-06-25,C007765,FL,RW-9835,road,M,base,1,1899,true,2026-07-05
WEB-108434,2026-06-25,C007767,PA,RW-2984,road,M,carbon,1,3999,true,2026-06-30
WEB-108453,2026-06-25,C007785,VT,RW-2984,road,M,carbon,1,3999,true,2026-06-27
WEB-108466,2026-06-25,C007796,CO,RW-7298,road,L,base,1,1899,true,2026-06-29
WEB-108482,2026-06-25,C007811,MA,RW-1378,road,L,carbon,1,3999,true,2026-07-04
WEB-108488,2026-06-25,C007816,VT,RW-1378,road,L,carbon,1,3999,true,2026-06-29
WEB-108490,2026-06-25,C007818,WA,RW-1378,road,L,carbon,1,3999,true,2026-06-29
WEB-108495,2026-06-25,C007823,MI,RW-9304,mtb,S,carbon,1,4899,false,
WEB-108497,2026-06-25,C007825,CO,RW-9304,mtb,S,carbon,1,4899,false,
WEB-108499,2026-06-25,C007827,CO,RW-9304,mtb,S,carbon,1,4899,false,
WEB-108502,2026-06-25,C007830,GA,RW-9304,mtb,S,carbon,1,4899,false,
WEB-108508,2026-06-25,C000427,TX,RW-9304,mtb,S,carbon,1,4899,false,
WEB-108513,2026-06-25,C007839,MA,RW-9304,mtb,S,carbon,1,4899,false,
WEB-108550,2026-06-25,C007872,NM,RW-4418,mtb,M,carbon,1,4899,false,
WEB-108571,2026-06-25,C007889,OR,RW-9901,mtb,L,base,1,2299,false,
WEB-108586,2026-06-25,C007902,VT,RW-9901,mtb,L,base,1,2299,false,
WEB-108589,2026-06-25,C007905,IL,RW-6416,mtb,L,carbon,1,4899,false,
WEB-108606,2026-06-25,C007921,ID,RW-6416,mtb,L,carbon,1,4899,false,
WEB-108609,2026-06-25,C007924,FL,RW-6416,mtb,L,carbon,1,4899,false,
WEB-108388,2026-06-26,C007723,PA,RW-3980,road,S,carbon,1,3999,false,
WEB-108393,2026-06-26,C007728,NY,RW-3980,road,S,carbon,1,3999,false,
WEB-108401,2026-06-26,C007735,CO,RW-3980,road,S,carbon,1,3999,false,
WEB-108403,2026-06-26,C007737,FL,RW-3980,road,S,carbon,1,3999,false,
WEB-108407,2026-06-26,C007741,PA,RW-3980,road,S,carbon,1,3999,false,
WEB-108408,2026-06-26,C007742,UT,RW-9835,road,M,base,1,1899,true,2026-07-02
WEB-108410,2026-06-26,C007744,ID,RW-9835,road,M,base,1,1899,true,2026-07-06
WEB-108420,2026-06-26,C007754,FL,RW-9835,road,M,base,1,1899,true,2026-06-28
WEB-108441,2026-06-26,C007774,CO,RW-2984,road,M,carbon,1,3999,true,2026-07-01
WEB-108448,2026-06-26,C007781,NY,RW-2984,road,M,carbon,1,3999,true,2026-06-29
WEB-108467,2026-06-26,C007797,MT,RW-7298,road,L,base,1,1899,true,2026-07-06
WEB-108468,2026-06-26,C007798,AZ,RW-7298,road,L,base,1,1899,true,2026-06-28
WEB-108480,2026-06-26,C007809,MI,RW-1378,road,L,carbon,1,3999,true,2026-07-06
WEB-108492,2026-06-26,C007820,MT,RW-1378,road,L,carbon,1,3999,true,2026-07-04
WEB-108493,2026-06-26,C007821,VT,RW-9304,mtb,S,carbon,1,4899,false,
WEB-108496,2026-06-26,C007824,MA,RW-9304,mtb,S,carbon,1,4899,false,
WEB-108503,2026-06-26,C007831,MI,RW-9304,mtb,S,carbon,1,4899,false,
WEB-108525,2026-06-26,C007850,ID,RW-9324,mtb,M,base,1,2299,true,2026-07-01
WEB-108527,2026-06-26,C007852,MA,RW-9324,mtb,M,base,1,2299,true,2026-07-06
WEB-108532,2026-06-26,C007856,MT,RW-9324,mtb,M,base,1,2299,true,2026-06-30
WEB-108535,2026-06-26,C000517,CO,RW-9324,mtb,M,base,1,2299,true,2026-07-04
WEB-108537,2026-06-26,C007860,OR,RW-9324,mtb,M,base,1,2299,true,2026-07-01
WEB-108538,2026-06-26,C007861,CO,RW-9324,mtb,M,base,1,2299,true,2026-06-30
WEB-108548,2026-06-26,C007870,CO,RW-4418,mtb,M,carbon,1,4899,false,
WEB-108549,2026-06-26,C007871,VT,RW-4418,mtb,M,carbon,1,4899,false,
WEB-108557,2026-06-26,C007878,FL,RW-4418,mtb,M,carbon,1,4899,false,
WEB-108560,2026-06-26,C007881,MA,RW-4418,mtb,M,carbon,1,4899,false,
WEB-108564,2026-06-26,C007885,FL,RW-4418,mtb,M,carbon,1,4899,false,
WEB-108566,2026-06-26,C007886,UT,RW-4418,mtb,M,carbon,1,4899,false,
WEB-108580,2026-06-26,C002796,ID,RW-9901,mtb,L,base,1,2299,false,
WEB-108598,2026-06-26,C007914,UT,RW-6416,mtb,L,carbon,1,4899,false,
WEB-108604,2026-06-26,C007920,VT,RW-6416,mtb,L,carbon,1,4899,false,
WEB-108612,2026-06-26,C007927,PA,RW-6416,mtb,L,carbon,1,4899,false,
WEB-108614,2026-06-26,C007929,OR,RW-6416,mtb,L,carbon,1,4899,false,
WEB-108616,2026-06-26,C007931,MA,RW-6416,mtb,L,carbon,1,4899,false,
WEB-108617,2026-06-26,C007932,AZ,RW-6416,mtb,L,carbon,1,4899,false,
WEB-108398,2026-06-27,C007733,MT,RW-3980,road,S,carbon,1,3999,false,
WEB-108404,2026-06-27,C007738,IL,RW-3980,road,S,carbon,1,3999,false,
WEB-108406,2026-06-27,C007740,NM,RW-3980,road,S,carbon,1,3999,false,
WEB-108414,2026-06-27,C007748,OR,RW-9835,road,M,base,1,1899,true,2026-06-30
WEB-108416,2026-06-27,C007750,NY,RW-9835,road,M,base,1,1899,true,2026-07-07
WEB-108425,2026-06-27,C007758,GA,RW-9835,road,M,base,1,1899,true,2026-07-07
WEB-108426,2026-06-27,C007759,MA,RW-9835,road,M,base,1,1899,true,2026-07-02
WEB-108430,2026-06-27,C007763,MT,RW-9835,road,M,base,1,1899,true,2026-07-06
WEB-108436,2026-06-27,C007769,AZ,RW-2984,road,M,carbon,1,3999,true,2026-07-03
WEB-108463,2026-06-27,C007793,VT,RW-2984,road,M,carbon,1,3999,true,2026-07-04
WEB-108465,2026-06-27,C007795,MN,RW-7298,road,L,base,1,1899,true,2026-07-05
WEB-108470,2026-06-27,C007800,WA,RW-7298,road,L,base,1,1899,true,2026-07-02
WEB-108472,2026-06-27,C007802,CA,RW-7298,road,L,base,1,1899,true,2026-06-30
WEB-108479,2026-06-27,C000817,NC,RW-1378,road,L,carbon,1,3999,true,2026-06-29
WEB-108481,2026-06-27,C007810,WA,RW-1378,road,L,carbon,1,3999,true,2026-07-04
WEB-108483,2026-06-27,C007812,OR,RW-1378,road,L,carbon,1,3999,true,2026-07-05
WEB-108484,2026-06-27,C007813,MT,RW-1378,road,L,carbon,1,3999,true,2026-07-05
WEB-108501,2026-06-27,C007829,NM,RW-9304,mtb,S,carbon,1,4899,false,
WEB-108506,2026-06-27,C007834,CO,RW-9304,mtb,S,carbon,1,4899,false,
WEB-108510,2026-06-27,C007836,UT,RW-9304,mtb,S,carbon,1,4899,false,
WEB-108514,2026-06-27,C007840,MN,RW-9304,mtb,S,carbon,1,4899,false,
WEB-108519,2026-06-27,C007845,MN,RW-9324,mtb,M,base,1,2299,true,2026-07-05
WEB-108523,2026-06-27,C007848,IL,RW-9324,mtb,M,base,1,2299,true,2026-07-05
WEB-108524,2026-06-27,C007849,WA,RW-9324,mtb,M,base,1,2299,true,2026-06-29
WEB-108526,2026-06-27,C007851,GA,RW-9324,mtb,M,base,1,2299,true,2026-06-30
WEB-108529,2026-06-27,C007854,OR,RW-9324,mtb,M,base,1,2299,true,2026-07-01
WEB-108533,2026-06-27,C007857,GA,RW-9324,mtb,M,base,1,2299,true,2026-06-30
WEB-108543,2026-06-27,C007865,CO,RW-9324,mtb,M,base,1,2299,true,2026-07-05
WEB-108556,2026-06-27,C007877,NC,RW-4418,mtb,M,carbon,1,4899,false,
WEB-108561,2026-06-27,C007882,MT,RW-4418,mtb,M,carbon,1,4899,false,
WEB-108567,2026-06-27,C007887,MA,RW-4418,mtb,M,carbon,1,4899,false,
WEB-108582,2026-06-27,C001566,UT,RW-9901,mtb,L,base,1,2299,false,
WEB-108593,2026-06-27,C007909,AZ,RW-6416,mtb,L,carbon,1,4899,false,
WEB-108602,2026-06-27,C007918,NC,RW-6416,mtb,L,carbon,1,4899,false,
WEB-108605,2026-06-27,C005465,OR,RW-6416,mtb,L,carbon,1,4899,false,
WEB-108611,2026-06-27,C007926,WA,RW-6416,mtb,L,carbon,1,4899,false,
WEB-108615,2026-06-27,C007930,NM,RW-6416,mtb,L,carbon,1,4899,false,
WEB-108618,2026-06-27,C007933,UT,RW-6416,mtb,L,carbon,1,4899,false,
WEB-108390,2026-06-28,C007725,FL,RW-3980,road,S,carbon,1,3999,false,
WEB-108394,2026-06-28,C007729,GA,RW-3980,road,S,carbon,1,3999,false,
WEB-108397,2026-06-28,C007732,GA,RW-3980,road,S,carbon,1,3999,false,
WEB-108418,2026-06-28,C007752,NC,RW-9835,road,M,base,1,1899,true,2026-06-30
WEB-108421,2026-06-28,C006058,NY,RW-9835,road,M,base,1,1899,true,2026-07-06
WEB-108422,2026-06-28,C007755,CA,RW-9835,road,M,base,1,1899,true,2026-07-04
WEB-108439,2026-06-28,C007772,AZ,RW-2984,road,M,carbon,1,3999,true,2026-07-05
WEB-108454,2026-06-28,C003812,ID,RW-2984,road,M,carbon,1,3999,true,2026-07-06
WEB-108459,2026-06-28,C007789,NC,RW-2984,road,M,carbon,1,3999,true,2026-06-30
WEB-108471,2026-06-28,C007801,IL,RW-7298,road,L,base,1,1899,true,2026-07-01
WEB-108473,2026-06-28,C007803,MI,RW-7298,road,L,base,1,1899,true,2026-07-07
WEB-108491,2026-06-28,C007819,FL,RW-1378,road,L,carbon,1,3999,true,2026-07-03
WEB-108500,2026-06-28,C007828,MA,RW-9304,mtb,S,carbon,1,4899,false,
WEB-108520,2026-06-28,C007846,NM,RW-9324,mtb,M,base,1,2299,true,2026-07-01
WEB-108530,2026-06-28,C000770,FL,RW-9324,mtb,M,base,1,2299,true,2026-07-07
WEB-108545,2026-06-28,C007867,WA,RW-9324,mtb,M,base,1,2299,true,2026-07-01
WEB-108551,2026-06-28,C000077,GA,RW-4418,mtb,M,carbon,1,4899,false,
WEB-108558,2026-06-28,C007879,CO,RW-4418,mtb,M,carbon,1,4899,false,
WEB-108569,2026-06-28,C004742,NM,RW-9901,mtb,L,base,1,2299,false,
WEB-108573,2026-06-28,C007891,MA,RW-9901,mtb,L,base,1,2299,false,
WEB-108584,2026-06-28,C007900,CO,RW-9901,mtb,L,base,1,2299,false,
WEB-108595,2026-06-28,C007911,AZ,RW-6416,mtb,L,carbon,1,4899,false,
WEB-108596,2026-06-28,C007912,MN,RW-6416,mtb,L,carbon,1,4899,false,
WEB-108599,2026-06-28,C007915,VT,RW-6416,mtb,L,carbon,1,4899,false,
WEB-108600,2026-06-28,C007916,MA,RW-6416,mtb,L,carbon,1,4899,false,
WEB-108610,2026-06-28,C007925,MI,RW-6416,mtb,L,carbon,1,4899,false,
WEB-108631,2026-06-29,C007946,UT,RW-3980,road,S,carbon,1,3999,false,
WEB-108637,2026-06-29,C007952,CA,RW-3980,road,S,carbon,1,3999,false,
WEB-108639,2026-06-29,C002756,ID,RW-3980,road,S,carbon,1,3999,false,
WEB-108641,2026-06-29,C007954,ID,RW-9835,road,M,base,1,1899,true,2026-07-07
WEB-108642,2026-06-29,C007955,CO,RW-9835,road,M,base,1,1899,true,2026-07-03
WEB-108646,2026-06-29,C007958,GA,RW-9835,road,M,base,1,1899,true,2026-07-09
WEB-108647,2026-06-29,C007959,FL,RW-9835,road,M,base,1,1899,true,2026-07-03
WEB-108651,2026-06-29,C007963,NC,RW-9835,road,M,base,1,1899,true,2026-07-01
WEB-108652,2026-06-29,C007964,NY,RW-9835,road,M,base,1,1899,true,2026-07-05
WEB-108656,2026-06-29,C007968,NM,RW-9835,road,M,base,1,1899,true,2026-07-07
WEB-108657,2026-06-29,C007969,ID,RW-9835,road,M,base,1,1899,true,2026-07-07
WEB-108661,2026-06-29,C007973,NM,RW-9835,road,M,base,1,1899,true,2026-07-07
WEB-108664,2026-06-29,C007976,CO,RW-9835,road,M,base,1,1899,true,2026-07-05
WEB-108671,2026-06-29,C004240,WA,RW-9835,road,M,base,1,1899,true,2026-07-06
WEB-108672,2026-06-29,C007983,MI,RW-9835,road,M,base,1,1899,true,2026-07-05
WEB-108676,2026-06-29,C007987,FL,RW-2984,road,M,carbon,1,3999,true,2026-07-03
WEB-108679,2026-06-29,C007989,MI,RW-2984,road,M,carbon,1,3999,true,2026-07-02
WEB-108681,2026-06-29,C007990,TX,RW-2984,road,M,carbon,1,3999,true,2026-07-04
WEB-108705,2026-06-29,C008010,MA,RW-7298,road,L,base,1,1899,true,2026-07-05
WEB-108719,2026-06-29,C008022,IL,RW-7298,road,L,base,1,1899,true,2026-07-06
WEB-108721,2026-06-29,C008024,TX,RW-1378,road,L,carbon,1,3999,true,2026-07-03
WEB-108739,2026-06-29,C008041,PA,RW-1378,road,L,carbon,1,3999,true,2026-07-03
WEB-108745,2026-06-29,C008047,PA,RW-1378,road,L,carbon,1,3999,true,2026-07-01
WEB-108754,2026-06-29,C008056,GA,RW-9304,mtb,S,carbon,1,4899,false,
WEB-108761,2026-06-29,C008063,ID,RW-9304,mtb,S,carbon,1,4899,false,
WEB-108764,2026-06-29,C008066,WA,RW-9304,mtb,S,carbon,1,4899,false,
WEB-108773,2026-06-29,C008075,MA,RW-9304,mtb,S,carbon,1,4899,false,
WEB-108776,2026-06-29,C008078,ID,RW-9324,mtb,M,base,1,2299,true,2026-07-01
WEB-108778,2026-06-29,C008080,OR,RW-9324,mtb,M,base,1,2299,true,2026-07-03
WEB-108785,2026-06-29,C008087,MI,RW-9324,mtb,M,base,1,2299,true,2026-07-06
WEB-108789,2026-06-29,C008091,MT,RW-9324,mtb,M,base,1,2299,true,2026-07-09
WEB-108798,2026-06-29,C008100,CA,RW-9324,mtb,M,base,1,2299,true,2026-07-01
WEB-108813,2026-06-29,C008113,MN,RW-4418,mtb,M,carbon,1,4899,false,
WEB-108820,2026-06-29,C008119,MA,RW-4418,mtb,M,carbon,1,4899,false,
WEB-108828,2026-06-29,C000438,PA,RW-9901,mtb,L,base,1,2299,false,
WEB-108829,2026-06-29,C008126,OR,RW-9901,mtb,L,base,1,2299,false,
WEB-108830,2026-06-29,C008127,WA,RW-9901,mtb,L,base,1,2299,false,
WEB-108833,2026-06-29,C008130,ID,RW-9901,mtb,L,base,1,2299,false,
WEB-108845,2026-06-29,C008141,MI,RW-6416,mtb,L,carbon,1,4899,false,
WEB-108855,2026-06-29,C008151,GA,RW-6416,mtb,L,carbon,1,4899,false,
WEB-108634,2026-06-30,C007949,IL,RW-3980,road,S,carbon,1,3999,false,
WEB-108640,2026-06-30,C007953,GA,RW-3980,road,S,carbon,1,3999,false,
WEB-108649,2026-06-30,C007961,NC,RW-9835,road,M,base,1,1899,true,2026-07-06
WEB-108653,2026-06-30,C007965,NC,RW-9835,road,M,base,1,1899,true,2026-07-10
WEB-108660,2026-06-30,C007972,VT,RW-9835,road,M,base,1,1899,true,2026-07-02
WEB-108665,2026-06-30,C007977,CA,RW-9835,road,M,base,1,1899,true,2026-07-02
WEB-108673,2026-06-30,C007984,WA,RW-9835,road,M,base,1,1899,true,2026-07-02
WEB-108675,2026-06-30,C007986,NM,RW-2984,road,M,carbon,1,3999,true,2026-07-02
WEB-108690,2026-06-30,C007998,CA,RW-2984,road,M,carbon,1,3999,true,2026-07-05
WEB-108691,2026-06-30,C007999,AZ,RW-2984,road,M,carbon,1,3999,true,2026-07-04
WEB-108702,2026-06-30,C007747,VT,RW-2984,road,M,carbon,1,3999,true,2026-07-02
WEB-108708,2026-06-30,C008012,MT,RW-7298,road,L,base,1,1899,true,2026-07-04
WEB-108712,2026-06-30,C008016,MI,RW-7298,road,L,base,1,1899,true,2026-07-08
WEB-108715,2026-06-30,C008019,ID,RW-7298,road,L,base,1,1899,true,2026-07-02
WEB-108720,2026-06-30,C008023,ID,RW-1378,road,L,carbon,1,3999,true,2026-07-05
WEB-108725,2026-06-30,C008028,MI,RW-1378,road,L,carbon,1,3999,true,2026-07-05
WEB-108727,2026-06-30,C001926,TX,RW-1378,road,L,carbon,1,3999,true,2026-07-10
WEB-108731,2026-06-30,C008033,ID,RW-1378,road,L,carbon,1,3999,true,2026-07-03
WEB-108733,2026-06-30,C008035,CO,RW-1378,road,L,carbon,1,3999,true,2026-07-06
WEB-108749,2026-06-30,C008051,NY,RW-9304,mtb,S,carbon,1,4899,false,
WEB-108755,2026-06-30,C008057,VT,RW-9304,mtb,S,carbon,1,4899,false,
WEB-108762,2026-06-30,C008064,NC,RW-9304,mtb,S,carbon,1,4899,false,
WEB-108766,2026-06-30,C008068,OR,RW-9304,mtb,S,carbon,1,4899,false,
WEB-108767,2026-06-30,C008069,TX,RW-9304,mtb,S,carbon,1,4899,false,
WEB-108774,2026-06-30,C008076,MA,RW-9304,mtb,S,carbon,1,4899,false,
WEB-108780,2026-06-30,C008082,MI,RW-9324,mtb,M,base,1,2299,true,2026-07-08
WEB-108781,2026-06-30,C008083,MT,RW-9324,mtb,M,base,1,2299,true,2026-07-08
WEB-108782,2026-06-30,C008084,IL,RW-9324,mtb,M,base,1,2299,true,2026-07-09
WEB-108784,2026-06-30,C008086,ID,RW-9324,mtb,M,base,1,2299,true,2026-07-08
WEB-108786,2026-06-30,C008088,OR,RW-9324,mtb,M,base,1,2299,true,2026-07-06
WEB-108795,2026-06-30,C008097,NC,RW-9324,mtb,M,base,1,2299,true,2026-07-04
WEB-108799,2026-06-30,C008101,OR,RW-9324,mtb,M,base,1,2299,true,2026-07-07
WEB-108802,2026-06-30,C008103,MT,RW-4418,mtb,M,carbon,1,4899,false,
WEB-108804,2026-06-30,C002457,MT,RW-4418,mtb,M,carbon,1,4899,false,
WEB-108810,2026-06-30,C008110,IL,RW-4418,mtb,M,carbon,1,4899,false,
WEB-108817,2026-06-30,C005195,OR,RW-4418,mtb,M,carbon,1,4899,false,
WEB-108839,2026-06-30,C008136,NM,RW-9901,mtb,L,base,1,2299,false,
WEB-108840,2026-06-30,C008137,MI,RW-9901,mtb,L,base,1,2299,false,
WEB-108852,2026-06-30,C008148,WA,RW-6416,mtb,L,carbon,1,4899,false,
WEB-108853,2026-06-30,C008149,OR,RW-6416,mtb,L,carbon,1,4899,false,
WEB-108625,2026-07-01,C007940,AZ,RW-3980,road,S,carbon,1,3999,false,
WEB-108632,2026-07-01,C007947,MI,RW-3980,road,S,carbon,1,3999,false,
WEB-108644,2026-07-01,C007957,UT,RW-9835,road,M,base,1,1899,true,2026-07-05
WEB-108663,2026-07-01,C007975,CO,RW-9835,road,M,base,1,1899,true,2026-07-05
WEB-108688,2026-07-01,C007996,CA,RW-2984,road,M,carbon,1,3999,true,2026-07-04
WEB-108698,2026-07-01,C003860,AZ,RW-2984,road,M,carbon,1,3999,true,2026-07-09
WEB-108699,2026-07-01,C008005,MN,RW-2984,road,M,carbon,1,3999,true,2026-07-08
WEB-108706,2026-07-01,C005617,AZ,RW-7298,road,L,base,1,1899,true,2026-07-05
WEB-108709,2026-07-01,C008013,VT,RW-7298,road,L,base,1,1899,true,2026-07-11
WEB-108710,2026-07-01,C008014,NM,RW-7298,road,L,base,1,1899,true,2026-07-10
WEB-108722,2026-07-01,C008025,FL,RW-1378,road,L,carbon,1,3999,true,2026-07-11
WEB-108723,2026-07-01,C008026,MA,RW-1378,road,L,carbon,1,3999,true,2026-07-08
WEB-108752,2026-07-01,C008054,ID,RW-9304,mtb,S,carbon,1,4899,false,
WEB-108757,2026-07-01,C008059,AZ,RW-9304,mtb,S,carbon,1,4899,false,
WEB-108769,2026-07-01,C008071,TX,RW-9304,mtb,S,carbon,1,4899,false,
WEB-108775,2026-07-01,C008077,ID,RW-9324,mtb,M,base,1,2299,true,2026-07-08
WEB-108793,2026-07-01,C008095,VT,RW-9324,mtb,M,base,1,2299,true,2026-07-05
WEB-108803,2026-07-01,C008104,ID,RW-4418,mtb,M,carbon,1,4899,false,
WEB-108809,2026-07-01,C008109,GA,RW-4418,mtb,M,carbon,1,4899,false,
WEB-108832,2026-07-01,C008129,IL,RW-9901,mtb,L,base,1,2299,false,
WEB-108834,2026-07-01,C008131,MT,RW-9901,mtb,L,base,1,2299,false,
WEB-108846,2026-07-01,C008142,TX,RW-6416,mtb,L,carbon,1,4899,false,
WEB-108856,2026-07-01,C008152,TX,RW-6416,mtb,L,carbon,1,4899,false,
WEB-108859,2026-07-01,C008155,AZ,RW-6416,mtb,L,carbon,1,4899,false,
WEB-108621,2026-07-02,C007936,IL,RW-3980,road,S,carbon,1,3999,false,
WEB-108623,2026-07-02,C007938,IL,RW-3980,road,S,carbon,1,3999,false,
WEB-108628,2026-07-02,C007943,VT,RW-3980,road,S,carbon,1,3999,false,
WEB-108630,2026-07-02,C007945,MT,RW-3980,road,S,carbon,1,3999,false,
WEB-108638,2026-07-02,C006398,CA,RW-3980,road,S,carbon,1,3999,false,
WEB-108643,2026-07-02,C007956,OR,RW-9835,road,M,base,1,1899,true,2026-07-11
WEB-108645,2026-07-02,C004775,VT,RW-9835,road,M,base,1,1899,true,2026-07-09
WEB-108648,2026-07-02,C007960,TX,RW-9835,road,M,base,1,1899,true,2026-07-09
WEB-108654,2026-07-02,C007966,CA,RW-9835,road,M,base,1,1899,true,2026-07-09
WEB-108666,2026-07-02,C007978,IL,RW-9835,road,M,base,1,1899,true,2026-07-04
WEB-108674,2026-07-02,C007985,GA,RW-2984,road,M,carbon,1,3999,true,2026-07-09
WEB-108677,2026-07-02,C000464,WA,RW-2984,road,M,carbon,1,3999,true,2026-07-06
WEB-108682,2026-07-02,C007991,FL,RW-2984,road,M,carbon,1,3999,true,2026-07-11
WEB-108694,2026-07-02,C008001,MN,RW-2984,road,M,carbon,1,3999,true,2026-07-12
WEB-108713,2026-07-02,C008017,GA,RW-7298,road,L,base,1,1899,true,2026-07-05
WEB-108714,2026-07-02,C008018,MT,RW-7298,road,L,base,1,1899,true,2026-07-05
WEB-108718,2026-07-02,C000736,IL,RW-7298,road,L,base,1,1899,true,2026-07-06
WEB-108741,2026-07-02,C008043,GA,RW-1378,road,L,carbon,1,3999,true,2026-07-08
WEB-108742,2026-07-02,C008044,MA,RW-1378,road,L,carbon,1,3999,true,2026-07-07
WEB-108746,2026-07-02,C008048,PA,RW-9304,mtb,S,carbon,1,4899,false,
WEB-108747,2026-07-02,C008049,FL,RW-9304,mtb,S,carbon,1,4899,false,
WEB-108751,2026-07-02,C008053,FL,RW-9304,mtb,S,carbon,1,4899,false,
WEB-108772,2026-07-02,C008074,CA,RW-9304,mtb,S,carbon,1,4899,false,
WEB-108783,2026-07-02,C008085,NY,RW-9324,mtb,M,base,1,2299,true,2026-07-06
WEB-108791,2026-07-02,C008093,CO,RW-9324,mtb,M,base,1,2299,true,2026-07-12
WEB-108805,2026-07-02,C008105,CO,RW-4418,mtb,M,carbon,1,4899,false,
WEB-108808,2026-07-02,C008108,PA,RW-4418,mtb,M,carbon,1,4899,false,
WEB-108811,2026-07-02,C008111,NY,RW-4418,mtb,M,carbon,1,4899,false,
WEB-108815,2026-07-02,C008115,NC,RW-4418,mtb,M,carbon,1,4899,false,
WEB-108816,2026-07-02,C008116,GA,RW-4418,mtb,M,carbon,1,4899,false,
WEB-108827,2026-07-02,C008125,FL,RW-9901,mtb,L,base,1,2299,false,
WEB-108837,2026-07-02,C008134,FL,RW-9901,mtb,L,base,1,2299,false,
WEB-108838,2026-07-02,C008135,TX,RW-9901,mtb,L,base,1,2299,false,
WEB-108849,2026-07-02,C008145,TX,RW-6416,mtb,L,carbon,1,4899,false,
WEB-108857,2026-07-02,C008153,TX,RW-6416,mtb,L,carbon,1,4899,false,
WEB-108858,2026-07-02,C008154,MA,RW-6416,mtb,L,carbon,1,4899,false,
WEB-108627,2026-07-03,C007942,WA,RW-3980,road,S,carbon,1,3999,false,
WEB-108629,2026-07-03,C007944,MI,RW-3980,road,S,carbon,1,3999,false,
WEB-108633,2026-07-03,C007948,MT,RW-3980,road,S,carbon,1,3999,false,
WEB-108635,2026-07-03,C007950,WA,RW-3980,road,S,carbon,1,3999,false,
WEB-108636,2026-07-03,C007951,NM,RW-3980,road,S,carbon,1,3999,false,
WEB-108650,2026-07-03,C007962,CA,RW-9835,road,M,base,1,1899,true,2026-07-06
WEB-108655,2026-07-03,C007967,NM,RW-9835,road,M,base,1,1899,true,2026-07-11
WEB-108659,2026-07-03,C007971,WA,RW-9835,road,M,base,1,1899,true,2026-07-08
WEB-108670,2026-07-03,C007982,ID,RW-9835,road,M,base,1,1899,true,2026-07-13
WEB-108684,2026-07-03,C007993,TX,RW-2984,road,M,carbon,1,3999,true,2026-07-09
WEB-108687,2026-07-03,C007995,UT,RW-2984,road,M,carbon,1,3999,true,2026-07-06
WEB-108704,2026-07-03,C008009,MT,RW-2984,road,M,carbon,1,3999,true,2026-07-13
WEB-108711,2026-07-03,C008015,MI,RW-7298,road,L,base,1,1899,true,2026-07-06
WEB-108717,2026-07-03,C008021,MA,RW-7298,road,L,base,1,1899,true,2026-07-07
WEB-108724,2026-07-03,C008027,TX,RW-1378,road,L,carbon,1,3999,true,2026-07-10
WEB-108726,2026-07-03,C008029,TX,RW-1378,road,L,carbon,1,3999,true,2026-07-09
WEB-108729,2026-07-03,C008031,MI,RW-1378,road,L,carbon,1,3999,true,2026-07-08
WEB-108730,2026-07-03,C008032,TX,RW-1378,road,L,carbon,1,3999,true,2026-07-05
WEB-108732,2026-07-03,C008034,TX,RW-1378,road,L,carbon,1,3999,true,2026-07-05
WEB-108738,2026-07-03,C008040,OR,RW-1378,road,L,carbon,1,3999,true,2026-07-12
WEB-108740,2026-07-03,C008042,AZ,RW-1378,road,L,carbon,1,3999,true,2026-07-09
WEB-108743,2026-07-03,C008045,VT,RW-1378,road,L,carbon,1,3999,true,2026-07-13
WEB-108758,2026-07-03,C008060,OR,RW-9304,mtb,S,carbon,1,4899,false,
WEB-108760,2026-07-03,C008062,MT,RW-9304,mtb,S,carbon,1,4899,false,
WEB-108765,2026-07-03,C008067,CO,RW-9304,mtb,S,carbon,1,4899,false,
WEB-108768,2026-07-03,C008070,WA,RW-9304,mtb,S,carbon,1,4899,false,
WEB-108779,2026-07-03,C008081,FL,RW-9324,mtb,M,base,1,2299,true,2026-07-12
WEB-108787,2026-07-03,C008089,WA,RW-9324,mtb,M,base,1,2299,true,2026-07-05
WEB-108790,2026-07-03,C008092,WA,RW-9324,mtb,M,base,1,2299,true,2026-07-10
WEB-108792,2026-07-03,C008094,OR,RW-9324,mtb,M,base,1,2299,true,2026-07-13
WEB-108806,2026-07-03,C008106,MT,RW-4418,mtb,M,carbon,1,4899,false,
WEB-108825,2026-07-03,C008123,OR,RW-9901,mtb,L,base,1,2299,false,
WEB-108826,2026-07-03,C008124,WA,RW-9901,mtb,L,base,1,2299,false,
WEB-108831,2026-07-03,C008128,CA,RW-9901,mtb,L,base,1,2299,false,
WEB-108847,2026-07-03,C008143,CO,RW-6416,mtb,L,carbon,1,4899,false,
WEB-108850,2026-07-03,C008146,IL,RW-6416,mtb,L,carbon,1,4899,false,
WEB-108851,2026-07-03,C008147,WA,RW-6416,mtb,L,carbon,1,4899,false,
WEB-108619,2026-07-04,C007934,WA,RW-3980,road,S,carbon,1,3999,false,
WEB-108620,2026-07-04,C007935,IL,RW-3980,road,S,carbon,1,3999,false,
WEB-108658,2026-07-04,C007970,NC,RW-9835,road,M,base,1,1899,true,2026-07-07
WEB-108668,2026-07-04,C007980,GA,RW-9835,road,M,base,1,1899,true,2026-07-12
WEB-108678,2026-07-04,C007988,NC,RW-2984,road,M,carbon,1,3999,true,2026-07-10
WEB-108680,2026-07-04,C003866,VT,RW-2984,road,M,carbon,1,3999,true,2026-07-11
WEB-108685,2026-07-04,C007994,IL,RW-2984,road,M,carbon,1,3999,true,2026-07-13
WEB-108689,2026-07-04,C007997,NC,RW-2984,road,M,carbon,1,3999,true,2026-07-09
WEB-108692,2026-07-04,C008000,NY,RW-2984,road,M,carbon,1,3999,true,2026-07-13
WEB-108696,2026-07-04,C008003,PA,RW-2984,road,M,carbon,1,3999,true,2026-07-11
WEB-108697,2026-07-04,C008004,OR,RW-2984,road,M,carbon,1,3999,true,2026-07-13
WEB-108700,2026-07-04,C008006,CA,RW-2984,road,M,carbon,1,3999,true,2026-07-12
WEB-108703,2026-07-04,C008008,WA,RW-2984,road,M,carbon,1,3999,true,2026-07-13
WEB-108744,2026-07-04,C008046,NY,RW-1378,road,L,carbon,1,3999,true,2026-07-11
WEB-108753,2026-07-04,C008055,CA,RW-9304,mtb,S,carbon,1,4899,false,
WEB-108771,2026-07-04,C008073,GA,RW-9304,mtb,S,carbon,1,4899,false,
WEB-108777,2026-07-04,C008079,CO,RW-9324,mtb,M,base,1,2299,true,2026-07-12
WEB-108788,2026-07-04,C008090,GA,RW-9324,mtb,M,base,1,2299,true,2026-07-10
WEB-108797,2026-07-04,C008099,NY,RW-9324,mtb,M,base,1,2299,true,2026-07-14
WEB-108814,2026-07-04,C008114,TX,RW-4418,mtb,M,carbon,1,4899,false,
WEB-108818,2026-07-04,C008117,CO,RW-4418,mtb,M,carbon,1,4899,false,
WEB-108821,2026-07-04,C008120,OR,RW-4418,mtb,M,carbon,1,4899,false,
WEB-108835,2026-07-04,C008132,TX,RW-9901,mtb,L,base,1,2299,false,
WEB-108836,2026-07-04,C008133,FL,RW-9901,mtb,L,base,1,2299,false,
WEB-108841,2026-07-04,C008138,PA,RW-9901,mtb,L,base,1,2299,false,
WEB-108842,2026-07-04,C008139,WA,RW-9901,mtb,L,base,1,2299,false,
WEB-108622,2026-07-05,C007937,FL,RW-3980,road,S,carbon,1,3999,false,
WEB-108624,2026-07-05,C007939,OR,RW-3980,road,S,carbon,1,3999,false,
WEB-108626,2026-07-05,C007941,NY,RW-3980,road,S,carbon,1,3999,false,
WEB-108662,2026-07-05,C007974,GA,RW-9835,road,M,base,1,1899,true,2026-07-11
WEB-108667,2026-07-05,C007979,ID,RW-9835,road,M,base,1,1899,true,2026-07-11
WEB-108669,2026-07-05,C007981,UT,RW-9835,road,M,base,1,1899,true,2026-07-15
WEB-108683,2026-07-05,C007992,VT,RW-2984,road,M,carbon,1,3999,true,2026-07-12
WEB-108686,2026-07-05,C003207,MN,RW-2984,road,M,carbon,1,3999,true,2026-07-14
WEB-108693,2026-07-05,C002101,MI,RW-2984,road,M,carbon,1,3999,true,2026-07-10
WEB-108695,2026-07-05,C008002,MT,RW-2984,road,M,carbon,1,3999,true,2026-07-07
WEB-108701,2026-07-05,C008007,GA,RW-2984,road,M,carbon,1,3999,true,2026-07-13
WEB-108707,2026-07-05,C008011,CO,RW-7298,road,L,base,1,1899,true,2026-07-11
WEB-108716,2026-07-05,C008020,NY,RW-7298,road,L,base,1,1899,true,2026-07-09
WEB-108728,2026-07-05,C008030,MI,RW-1378,road,L,carbon,1,3999,true,2026-07-15
WEB-108734,2026-07-05,C008036,CO,RW-1378,road,L,carbon,1,3999,true,2026-07-09
WEB-108735,2026-07-05,C008037,NY,RW-1378,road,L,carbon,1,3999,true,2026-07-08
WEB-108736,2026-07-05,C008038,CO,RW-1378,road,L,carbon,1,3999,true,2026-07-07
WEB-108737,2026-07-05,C008039,MT,RW-1378,road,L,carbon,1,3999,true,2026-07-13
WEB-108748,2026-07-05,C008050,VT,RW-9304,mtb,S,carbon,1,4899,false,
WEB-108750,2026-07-05,C008052,MA,RW-9304,mtb,S,carbon,1,4899,false,
WEB-108756,2026-07-05,C008058,MT,RW-9304,mtb,S,carbon,1,4899,false,
WEB-108759,2026-07-05,C008061,PA,RW-9304,mtb,S,carbon,1,4899,false,
WEB-108763,2026-07-05,C008065,NC,RW-9304,mtb,S,carbon,1,4899,false,
WEB-108770,2026-07-05,C008072,GA,RW-9304,mtb,S,carbon,1,4899,false,
WEB-108794,2026-07-05,C008096,IL,RW-9324,mtb,M,base,1,2299,true,2026-07-14
WEB-108796,2026-07-05,C008098,GA,RW-9324,mtb,M,base,1,2299,true,2026-07-10
WEB-108800,2026-07-05,C003051,FL,RW-4418,mtb,M,carbon,1,4899,false,
WEB-108801,2026-07-05,C008102,MI,RW-4418,mtb,M,carbon,1,4899,false,
WEB-108807,2026-07-05,C008107,MI,RW-4418,mtb,M,carbon,1,4899,false,
WEB-108812,2026-07-05,C008112,FL,RW-4418,mtb,M,carbon,1,4899,false,
WEB-108819,2026-07-05,C008118,ID,RW-4418,mtb,M,carbon,1,4899,false,
WEB-108822,2026-07-05,C008121,VT,RW-9901,mtb,L,base,1,2299,false,
WEB-108823,2026-07-05,C001358,WA,RW-9901,mtb,L,base,1,2299,false,
WEB-108824,2026-07-05,C008122,MI,RW-9901,mtb,L,base,1,2299,false,
WEB-108843,2026-07-05,C003471,NC,RW-9901,mtb,L,base,1,2299,false,
WEB-108844,2026-07-05,C008140,OR,RW-9901,mtb,L,base,1,2299,false,
WEB-108848,2026-07-05,C008144,MA,RW-6416,mtb,L,carbon,1,4899,false,
WEB-108854,2026-07-05,C008150,VT,RW-6416,mtb,L,carbon,1,4899,false,
WEB-108867,2026-07-06,C008163,GA,RW-3980,road,S,carbon,1,3999,false,
WEB-108872,2026-07-06,C008167,OR,RW-3980,road,S,carbon,1,3999,false,
WEB-108874,2026-07-06,C002703,VT,RW-3980,road,S,carbon,1,3999,false,
WEB-108876,2026-07-06,C008170,IL,RW-3980,road,S,carbon,1,3999,false,
WEB-108879,2026-07-06,C008172,IL,RW-3980,road,S,carbon,1,3999,false,
WEB-108883,2026-07-06,C008176,NM,RW-9835,road,M,base,1,1899,true,2026-07-10
WEB-108888,2026-07-06,C008181,FL,RW-9835,road,M,base,1,1899,true,2026-07-11
WEB-108894,2026-07-06,C008186,CO,RW-9835,road,M,base,1,1899,true,2026-07-12
WEB-108898,2026-07-06,C008190,NM,RW-9835,road,M,base,1,1899,true,2026-07-13
WEB-108899,2026-07-06,C008191,ID,RW-9835,road,M,base,1,1899,true,2026-07-13
WEB-108902,2026-07-06,C005687,GA,RW-9835,road,M,base,1,1899,true,2026-07-16
WEB-108904,2026-07-06,C008195,UT,RW-2984,road,M,carbon,1,3999,true,2026-07-16
WEB-108907,2026-07-06,C006446,CA,RW-2984,road,M,carbon,1,3999,true,2026-07-16
WEB-108912,2026-07-06,C008201,FL,RW-2984,road,M,carbon,1,3999,true,2026-07-10
WEB-108917,2026-07-06,C008205,PA,RW-2984,road,M,carbon,1,3999,true,2026-07-13
WEB-108918,2026-07-06,C008206,VT,RW-2984,road,M,carbon,1,3999,true,2026-07-16
WEB-108925,2026-07-06,C008212,CA,RW-2984,road,M,carbon,1,3999,true,2026-07-09
WEB-108927,2026-07-06,C008213,TX,RW-2984,road,M,carbon,1,3999,true,2026-07-14
WEB-108929,2026-07-06,C008215,IL,RW-2984,road,M,carbon,1,3999,true,2026-07-09
WEB-108946,2026-07-06,C008231,OR,RW-7298,road,L,base,1,1899,true,2026-07-16
WEB-108949,2026-07-06,C008234,AZ,RW-7298,road,L,base,1,1899,true,2026-07-15
WEB-108950,2026-07-06,C008235,MN,RW-7298,road,L,base,1,1899,true,2026-07-11
WEB-108957,2026-07-06,C008240,TX,RW-1378,road,L,carbon,1,3999,true,2026-07-11
WEB-108959,2026-07-06,C008242,ID,RW-1378,road,L,carbon,1,3999,true,2026-07-11
WEB-108961,2026-07-06,C008244,NM,RW-1378,road,L,carbon,1,3999,true,2026-07-09
WEB-108967,2026-07-06,C008250,UT,RW-1378,road,L,carbon,1,3999,true,2026-07-13
WEB-108988,2026-07-06,C008267,MN,RW-9304,mtb,S,carbon,1,4899,false,
WEB-108990,2026-07-06,C000983,MT,RW-9304,mtb,S,carbon,1,4899,false,
WEB-108998,2026-07-06,C008274,CO,RW-9324,mtb,M,base,1,2299,true,2026-07-14
WEB-109027,2026-07-06,C008301,MI,RW-4418,mtb,M,carbon,1,4899,false,
WEB-109028,2026-07-06,C008302,WA,RW-4418,mtb,M,carbon,1,4899,false,
WEB-109038,2026-07-06,C006293,OR,RW-4418,mtb,M,carbon,1,4899,false,
WEB-109041,2026-07-06,C008313,UT,RW-4418,mtb,M,carbon,1,4899,false,
WEB-109045,2026-07-06,C008317,IL,RW-9901,mtb,L,base,1,2299,false,
WEB-109049,2026-07-06,C008321,CO,RW-9901,mtb,L,base,1,2299,false,
WEB-109050,2026-07-06,C008322,CA,RW-9901,mtb,L,base,1,2299,false,
WEB-109051,2026-07-06,C008323,OR,RW-9901,mtb,L,base,1,2299,false,
WEB-109055,2026-07-06,C008326,MT,RW-9901,mtb,L,base,1,2299,false,
WEB-109066,2026-07-06,C008337,PA,RW-6416,mtb,L,carbon,1,4899,false,
WEB-109070,2026-07-06,C008341,WA,RW-6416,mtb,L,carbon,1,4899,false,
WEB-108863,2026-07-07,C008159,NC,RW-3980,road,S,carbon,1,3999,false,
WEB-108868,2026-07-07,C007796,MN,RW-3980,road,S,carbon,1,3999,false,
WEB-108884,2026-07-07,C008177,TX,RW-9835,road,M,base,1,1899,true,2026-07-10
WEB-108886,2026-07-07,C008179,GA,RW-9835,road,M,base,1,1899,true,2026-07-15
WEB-108892,2026-07-07,C000664,MT,RW-9835,road,M,base,1,1899,true,2026-07-15
WEB-108903,2026-07-07,C008194,MA,RW-2984,road,M,carbon,1,3999,true,2026-07-14
WEB-108919,2026-07-07,C008207,CO,RW-2984,road,M,carbon,1,3999,true,2026-07-16
WEB-108926,2026-07-07,C004443,MA,RW-2984,road,M,carbon,1,3999,true,2026-07-10
WEB-108940,2026-07-07,C007164,CO,RW-7298,road,L,base,1,1899,true,2026-07-13
WEB-108956,2026-07-07,C000003,TX,RW-1378,road,L,carbon,1,3999,true,2026-07-12
WEB-108971,2026-07-07,C008253,MT,RW-1378,road,L,carbon,1,3999,true,2026-07-15
WEB-108972,2026-07-07,C008254,NY,RW-9304,mtb,S,carbon,1,4899,false,
WEB-108975,2026-07-07,C008257,AZ,RW-9304,mtb,S,carbon,1,4899,false,
WEB-108977,2026-07-07,C008258,FL,RW-9304,mtb,S,carbon,1,4899,false,
WEB-108978,2026-07-07,C007269,MN,RW-9304,mtb,S,carbon,1,4899,false,
WEB-108979,2026-07-07,C008259,NC,RW-9304,mtb,S,carbon,1,4899,false,
WEB-108980,2026-07-07,C008260,CO,RW-9304,mtb,S,carbon,1,4899,false,
WEB-108985,2026-07-07,C008264,ID,RW-9304,mtb,S,carbon,1,4899,false,
WEB-108997,2026-07-07,C008273,NY,RW-9324,mtb,M,base,1,2299,true,2026-07-15
WEB-109003,2026-07-07,C008279,CA,RW-9324,mtb,M,base,1,2299,true,2026-07-13
WEB-109006,2026-07-07,C008282,MI,RW-9324,mtb,M,base,1,2299,true,2026-07-14
WEB-109008,2026-07-07,C008284,PA,RW-9324,mtb,M,base,1,2299,true,2026-07-15
WEB-109009,2026-07-07,C000846,AZ,RW-9324,mtb,M,base,1,2299,true,2026-07-10
WEB-109014,2026-07-07,C008289,TX,RW-4418,mtb,M,carbon,1,4899,false,
WEB-109020,2026-07-07,C008295,AZ,RW-4418,mtb,M,carbon,1,4899,false,
WEB-109021,2026-07-07,C008296,VT,RW-4418,mtb,M,carbon,1,4899,false,
WEB-109023,2026-07-07,C008298,PA,RW-4418,mtb,M,carbon,1,4899,false,
WEB-109032,2026-07-07,C008306,FL,RW-4418,mtb,M,carbon,1,4899,false,
WEB-109047,2026-07-07,C008319,IL,RW-9901,mtb,L,base,1,2299,false,
WEB-109052,2026-07-07,C008324,UT,RW-9901,mtb,L,base,1,2299,false,
WEB-109060,2026-07-07,C008331,NM,RW-6416,mtb,L,carbon,1,4899,false,
WEB-109069,2026-07-07,C008340,GA,RW-6416,mtb,L,carbon,1,4899,false,
WEB-109072,2026-07-07,C000829,AZ,RW-6416,mtb,L,carbon,1,4899,false,
WEB-108861,2026-07-08,C008157,TX,RW-3980,road,S,carbon,1,3999,false,
WEB-108866,2026-07-08,C008162,WA,RW-3980,road,S,carbon,1,3999,false,
WEB-108887,2026-07-08,C008180,GA,RW-9835,road,M,base,1,1899,true,2026-07-12
WEB-108893,2026-07-08,C008185,VT,RW-9835,road,M,base,1,1899,true,2026-07-15
WEB-108934,2026-07-08,C008220,AZ,RW-7298,road,L,base,1,1899,true,2026-07-12
WEB-108936,2026-07-08,C008222,NY,RW-7298,road,L,base,1,1899,true,2026-07-15
WEB-108939,2026-07-08,C008225,MI,RW-7298,road,L,base,1,1899,true,2026-07-12
WEB-108962,2026-07-08,C008245,OR,RW-1378,road,L,carbon,1,3999,true,2026-07-16
WEB-108965,2026-07-08,C008248,GA,RW-1378,road,L,carbon,1,3999,true,2026-07-10
WEB-108973,2026-07-08,C008255,CO,RW-9304,mtb,S,carbon,1,4899,false,
WEB-108984,2026-07-08,C002795,WA,RW-9304,mtb,S,carbon,1,4899,false,
WEB-108986,2026-07-08,C008265,NC,RW-9304,mtb,S,carbon,1,4899,false,
WEB-108991,2026-07-08,C008268,CO,RW-9304,mtb,S,carbon,1,4899,false,
WEB-108992,2026-07-08,C008269,MI,RW-9304,mtb,S,carbon,1,4899,false,
WEB-109007,2026-07-08,C008283,NC,RW-9324,mtb,M,base,1,2299,true,2026-07-11
WEB-109012,2026-07-08,C008287,MI,RW-9324,mtb,M,base,1,2299,true,2026-07-10
WEB-109013,2026-07-08,C008288,MI,RW-9324,mtb,M,base,1,2299,true,2026-07-18
WEB-109022,2026-07-08,C008297,OR,RW-4418,mtb,M,carbon,1,4899,false,
WEB-109029,2026-07-08,C008303,IL,RW-4418,mtb,M,carbon,1,4899,false,
WEB-109035,2026-07-08,C008309,TX,RW-4418,mtb,M,carbon,1,4899,false,
WEB-109037,2026-07-08,C005848,NC,RW-4418,mtb,M,carbon,1,4899,false,
WEB-109053,2026-07-08,C003836,TX,RW-9901,mtb,L,base,1,2299,false,
WEB-109058,2026-07-08,C008329,NY,RW-6416,mtb,L,carbon,1,4899,false,
WEB-109059,2026-07-08,C008330,NM,RW-6416,mtb,L,carbon,1,4899,false,
WEB-109064,2026-07-08,C008335,NY,RW-6416,mtb,L,carbon,1,4899,false,
WEB-108865,2026-07-09,C008161,MT,RW-3980,road,S,carbon,1,3999,false,
WEB-108882,2026-07-09,C008175,WA,RW-9835,road,M,base,1,1899,true,2026-07-13
WEB-108891,2026-07-09,C008184,ID,RW-9835,road,M,base,1,1899,true,2026-07-16
WEB-108906,2026-07-09,C003241,UT,RW-2984,road,M,carbon,1,3999,true,2026-07-12
WEB-108908,2026-07-09,C008197,MT,RW-2984,road,M,carbon,1,3999,true,2026-07-17
WEB-108922,2026-07-09,C006606,GA,RW-2984,road,M,carbon,1,3999,true,2026-07-11
WEB-108930,2026-07-09,C008216,WA,RW-2984,road,M,carbon,1,3999,true,2026-07-11
WEB-108933,2026-07-09,C008219,NY,RW-7298,road,L,base,1,1899,true,2026-07-17
WEB-108944,2026-07-09,C008229,GA,RW-7298,road,L,base,1,1899,true,2026-07-11
WEB-108947,2026-07-09,C008232,ID,RW-7298,road,L,base,1,1899,true,2026-07-16
WEB-108951,2026-07-09,C008236,NY,RW-1378,road,L,carbon,1,3999,true,2026-07-18
WEB-108952,2026-07-09,C006135,NM,RW-1378,road,L,carbon,1,3999,true,2026-07-17
WEB-108954,2026-07-09,C008238,OR,RW-1378,road,L,carbon,1,3999,true,2026-07-15
WEB-108964,2026-07-09,C008247,VT,RW-1378,road,L,carbon,1,3999,true,2026-07-11
WEB-108968,2026-07-09,C008251,IL,RW-1378,road,L,carbon,1,3999,true,2026-07-11
WEB-108969,2026-07-09,C008252,UT,RW-1378,road,L,carbon,1,3999,true,2026-07-15
WEB-108974,2026-07-09,C008256,MT,RW-9304,mtb,S,carbon,1,4899,false,
WEB-108976,2026-07-09,C002056,CO,RW-9304,mtb,S,carbon,1,4899,false,
WEB-108982,2026-07-09,C008262,CA,RW-9304,mtb,S,carbon,1,4899,false,
WEB-108996,2026-07-09,C008272,VT,RW-9324,mtb,M,base,1,2299,true,2026-07-18
WEB-109024,2026-07-09,C008299,NC,RW-4418,mtb,M,carbon,1,4899,false,
WEB-109033,2026-07-09,C008307,TX,RW-4418,mtb,M,carbon,1,4899,false,
WEB-109034,2026-07-09,C008308,AZ,RW-4418,mtb,M,carbon,1,4899,false,
WEB-109046,2026-07-09,C008318,CA,RW-9901,mtb,L,base,1,2299,false,
WEB-109054,2026-07-09,C008325,ID,RW-9901,mtb,L,base,1,2299,false,
WEB-109071,2026-07-09,C008342,MN,RW-6416,mtb,L,carbon,1,4899,false,
WEB-109073,2026-07-09,C008343,MI,RW-6416,mtb,L,carbon,1,4899,false,
WEB-108869,2026-07-10,C008164,WA,RW-3980,road,S,carbon,1,3999,false,
WEB-108871,2026-07-10,C008166,TX,RW-3980,road,S,carbon,1,3999,false,
WEB-108873,2026-07-10,C008168,UT,RW-3980,road,S,carbon,1,3999,false,
WEB-108875,2026-07-10,C008169,MN,RW-3980,road,S,carbon,1,3999,false,
WEB-108877,2026-07-10,C006601,FL,RW-3980,road,S,carbon,1,3999,false,
WEB-108878,2026-07-10,C008171,NY,RW-3980,road,S,carbon,1,3999,false,
WEB-108880,2026-07-10,C008173,TX,RW-9835,road,M,base,1,1899,true,2026-07-12
WEB-108889,2026-07-10,C008182,NY,RW-9835,road,M,base,1,1899,true,2026-07-18
WEB-108890,2026-07-10,C008183,GA,RW-9835,road,M,base,1,1899,true,2026-07-20
WEB-108901,2026-07-10,C008193,FL,RW-9835,road,M,base,1,1899,true,2026-07-12
WEB-108905,2026-07-10,C008196,MN,RW-2984,road,M,carbon,1,3999,true,2026-07-19
WEB-108909,2026-07-10,C008198,IL,RW-2984,road,M,carbon,1,3999,true,2026-07-16
WEB-108911,2026-07-10,C008200,CO,RW-2984,road,M,carbon,1,3999,true,2026-07-15
WEB-108915,2026-07-10,C008203,PA,RW-2984,road,M,carbon,1,3999,true,2026-07-13
WEB-108916,2026-07-10,C008204,FL,RW-2984,road,M,carbon,1,3999,true,2026-07-13
WEB-108920,2026-07-10,C008208,WA,RW-2984,road,M,carbon,1,3999,true,2026-07-20
WEB-108938,2026-07-10,C008224,MT,RW-7298,road,L,base,1,1899,true,2026-07-13
WEB-108941,2026-07-10,C008226,ID,RW-7298,road,L,base,1,1899,true,2026-07-14
WEB-108942,2026-07-10,C008227,VT,RW-7298,road,L,base,1,1899,true,2026-07-12
WEB-108963,2026-07-10,C008246,IL,RW-1378,road,L,carbon,1,3999,true,2026-07-19
WEB-108966,2026-07-10,C008249,VT,RW-1378,road,L,carbon,1,3999,true,2026-07-15
WEB-108970,2026-07-10,C007742,CO,RW-1378,road,L,carbon,1,3999,true,2026-07-18
WEB-108983,2026-07-10,C008263,OR,RW-9304,mtb,S,carbon,1,4899,false,
WEB-109002,2026-07-10,C008278,UT,RW-9324,mtb,M,base,1,2299,true,2026-07-14
WEB-109004,2026-07-10,C008280,MA,RW-9324,mtb,M,base,1,2299,true,2026-07-14
WEB-109011,2026-07-10,C008286,MI,RW-9324,mtb,M,base,1,2299,true,2026-07-13
WEB-109036,2026-07-10,C008310,OR,RW-4418,mtb,M,carbon,1,4899,false,
WEB-109039,2026-07-10,C008311,FL,RW-4418,mtb,M,carbon,1,4899,false,
WEB-109044,2026-07-10,C008316,MN,RW-9901,mtb,L,base,1,2299,false,
WEB-109048,2026-07-10,C008320,TX,RW-9901,mtb,L,base,1,2299,false,
WEB-109063,2026-07-10,C008334,OR,RW-6416,mtb,L,carbon,1,4899,false,
WEB-108862,2026-07-11,C008158,CO,RW-3980,road,S,carbon,1,3999,false,
WEB-108885,2026-07-11,C008178,MT,RW-9835,road,M,base,1,1899,true,2026-07-13
WEB-108896,2026-07-11,C008188,NY,RW-9835,road,M,base,1,1899,true,2026-07-19
WEB-108897,2026-07-11,C008189,NC,RW-9835,road,M,base,1,1899,true,2026-07-16
WEB-108900,2026-07-11,C008192,NY,RW-9835,road,M,base,1,1899,true,2026-07-14
WEB-108910,2026-07-11,C008199,IL,RW-2984,road,M,carbon,1,3999,true,2026-07-21
WEB-108923,2026-07-11,C008210,CA,RW-2984,road,M,carbon,1,3999,true,2026-07-13
WEB-108924,2026-07-11,C008211,MI,RW-2984,road,M,carbon,1,3999,true,2026-07-14
WEB-108928,2026-07-11,C008214,CO,RW-2984,road,M,carbon,1,3999,true,2026-07-14
WEB-108931,2026-07-11,C008217,PA,RW-7298,road,L,base,1,1899,true,2026-07-18
WEB-108945,2026-07-11,C008230,ID,RW-7298,road,L,base,1,1899,true,2026-07-16
WEB-108948,2026-07-11,C008233,CA,RW-7298,road,L,base,1,1899,true,2026-07-16
WEB-108953,2026-07-11,C008237,NM,RW-1378,road,L,carbon,1,3999,true,2026-07-20
WEB-108958,2026-07-11,C008241,PA,RW-1378,road,L,carbon,1,3999,true,2026-07-19
WEB-108993,2026-07-11,C008270,MT,RW-9324,mtb,M,base,1,2299,true,2026-07-17
WEB-108994,2026-07-11,C008271,OR,RW-9324,mtb,M,base,1,2299,true,2026-07-18
WEB-109000,2026-07-11,C008276,NM,RW-9324,mtb,M,base,1,2299,true,2026-07-19
WEB-109001,2026-07-11,C008277,FL,RW-9324,mtb,M,base,1,2299,true,2026-07-19
WEB-109015,2026-07-11,C008290,MT,RW-4418,mtb,M,carbon,1,4899,false,
WEB-109017,2026-07-11,C008292,VT,RW-4418,mtb,M,carbon,1,4899,false,
WEB-109019,2026-07-11,C008294,ID,RW-4418,mtb,M,carbon,1,4899,false,
WEB-109025,2026-07-11,C008300,FL,RW-4418,mtb,M,carbon,1,4899,false,
WEB-109031,2026-07-11,C008305,PA,RW-4418,mtb,M,carbon,1,4899,false,
WEB-109042,2026-07-11,C008314,MI,RW-4418,mtb,M,carbon,1,4899,false,
WEB-109043,2026-07-11,C008315,NC,RW-9901,mtb,L,base,1,2299,false,
WEB-109056,2026-07-11,C008327,UT,RW-9901,mtb,L,base,1,2299,false,
WEB-109057,2026-07-11,C008328,NC,RW-6416,mtb,L,carbon,1,4899,false,
WEB-109061,2026-07-11,C008332,CA,RW-6416,mtb,L,carbon,1,4899,false,
WEB-108860,2026-07-12,C008156,NC,RW-3980,road,S,carbon,1,3999,false,
WEB-108864,2026-07-12,C008160,CA,RW-3980,road,S,carbon,1,3999,false,
WEB-108870,2026-07-12,C008165,IL,RW-3980,road,S,carbon,1,3999,false,
WEB-108881,2026-07-12,C008174,CO,RW-9835,road,M,base,1,1899,true,2026-07-22
WEB-108895,2026-07-12,C008187,IL,RW-9835,road,M,base,1,1899,true,2026-07-17
WEB-108913,2026-07-12,C008202,PA,RW-2984,road,M,carbon,1,3999,true,2026-07-21
WEB-108914,2026-07-12,C000031,TX,RW-2984,road,M,carbon,1,3999,true,2026-07-21
WEB-108921,2026-07-12,C008209,FL,RW-2984,road,M,carbon,1,3999,true,2026-07-16
WEB-108932,2026-07-12,C008218,ID,RW-7298,road,L,base,1,1899,true,2026-07-18
WEB-108935,2026-07-12,C008221,UT,RW-7298,road,L,base,1,1899,true,2026-07-14
WEB-108937,2026-07-12,C008223,CA,RW-7298,road,L,base,1,1899,true,2026-07-15
WEB-108943,2026-07-12,C008228,FL,RW-7298,road,L,base,1,1899,true,2026-07-14
WEB-108955,2026-07-12,C008239,IL,RW-1378,road,L,carbon,1,3999,true,2026-07-18
WEB-108960,2026-07-12,C008243,GA,RW-1378,road,L,carbon,1,3999,true,2026-07-17
WEB-108981,2026-07-12,C008261,AZ,RW-9304,mtb,S,carbon,1,4899,false,
WEB-108987,2026-07-12,C008266,PA,RW-9304,mtb,S,carbon,1,4899,false,
WEB-108989,2026-07-12,C005198,AZ,RW-9304,mtb,S,carbon,1,4899,false,
WEB-108995,2026-07-12,C006047,MN,RW-9324,mtb,M,base,1,2299,true,2026-07-18
WEB-108999,2026-07-12,C008275,FL,RW-9324,mtb,M,base,1,2299,true,2026-07-22
WEB-109005,2026-07-12,C008281,MN,RW-9324,mtb,M,base,1,2299,true,2026-07-16
WEB-109010,2026-07-12,C008285,OR,RW-9324,mtb,M,base,1,2299,true,2026-07-17
WEB-109016,2026-07-12,C008291,TX,RW-4418,mtb,M,carbon,1,4899,false,
WEB-109018,2026-07-12,C008293,MN,RW-4418,mtb,M,carbon,1,4899,false,
WEB-109026,2026-07-12,C004791,MT,RW-4418,mtb,M,carbon,1,4899,false,
WEB-109030,2026-07-12,C008304,TX,RW-4418,mtb,M,carbon,1,4899,false,
WEB-109040,2026-07-12,C008312,MN,RW-4418,mtb,M,carbon,1,4899,false,
WEB-109062,2026-07-12,C008333,FL,RW-6416,mtb,L,carbon,1,4899,false,
WEB-109065,2026-07-12,C008336,OR,RW-6416,mtb,L,carbon,1,4899,false,
WEB-109067,2026-07-12,C008338,AZ,RW-6416,mtb,L,carbon,1,4899,false,
WEB-109068,2026-07-12,C008339,OR,RW-6416,mtb,L,carbon,1,4899,false,
WEB-109074,2026-07-13,C008344,AZ,RW-3980,road,S,carbon,1,3999,false,
WEB-109076,2026-07-13,C008346,UT,RW-3980,road,S,carbon,1,3999,false,
WEB-109089,2026-07-13,C008358,VT,RW-3980,road,S,carbon,1,3999,false,
WEB-109092,2026-07-13,C008360,ID,RW-3980,road,S,carbon,1,3999,false,
WEB-109094,2026-07-13,C008362,AZ,RW-3980,road,S,carbon,1,3999,false,
WEB-109101,2026-07-13,C008369,NY,RW-3980,road,S,carbon,1,3999,false,
WEB-109110,2026-07-13,C008377,FL,RW-9835,road,M,base,1,1899,true,2026-07-19
WEB-109125,2026-07-13,C008390,NC,RW-9835,road,M,base,1,1899,true,2026-07-15
WEB-109135,2026-07-13,C008398,ID,RW-2984,road,M,carbon,1,3999,true,2026-07-21
WEB-109169,2026-07-13,C008429,VT,RW-7298,road,L,base,1,1899,true,2026-07-17
WEB-109190,2026-07-13,C004878,FL,RW-1378,road,L,carbon,1,3999,true,2026-07-15
WEB-109193,2026-07-13,C008449,NC,RW-1378,road,L,carbon,1,3999,true,2026-07-15
WEB-109197,2026-07-13,C008453,GA,RW-1378,road,L,carbon,1,3999,true,2026-07-21
WEB-109209,2026-07-13,C008464,TX,RW-9304,mtb,S,carbon,1,4899,false,
WEB-109214,2026-07-13,C008467,MT,RW-9304,mtb,S,carbon,1,4899,false,
WEB-109227,2026-07-13,C008479,ID,RW-9304,mtb,S,carbon,1,4899,false,
WEB-109229,2026-07-13,C008481,UT,RW-9304,mtb,S,carbon,1,4899,false,
WEB-109231,2026-07-13,C008483,TX,RW-9324,mtb,M,base,1,2299,true,2026-07-20
WEB-109239,2026-07-13,C008491,TX,RW-9324,mtb,M,base,1,2299,true,2026-07-20
WEB-109252,2026-07-13,C008504,PA,RW-4418,mtb,M,carbon,1,4899,false,
WEB-109268,2026-07-13,C008519,NM,RW-4418,mtb,M,carbon,1,4899,false,
WEB-109280,2026-07-13,C008530,AZ,RW-9901,mtb,L,base,1,2299,false,
WEB-109283,2026-07-13,C008532,FL,RW-9901,mtb,L,base,1,2299,false,
WEB-109083,2026-07-14,C008353,AZ,RW-3980,road,S,carbon,1,3999,false,
WEB-109084,2026-07-14,C008354,MN,RW-3980,road,S,carbon,1,3999,false,
WEB-109085,2026-07-14,C000266,CA,RW-3980,road,S,carbon,1,3999,false,
WEB-109087,2026-07-14,C008356,CO,RW-3980,road,S,carbon,1,3999,false,
WEB-109104,2026-07-14,C008371,NY,RW-3980,road,S,carbon,1,3999,false,
WEB-109112,2026-07-14,C008379,OR,RW-9835,road,M,base,1,1899,true,2026-07-19
WEB-109116,2026-07-14,C003864,PA,RW-9835,road,M,base,1,1899,true,2026-07-19
WEB-109117,2026-07-14,C008383,NM,RW-9835,road,M,base,1,1899,true,2026-07-24
WEB-109121,2026-07-14,C008386,TX,RW-9835,road,M,base,1,1899,true,2026-07-19
WEB-109124,2026-07-14,C008389,VT,RW-9835,road,M,base,1,1899,true,2026-07-23
WEB-109142,2026-07-14,C008405,OR,RW-2984,road,M,carbon,1,3999,true,2026-07-17
WEB-109146,2026-07-14,C008409,TX,RW-2984,road,M,carbon,1,3999,true,2026-07-21
WEB-109149,2026-07-14,C008411,UT,RW-2984,road,M,carbon,1,3999,true,2026-07-22
WEB-109153,2026-07-14,C008415,OR,RW-2984,road,M,carbon,1,3999,true,2026-07-18
WEB-109154,2026-07-14,C008416,PA,RW-2984,road,M,carbon,1,3999,true,2026-07-23
WEB-109157,2026-07-14,C008419,NM,RW-2984,road,M,carbon,1,3999,true,2026-07-24
WEB-109163,2026-07-14,C008425,MT,RW-2984,road,M,carbon,1,3999,true,2026-07-21
WEB-109174,2026-07-14,C002041,CA,RW-7298,road,L,base,1,1899,true,2026-07-21
WEB-109175,2026-07-14,C008434,CO,RW-7298,road,L,base,1,1899,true,2026-07-23
WEB-109189,2026-07-14,C008446,PA,RW-1378,road,L,carbon,1,3999,true,2026-07-17
WEB-109191,2026-07-14,C008447,MA,RW-1378,road,L,carbon,1,3999,true,2026-07-20
WEB-109198,2026-07-14,C008454,MI,RW-1378,road,L,carbon,1,3999,true,2026-07-18
WEB-109201,2026-07-14,C008457,VT,RW-9304,mtb,S,carbon,1,4899,false,
WEB-109202,2026-07-14,C008458,GA,RW-9304,mtb,S,carbon,1,4899,false,
WEB-109203,2026-07-14,C008459,OR,RW-9304,mtb,S,carbon,1,4899,false,
WEB-109205,2026-07-14,C008461,TX,RW-9304,mtb,S,carbon,1,4899,false,
WEB-109224,2026-07-14,C008476,MN,RW-9304,mtb,S,carbon,1,4899,false,
WEB-109238,2026-07-14,C008490,NY,RW-9324,mtb,M,base,1,2299,true,2026-07-20
WEB-109248,2026-07-14,C008500,CO,RW-9324,mtb,M,base,1,2299,true,2026-07-16
WEB-109254,2026-07-14,C008506,MT,RW-4418,mtb,M,carbon,1,4899,false,
WEB-109256,2026-07-14,C008508,VT,RW-4418,mtb,M,carbon,1,4899,false,
WEB-109266,2026-07-14,C008517,FL,RW-4418,mtb,M,carbon,1,4899,false,
WEB-109274,2026-07-14,C008525,CO,RW-4418,mtb,M,carbon,1,4899,false,
WEB-109275,2026-07-14,C006722,FL,RW-9901,mtb,L,base,1,2299,false,
WEB-109284,2026-07-14,C008533,MA,RW-9901,mtb,L,base,1,2299,false,
WEB-109285,2026-07-14,C008534,MI,RW-9901,mtb,L,base,1,2299,false,
WEB-109288,2026-07-14,C008537,MA,RW-9901,mtb,L,base,1,2299,false,
WEB-109296,2026-07-14,C008545,GA,RW-9901,mtb,L,base,1,2299,false,
WEB-109299,2026-07-14,C008548,GA,RW-6416,mtb,L,carbon,1,4899,false,
WEB-109075,2026-07-15,C008345,NM,RW-3980,road,S,carbon,1,3999,false,
WEB-109080,2026-07-15,C008350,GA,RW-3980,road,S,carbon,1,3999,false,
WEB-109086,2026-07-15,C008355,TX,RW-3980,road,S,carbon,1,3999,false,
WEB-109093,2026-07-15,C008361,ID,RW-3980,road,S,carbon,1,3999,false,
WEB-109098,2026-07-15,C008366,FL,RW-3980,road,S,carbon,1,3999,false,
WEB-109108,2026-07-15,C008375,TX,RW-9835,road,M,base,1,1899,true,2026-07-20
WEB-109115,2026-07-15,C008382,MI,RW-9835,road,M,base,1,1899,true,2026-07-25
WEB-109123,2026-07-15,C008388,CA,RW-9835,road,M,base,1,1899,true,2026-07-18
WEB-109126,2026-07-15,C008391,NC,RW-9835,road,M,base,1,1899,true,2026-07-25
WEB-109131,2026-07-15,C001080,MA,RW-9835,road,M,base,1,1899,true,2026-07-18
WEB-109138,2026-07-15,C008401,WA,RW-2984,road,M,carbon,1,3999,true,2026-07-20
WEB-109143,2026-07-15,C008406,IL,RW-2984,road,M,carbon,1,3999,true,2026-07-21
WEB-109162,2026-07-15,C008424,NY,RW-2984,road,M,carbon,1,3999,true,2026-07-17
WEB-109166,2026-07-15,C008427,CO,RW-2984,road,M,carbon,1,3999,true,2026-07-22
WEB-109173,2026-07-15,C008433,UT,RW-7298,road,L,base,1,1899,true,2026-07-17
WEB-109184,2026-07-15,C005579,MT,RW-1378,road,L,carbon,1,3999,true,2026-07-21
WEB-109186,2026-07-15,C008444,UT,RW-1378,road,L,carbon,1,3999,true,2026-07-21
WEB-109200,2026-07-15,C008456,NM,RW-1378,road,L,carbon,1,3999,true,2026-07-23
WEB-109215,2026-07-15,C008468,NY,RW-9304,mtb,S,carbon,1,4899,false,
WEB-109219,2026-07-15,C008472,AZ,RW-9304,mtb,S,carbon,1,4899,false,
WEB-109222,2026-07-15,C001387,CO,RW-9304,mtb,S,carbon,1,4899,false,
WEB-109225,2026-07-15,C008477,FL,RW-9304,mtb,S,carbon,1,4899,false,
WEB-109228,2026-07-15,C008480,NM,RW-9304,mtb,S,carbon,1,4899,false,
WEB-109230,2026-07-15,C008482,FL,RW-9304,mtb,S,carbon,1,4899,false,
WEB-109235,2026-07-15,C008487,NC,RW-9324,mtb,M,base,1,2299,true,2026-07-21
WEB-109243,2026-07-15,C008495,CO,RW-9324,mtb,M,base,1,2299,true,2026-07-20
WEB-109246,2026-07-15,C008498,MT,RW-9324,mtb,M,base,1,2299,true,2026-07-25
WEB-109260,2026-07-15,C008511,UT,RW-4418,mtb,M,carbon,1,4899,false,
WEB-109262,2026-07-15,C008513,GA,RW-4418,mtb,M,carbon,1,4899,false,
WEB-109267,2026-07-15,C008518,MT,RW-4418,mtb,M,carbon,1,4899,false,
WEB-109270,2026-07-15,C008521,NY,RW-4418,mtb,M,carbon,1,4899,false,
WEB-109271,2026-07-15,C008522,UT,RW-4418,mtb,M,carbon,1,4899,false,
WEB-109273,2026-07-15,C008524,NY,RW-4418,mtb,M,carbon,1,4899,false,
WEB-109277,2026-07-15,C008527,NM,RW-9901,mtb,L,base,1,2299,false,
WEB-109279,2026-07-15,C008529,MN,RW-9901,mtb,L,base,1,2299,false,
WEB-109287,2026-07-15,C008536,WA,RW-9901,mtb,L,base,1,2299,false,
WEB-109289,2026-07-15,C008538,OR,RW-9901,mtb,L,base,1,2299,false,
WEB-109302,2026-07-15,C008551,IL,RW-6416,mtb,L,carbon,1,4899,false,
WEB-109307,2026-07-15,C008556,AZ,RW-6416,mtb,L,carbon,1,4899,false,
WEB-109078,2026-07-16,C008348,UT,RW-3980,road,S,carbon,1,3999,false,
WEB-109103,2026-07-16,C007488,TX,RW-3980,road,S,carbon,1,3999,false,
WEB-109107,2026-07-16,C008374,MI,RW-9835,road,M,base,1,1899,true,2026-07-18
WEB-109111,2026-07-16,C008378,OR,RW-9835,road,M,base,1,1899,true,2026-07-21
WEB-109120,2026-07-16,C007718,MN,RW-9835,road,M,base,1,1899,true,2026-07-24
WEB-109127,2026-07-16,C008392,PA,RW-9835,road,M,base,1,1899,true,2026-07-26
WEB-109129,2026-07-16,C008394,TX,RW-9835,road,M,base,1,1899,true,2026-07-18
WEB-109130,2026-07-16,C008395,CO,RW-9835,road,M,base,1,1899,true,2026-07-26
WEB-109139,2026-07-16,C008402,CA,RW-2984,road,M,carbon,1,3999,true,2026-07-19
WEB-109140,2026-07-16,C008403,NY,RW-2984,road,M,carbon,1,3999,true,2026-07-24
WEB-109141,2026-07-16,C008404,MT,RW-2984,road,M,carbon,1,3999,true,2026-07-22
WEB-109145,2026-07-16,C008408,MN,RW-2984,road,M,carbon,1,3999,true,2026-07-18
WEB-109147,2026-07-16,C006019,MT,RW-2984,road,M,carbon,1,3999,true,2026-07-25
WEB-109150,2026-07-16,C008412,IL,RW-2984,road,M,carbon,1,3999,true,2026-07-24
WEB-109151,2026-07-16,C008413,OR,RW-2984,road,M,carbon,1,3999,true,2026-07-18
WEB-109158,2026-07-16,C008420,TX,RW-2984,road,M,carbon,1,3999,true,2026-07-22
WEB-109170,2026-07-16,C008430,WA,RW-7298,road,L,base,1,1899,true,2026-07-18
WEB-109180,2026-07-16,C008439,CA,RW-7298,road,L,base,1,1899,true,2026-07-20
WEB-109182,2026-07-16,C008441,MT,RW-1378,road,L,carbon,1,3999,true,2026-07-25
WEB-109195,2026-07-16,C008451,TX,RW-1378,road,L,carbon,1,3999,true,2026-07-25
WEB-109210,2026-07-16,C008465,NY,RW-9304,mtb,S,carbon,1,4899,false,
WEB-109216,2026-07-16,C008469,MI,RW-9304,mtb,S,carbon,1,4899,false,
WEB-109217,2026-07-16,C008470,AZ,RW-9304,mtb,S,carbon,1,4899,false,
WEB-109226,2026-07-16,C008478,GA,RW-9304,mtb,S,carbon,1,4899,false,
WEB-109236,2026-07-16,C008488,PA,RW-9324,mtb,M,base,1,2299,true,2026-07-20
WEB-109241,2026-07-16,C008493,OR,RW-9324,mtb,M,base,1,2299,true,2026-07-25
WEB-109244,2026-07-16,C008496,VT,RW-9324,mtb,M,base,1,2299,true,2026-07-18
WEB-109245,2026-07-16,C008497,MI,RW-9324,mtb,M,base,1,2299,true,2026-07-22
WEB-109250,2026-07-16,C008502,TX,RW-4418,mtb,M,carbon,1,4899,false,
WEB-109257,2026-07-16,C008509,UT,RW-4418,mtb,M,carbon,1,4899,false,
WEB-109259,2026-07-16,C004244,VT,RW-4418,mtb,M,carbon,1,4899,false,
WEB-109265,2026-07-16,C008516,PA,RW-4418,mtb,M,carbon,1,4899,false,
WEB-109269,2026-07-16,C008520,TX,RW-4418,mtb,M,carbon,1,4899,false,
WEB-109278,2026-07-16,C008528,CO,RW-9901,mtb,L,base,1,2299,false,
WEB-109286,2026-07-16,C008535,AZ,RW-9901,mtb,L,base,1,2299,false,
WEB-109291,2026-07-16,C008540,MI,RW-9901,mtb,L,base,1,2299,false,
WEB-109300,2026-07-16,C008549,GA,RW-6416,mtb,L,carbon,1,4899,false,
WEB-109303,2026-07-16,C008552,NC,RW-6416,mtb,L,carbon,1,4899,false,
WEB-109304,2026-07-16,C008553,OR,RW-6416,mtb,L,carbon,1,4899,false,
WEB-109308,2026-07-16,C008557,ID,RW-6416,mtb,L,carbon,1,4899,false,
WEB-109079,2026-07-17,C008349,GA,RW-3980,road,S,carbon,1,3999,false,
WEB-109082,2026-07-17,C008352,MA,RW-3980,road,S,carbon,1,3999,false,
WEB-109095,2026-07-17,C008363,PA,RW-3980,road,S,carbon,1,3999,false,
WEB-109096,2026-07-17,C008364,IL,RW-3980,road,S,carbon,1,3999,false,
WEB-109097,2026-07-17,C008365,NM,RW-3980,road,S,carbon,1,3999,false,
WEB-109113,2026-07-17,C008380,NY,RW-9835,road,M,base,1,1899,true,2026-07-19
WEB-109118,2026-07-17,C008384,UT,RW-9835,road,M,base,1,1899,true,2026-07-21
WEB-109128,2026-07-17,C008393,OR,RW-9835,road,M,base,1,1899,true,2026-07-23
WEB-109136,2026-07-17,C008399,AZ,RW-2984,road,M,carbon,1,3999,true,2026-07-25
WEB-109160,2026-07-17,C008422,NY,RW-2984,road,M,carbon,1,3999,true,2026-07-23
WEB-109164,2026-07-17,C008426,GA,RW-2984,road,M,carbon,1,3999,true,2026-07-27
WEB-109167,2026-07-17,C007338,NM,RW-2984,road,M,carbon,1,3999,true,2026-07-21
WEB-109168,2026-07-17,C008428,WA,RW-2984,road,M,carbon,1,3999,true,2026-07-22
WEB-109177,2026-07-17,C008436,GA,RW-7298,road,L,base,1,1899,true,2026-07-27
WEB-109179,2026-07-17,C008438,IL,RW-7298,road,L,base,1,1899,true,2026-07-21
WEB-109185,2026-07-17,C008443,AZ,RW-1378,road,L,carbon,1,3999,true,2026-07-19
WEB-109199,2026-07-17,C008455,AZ,RW-1378,road,L,carbon,1,3999,true,2026-07-22
WEB-109223,2026-07-17,C008475,IL,RW-9304,mtb,S,carbon,1,4899,false,
WEB-109251,2026-07-17,C008503,AZ,RW-4418,mtb,M,carbon,1,4899,false,
WEB-109253,2026-07-17,C008505,NC,RW-4418,mtb,M,carbon,1,4899,false,
WEB-109263,2026-07-17,C008514,MA,RW-4418,mtb,M,carbon,1,4899,false,
WEB-109281,2026-07-17,C008531,MA,RW-9901,mtb,L,base,1,2299,false,
WEB-109282,2026-07-17,C001381,CA,RW-9901,mtb,L,base,1,2299,false,
WEB-109292,2026-07-17,C008541,CA,RW-9901,mtb,L,base,1,2299,false,
WEB-109077,2026-07-18,C008347,FL,RW-3980,road,S,carbon,1,3999,false,
WEB-109100,2026-07-18,C008368,TX,RW-3980,road,S,carbon,1,3999,false,
WEB-109132,2026-07-18,C005603,MN,RW-9835,road,M,base,1,1899,true,2026-07-24
WEB-109137,2026-07-18,C008400,FL,RW-2984,road,M,carbon,1,3999,true,2026-07-22
WEB-109144,2026-07-18,C008407,NY,RW-2984,road,M,carbon,1,3999,true,2026-07-22
WEB-109155,2026-07-18,C008417,ID,RW-2984,road,M,carbon,1,3999,true,2026-07-28
WEB-109159,2026-07-18,C008421,ID,RW-2984,road,M,carbon,1,3999,true,2026-07-20
WEB-109171,2026-07-18,C008431,FL,RW-7298,road,L,base,1,1899,true,2026-07-25
WEB-109176,2026-07-18,C008435,MT,RW-7298,road,L,base,1,1899,true,2026-07-28
WEB-109178,2026-07-18,C008437,FL,RW-7298,road,L,base,1,1899,true,2026-07-20
WEB-109183,2026-07-18,C008442,AZ,RW-1378,road,L,carbon,1,3999,true,2026-07-23
WEB-109194,2026-07-18,C008450,TX,RW-1378,road,L,carbon,1,3999,true,2026-07-23
WEB-109211,2026-07-18,C004987,NY,RW-9304,mtb,S,carbon,1,4899,false,
WEB-109213,2026-07-18,C008466,OR,RW-9304,mtb,S,carbon,1,4899,false,
WEB-109218,2026-07-18,C008471,VT,RW-9304,mtb,S,carbon,1,4899,false,
WEB-109221,2026-07-18,C008474,NM,RW-9304,mtb,S,carbon,1,4899,false,
WEB-109232,2026-07-18,C008484,IL,RW-9324,mtb,M,base,1,2299,true,2026-07-25
WEB-109233,2026-07-18,C008485,NC,RW-9324,mtb,M,base,1,2299,true,2026-07-27
WEB-109234,2026-07-18,C008486,MI,RW-9324,mtb,M,base,1,2299,true,2026-07-27
WEB-109237,2026-07-18,C008489,PA,RW-9324,mtb,M,base,1,2299,true,2026-07-20
WEB-109240,2026-07-18,C008492,PA,RW-9324,mtb,M,base,1,2299,true,2026-07-23
WEB-109242,2026-07-18,C008494,UT,RW-9324,mtb,M,base,1,2299,true,2026-07-20
WEB-109249,2026-07-18,C008501,TX,RW-4418,mtb,M,carbon,1,4899,false,
WEB-109255,2026-07-18,C008507,TX,RW-4418,mtb,M,carbon,1,4899,false,
WEB-109258,2026-07-18,C008510,PA,RW-4418,mtb,M,carbon,1,4899,false,
WEB-109261,2026-07-18,C008512,NC,RW-4418,mtb,M,carbon,1,4899,false,
WEB-109276,2026-07-18,C008526,PA,RW-9901,mtb,L,base,1,2299,false,
WEB-109290,2026-07-18,C008539,MT,RW-9901,mtb,L,base,1,2299,false,
WEB-109295,2026-07-18,C008544,MA,RW-9901,mtb,L,base,1,2299,false,
WEB-109298,2026-07-18,C008547,VT,RW-6416,mtb,L,carbon,1,4899,false,
WEB-109301,2026-07-18,C008550,WA,RW-6416,mtb,L,carbon,1,4899,false,
WEB-109081,2026-07-19,C008351,MT,RW-3980,road,S,carbon,1,3999,false,
WEB-109088,2026-07-19,C008357,NM,RW-3980,road,S,carbon,1,3999,false,
WEB-109090,2026-07-19,C002773,TX,RW-3980,road,S,carbon,1,3999,false,
WEB-109091,2026-07-19,C008359,CA,RW-3980,road,S,carbon,1,3999,false,
WEB-109099,2026-07-19,C008367,CO,RW-3980,road,S,carbon,1,3999,false,
WEB-109102,2026-07-19,C008370,VT,RW-3980,road,S,carbon,1,3999,false,
WEB-109105,2026-07-19,C008372,ID,RW-9835,road,M,base,1,1899,true,2026-07-27
WEB-109106,2026-07-19,C008373,ID,RW-9835,road,M,base,1,1899,true,2026-07-23
WEB-109109,2026-07-19,C008376,OR,RW-9835,road,M,base,1,1899,true,2026-07-29
WEB-109114,2026-07-19,C008381,VT,RW-9835,road,M,base,1,1899,true,2026-07-23
WEB-109119,2026-07-19,C008385,PA,RW-9835,road,M,base,1,1899,true,2026-07-26
WEB-109122,2026-07-19,C008387,NY,RW-9835,road,M,base,1,1899,true,2026-07-27
WEB-109133,2026-07-19,C008396,IL,RW-9835,road,M,base,1,1899,true,2026-07-21
WEB-109134,2026-07-19,C008397,MA,RW-2984,road,M,carbon,1,3999,true,2026-07-23
WEB-109148,2026-07-19,C008410,UT,RW-2984,road,M,carbon,1,3999,true,2026-07-21
WEB-109152,2026-07-19,C008414,PA,RW-2984,road,M,carbon,1,3999,true,2026-07-21
WEB-109156,2026-07-19,C008418,ID,RW-2984,road,M,carbon,1,3999,true,2026-07-24
WEB-109161,2026-07-19,C008423,MI,RW-2984,road,M,carbon,1,3999,true,2026-07-26
WEB-109165,2026-07-19,C008346,IL,RW-2984,road,M,carbon,1,3999,true,2026-07-24
WEB-109172,2026-07-19,C008432,TX,RW-7298,road,L,base,1,1899,true,2026-07-27
WEB-109181,2026-07-19,C008440,IL,RW-7298,road,L,base,1,1899,true,2026-07-27
WEB-109187,2026-07-19,C008445,NY,RW-1378,road,L,carbon,1,3999,true,2026-07-22
WEB-109188,2026-07-19,C002453,GA,RW-1378,road,L,carbon,1,3999,true,2026-07-22
WEB-109192,2026-07-19,C008448,TX,RW-1378,road,L,carbon,1,3999,true,2026-07-26
WEB-109196,2026-07-19,C008452,TX,RW-1378,road,L,carbon,1,3999,true,2026-07-27
WEB-109204,2026-07-19,C008460,NY,RW-9304,mtb,S,carbon,1,4899,false,
WEB-109206,2026-07-19,C008462,GA,RW-9304,mtb,S,carbon,1,4899,false,
WEB-109207,2026-07-19,C008463,CA,RW-9304,mtb,S,carbon,1,4899,false,
WEB-109208,2026-07-19,C005481,UT,RW-9304,mtb,S,carbon,1,4899,false,
WEB-109212,2026-07-19,C007875,FL,RW-9304,mtb,S,carbon,1,4899,false,
WEB-109220,2026-07-19,C008473,UT,RW-9304,mtb,S,carbon,1,4899,false,
WEB-109247,2026-07-19,C008499,VT,RW-9324,mtb,M,base,1,2299,true,2026-07-28
WEB-109264,2026-07-19,C008515,MI,RW-4418,mtb,M,carbon,1,4899,false,
WEB-109272,2026-07-19,C008523,MT,RW-4418,mtb,M,carbon,1,4899,false,
WEB-109293,2026-07-19,C008542,FL,RW-9901,mtb,L,base,1,2299,false,
WEB-109294,2026-07-19,C008543,FL,RW-9901,mtb,L,base,1,2299,false,
WEB-109297,2026-07-19,C008546,VT,RW-6416,mtb,L,carbon,1,4899,false,
WEB-109305,2026-07-19,C008554,CO,RW-6416,mtb,L,carbon,1,4899,false,
WEB-109306,2026-07-19,C008555,PA,RW-6416,mtb,L,carbon,1,4899,false,
WEB-109311,2026-07-20,C008560,NC,RW-3980,road,S,carbon,1,3999,false,
WEB-109324,2026-07-20,C008572,MN,RW-3980,road,S,carbon,1,3999,false,
WEB-109326,2026-07-20,C008574,CO,RW-3980,road,S,carbon,1,3999,false,
WEB-109331,2026-07-20,C008578,MN,RW-3980,road,S,carbon,1,3999,false,
WEB-109333,2026-07-20,C008580,MA,RW-3980,road,S,carbon,1,3999,false,
WEB-109335,2026-07-20,C008582,WA,RW-3980,road,S,carbon,1,3999,false,
WEB-109346,2026-07-20,C008592,GA,RW-9835,road,M,base,1,1899,true,2026-07-30
WEB-109347,2026-07-20,C008593,AZ,RW-9835,road,M,base,1,1899,true,2026-07-25
WEB-109354,2026-07-20,C008599,NM,RW-9835,road,M,base,1,1899,true,2026-07-28
WEB-109358,2026-07-20,C008603,GA,RW-9835,road,M,base,1,1899,true,2026-07-30
WEB-109361,2026-07-20,C008606,NM,RW-9835,road,M,base,1,1899,true,2026-07-30
WEB-109370,2026-07-20,C008615,CA,RW-2984,road,M,carbon,1,3999,true,2026-07-26
WEB-109379,2026-07-20,C008624,MI,RW-2984,road,M,carbon,1,3999,true,2026-07-30
WEB-109392,2026-07-20,C008636,TX,RW-7298,road,L,base,1,1899,true,2026-07-28
WEB-109400,2026-07-20,C008644,FL,RW-7298,road,L,base,1,1899,true,2026-07-24
WEB-109404,2026-07-20,C008648,NY,RW-7298,road,L,base,1,1899,true,2026-07-29
WEB-109409,2026-07-20,C008653,GA,RW-1378,road,L,carbon,1,3999,true,2026-07-23
WEB-109416,2026-07-20,C008660,UT,RW-1378,road,L,carbon,1,3999,true,2026-07-23
WEB-109417,2026-07-20,C008661,AZ,RW-1378,road,L,carbon,1,3999,true,2026-07-30
WEB-109437,2026-07-20,C008678,MA,RW-9304,mtb,S,carbon,1,4899,false,
WEB-109444,2026-07-20,C008683,VT,RW-9304,mtb,S,carbon,1,4899,false,
WEB-109455,2026-07-20,C006247,WA,RW-9324,mtb,M,base,1,2299,true,2026-07-27
WEB-109460,2026-07-20,C008695,ID,RW-9324,mtb,M,base,1,2299,true,2026-07-28
WEB-109463,2026-07-20,C008698,TX,RW-9324,mtb,M,base,1,2299,true,2026-07-24
WEB-109466,2026-07-20,C008701,CO,RW-9324,mtb,M,base,1,2299,true,2026-07-26
WEB-109467,2026-07-20,C008702,AZ,RW-9324,mtb,M,base,1,2299,true,2026-07-30
WEB-109476,2026-07-20,C008709,FL,RW-4418,mtb,M,carbon,1,4899,false,
WEB-109495,2026-07-20,C008726,MA,RW-4418,mtb,M,carbon,1,4899,false,
WEB-109500,2026-07-20,C008731,WA,RW-9901,mtb,L,base,1,2299,false,
WEB-109530,2026-07-20,C008757,MN,RW-6416,mtb,L,carbon,1,4899,false,
WEB-109313,2026-07-21,C008562,VT,RW-3980,road,S,carbon,1,3999,false,
WEB-109314,2026-07-21,C008563,WA,RW-3980,road,S,carbon,1,3999,false,
WEB-109318,2026-07-21,C008567,NC,RW-3980,road,S,carbon,1,3999,false,
WEB-109320,2026-07-21,C008568,MT,RW-3980,road,S,carbon,1,3999,false,
WEB-109322,2026-07-21,C008570,CO,RW-3980,road,S,carbon,1,3999,false,
WEB-109329,2026-07-21,C002508,MT,RW-3980,road,S,carbon,1,3999,false,
WEB-109336,2026-07-21,C008583,ID,RW-3980,road,S,carbon,1,3999,false,
WEB-109338,2026-07-21,C008585,TX,RW-3980,road,S,carbon,1,3999,false,
WEB-109352,2026-07-21,C008597,NC,RW-9835,road,M,base,1,1899,true,2026-07-28
WEB-109353,2026-07-21,C008598,MT,RW-9835,road,M,base,1,1899,true,2026-07-27
WEB-109359,2026-07-21,C008604,UT,RW-9835,road,M,base,1,1899,true,2026-07-26
WEB-109376,2026-07-21,C008621,OR,RW-2984,road,M,carbon,1,3999,true,2026-07-30
WEB-109378,2026-07-21,C008623,CO,RW-2984,road,M,carbon,1,3999,true,2026-07-30
WEB-109383,2026-07-21,C008628,IL,RW-2984,road,M,carbon,1,3999,true,2026-07-27
WEB-109387,2026-07-21,C003811,AZ,RW-2984,road,M,carbon,1,3999,true,2026-07-29
WEB-109393,2026-07-21,C008637,VT,RW-7298,road,L,base,1,1899,true,2026-07-26
WEB-109398,2026-07-21,C008642,OR,RW-7298,road,L,base,1,1899,true,2026-07-29
WEB-109403,2026-07-21,C008647,CA,RW-7298,road,L,base,1,1899,true,2026-07-31
WEB-109405,2026-07-21,C008649,MT,RW-7298,road,L,base,1,1899,true,2026-07-25
WEB-109411,2026-07-21,C008655,NC,RW-1378,road,L,carbon,1,3999,true,2026-07-31
WEB-109419,2026-07-21,C001381,WA,RW-1378,road,L,carbon,1,3999,true,2026-07-23
WEB-109433,2026-07-21,C008674,FL,RW-9304,mtb,S,carbon,1,4899,false,
WEB-109434,2026-07-21,C008675,MI,RW-9304,mtb,S,carbon,1,4899,false,
WEB-109443,2026-07-21,C008682,NC,RW-9304,mtb,S,carbon,1,4899,false,
WEB-109449,2026-07-21,C004796,MT,RW-9304,mtb,S,carbon,1,4899,false,
WEB-109452,2026-07-21,C008689,WA,RW-9304,mtb,S,carbon,1,4899,false,
WEB-109456,2026-07-21,C008691,VT,RW-9324,mtb,M,base,1,2299,true,2026-07-28
WEB-109461,2026-07-21,C008696,GA,RW-9324,mtb,M,base,1,2299,true,2026-07-24
WEB-109462,2026-07-21,C008697,MI,RW-9324,mtb,M,base,1,2299,true,2026-07-26
WEB-109474,2026-07-21,C008708,NC,RW-4418,mtb,M,carbon,1,4899,false,
WEB-109481,2026-07-21,C008713,CO,RW-4418,mtb,M,carbon,1,4899,false,
WEB-109504,2026-07-21,C008735,UT,RW-9901,mtb,L,base,1,2299,false,
WEB-109507,2026-07-21,C008737,FL,RW-9901,mtb,L,base,1,2299,false,
WEB-109512,2026-07-21,C008741,GA,RW-9901,mtb,L,base,1,2299,false,
WEB-109521,2026-07-21,C008749,PA,RW-6416,mtb,L,carbon,1,4899,false,
WEB-109310,2026-07-22,C008559,PA,RW-3980,road,S,carbon,1,3999,false,
WEB-109319,2026-07-22,C003534,MN,RW-3980,road,S,carbon,1,3999,false,
WEB-109327,2026-07-22,C008575,NY,RW-3980,road,S,carbon,1,3999,false,
WEB-109337,2026-07-22,C008584,IL,RW-3980,road,S,carbon,1,3999,false,
WEB-109340,2026-07-22,C008587,CO,RW-3980,road,S,carbon,1,3999,false,
WEB-109350,2026-07-22,C008596,WA,RW-9835,road,M,base,1,1899,true,2026-07-29
WEB-109351,2026-07-22,C007952,TX,RW-9835,road,M,base,1,1899,true,2026-07-30
WEB-109355,2026-07-22,C008600,MT,RW-9835,road,M,base,1,1899,true,2026-07-26
WEB-109357,2026-07-22,C008602,PA,RW-9835,road,M,base,1,1899,true,2026-07-28
WEB-109362,2026-07-22,C008607,MN,RW-2984,road,M,carbon,1,3999,true,2026-07-26
WEB-109368,2026-07-22,C008613,AZ,RW-2984,road,M,carbon,1,3999,true,2026-07-30
WEB-109369,2026-07-22,C008614,NC,RW-2984,road,M,carbon,1,3999,true,2026-07-27
WEB-109390,2026-07-22,C008634,UT,RW-2984,road,M,carbon,1,3999,true,2026-07-27
WEB-109391,2026-07-22,C008635,OR,RW-2984,road,M,carbon,1,3999,true,2026-07-26
WEB-109394,2026-07-22,C008638,MA,RW-7298,road,L,base,1,1899,true,2026-07-28
WEB-109413,2026-07-22,C008657,FL,RW-1378,road,L,carbon,1,3999,true,2026-07-31
WEB-109418,2026-07-22,C008662,TX,RW-1378,road,L,carbon,1,3999,true,2026-07-29
WEB-109420,2026-07-22,C008663,CA,RW-1378,road,L,carbon,1,3999,true,2026-07-31
WEB-109428,2026-07-22,C008670,NM,RW-9304,mtb,S,carbon,1,4899,false,
WEB-109429,2026-07-22,C003486,FL,RW-9304,mtb,S,carbon,1,4899,false,
WEB-109432,2026-07-22,C008673,NY,RW-9304,mtb,S,carbon,1,4899,false,
WEB-109436,2026-07-22,C008677,NC,RW-9304,mtb,S,carbon,1,4899,false,
WEB-109439,2026-07-22,C003999,VT,RW-9304,mtb,S,carbon,1,4899,false,
WEB-109440,2026-07-22,C008680,AZ,RW-9304,mtb,S,carbon,1,4899,false,
WEB-109441,2026-07-22,C001539,PA,RW-9304,mtb,S,carbon,1,4899,false,
WEB-109454,2026-07-22,C008141,NM,RW-9304,mtb,S,carbon,1,4899,false,
WEB-109459,2026-07-22,C008694,MI,RW-9324,mtb,M,base,1,2299,true,2026-07-30
WEB-109473,2026-07-22,C008707,TX,RW-4418,mtb,M,carbon,1,4899,false,
WEB-109477,2026-07-22,C008710,CA,RW-4418,mtb,M,carbon,1,4899,false,
WEB-109483,2026-07-22,C008715,MT,RW-4418,mtb,M,carbon,1,4899,false,
WEB-109485,2026-07-22,C008717,WA,RW-4418,mtb,M,carbon,1,4899,false,
WEB-109488,2026-07-22,C008720,FL,RW-4418,mtb,M,carbon,1,4899,false,
WEB-109490,2026-07-22,C008722,FL,RW-4418,mtb,M,carbon,1,4899,false,
WEB-109494,2026-07-22,C005736,TX,RW-4418,mtb,M,carbon,1,4899,false,
WEB-109496,2026-07-22,C008727,WA,RW-4418,mtb,M,carbon,1,4899,false,
WEB-109497,2026-07-22,C008728,OR,RW-9901,mtb,L,base,1,2299,false,
WEB-109501,2026-07-22,C008732,GA,RW-9901,mtb,L,base,1,2299,false,
WEB-109506,2026-07-22,C005075,VT,RW-9901,mtb,L,base,1,2299,false,
WEB-109509,2026-07-22,C008738,NM,RW-9901,mtb,L,base,1,2299,false,
WEB-109514,2026-07-22,C008743,MT,RW-9901,mtb,L,base,1,2299,false,
WEB-109518,2026-07-22,C008746,TX,RW-6416,mtb,L,carbon,1,4899,false,
WEB-109519,2026-07-22,C008747,CO,RW-6416,mtb,L,carbon,1,4899,false,
WEB-109529,2026-07-22,C008756,OR,RW-6416,mtb,L,carbon,1,4899,false,
WEB-109339,2026-07-23,C008586,MI,RW-3980,road,S,carbon,1,3999,false,
WEB-109341,2026-07-23,C008588,FL,RW-3980,road,S,carbon,1,3999,false,
WEB-109342,2026-07-23,C008589,WA,RW-3980,road,S,carbon,1,3999,false,
WEB-109349,2026-07-23,C008595,CO,RW-9835,road,M,base,1,1899,true,2026-08-02
WEB-109363,2026-07-23,C008608,MA,RW-2984,road,M,carbon,1,3999,true,2026-07-30
WEB-109365,2026-07-23,C008610,NM,RW-2984,road,M,carbon,1,3999,true,2026-07-29
WEB-109366,2026-07-23,C008611,TX,RW-2984,road,M,carbon,1,3999,true,2026-07-26
WEB-109377,2026-07-23,C008622,AZ,RW-2984,road,M,carbon,1,3999,true,2026-07-26
WEB-109381,2026-07-23,C008626,FL,RW-2984,road,M,carbon,1,3999,true,2026-07-25
WEB-109386,2026-07-23,C008631,AZ,RW-2984,road,M,carbon,1,3999,true,2026-07-26
WEB-109388,2026-07-23,C008632,TX,RW-2984,road,M,carbon,1,3999,true,2026-07-26
WEB-109397,2026-07-23,C008641,MT,RW-7298,road,L,base,1,1899,true,2026-07-29
WEB-109402,2026-07-23,C008646,VT,RW-7298,road,L,base,1,1899,true,2026-07-31
WEB-109410,2026-07-23,C008654,AZ,RW-1378,road,L,carbon,1,3999,true,2026-07-26
WEB-109412,2026-07-23,C008656,NY,RW-1378,road,L,carbon,1,3999,true,2026-07-29
WEB-109415,2026-07-23,C008659,UT,RW-1378,road,L,carbon,1,3999,true,2026-07-29
WEB-109424,2026-07-23,C008667,GA,RW-1378,road,L,carbon,1,3999,true,2026-08-02
WEB-109426,2026-07-23,C008668,ID,RW-9304,mtb,S,carbon,1,4899,false,
WEB-109430,2026-07-23,C008671,CA,RW-9304,mtb,S,carbon,1,4899,false,
WEB-109450,2026-07-23,C006442,IL,RW-9304,mtb,S,carbon,1,4899,false,
WEB-109475,2026-07-23,C003185,MA,RW-4418,mtb,M,carbon,1,4899,false,
WEB-109486,2026-07-23,C008718,IL,RW-4418,mtb,M,carbon,1,4899,false,
WEB-109491,2026-07-23,C008723,TX,RW-4418,mtb,M,carbon,1,4899,false,
WEB-109492,2026-07-23,C008724,CA,RW-4418,mtb,M,carbon,1,4899,false,
WEB-109493,2026-07-23,C008725,NC,RW-4418,mtb,M,carbon,1,4899,false,
WEB-109498,2026-07-23,C008729,GA,RW-9901,mtb,L,base,1,2299,false,
WEB-109503,2026-07-23,C008734,AZ,RW-9901,mtb,L,base,1,2299,false,
WEB-109513,2026-07-23,C008742,IL,RW-9901,mtb,L,base,1,2299,false,
WEB-109522,2026-07-23,C008750,CO,RW-6416,mtb,L,carbon,1,4899,false,
WEB-109525,2026-07-23,C008752,UT,RW-6416,mtb,L,carbon,1,4899,false,
WEB-109315,2026-07-24,C008564,WA,RW-3980,road,S,carbon,1,3999,false,
WEB-109316,2026-07-24,C008565,CO,RW-3980,road,S,carbon,1,3999,false,
WEB-109330,2026-07-24,C008577,MA,RW-3980,road,S,carbon,1,3999,false,
WEB-109334,2026-07-24,C008581,MA,RW-3980,road,S,carbon,1,3999,false,
WEB-109344,2026-07-24,C008591,MT,RW-9835,road,M,base,1,1899,true,2026-07-29
WEB-109345,2026-07-24,C006986,TX,RW-9835,road,M,base,1,1899,true,2026-08-03
WEB-109364,2026-07-24,C008609,MA,RW-2984,road,M,carbon,1,3999,true,2026-07-31
WEB-109371,2026-07-24,C008616,NM,RW-2984,road,M,carbon,1,3999,true,2026-08-01
WEB-109373,2026-07-24,C008618,NC,RW-2984,road,M,carbon,1,3999,true,2026-07-29
WEB-109395,2026-07-24,C008639,OR,RW-7298,road,L,base,1,1899,true,2026-07-30
WEB-109414,2026-07-24,C008658,GA,RW-1378,road,L,carbon,1,3999,true,2026-07-30
WEB-109425,2026-07-24,C003600,CO,RW-9304,mtb,S,carbon,1,4899,false,
WEB-109427,2026-07-24,C008669,GA,RW-9304,mtb,S,carbon,1,4899,false,
WEB-109435,2026-07-24,C008676,GA,RW-9304,mtb,S,carbon,1,4899,false,
WEB-109447,2026-07-24,C008686,UT,RW-9304,mtb,S,carbon,1,4899,false,
WEB-109451,2026-07-24,C008688,CO,RW-9304,mtb,S,carbon,1,4899,false,
WEB-109470,2026-07-24,C005698,FL,RW-4418,mtb,M,carbon,1,4899,false,
WEB-109471,2026-07-24,C008705,TX,RW-4418,mtb,M,carbon,1,4899,false,
WEB-109487,2026-07-24,C008719,IL,RW-4418,mtb,M,carbon,1,4899,false,
WEB-109489,2026-07-24,C008721,AZ,RW-4418,mtb,M,carbon,1,4899,false,
WEB-109502,2026-07-24,C008733,CO,RW-9901,mtb,L,base,1,2299,false,
WEB-109515,2026-07-24,C008744,FL,RW-9901,mtb,L,base,1,2299,false,
WEB-109532,2026-07-24,C008759,MI,RW-6416,mtb,L,carbon,1,4899,false,
WEB-109321,2026-07-25,C008569,ID,RW-3980,road,S,carbon,1,3999,false,
WEB-109328,2026-07-25,C008576,CA,RW-3980,road,S,carbon,1,3999,false,
WEB-109348,2026-07-25,C008594,MT,RW-9835,road,M,base,1,1899,true,2026-08-02
WEB-109360,2026-07-25,C008605,MA,RW-9835,road,M,base,1,1899,true,2026-07-29
WEB-109367,2026-07-25,C008612,MT,RW-2984,road,M,carbon,1,3999,true,2026-07-27
WEB-109374,2026-07-25,C008619,NY,RW-2984,road,M,carbon,1,3999,true,2026-07-27
WEB-109380,2026-07-25,C008625,TX,RW-2984,road,M,carbon,1,3999,true,2026-07-28
WEB-109384,2026-07-25,C008629,CO,RW-2984,road,M,carbon,1,3999,true,2026-08-02
WEB-109396,2026-07-25,C008640,GA,RW-7298,road,L,base,1,1899,true,2026-08-03
WEB-109399,2026-07-25,C008643,OR,RW-7298,road,L,base,1,1899,true,2026-07-31
WEB-109421,2026-07-25,C008664,NY,RW-1378,road,L,carbon,1,3999,true,2026-07-28
WEB-109423,2026-07-25,C008666,GA,RW-1378,road,L,carbon,1,3999,true,2026-08-01
WEB-109438,2026-07-25,C008679,NC,RW-9304,mtb,S,carbon,1,4899,false,
WEB-109445,2026-07-25,C008684,PA,RW-9304,mtb,S,carbon,1,4899,false,
WEB-109448,2026-07-25,C008687,NY,RW-9304,mtb,S,carbon,1,4899,false,
WEB-109453,2026-07-25,C008690,UT,RW-9304,mtb,S,carbon,1,4899,false,
WEB-109464,2026-07-25,C008699,UT,RW-9324,mtb,M,base,1,2299,true,2026-07-29
WEB-109465,2026-07-25,C008700,IL,RW-9324,mtb,M,base,1,2299,true,2026-07-30
WEB-109468,2026-07-25,C008703,VT,RW-9324,mtb,M,base,1,2299,true,2026-08-04
WEB-109472,2026-07-25,C008706,MA,RW-4418,mtb,M,carbon,1,4899,false,
WEB-109478,2026-07-25,C002182,NY,RW-4418,mtb,M,carbon,1,4899,false,
WEB-109479,2026-07-25,C008711,MI,RW-4418,mtb,M,carbon,1,4899,false,
WEB-109480,2026-07-25,C008712,MN,RW-4418,mtb,M,carbon,1,4899,false,
WEB-109508,2026-07-25,C003922,GA,RW-9901,mtb,L,base,1,2299,false,
WEB-109510,2026-07-25,C008739,NC,RW-9901,mtb,L,base,1,2299,false,
WEB-109516,2026-07-25,C008745,CA,RW-6416,mtb,L,carbon,1,4899,false,
WEB-109517,2026-07-25,C003083,MT,RW-6416,mtb,L,carbon,1,4899,false,
WEB-109520,2026-07-25,C008748,CA,RW-6416,mtb,L,carbon,1,4899,false,
WEB-109523,2026-07-25,C001041,ID,RW-6416,mtb,L,carbon,1,4899,false,
WEB-109524,2026-07-25,C008751,VT,RW-6416,mtb,L,carbon,1,4899,false,
WEB-109526,2026-07-25,C008753,OR,RW-6416,mtb,L,carbon,1,4899,false,
WEB-109527,2026-07-25,C008754,NY,RW-6416,mtb,L,carbon,1,4899,false,
WEB-109528,2026-07-25,C008755,NM,RW-6416,mtb,L,carbon,1,4899,false,
WEB-109531,2026-07-25,C008758,MA,RW-6416,mtb,L,carbon,1,4899,false,
WEB-109309,2026-07-26,C008558,UT,RW-3980,road,S,carbon,1,3999,false,
WEB-109312,2026-07-26,C008561,PA,RW-3980,road,S,carbon,1,3999,false,
WEB-109317,2026-07-26,C008566,FL,RW-3980,road,S,carbon,1,3999,false,
WEB-109323,2026-07-26,C008571,GA,RW-3980,road,S,carbon,1,3999,false,
WEB-109325,2026-07-26,C008573,FL,RW-3980,road,S,carbon,1,3999,false,
WEB-109332,2026-07-26,C008579,AZ,RW-3980,road,S,carbon,1,3999,false,
WEB-109343,2026-07-26,C008590,NY,RW-9835,road,M,base,1,1899,true,2026-08-05
WEB-109356,2026-07-26,C008601,UT,RW-9835,road,M,base,1,1899,true,2026-08-05
WEB-109372,2026-07-26,C008617,VT,RW-2984,road,M,carbon,1,3999,true,2026-08-01
WEB-109375,2026-07-26,C008620,MT,RW-2984,road,M,carbon,1,3999,true,2026-08-01
WEB-109382,2026-07-26,C008627,FL,RW-2984,road,M,carbon,1,3999,true,2026-07-29
WEB-109385,2026-07-26,C008630,MT,RW-2984,road,M,carbon,1,3999,true,2026-08-03
WEB-109389,2026-07-26,C008633,FL,RW-2984,road,M,carbon,1,3999,true,2026-07-31
WEB-109401,2026-07-26,C008645,MT,RW-7298,road,L,base,1,1899,true,2026-08-04
WEB-109406,2026-07-26,C008650,UT,RW-7298,road,L,base,1,1899,true,2026-08-03
WEB-109407,2026-07-26,C008651,MA,RW-1378,road,L,carbon,1,3999,true,2026-08-03
WEB-109408,2026-07-26,C008652,OR,RW-1378,road,L,carbon,1,3999,true,2026-08-04
WEB-109422,2026-07-26,C008665,FL,RW-1378,road,L,carbon,1,3999,true,2026-07-30
WEB-109431,2026-07-26,C008672,TX,RW-9304,mtb,S,carbon,1,4899,false,
WEB-109442,2026-07-26,C008681,MA,RW-9304,mtb,S,carbon,1,4899,false,
WEB-109446,2026-07-26,C008685,PA,RW-9304,mtb,S,carbon,1,4899,false,
WEB-109457,2026-07-26,C008692,FL,RW-9324,mtb,M,base,1,2299,true,2026-07-29
WEB-109458,2026-07-26,C008693,IL,RW-9324,mtb,M,base,1,2299,true,2026-08-05
WEB-109469,2026-07-26,C008704,CA,RW-4418,mtb,M,carbon,1,4899,false,
WEB-109482,2026-07-26,C008714,UT,RW-4418,mtb,M,carbon,1,4899,false,
WEB-109484,2026-07-26,C008716,NC,RW-4418,mtb,M,carbon,1,4899,false,
WEB-109499,2026-07-26,C008730,NY,RW-9901,mtb,L,base,1,2299,false,
WEB-109505,2026-07-26,C008736,IL,RW-9901,mtb,L,base,1,2299,false,
WEB-109511,2026-07-26,C008740,WA,RW-9901,mtb,L,base,1,2299,false,
WEB-109533,2026-07-27,C008760,UT,RW-3980,road,S,carbon,1,3999,false,
WEB-109534,2026-07-27,C008761,AZ,RW-3980,road,S,carbon,1,3999,false,
WEB-109544,2026-07-27,C008771,CO,RW-3980,road,S,carbon,1,3999,false,
WEB-109545,2026-07-27,C008772,MT,RW-3980,road,S,carbon,1,3999,false,
WEB-109547,2026-07-27,C008774,MI,RW-3980,road,S,carbon,1,3999,false,
WEB-109548,2026-07-27,C008775,WA,RW-3980,road,S,carbon,1,3999,false,
WEB-109549,2026-07-27,C008776,NY,RW-3980,road,S,carbon,1,3999,false,
WEB-109551,2026-07-27,C008778,UT,RW-3980,road,S,carbon,1,3999,false,
WEB-109553,2026-07-27,C008780,NM,RW-3980,road,S,carbon,1,3999,false,
WEB-109559,2026-07-27,C008786,WA,RW-3980,road,S,carbon,1,3999,false,
WEB-109579,2026-07-27,C008805,MI,RW-9835,road,M,base,1,1899,true,2026-08-04
WEB-109583,2026-07-27,C004092,PA,RW-9835,road,M,base,1,1899,true,2026-08-06
WEB-109600,2026-07-27,C008823,FL,RW-2984,road,M,carbon,1,3999,true,2026-08-04
WEB-109603,2026-07-27,C008826,MN,RW-2984,road,M,carbon,1,3999,true,2026-08-04
WEB-109610,2026-07-27,C008832,PA,RW-2984,road,M,carbon,1,3999,true,2026-08-05
WEB-109625,2026-07-27,C003986,OR,RW-7298,road,L,base,1,1899,true,2026-07-30
WEB-109634,2026-07-27,C008854,MT,RW-1378,road,L,carbon,1,3999,true,2026-07-31
WEB-109639,2026-07-27,C006551,MT,RW-1378,road,L,carbon,1,3999,true,2026-08-03
WEB-109655,2026-07-27,C008873,CO,RW-9304,mtb,S,carbon,1,4899,false,
WEB-109664,2026-07-27,C008880,VT,RW-9304,mtb,S,carbon,1,4899,false,
WEB-109672,2026-07-27,C008888,UT,RW-9324,mtb,M,base,1,2299,true,2026-07-30
WEB-109689,2026-07-27,C008904,IL,RW-4418,mtb,M,carbon,1,4899,false,
WEB-109704,2026-07-27,C008919,IL,RW-4418,mtb,M,carbon,1,4899,false,
WEB-109705,2026-07-27,C008920,FL,RW-4418,mtb,M,carbon,1,4899,false,
WEB-109708,2026-07-27,C008922,AZ,RW-4418,mtb,M,carbon,1,4899,false,
WEB-109713,2026-07-27,C008926,MA,RW-9901,mtb,L,base,1,2299,false,
WEB-109718,2026-07-27,C008930,PA,RW-9901,mtb,L,base,1,2299,false,
WEB-109719,2026-07-27,C005633,AZ,RW-9901,mtb,L,base,1,2299,false,
WEB-109722,2026-07-27,C008933,NY,RW-9901,mtb,L,base,1,2299,false,
WEB-109730,2026-07-27,C008941,GA,RW-9901,mtb,L,base,1,2299,false,
WEB-109735,2026-07-27,C008944,VT,RW-6416,mtb,L,carbon,1,4899,false,
WEB-109742,2026-07-27,C008951,FL,RW-6416,mtb,L,carbon,1,4899,false,
WEB-109743,2026-07-27,C008952,FL,RW-6416,mtb,L,carbon,1,4899,false,
WEB-109748,2026-07-27,C008956,NY,RW-6416,mtb,L,carbon,1,4899,false,
WEB-109537,2026-07-28,C008764,WA,RW-3980,road,S,carbon,1,3999,false,
WEB-109546,2026-07-28,C008773,AZ,RW-3980,road,S,carbon,1,3999,false,
WEB-109555,2026-07-28,C008782,WA,RW-3980,road,S,carbon,1,3999,false,
WEB-109556,2026-07-28,C008783,NC,RW-3980,road,S,carbon,1,3999,false,
WEB-109569,2026-07-28,C008795,OR,RW-9835,road,M,base,1,1899,true,2026-08-04
WEB-109574,2026-07-28,C008800,UT,RW-9835,road,M,base,1,1899,true,2026-08-03
WEB-109575,2026-07-28,C008801,IL,RW-9835,road,M,base,1,1899,true,2026-07-30
WEB-109576,2026-07-28,C008802,NY,RW-9835,road,M,base,1,1899,true,2026-08-03
WEB-109593,2026-07-28,C008817,FL,RW-2984,road,M,carbon,1,3999,true,2026-08-02
WEB-109608,2026-07-28,C008830,MI,RW-2984,road,M,carbon,1,3999,true,2026-08-02
WEB-109615,2026-07-28,C008837,MA,RW-2984,road,M,carbon,1,3999,true,2026-08-04
WEB-109617,2026-07-28,C008839,MA,RW-2984,road,M,carbon,1,3999,true,2026-08-05
WEB-109633,2026-07-28,C008853,IL,RW-1378,road,L,carbon,1,3999,true,2026-08-04
WEB-109635,2026-07-28,C008855,NC,RW-1378,road,L,carbon,1,3999,true,2026-08-07
WEB-109643,2026-07-28,C008861,ID,RW-1378,road,L,carbon,1,3999,true,2026-07-31
WEB-109646,2026-07-28,C008864,UT,RW-1378,road,L,carbon,1,3999,true,2026-07-30
WEB-109658,2026-07-28,C008876,WA,RW-9304,mtb,S,carbon,1,4899,false,
WEB-109665,2026-07-28,C008881,UT,RW-9304,mtb,S,carbon,1,4899,false,
WEB-109667,2026-07-28,C008883,ID,RW-9304,mtb,S,carbon,1,4899,false,
WEB-109677,2026-07-28,C008893,FL,RW-9324,mtb,M,base,1,2299,true,2026-08-05
WEB-109680,2026-07-28,C008896,MI,RW-9324,mtb,M,base,1,2299,true,2026-07-30
WEB-109695,2026-07-28,C008910,WA,RW-4418,mtb,M,carbon,1,4899,false,
WEB-109699,2026-07-28,C008914,AZ,RW-4418,mtb,M,carbon,1,4899,false,
WEB-109715,2026-07-28,C008928,GA,RW-9901,mtb,L,base,1,2299,false,
WEB-109720,2026-07-28,C008931,TX,RW-9901,mtb,L,base,1,2299,false,
WEB-109725,2026-07-28,C008936,AZ,RW-9901,mtb,L,base,1,2299,false,
WEB-109729,2026-07-28,C008940,TX,RW-9901,mtb,L,base,1,2299,false,
WEB-109737,2026-07-28,C008946,UT,RW-6416,mtb,L,carbon,1,4899,false,
WEB-109741,2026-07-28,C008950,FL,RW-6416,mtb,L,carbon,1,4899,false,
WEB-109744,2026-07-28,C007976,AZ,RW-6416,mtb,L,carbon,1,4899,false,
WEB-109749,2026-07-28,C008957,VT,RW-6416,mtb,L,carbon,1,4899,false,
WEB-109751,2026-07-28,C008959,GA,RW-6416,mtb,L,carbon,1,4899,false,
WEB-109535,2026-07-29,C008762,UT,RW-3980,road,S,carbon,1,3999,false,
WEB-109552,2026-07-29,C008779,GA,RW-3980,road,S,carbon,1,3999,false,
WEB-109561,2026-07-29,C008787,OR,RW-3980,road,S,carbon,1,3999,false,
WEB-109570,2026-07-29,C008796,UT,RW-9835,road,M,base,1,1899,true,2026-08-05
WEB-109582,2026-07-29,C000106,GA,RW-9835,road,M,base,1,1899,true,2026-07-31
WEB-109592,2026-07-29,C008816,CO,RW-2984,road,M,carbon,1,3999,true,2026-08-08
WEB-109611,2026-07-29,C008833,GA,RW-2984,road,M,carbon,1,3999,true,2026-08-06
WEB-109623,2026-07-29,C008845,MI,RW-7298,road,L,base,1,1899,true,2026-07-31
WEB-109626,2026-07-29,C008847,NC,RW-7298,road,L,base,1,1899,true,2026-08-07
WEB-109628,2026-07-29,C008849,MI,RW-7298,road,L,base,1,1899,true,2026-08-01
WEB-109641,2026-07-29,C008859,MT,RW-1378,road,L,carbon,1,3999,true,2026-08-07
WEB-109648,2026-07-29,C008866,PA,RW-9304,mtb,S,carbon,1,4899,false,
WEB-109650,2026-07-29,C008868,ID,RW-9304,mtb,S,carbon,1,4899,false,
WEB-109657,2026-07-29,C008875,NM,RW-9304,mtb,S,carbon,1,4899,false,
WEB-109660,2026-07-29,C008714,NC,RW-9304,mtb,S,carbon,1,4899,false,
WEB-109671,2026-07-29,C008887,UT,RW-9324,mtb,M,base,1,2299,true,2026-08-04
WEB-109674,2026-07-29,C008890,UT,RW-9324,mtb,M,base,1,2299,true,2026-08-05
WEB-109686,2026-07-29,C008902,FL,RW-4418,mtb,M,carbon,1,4899,false,
WEB-109690,2026-07-29,C008905,NM,RW-4418,mtb,M,carbon,1,4899,false,
WEB-109733,2026-07-29,C003215,TX,RW-6416,mtb,L,carbon,1,4899,false,
WEB-109747,2026-07-29,C008955,NM,RW-6416,mtb,L,carbon,1,4899,false,
WEB-109752,2026-07-29,C008960,MA,RW-6416,mtb,L,carbon,1,4899,false,
WEB-109536,2026-07-30,C008763,NM,RW-3980,road,S,carbon,1,3999,false,
WEB-109542,2026-07-30,C008769,NY,RW-3980,road,S,carbon,1,3999,false,
WEB-109557,2026-07-30,C008784,NM,RW-3980,road,S,carbon,1,3999,false,
WEB-109564,2026-07-30,C008790,MI,RW-9835,road,M,base,1,1899,true,2026-08-03
WEB-109567,2026-07-30,C008793,NM,RW-9835,road,M,base,1,1899,true,2026-08-07
WEB-109588,2026-07-30,C008812,CA,RW-9835,road,M,base,1,1899,true,2026-08-04
WEB-109590,2026-07-30,C008814,TX,RW-9835,road,M,base,1,1899,true,2026-08-07
WEB-109594,2026-07-30,C008818,OR,RW-2984,road,M,carbon,1,3999,true,2026-08-03
WEB-109596,2026-07-30,C008820,MT,RW-2984,road,M,carbon,1,3999,true,2026-08-05
WEB-109602,2026-07-30,C008825,TX,RW-2984,road,M,carbon,1,3999,true,2026-08-01
WEB-109605,2026-07-30,C006572,MA,RW-2984,road,M,carbon,1,3999,true,2026-08-08
WEB-109607,2026-07-30,C008829,MA,RW-2984,road,M,carbon,1,3999,true,2026-08-08
WEB-109609,2026-07-30,C008831,FL,RW-2984,road,M,carbon,1,3999,true,2026-08-03
WEB-109616,2026-07-30,C008838,IL,RW-2984,road,M,carbon,1,3999,true,2026-08-09
WEB-109622,2026-07-30,C008844,AZ,RW-7298,road,L,base,1,1899,true,2026-08-01
WEB-109638,2026-07-30,C008857,CO,RW-1378,road,L,carbon,1,3999,true,2026-08-03
WEB-109640,2026-07-30,C008858,UT,RW-1378,road,L,carbon,1,3999,true,2026-08-08
WEB-109644,2026-07-30,C008862,WA,RW-1378,road,L,carbon,1,3999,true,2026-08-01
WEB-109647,2026-07-30,C008865,FL,RW-1378,road,L,carbon,1,3999,true,2026-08-02
WEB-109652,2026-07-30,C008870,PA,RW-9304,mtb,S,carbon,1,4899,false,
WEB-109656,2026-07-30,C008874,MA,RW-9304,mtb,S,carbon,1,4899,false,
WEB-109668,2026-07-30,C008884,ID,RW-9304,mtb,S,carbon,1,4899,false,
WEB-109669,2026-07-30,C008885,PA,RW-9324,mtb,M,base,1,2299,true,2026-08-02
WEB-109670,2026-07-30,C008886,VT,RW-9324,mtb,M,base,1,2299,true,2026-08-09
WEB-109681,2026-07-30,C008897,CO,RW-9324,mtb,M,base,1,2299,true,2026-08-01
WEB-109683,2026-07-30,C008899,OR,RW-4418,mtb,M,carbon,1,4899,false,
WEB-109684,2026-07-30,C008900,FL,RW-4418,mtb,M,carbon,1,4899,false,
WEB-109685,2026-07-30,C008901,AZ,RW-4418,mtb,M,carbon,1,4899,false,
WEB-109688,2026-07-30,C003602,OR,RW-4418,mtb,M,carbon,1,4899,false,
WEB-109691,2026-07-30,C008906,MA,RW-4418,mtb,M,carbon,1,4899,false,
WEB-109694,2026-07-30,C008909,TX,RW-4418,mtb,M,carbon,1,4899,false,
WEB-109696,2026-07-30,C008911,VT,RW-4418,mtb,M,carbon,1,4899,false,
WEB-109700,2026-07-30,C008915,MT,RW-4418,mtb,M,carbon,1,4899,false,
WEB-109707,2026-07-30,C008921,WA,RW-4418,mtb,M,carbon,1,4899,false,
WEB-109709,2026-07-30,C008923,GA,RW-9901,mtb,L,base,1,2299,false,
WEB-109710,2026-07-30,C008924,ID,RW-9901,mtb,L,base,1,2299,false,
WEB-109711,2026-07-30,C008925,WA,RW-9901,mtb,L,base,1,2299,false,
WEB-109724,2026-07-30,C008935,CA,RW-9901,mtb,L,base,1,2299,false,
WEB-109739,2026-07-30,C008948,UT,RW-6416,mtb,L,carbon,1,4899,false,
WEB-109740,2026-07-30,C008949,IL,RW-6416,mtb,L,carbon,1,4899,false,
WEB-109746,2026-07-30,C008954,MA,RW-6416,mtb,L,carbon,1,4899,false,
WEB-109538,2026-07-31,C008765,NC,RW-3980,road,S,carbon,1,3999,false,
WEB-109539,2026-07-31,C008766,NC,RW-3980,road,S,carbon,1,3999,false,
WEB-109540,2026-07-31,C008767,NY,RW-3980,road,S,carbon,1,3999,false,
WEB-109554,2026-07-31,C008781,PA,RW-3980,road,S,carbon,1,3999,false,
WEB-109558,2026-07-31,C008785,AZ,RW-3980,road,S,carbon,1,3999,false,
WEB-109560,2026-07-31,C001183,NC,RW-3980,road,S,carbon,1,3999,false,
WEB-109571,2026-07-31,C008797,MN,RW-9835,road,M,base,1,1899,true,2026-08-03
WEB-109573,2026-07-31,C008799,WA,RW-9835,road,M,base,1,1899,true,2026-08-10
WEB-109584,2026-07-31,C008808,MA,RW-9835,road,M,base,1,1899,true,2026-08-10
WEB-109585,2026-07-31,C008809,IL,RW-9835,road,M,base,1,1899,true,2026-08-07
WEB-109589,2026-07-31,C008813,MA,RW-9835,road,M,base,1,1899,true,2026-08-07
WEB-109613,2026-07-31,C008835,CA,RW-2984,road,M,carbon,1,3999,true,2026-08-08
WEB-109614,2026-07-31,C008836,MT,RW-2984,road,M,carbon,1,3999,true,2026-08-03
WEB-109627,2026-07-31,C008848,NM,RW-7298,road,L,base,1,1899,true,2026-08-09
WEB-109631,2026-07-31,C008851,MN,RW-7298,road,L,base,1,1899,true,2026-08-02
WEB-109642,2026-07-31,C008860,NC,RW-1378,road,L,carbon,1,3999,true,2026-08-05
WEB-109645,2026-07-31,C008863,MN,RW-1378,road,L,carbon,1,3999,true,2026-08-04
WEB-109649,2026-07-31,C008867,CA,RW-9304,mtb,S,carbon,1,4899,false,
WEB-109675,2026-07-31,C008891,CO,RW-9324,mtb,M,base,1,2299,true,2026-08-02
WEB-109678,2026-07-31,C008894,FL,RW-9324,mtb,M,base,1,2299,true,2026-08-10
WEB-109682,2026-07-31,C008898,NY,RW-9324,mtb,M,base,1,2299,true,2026-08-02
WEB-109692,2026-07-31,C008907,VT,RW-4418,mtb,M,carbon,1,4899,false,
WEB-109693,2026-07-31,C008908,NC,RW-4418,mtb,M,carbon,1,4899,false,
WEB-109697,2026-07-31,C008912,WA,RW-4418,mtb,M,carbon,1,4899,false,
WEB-109698,2026-07-31,C008913,AZ,RW-4418,mtb,M,carbon,1,4899,false,
WEB-109716,2026-07-31,C001624,FL,RW-9901,mtb,L,base,1,2299,false,
WEB-109726,2026-07-31,C008937,IL,RW-9901,mtb,L,base,1,2299,false,
WEB-109728,2026-07-31,C008939,UT,RW-9901,mtb,L,base,1,2299,false,
WEB-109736,2026-07-31,C008945,PA,RW-6416,mtb,L,carbon,1,4899,false,
WEB-109541,2026-08-01,C008768,NY,RW-3980,road,S,carbon,1,3999,false,
WEB-109543,2026-08-01,C008770,MA,RW-3980,road,S,carbon,1,3999,false,
WEB-109550,2026-08-01,C008777,VT,RW-3980,road,S,carbon,1,3999,false,
WEB-109563,2026-08-01,C008789,CA,RW-9835,road,M,base,1,1899,true,2026-08-10
WEB-109566,2026-08-01,C008792,TX,RW-9835,road,M,base,1,1899,true,2026-08-10
WEB-109572,2026-08-01,C008798,VT,RW-9835,road,M,base,1,1899,true,2026-08-09
WEB-109577,2026-08-01,C008803,ID,RW-9835,road,M,base,1,1899,true,2026-08-04
WEB-109580,2026-08-01,C008806,NY,RW-9835,road,M,base,1,1899,true,2026-08-06
WEB-109581,2026-08-01,C008807,MT,RW-9835,road,M,base,1,1899,true,2026-08-07
WEB-109586,2026-08-01,C008810,NY,RW-9835,road,M,base,1,1899,true,2026-08-03
WEB-109599,2026-08-01,C008822,AZ,RW-2984,road,M,carbon,1,3999,true,2026-08-05
WEB-109601,2026-08-01,C008824,MT,RW-2984,road,M,carbon,1,3999,true,2026-08-09
WEB-109604,2026-08-01,C008827,MI,RW-2984,road,M,carbon,1,3999,true,2026-08-04
WEB-109606,2026-08-01,C008828,GA,RW-2984,road,M,carbon,1,3999,true,2026-08-08
WEB-109620,2026-08-01,C008842,MA,RW-2984,road,M,carbon,1,3999,true,2026-08-04
WEB-109621,2026-08-01,C008843,CA,RW-2984,road,M,carbon,1,3999,true,2026-08-05
WEB-109624,2026-08-01,C008846,NY,RW-7298,road,L,base,1,1899,true,2026-08-11
WEB-109630,2026-08-01,C008566,NY,RW-7298,road,L,base,1,1899,true,2026-08-07
WEB-109636,2026-08-01,C008856,ID,RW-1378,road,L,carbon,1,3999,true,2026-08-11
WEB-109651,2026-08-01,C008869,TX,RW-9304,mtb,S,carbon,1,4899,false,
WEB-109653,2026-08-01,C008871,IL,RW-9304,mtb,S,carbon,1,4899,false,
WEB-109654,2026-08-01,C008872,CA,RW-9304,mtb,S,carbon,1,4899,false,
WEB-109662,2026-08-01,C008878,NM,RW-9304,mtb,S,carbon,1,4899,false,
WEB-109663,2026-08-01,C008879,GA,RW-9304,mtb,S,carbon,1,4899,false,
WEB-109673,2026-08-01,C008889,TX,RW-9324,mtb,M,base,1,2299,true,2026-08-03
WEB-109676,2026-08-01,C008892,PA,RW-9324,mtb,M,base,1,2299,true,2026-08-09
WEB-109687,2026-08-01,C008903,NY,RW-4418,mtb,M,carbon,1,4899,false,
WEB-109701,2026-08-01,C008916,PA,RW-4418,mtb,M,carbon,1,4899,false,
WEB-109712,2026-08-01,C003761,AZ,RW-9901,mtb,L,base,1,2299,false,
WEB-109714,2026-08-01,C008927,TX,RW-9901,mtb,L,base,1,2299,false,
WEB-109717,2026-08-01,C008929,VT,RW-9901,mtb,L,base,1,2299,false,
WEB-109721,2026-08-01,C008932,UT,RW-9901,mtb,L,base,1,2299,false,
WEB-109731,2026-08-01,C008942,MN,RW-9901,mtb,L,base,1,2299,false,
WEB-109732,2026-08-01,C008943,OR,RW-6416,mtb,L,carbon,1,4899,false,
WEB-109745,2026-08-01,C008953,MI,RW-6416,mtb,L,carbon,1,4899,false,
WEB-109750,2026-08-01,C008958,GA,RW-6416,mtb,L,carbon,1,4899,false,
WEB-109562,2026-08-02,C008788,PA,RW-3980,road,S,carbon,1,3999,false,
WEB-109565,2026-08-02,C008791,FL,RW-9835,road,M,base,1,1899,true,2026-08-04
WEB-109568,2026-08-02,C008794,PA,RW-9835,road,M,base,1,1899,true,2026-08-06
WEB-109578,2026-08-02,C008804,NC,RW-9835,road,M,base,1,1899,true,2026-08-04
WEB-109587,2026-08-02,C008811,OR,RW-9835,road,M,base,1,1899,true,2026-08-10
WEB-109591,2026-08-02,C008815,MA,RW-9835,road,M,base,1,1899,true,2026-08-10
WEB-109595,2026-08-02,C008819,AZ,RW-2984,road,M,carbon,1,3999,true,2026-08-06
WEB-109597,2026-08-02,C008821,CA,RW-2984,road,M,carbon,1,3999,true,2026-08-09
WEB-109598,2026-08-02,C005229,NC,RW-2984,road,M,carbon,1,3999,true,2026-08-09
WEB-109612,2026-08-02,C008834,PA,RW-2984,road,M,carbon,1,3999,true,2026-08-09
WEB-109618,2026-08-02,C008840,CA,RW-2984,road,M,carbon,1,3999,true,2026-08-04
WEB-109619,2026-08-02,C008841,UT,RW-2984,road,M,carbon,1,3999,true,2026-08-07
WEB-109629,2026-08-02,C008850,AZ,RW-7298,road,L,base,1,1899,true,2026-08-11
WEB-109632,2026-08-02,C008852,NM,RW-1378,road,L,carbon,1,3999,true,2026-08-07
WEB-109637,2026-08-02,C003206,MA,RW-1378,road,L,carbon,1,3999,true,2026-08-08
WEB-109659,2026-08-02,C008877,AZ,RW-9304,mtb,S,carbon,1,4899,false,
WEB-109661,2026-08-02,C006291,NC,RW-9304,mtb,S,carbon,1,4899,false,
WEB-109666,2026-08-02,C008882,MT,RW-9304,mtb,S,carbon,1,4899,false,
WEB-109679,2026-08-02,C008895,OR,RW-9324,mtb,M,base,1,2299,true,2026-08-06
WEB-109702,2026-08-02,C008917,CA,RW-4418,mtb,M,carbon,1,4899,false,
WEB-109703,2026-08-02,C008918,NY,RW-4418,mtb,M,carbon,1,4899,false,
WEB-109706,2026-08-02,C004663,NC,RW-4418,mtb,M,carbon,1,4899,false,
WEB-109723,2026-08-02,C008934,NM,RW-9901,mtb,L,base,1,2299,false,
WEB-109727,2026-08-02,C008938,MA,RW-9901,mtb,L,base,1,2299,false,
WEB-109734,2026-08-02,C001422,MT,RW-6416,mtb,L,carbon,1,4899,false,
WEB-109738,2026-08-02,C008947,WA,RW-6416,mtb,L,carbon,1,4899,false,
WEB-109753,2026-08-02,C008961,CO,RW-6416,mtb,L,carbon,1,4899,false,
WEB-109756,2026-08-03,C008964,UT,RW-3980,road,S,carbon,1,3999,false,
WEB-109764,2026-08-03,C008971,OR,RW-3980,road,S,carbon,1,3999,false,
WEB-109780,2026-08-03,C008986,MT,RW-9835,road,M,base,1,1899,true,2026-08-06
WEB-109793,2026-08-03,C008999,ID,RW-9835,road,M,base,1,1899,true,2026-08-09
WEB-109805,2026-08-03,C009010,MT,RW-2984,road,M,carbon,1,3999,true,2026-08-06
WEB-109827,2026-08-03,C009029,MT,RW-7298,road,L,base,1,1899,true,2026-08-06
WEB-109837,2026-08-03,C001555,UT,RW-1378,road,L,carbon,1,3999,true,2026-08-09
WEB-109839,2026-08-03,C009039,TX,RW-1378,road,L,carbon,1,3999,true,2026-08-11
WEB-109864,2026-08-03,C009061,NM,RW-9304,mtb,S,carbon,1,4899,false,
WEB-109869,2026-08-03,C009066,IL,RW-9304,mtb,S,carbon,1,4899,false,
WEB-109870,2026-08-03,C009067,ID,RW-9304,mtb,S,carbon,1,4899,false,
WEB-109874,2026-08-03,C009071,NC,RW-9304,mtb,S,carbon,1,4899,false,
WEB-109876,2026-08-03,C009073,NM,RW-9304,mtb,S,carbon,1,4899,false,
WEB-109879,2026-08-03,C009076,OR,RW-9304,mtb,S,carbon,1,4899,false,
WEB-109882,2026-08-03,C009079,GA,RW-9304,mtb,S,carbon,1,4899,false,
WEB-109899,2026-08-03,C007621,ID,RW-9324,mtb,M,base,1,2299,true,2026-08-12
WEB-109901,2026-08-03,C009096,NC,RW-9324,mtb,M,base,1,2299,true,2026-08-13
WEB-109910,2026-08-03,C009105,PA,RW-4418,mtb,M,carbon,1,4899,false,
WEB-109914,2026-08-03,C009109,OR,RW-4418,mtb,M,carbon,1,4899,false,
WEB-109917,2026-08-03,C009112,MT,RW-4418,mtb,M,carbon,1,4899,false,
WEB-109931,2026-08-03,C009125,ID,RW-4418,mtb,M,carbon,1,4899,false,
WEB-109937,2026-08-03,C009131,OR,RW-4418,mtb,M,carbon,1,4899,false,
WEB-109955,2026-08-03,C009147,MN,RW-9901,mtb,L,base,1,2299,false,
WEB-109968,2026-08-03,C007282,TX,RW-6416,mtb,L,carbon,1,4899,false,
WEB-109969,2026-08-03,C009158,UT,RW-6416,mtb,L,carbon,1,4899,false,
WEB-109977,2026-08-03,C009166,NY,RW-6416,mtb,L,carbon,1,4899,false,
WEB-109979,2026-08-03,C009168,NY,RW-6416,mtb,L,carbon,1,4899,false,
WEB-109757,2026-08-04,C003377,CA,RW-3980,road,S,carbon,1,3999,false,
WEB-109770,2026-08-04,C008120,FL,RW-3980,road,S,carbon,1,3999,false,
WEB-109771,2026-08-04,C008977,CO,RW-3980,road,S,carbon,1,3999,false,
WEB-109772,2026-08-04,C008978,MN,RW-3980,road,S,carbon,1,3999,false,
WEB-109776,2026-08-04,C008982,PA,RW-3980,road,S,carbon,1,3999,false,
WEB-109782,2026-08-04,C008988,CA,RW-9835,road,M,base,1,1899,true,2026-08-14
WEB-109783,2026-08-04,C008989,FL,RW-9835,road,M,base,1,1899,true,2026-08-13
WEB-109792,2026-08-04,C008998,MA,RW-9835,road,M,base,1,1899,true,2026-08-07
WEB-109794,2026-08-04,C009000,NC,RW-9835,road,M,base,1,1899,true,2026-08-11
WEB-109800,2026-08-04,C009005,PA,RW-2984,road,M,carbon,1,3999,true,2026-08-11
WEB-109804,2026-08-04,C009009,IL,RW-2984,road,M,carbon,1,3999,true,2026-08-13
WEB-109809,2026-08-04,C004439,NC,RW-2984,road,M,carbon,1,3999,true,2026-08-09
WEB-109811,2026-08-04,C009014,CO,RW-2984,road,M,carbon,1,3999,true,2026-08-08
WEB-109825,2026-08-04,C009027,CO,RW-7298,road,L,base,1,1899,true,2026-08-07
WEB-109831,2026-08-04,C007240,OR,RW-7298,road,L,base,1,1899,true,2026-08-13
WEB-109836,2026-08-04,C009037,NC,RW-1378,road,L,carbon,1,3999,true,2026-08-10
WEB-109840,2026-08-04,C009040,NC,RW-1378,road,L,carbon,1,3999,true,2026-08-08
WEB-109841,2026-08-04,C009041,FL,RW-1378,road,L,carbon,1,3999,true,2026-08-11
WEB-109846,2026-08-04,C009046,ID,RW-1378,road,L,carbon,1,3999,true,2026-08-13
WEB-109851,2026-08-04,C009051,MT,RW-1378,road,L,carbon,1,3999,true,2026-08-07
WEB-109868,2026-08-04,C009065,NM,RW-9304,mtb,S,carbon,1,4899,false,
WEB-109880,2026-08-04,C009077,CO,RW-9304,mtb,S,carbon,1,4899,false,
WEB-109907,2026-08-04,C009102,AZ,RW-9324,mtb,M,base,1,2299,true,2026-08-11
WEB-109908,2026-08-04,C009103,MA,RW-9324,mtb,M,base,1,2299,true,2026-08-07
WEB-109912,2026-08-04,C009107,GA,RW-4418,mtb,M,carbon,1,4899,false,
WEB-109916,2026-08-04,C009111,NC,RW-4418,mtb,M,carbon,1,4899,false,
WEB-109919,2026-08-04,C008936,IL,RW-4418,mtb,M,carbon,1,4899,false,
WEB-109935,2026-08-04,C009129,MT,RW-4418,mtb,M,carbon,1,4899,false,
WEB-109938,2026-08-04,C009132,MA,RW-4418,mtb,M,carbon,1,4899,false,
WEB-109951,2026-08-04,C009144,MI,RW-9901,mtb,L,base,1,2299,false,
WEB-109956,2026-08-04,C009148,NY,RW-9901,mtb,L,base,1,2299,false,
WEB-109957,2026-08-04,C009149,CA,RW-6416,mtb,L,carbon,1,4899,false,
WEB-109958,2026-08-04,C009150,WA,RW-6416,mtb,L,carbon,1,4899,false,
WEB-109755,2026-08-05,C008963,MA,RW-3980,road,S,carbon,1,3999,false,
WEB-109762,2026-08-05,C008969,PA,RW-3980,road,S,carbon,1,3999,false,
WEB-109763,2026-08-05,C008970,MI,RW-3980,road,S,carbon,1,3999,false,
WEB-109769,2026-08-05,C008976,NY,RW-3980,road,S,carbon,1,3999,false,
WEB-109775,2026-08-05,C008981,ID,RW-3980,road,S,carbon,1,3999,false,
WEB-109779,2026-08-05,C008985,AZ,RW-9835,road,M,base,1,1899,true,2026-08-07
WEB-109786,2026-08-05,C008992,TX,RW-9835,road,M,base,1,1899,true,2026-08-14
WEB-109787,2026-08-05,C008993,UT,RW-9835,road,M,base,1,1899,true,2026-08-09
WEB-109790,2026-08-05,C008996,IL,RW-9835,road,M,base,1,1899,true,2026-08-07
WEB-109797,2026-08-05,C009002,NM,RW-2984,road,M,carbon,1,3999,true,2026-08-09
WEB-109799,2026-08-05,C009004,CA,RW-2984,road,M,carbon,1,3999,true,2026-08-13
WEB-109806,2026-08-05,C009011,NY,RW-2984,road,M,carbon,1,3999,true,2026-08-09
WEB-109815,2026-08-05,C009018,FL,RW-2984,road,M,carbon,1,3999,true,2026-08-09
WEB-109816,2026-08-05,C009019,NC,RW-2984,road,M,carbon,1,3999,true,2026-08-09
WEB-109823,2026-08-05,C009025,VT,RW-7298,road,L,base,1,1899,true,2026-08-14
WEB-109828,2026-08-05,C009030,UT,RW-7298,road,L,base,1,1899,true,2026-08-08
WEB-109829,2026-08-05,C009031,WA,RW-7298,road,L,base,1,1899,true,2026-08-15
WEB-109832,2026-08-05,C009033,FL,RW-7298,road,L,base,1,1899,true,2026-08-14
WEB-109834,2026-08-05,C009035,CO,RW-7298,road,L,base,1,1899,true,2026-08-08
WEB-109838,2026-08-05,C009038,PA,RW-1378,road,L,carbon,1,3999,true,2026-08-13
WEB-109878,2026-08-05,C009075,MA,RW-9304,mtb,S,carbon,1,4899,false,
WEB-109891,2026-08-05,C009088,OR,RW-9324,mtb,M,base,1,2299,true,2026-08-10
WEB-109892,2026-08-05,C009089,NC,RW-9324,mtb,M,base,1,2299,true,2026-08-13
WEB-109893,2026-08-05,C009090,NY,RW-9324,mtb,M,base,1,2299,true,2026-08-07
WEB-109898,2026-08-05,C009094,MN,RW-9324,mtb,M,base,1,2299,true,2026-08-08
WEB-109903,2026-08-05,C009098,CO,RW-9324,mtb,M,base,1,2299,true,2026-08-13
WEB-109904,2026-08-05,C009099,UT,RW-9324,mtb,M,base,1,2299,true,2026-08-13
WEB-109911,2026-08-05,C009106,GA,RW-4418,mtb,M,carbon,1,4899,false,
WEB-109913,2026-08-05,C009108,UT,RW-4418,mtb,M,carbon,1,4899,false,
WEB-109921,2026-08-05,C009115,TX,RW-4418,mtb,M,carbon,1,4899,false,
WEB-109922,2026-08-05,C009116,TX,RW-4418,mtb,M,carbon,1,4899,false,
WEB-109923,2026-08-05,C009117,WA,RW-4418,mtb,M,carbon,1,4899,false,
WEB-109932,2026-08-05,C009126,MN,RW-4418,mtb,M,carbon,1,4899,false,
WEB-109944,2026-08-05,C009137,PA,RW-9901,mtb,L,base,1,2299,false,
WEB-109946,2026-08-05,C009139,TX,RW-9901,mtb,L,base,1,2299,false,
WEB-109952,2026-08-05,C009145,UT,RW-9901,mtb,L,base,1,2299,false,
WEB-109973,2026-08-05,C009162,NC,RW-6416,mtb,L,carbon,1,4899,false,
WEB-109981,2026-08-05,C009170,ID,RW-6416,mtb,L,carbon,1,4899,false,
WEB-109754,2026-08-06,C008962,MA,RW-3980,road,S,carbon,1,3999,false,
WEB-109759,2026-08-06,C008966,MA,RW-3980,road,S,carbon,1,3999,false,
WEB-109760,2026-08-06,C008967,TX,RW-3980,road,S,carbon,1,3999,false,
WEB-109761,2026-08-06,C008968,CA,RW-3980,road,S,carbon,1,3999,false,
WEB-109767,2026-08-06,C008974,AZ,RW-3980,road,S,carbon,1,3999,false,
WEB-109778,2026-08-06,C008984,CO,RW-9835,road,M,base,1,1899,true,2026-08-09
WEB-109801,2026-08-06,C009006,MT,RW-2984,road,M,carbon,1,3999,true,2026-08-11
WEB-109808,2026-08-06,C006994,WA,RW-2984,road,M,carbon,1,3999,true,2026-08-11
WEB-109813,2026-08-06,C009016,VT,RW-2984,road,M,carbon,1,3999,true,2026-08-10
WEB-109814,2026-08-06,C009017,NY,RW-2984,road,M,carbon,1,3999,true,2026-08-14
WEB-109817,2026-08-06,C009020,VT,RW-2984,road,M,carbon,1,3999,true,2026-08-14
WEB-109818,2026-08-06,C001757,AZ,RW-2984,road,M,carbon,1,3999,true,2026-08-16
WEB-109824,2026-08-06,C009026,NC,RW-7298,road,L,base,1,1899,true,2026-08-16
WEB-109830,2026-08-06,C009032,CA,RW-7298,road,L,base,1,1899,true,2026-08-12
WEB-109833,2026-08-06,C009034,NC,RW-7298,road,L,base,1,1899,true,2026-08-11
WEB-109849,2026-08-06,C009049,UT,RW-1378,road,L,carbon,1,3999,true,2026-08-12
WEB-109850,2026-08-06,C009050,MN,RW-1378,road,L,carbon,1,3999,true,2026-08-09
WEB-109854,2026-08-06,C009052,UT,RW-1378,road,L,carbon,1,3999,true,2026-08-15
WEB-109859,2026-08-06,C009056,GA,RW-9304,mtb,S,carbon,1,4899,false,
WEB-109881,2026-08-06,C009078,GA,RW-9304,mtb,S,carbon,1,4899,false,
WEB-109886,2026-08-06,C009083,VT,RW-9304,mtb,S,carbon,1,4899,false,
WEB-109902,2026-08-06,C009097,AZ,RW-9324,mtb,M,base,1,2299,true,2026-08-10
WEB-109930,2026-08-06,C009124,GA,RW-4418,mtb,M,carbon,1,4899,false,
WEB-109942,2026-08-06,C009135,NM,RW-4418,mtb,M,carbon,1,4899,false,
WEB-109949,2026-08-06,C009142,MI,RW-9901,mtb,L,base,1,2299,false,
WEB-109959,2026-08-06,C007906,GA,RW-6416,mtb,L,carbon,1,4899,false,
WEB-109965,2026-08-06,C009156,MN,RW-6416,mtb,L,carbon,1,4899,false,
WEB-109970,2026-08-06,C009159,FL,RW-6416,mtb,L,carbon,1,4899,false,
WEB-109978,2026-08-06,C009167,NC,RW-6416,mtb,L,carbon,1,4899,false,
WEB-109765,2026-08-07,C008972,MA,RW-3980,road,S,carbon,1,3999,false,
WEB-109773,2026-08-07,C008979,VT,RW-3980,road,S,carbon,1,3999,false,
WEB-109774,2026-08-07,C008980,WA,RW-3980,road,S,carbon,1,3999,false,
WEB-109784,2026-08-07,C008990,OR,RW-9835,road,M,base,1,1899,true,2026-08-16
WEB-109785,2026-08-07,C008991,MI,RW-9835,road,M,base,1,1899,true,2026-08-17
WEB-109796,2026-08-07,C008243,NY,RW-2984,road,M,carbon,1,3999,true,2026-08-17
WEB-109803,2026-08-07,C009008,CO,RW-2984,road,M,carbon,1,3999,true,2026-08-16
WEB-109807,2026-08-07,C009012,CA,RW-2984,road,M,carbon,1,3999,true,2026-08-13
WEB-109819,2026-08-07,C009021,MI,RW-2984,road,M,carbon,1,3999,true,2026-08-17
WEB-109821,2026-08-07,C009023,WA,RW-2984,road,M,carbon,1,3999,true,2026-08-12
WEB-109826,2026-08-07,C009028,MT,RW-7298,road,L,base,1,1899,true,2026-08-09
WEB-109843,2026-08-07,C009043,MT,RW-1378,road,L,carbon,1,3999,true,2026-08-09
WEB-109847,2026-08-07,C009047,NY,RW-1378,road,L,carbon,1,3999,true,2026-08-12
WEB-109853,2026-08-07,C005543,NY,RW-1378,road,L,carbon,1,3999,true,2026-08-10
WEB-109858,2026-08-07,C009055,VT,RW-9304,mtb,S,carbon,1,4899,false,
WEB-109865,2026-08-07,C009062,NM,RW-9304,mtb,S,carbon,1,4899,false,
WEB-109867,2026-08-07,C009064,CO,RW-9304,mtb,S,carbon,1,4899,false,
WEB-109873,2026-08-07,C009070,MT,RW-9304,mtb,S,carbon,1,4899,false,
WEB-109875,2026-08-07,C009072,PA,RW-9304,mtb,S,carbon,1,4899,false,
WEB-109877,2026-08-07,C009074,WA,RW-9304,mtb,S,carbon,1,4899,false,
WEB-109883,2026-08-07,C009080,NY,RW-9304,mtb,S,carbon,1,4899,false,
WEB-109884,2026-08-07,C009081,MN,RW-9304,mtb,S,carbon,1,4899,false,
WEB-109887,2026-08-07,C009084,WA,RW-9304,mtb,S,carbon,1,4899,false,
WEB-109888,2026-08-07,C009085,UT,RW-9304,mtb,S,carbon,1,4899,false,
WEB-109895,2026-08-07,C009091,MA,RW-9324,mtb,M,base,1,2299,true,2026-08-11
WEB-109900,2026-08-07,C009095,PA,RW-9324,mtb,M,base,1,2299,true,2026-08-15
WEB-109909,2026-08-07,C009104,ID,RW-9324,mtb,M,base,1,2299,true,2026-08-13
WEB-109918,2026-08-07,C009113,VT,RW-4418,mtb,M,carbon,1,4899,false,
WEB-109927,2026-08-07,C009121,MI,RW-4418,mtb,M,carbon,1,4899,false,
WEB-109933,2026-08-07,C009127,IL,RW-4418,mtb,M,carbon,1,4899,false,
WEB-109940,2026-08-07,C009134,NY,RW-4418,mtb,M,carbon,1,4899,false,
WEB-109943,2026-08-07,C009136,CO,RW-4418,mtb,M,carbon,1,4899,false,
WEB-109947,2026-08-07,C009140,TX,RW-9901,mtb,L,base,1,2299,false,
WEB-109950,2026-08-07,C009143,OR,RW-9901,mtb,L,base,1,2299,false,
WEB-109962,2026-08-07,C009153,CO,RW-6416,mtb,L,carbon,1,4899,false,
WEB-109972,2026-08-07,C009161,MA,RW-6416,mtb,L,carbon,1,4899,false,
WEB-109980,2026-08-07,C009169,CA,RW-6416,mtb,L,carbon,1,4899,false,
WEB-109758,2026-08-08,C008965,IL,RW-3980,road,S,carbon,1,3999,false,
WEB-109768,2026-08-08,C008975,VT,RW-3980,road,S,carbon,1,3999,false,
WEB-109781,2026-08-08,C008987,WA,RW-9835,road,M,base,1,1899,true,2026-08-16
WEB-109789,2026-08-08,C008995,VT,RW-9835,road,M,base,1,1899,true,2026-08-10
WEB-109791,2026-08-08,C008997,AZ,RW-9835,road,M,base,1,1899,true,2026-08-13
WEB-109795,2026-08-08,C009001,GA,RW-2984,road,M,carbon,1,3999,true,2026-08-16
WEB-109798,2026-08-08,C009003,MT,RW-2984,road,M,carbon,1,3999,true,2026-08-12
WEB-109802,2026-08-08,C009007,MN,RW-2984,road,M,carbon,1,3999,true,2026-08-15
WEB-109812,2026-08-08,C009015,VT,RW-2984,road,M,carbon,1,3999,true,2026-08-11
WEB-109820,2026-08-08,C009022,ID,RW-2984,road,M,carbon,1,3999,true,2026-08-14
WEB-109822,2026-08-08,C009024,NM,RW-2984,road,M,carbon,1,3999,true,2026-08-13
WEB-109852,2026-08-08,C001028,MA,RW-1378,road,L,carbon,1,3999,true,2026-08-11
WEB-109857,2026-08-08,C009054,MA,RW-9304,mtb,S,carbon,1,4899,false,
WEB-109861,2026-08-08,C009058,GA,RW-9304,mtb,S,carbon,1,4899,false,
WEB-109871,2026-08-08,C009068,MT,RW-9304,mtb,S,carbon,1,4899,false,
WEB-109872,2026-08-08,C009069,AZ,RW-9304,mtb,S,carbon,1,4899,false,
WEB-109885,2026-08-08,C009082,NM,RW-9304,mtb,S,carbon,1,4899,false,
WEB-109890,2026-08-08,C009087,AZ,RW-9324,mtb,M,base,1,2299,true,2026-08-16
WEB-109896,2026-08-08,C009092,MI,RW-9324,mtb,M,base,1,2299,true,2026-08-17
WEB-109915,2026-08-08,C009110,OR,RW-4418,mtb,M,carbon,1,4899,false,
WEB-109924,2026-08-08,C009118,AZ,RW-4418,mtb,M,carbon,1,4899,false,
WEB-109925,2026-08-08,C009119,CO,RW-4418,mtb,M,carbon,1,4899,false,
WEB-109934,2026-08-08,C009128,NY,RW-4418,mtb,M,carbon,1,4899,false,
WEB-109953,2026-08-08,C001990,OR,RW-9901,mtb,L,base,1,2299,false,
WEB-109960,2026-08-08,C009151,NY,RW-6416,mtb,L,carbon,1,4899,false,
WEB-109961,2026-08-08,C009152,MT,RW-6416,mtb,L,carbon,1,4899,false,
WEB-109963,2026-08-08,C009154,AZ,RW-6416,mtb,L,carbon,1,4899,false,
WEB-109964,2026-08-08,C009155,PA,RW-6416,mtb,L,carbon,1,4899,false,
WEB-109966,2026-08-08,C009157,UT,RW-6416,mtb,L,carbon,1,4899,false,
WEB-109974,2026-08-08,C009163,FL,RW-6416,mtb,L,carbon,1,4899,false,
WEB-109976,2026-08-08,C009165,UT,RW-6416,mtb,L,carbon,1,4899,false,
WEB-109766,2026-08-09,C008973,AZ,RW-3980,road,S,carbon,1,3999,false,
WEB-109777,2026-08-09,C008983,AZ,RW-3980,road,S,carbon,1,3999,false,
WEB-109788,2026-08-09,C008994,AZ,RW-9835,road,M,base,1,1899,true,2026-08-18
WEB-109810,2026-08-09,C009013,MI,RW-2984,road,M,carbon,1,3999,true,2026-08-19
WEB-109835,2026-08-09,C009036,PA,RW-7298,road,L,base,1,1899,true,2026-08-16
WEB-109842,2026-08-09,C009042,MT,RW-1378,road,L,carbon,1,3999,true,2026-08-13
WEB-109844,2026-08-09,C009044,CO,RW-1378,road,L,carbon,1,3999,true,2026-08-16
WEB-109845,2026-08-09,C009045,NC,RW-1378,road,L,carbon,1,3999,true,2026-08-17
WEB-109848,2026-08-09,C009048,MN,RW-1378,road,L,carbon,1,3999,true,2026-08-11
WEB-109855,2026-08-09,C009053,CA,RW-9304,mtb,S,carbon,1,4899,false,
WEB-109856,2026-08-09,C004691,NY,RW-9304,mtb,S,carbon,1,4899,false,
WEB-109860,2026-08-09,C009057,MN,RW-9304,mtb,S,carbon,1,4899,false,
WEB-109862,2026-08-09,C009059,NY,RW-9304,mtb,S,carbon,1,4899,false,
WEB-109863,2026-08-09,C009060,AZ,RW-9304,mtb,S,carbon,1,4899,false,
WEB-109866,2026-08-09,C009063,TX,RW-9304,mtb,S,carbon,1,4899,false,
WEB-109889,2026-08-09,C009086,VT,RW-9304,mtb,S,carbon,1,4899,false,
WEB-109894,2026-08-09,C001037,IL,RW-9324,mtb,M,base,1,2299,true,2026-08-11
WEB-109897,2026-08-09,C009093,ID,RW-9324,mtb,M,base,1,2299,true,2026-08-19
WEB-109905,2026-08-09,C009100,MN,RW-9324,mtb,M,base,1,2299,true,2026-08-14
WEB-109906,2026-08-09,C009101,NM,RW-9324,mtb,M,base,1,2299,true,2026-08-18
WEB-109920,2026-08-09,C009114,MN,RW-4418,mtb,M,carbon,1,4899,false,
WEB-109926,2026-08-09,C009120,MT,RW-4418,mtb,M,carbon,1,4899,false,
WEB-109928,2026-08-09,C009122,WA,RW-4418,mtb,M,carbon,1,4899,false,
WEB-109929,2026-08-09,C009123,GA,RW-4418,mtb,M,carbon,1,4899,false,
WEB-109936,2026-08-09,C009130,MI,RW-4418,mtb,M,carbon,1,4899,false,
WEB-109939,2026-08-09,C009133,NM,RW-4418,mtb,M,carbon,1,4899,false,
WEB-109941,2026-08-09,C006382,MN,RW-4418,mtb,M,carbon,1,4899,false,
WEB-109945,2026-08-09,C009138,GA,RW-9901,mtb,L,base,1,2299,false,
WEB-109948,2026-08-09,C009141,MA,RW-9901,mtb,L,base,1,2299,false,
WEB-109954,2026-08-09,C009146,FL,RW-9901,mtb,L,base,1,2299,false,
WEB-109967,2026-08-09,C006591,MI,RW-6416,mtb,L,carbon,1,4899,false,
WEB-109971,2026-08-09,C009160,UT,RW-6416,mtb,L,carbon,1,4899,false,
WEB-109975,2026-08-09,C009164,CA,RW-6416,mtb,L,carbon,1,4899,false,
WEB-109989,2026-08-10,C009177,WA,RW-3980,road,S,carbon,1,3999,false,
WEB-110000,2026-08-10,C008546,OR,RW-3980,road,S,carbon,1,3999,false,
WEB-110013,2026-08-10,C009198,PA,RW-9835,road,M,base,1,1899,true,2026-08-12
WEB-110020,2026-08-10,C009205,MN,RW-9835,road,M,base,1,1899,true,2026-08-19
WEB-110022,2026-08-10,C009207,NC,RW-9835,road,M,base,1,1899,true,2026-08-17
WEB-110023,2026-08-10,C009208,MA,RW-9835,road,M,base,1,1899,true,2026-08-17
WEB-110024,2026-08-10,C009209,GA,RW-9835,road,M,base,1,1899,true,2026-08-17
WEB-110026,2026-08-10,C009210,MT,RW-9835,road,M,base,1,1899,true,2026-08-16
WEB-110028,2026-08-10,C009212,VT,RW-9835,road,M,base,1,1899,true,2026-08-14
WEB-110030,2026-08-10,C009214,CO,RW-2984,road,M,carbon,1,3999,true,2026-08-18
WEB-110036,2026-08-10,C009219,OR,RW-2984,road,M,carbon,1,3999,true,2026-08-20
WEB-110042,2026-08-10,C009225,MI,RW-2984,road,M,carbon,1,3999,true,2026-08-15
WEB-110065,2026-08-10,C009248,CO,RW-2984,road,M,carbon,1,3999,true,2026-08-19
WEB-110081,2026-08-10,C009264,MI,RW-7298,road,L,base,1,1899,true,2026-08-12
WEB-110082,2026-08-10,C003409,WA,RW-7298,road,L,base,1,1899,true,2026-08-16
WEB-110083,2026-08-10,C009265,WA,RW-7298,road,L,base,1,1899,true,2026-08-19
WEB-110092,2026-08-10,C009274,VT,RW-1378,road,L,carbon,1,3999,true,2026-08-15
WEB-110093,2026-08-10,C009275,CA,RW-1378,road,L,carbon,1,3999,true,2026-08-12
WEB-110100,2026-08-10,C009282,PA,RW-1378,road,L,carbon,1,3999,true,2026-08-16
WEB-110107,2026-08-10,C009288,FL,RW-9304,mtb,S,carbon,1,4899,false,
WEB-110113,2026-08-10,C009293,PA,RW-9304,mtb,S,carbon,1,4899,false,
WEB-110122,2026-08-10,C009300,VT,RW-9304,mtb,S,carbon,1,4899,false,
WEB-110134,2026-08-10,C009311,WA,RW-9304,mtb,S,carbon,1,4899,false,
WEB-110151,2026-08-10,C009327,AZ,RW-9324,mtb,M,base,1,2299,true,2026-08-16
WEB-110166,2026-08-10,C009340,AZ,RW-4418,mtb,M,carbon,1,4899,false,
WEB-110189,2026-08-10,C009361,PA,RW-9901,mtb,L,base,1,2299,false,
WEB-110207,2026-08-10,C009378,NY,RW-6416,mtb,L,carbon,1,4899,false,
WEB-110212,2026-08-10,C009383,TX,RW-6416,mtb,L,carbon,1,4899,false,
WEB-110216,2026-08-10,C009387,WA,RW-6416,mtb,L,carbon,1,4899,false,
WEB-109983,2026-08-11,C009172,WA,RW-3980,road,S,carbon,1,3999,false,
WEB-109985,2026-08-11,C009173,MI,RW-3980,road,S,carbon,1,3999,false,
WEB-109987,2026-08-11,C009175,NM,RW-3980,road,S,carbon,1,3999,false,
WEB-109990,2026-08-11,C007457,MI,RW-3980,road,S,carbon,1,3999,false,
WEB-109994,2026-08-11,C009180,NC,RW-3980,road,S,carbon,1,3999,false,
WEB-109996,2026-08-11,C009182,MT,RW-3980,road,S,carbon,1,3999,false,
WEB-110001,2026-08-11,C009186,VT,RW-9835,road,M,base,1,1899,true,2026-08-15
WEB-110017,2026-08-11,C009202,MA,RW-9835,road,M,base,1,1899,true,2026-08-17
WEB-110027,2026-08-11,C009211,MT,RW-9835,road,M,base,1,1899,true,2026-08-18
WEB-110031,2026-08-11,C008435,ID,RW-2984,road,M,carbon,1,3999,true,2026-08-21
WEB-110033,2026-08-11,C009216,MN,RW-2984,road,M,carbon,1,3999,true,2026-08-18
WEB-110047,2026-08-11,C009230,MT,RW-2984,road,M,carbon,1,3999,true,2026-08-21
WEB-110056,2026-08-11,C009239,CO,RW-2984,road,M,carbon,1,3999,true,2026-08-14
WEB-110060,2026-08-11,C009243,NC,RW-2984,road,M,carbon,1,3999,true,2026-08-19
WEB-110062,2026-08-11,C009245,AZ,RW-2984,road,M,carbon,1,3999,true,2026-08-21
WEB-110064,2026-08-11,C009247,MA,RW-2984,road,M,carbon,1,3999,true,2026-08-20
WEB-110069,2026-08-11,C009252,GA,RW-7298,road,L,base,1,1899,true,2026-08-13
WEB-110091,2026-08-11,C009273,NY,RW-1378,road,L,carbon,1,3999,true,2026-08-21
WEB-110099,2026-08-11,C009281,TX,RW-1378,road,L,carbon,1,3999,true,2026-08-21
WEB-110101,2026-08-11,C009283,MT,RW-1378,road,L,carbon,1,3999,true,2026-08-17
WEB-110115,2026-08-11,C009295,VT,RW-9304,mtb,S,carbon,1,4899,false,
WEB-110120,2026-08-11,C009298,NC,RW-9304,mtb,S,carbon,1,4899,false,
WEB-110121,2026-08-11,C009299,MT,RW-9304,mtb,S,carbon,1,4899,false,
WEB-110127,2026-08-11,C009305,PA,RW-9304,mtb,S,carbon,1,4899,false,
WEB-110140,2026-08-11,C009317,ID,RW-9324,mtb,M,base,1,2299,true,2026-08-18
WEB-110143,2026-08-11,C002368,MA,RW-9324,mtb,M,base,1,2299,true,2026-08-15
WEB-110145,2026-08-11,C009321,UT,RW-9324,mtb,M,base,1,2299,true,2026-08-21
WEB-110146,2026-08-11,C009322,WA,RW-9324,mtb,M,base,1,2299,true,2026-08-18
WEB-110153,2026-08-11,C004547,MT,RW-9324,mtb,M,base,1,2299,true,2026-08-21
WEB-110155,2026-08-11,C009329,CA,RW-9324,mtb,M,base,1,2299,true,2026-08-16
WEB-110156,2026-08-11,C009330,NM,RW-9324,mtb,M,base,1,2299,true,2026-08-18
WEB-110162,2026-08-11,C009336,AZ,RW-4418,mtb,M,carbon,1,4899,false,
WEB-110177,2026-08-11,C000017,NY,RW-4418,mtb,M,carbon,1,4899,false,
WEB-110178,2026-08-11,C009351,CA,RW-4418,mtb,M,carbon,1,4899,false,
WEB-110179,2026-08-11,C009352,MT,RW-4418,mtb,M,carbon,1,4899,false,
WEB-110187,2026-08-11,C009359,MA,RW-9901,mtb,L,base,1,2299,false,
WEB-110200,2026-08-11,C009371,PA,RW-9901,mtb,L,base,1,2299,false,
WEB-110204,2026-08-11,C009375,NC,RW-6416,mtb,L,carbon,1,4899,false,
WEB-110214,2026-08-11,C009385,FL,RW-6416,mtb,L,carbon,1,4899,false,
WEB-110219,2026-08-11,C009390,WA,RW-6416,mtb,L,carbon,1,4899,false,
WEB-110221,2026-08-11,C009392,UT,RW-6416,mtb,L,carbon,1,4899,false,
WEB-109982,2026-08-12,C009171,NC,RW-3980,road,S,carbon,1,3999,false,
WEB-109984,2026-08-12,C000016,UT,RW-3980,road,S,carbon,1,3999,false,
WEB-109986,2026-08-12,C009174,IL,RW-3980,road,S,carbon,1,3999,false,
WEB-110004,2026-08-12,C009189,PA,RW-9835,road,M,base,1,1899,true,2026-08-16
WEB-110009,2026-08-12,C009194,MA,RW-9835,road,M,base,1,1899,true,2026-08-20
WEB-110011,2026-08-12,C009196,CO,RW-9835,road,M,base,1,1899,true,2026-08-20
WEB-110016,2026-08-12,C009201,CO,RW-9835,road,M,base,1,1899,true,2026-08-15
WEB-110018,2026-08-12,C009203,NM,RW-9835,road,M,base,1,1899,true,2026-08-14
WEB-110025,2026-08-12,C005524,CO,RW-9835,road,M,base,1,1899,true,2026-08-14
WEB-110043,2026-08-12,C009226,OR,RW-2984,road,M,carbon,1,3999,true,2026-08-22
WEB-110052,2026-08-12,C009235,CA,RW-2984,road,M,carbon,1,3999,true,2026-08-14
WEB-110057,2026-08-12,C009240,MI,RW-2984,road,M,carbon,1,3999,true,2026-08-18
WEB-110073,2026-08-12,C009256,TX,RW-7298,road,L,base,1,1899,true,2026-08-19
WEB-110077,2026-08-12,C009260,NY,RW-7298,road,L,base,1,1899,true,2026-08-17
WEB-110109,2026-08-12,C009290,IL,RW-9304,mtb,S,carbon,1,4899,false,
WEB-110111,2026-08-12,C009292,GA,RW-9304,mtb,S,carbon,1,4899,false,
WEB-110112,2026-08-12,C006934,NM,RW-9304,mtb,S,carbon,1,4899,false,
WEB-110118,2026-08-12,C005963,CA,RW-9304,mtb,S,carbon,1,4899,false,
WEB-110132,2026-08-12,C009309,TX,RW-9304,mtb,S,carbon,1,4899,false,
WEB-110147,2026-08-12,C009323,NC,RW-9324,mtb,M,base,1,2299,true,2026-08-19
WEB-110152,2026-08-12,C009328,MA,RW-9324,mtb,M,base,1,2299,true,2026-08-14
WEB-110158,2026-08-12,C009332,WA,RW-4418,mtb,M,carbon,1,4899,false,
WEB-110161,2026-08-12,C009335,NM,RW-4418,mtb,M,carbon,1,4899,false,
WEB-110165,2026-08-12,C009339,NY,RW-4418,mtb,M,carbon,1,4899,false,
WEB-110167,2026-08-12,C009341,NM,RW-4418,mtb,M,carbon,1,4899,false,
WEB-110169,2026-08-12,C009343,CA,RW-4418,mtb,M,carbon,1,4899,false,
WEB-110175,2026-08-12,C009349,NC,RW-4418,mtb,M,carbon,1,4899,false,
WEB-110182,2026-08-12,C009354,ID,RW-4418,mtb,M,carbon,1,4899,false,
WEB-110186,2026-08-12,C009358,MI,RW-4418,mtb,M,carbon,1,4899,false,
WEB-110188,2026-08-12,C009360,AZ,RW-9901,mtb,L,base,1,2299,false,
WEB-110191,2026-08-12,C009363,NY,RW-9901,mtb,L,base,1,2299,false,
WEB-110193,2026-08-12,C008377,VT,RW-9901,mtb,L,base,1,2299,false,
WEB-110195,2026-08-12,C009366,NM,RW-9901,mtb,L,base,1,2299,false,
WEB-110205,2026-08-12,C009376,AZ,RW-6416,mtb,L,carbon,1,4899,false,
WEB-110208,2026-08-12,C009379,ID,RW-6416,mtb,L,carbon,1,4899,false,
WEB-110210,2026-08-12,C009381,MA,RW-6416,mtb,L,carbon,1,4899,false,
WEB-109991,2026-08-13,C009178,MI,RW-3980,road,S,carbon,1,3999,false,
WEB-109995,2026-08-13,C009181,MA,RW-3980,road,S,carbon,1,3999,false,
WEB-109997,2026-08-13,C009183,MT,RW-3980,road,S,carbon,1,3999,false,
WEB-109998,2026-08-13,C009184,MT,RW-3980,road,S,carbon,1,3999,false,
WEB-109999,2026-08-13,C009185,CA,RW-3980,road,S,carbon,1,3999,false,
WEB-110006,2026-08-13,C009191,WA,RW-9835,road,M,base,1,1899,false,
WEB-110014,2026-08-13,C009199,NC,RW-9835,road,M,base,1,1899,false,
WEB-110019,2026-08-13,C009204,CO,RW-9835,road,M,base,1,1899,false,
WEB-110032,2026-08-13,C009215,GA,RW-2984,road,M,carbon,1,3999,false,
WEB-110034,2026-08-13,C009217,MI,RW-2984,road,M,carbon,1,3999,false,
WEB-110035,2026-08-13,C009218,TX,RW-2984,road,M,carbon,1,3999,false,
WEB-110038,2026-08-13,C009221,NM,RW-2984,road,M,carbon,1,3999,false,
WEB-110044,2026-08-13,C009227,VT,RW-2984,road,M,carbon,1,3999,false,
WEB-110045,2026-08-13,C009228,MT,RW-2984,road,M,carbon,1,3999,false,
WEB-110050,2026-08-13,C009233,CA,RW-2984,road,M,carbon,1,3999,false,
WEB-110051,2026-08-13,C009234,NC,RW-2984,road,M,carbon,1,3999,false,
WEB-110053,2026-08-13,C009236,CA,RW-2984,road,M,carbon,1,3999,false,
WEB-110054,2026-08-13,C009237,PA,RW-2984,road,M,carbon,1,3999,false,
WEB-110067,2026-08-13,C009250,PA,RW-2984,road,M,carbon,1,3999,false,
WEB-110068,2026-08-13,C009251,GA,RW-2984,road,M,carbon,1,3999,false,
WEB-110072,2026-08-13,C009255,MN,RW-7298,road,L,base,1,1899,false,
WEB-110095,2026-08-13,C009277,CA,RW-1378,road,L,carbon,1,3999,false,
WEB-110104,2026-08-13,C002769,FL,RW-9304,mtb,S,carbon,1,4899,false,
WEB-110108,2026-08-13,C009289,ID,RW-9304,mtb,S,carbon,1,4899,false,
WEB-110126,2026-08-13,C009304,GA,RW-9304,mtb,S,carbon,1,4899,false,
WEB-110133,2026-08-13,C009310,PA,RW-9304,mtb,S,carbon,1,4899,false,
WEB-110136,2026-08-13,C009313,ID,RW-9304,mtb,S,carbon,1,4899,false,
WEB-110154,2026-08-13,C003922,VT,RW-9324,mtb,M,base,1,2299,true,2026-08-23
WEB-110160,2026-08-13,C009334,WA,RW-4418,mtb,M,carbon,1,4899,false,
WEB-110168,2026-08-13,C009342,TX,RW-4418,mtb,M,carbon,1,4899,false,
WEB-110174,2026-08-13,C009348,FL,RW-4418,mtb,M,carbon,1,4899,false,
WEB-110180,2026-08-13,C002988,NC,RW-4418,mtb,M,carbon,1,4899,false,
WEB-110181,2026-08-13,C009353,VT,RW-4418,mtb,M,carbon,1,4899,false,
WEB-110197,2026-08-13,C009368,VT,RW-9901,mtb,L,base,1,2299,false,
WEB-110199,2026-08-13,C009370,VT,RW-9901,mtb,L,base,1,2299,false,
WEB-110209,2026-08-13,C009380,TX,RW-6416,mtb,L,carbon,1,4899,false,
WEB-110217,2026-08-13,C009388,AZ,RW-6416,mtb,L,carbon,1,4899,false,
WEB-110223,2026-08-13,C009394,MT,RW-6416,mtb,L,carbon,1,4899,false,
WEB-110225,2026-08-13,C009396,AZ,RW-6416,mtb,L,carbon,1,4899,false,
WEB-110005,2026-08-14,C009190,NM,RW-9835,road,M,base,1,1899,false,
WEB-110008,2026-08-14,C009193,GA,RW-9835,road,M,base,1,1899,false,
WEB-110012,2026-08-14,C009197,MA,RW-9835,road,M,base,1,1899,false,
WEB-110040,2026-08-14,C009223,MT,RW-2984,road,M,carbon,1,3999,false,
WEB-110041,2026-08-14,C009224,MT,RW-2984,road,M,carbon,1,3999,false,
WEB-110049,2026-08-14,C009232,NM,RW-2984,road,M,carbon,1,3999,false,
WEB-110055,2026-08-14,C009238,MT,RW-2984,road,M,carbon,1,3999,false,
WEB-110058,2026-08-14,C009241,CA,RW-2984,road,M,carbon,1,3999,false,
WEB-110066,2026-08-14,C009249,TX,RW-2984,road,M,carbon,1,3999,false,
WEB-110070,2026-08-14,C009253,CA,RW-7298,road,L,base,1,1899,false,
WEB-110080,2026-08-14,C009263,NC,RW-7298,road,L,base,1,1899,false,
WEB-110088,2026-08-14,C009270,NY,RW-7298,road,L,base,1,1899,false,
WEB-110106,2026-08-14,C009287,IL,RW-9304,mtb,S,carbon,1,4899,false,
WEB-110110,2026-08-14,C009291,FL,RW-9304,mtb,S,carbon,1,4899,false,
WEB-110114,2026-08-14,C009294,MT,RW-9304,mtb,S,carbon,1,4899,false,
WEB-110124,2026-08-14,C009302,VT,RW-9304,mtb,S,carbon,1,4899,false,
WEB-110131,2026-08-14,C009308,NM,RW-9304,mtb,S,carbon,1,4899,false,
WEB-110135,2026-08-14,C009312,CO,RW-9304,mtb,S,carbon,1,4899,false,
WEB-110137,2026-08-14,C009314,MT,RW-9304,mtb,S,carbon,1,4899,false,
WEB-110141,2026-08-14,C009318,NC,RW-9324,mtb,M,base,1,2299,true,2026-08-22
WEB-110142,2026-08-14,C009319,MA,RW-9324,mtb,M,base,1,2299,true,2026-08-22
WEB-110149,2026-08-14,C009325,CA,RW-9324,mtb,M,base,1,2299,true,2026-08-24
WEB-110164,2026-08-14,C009338,NY,RW-4418,mtb,M,carbon,1,4899,false,
WEB-110170,2026-08-14,C009344,GA,RW-4418,mtb,M,carbon,1,4899,false,
WEB-110176,2026-08-14,C009350,MI,RW-4418,mtb,M,carbon,1,4899,false,
WEB-110202,2026-08-14,C009373,MA,RW-9901,mtb,L,base,1,2299,false,
WEB-110206,2026-08-14,C009377,NY,RW-6416,mtb,L,carbon,1,4899,false,
WEB-110213,2026-08-14,C009384,PA,RW-6416,mtb,L,carbon,1,4899,false,
WEB-110215,2026-08-14,C009386,NY,RW-6416,mtb,L,carbon,1,4899,false,
WEB-109988,2026-08-15,C009176,MN,RW-3980,road,S,carbon,1,3999,false,
WEB-109992,2026-08-15,C008187,PA,RW-3980,road,S,carbon,1,3999,false,
WEB-110010,2026-08-15,C009195,ID,RW-9835,road,M,base,1,1899,false,
WEB-110015,2026-08-15,C009200,UT,RW-9835,road,M,base,1,1899,false,
WEB-110029,2026-08-15,C009213,MI,RW-2984,road,M,carbon,1,3999,false,
WEB-110061,2026-08-15,C009244,CA,RW-2984,road,M,carbon,1,3999,false,
WEB-110063,2026-08-15,C009246,IL,RW-2984,road,M,carbon,1,3999,false,
WEB-110074,2026-08-15,C009257,MA,RW-7298,road,L,base,1,1899,false,
WEB-110075,2026-08-15,C009258,ID,RW-7298,road,L,base,1,1899,false,
WEB-110076,2026-08-15,C009259,UT,RW-7298,road,L,base,1,1899,false,
WEB-110078,2026-08-15,C009261,ID,RW-7298,road,L,base,1,1899,false,
WEB-110084,2026-08-15,C009266,IL,RW-7298,road,L,base,1,1899,false,
WEB-110094,2026-08-15,C009276,PA,RW-1378,road,L,carbon,1,3999,false,
WEB-110119,2026-08-15,C000068,MA,RW-9304,mtb,S,carbon,1,4899,false,
WEB-110123,2026-08-15,C009301,PA,RW-9304,mtb,S,carbon,1,4899,false,
WEB-110128,2026-08-15,C009306,AZ,RW-9304,mtb,S,carbon,1,4899,false,
WEB-110129,2026-08-15,C003528,UT,RW-9304,mtb,S,carbon,1,4899,false,
WEB-110139,2026-08-15,C009316,CA,RW-9324,mtb,M,base,1,2299,true,2026-08-19
WEB-110144,2026-08-15,C009320,NM,RW-9324,mtb,M,base,1,2299,true,2026-08-18
WEB-110150,2026-08-15,C009326,UT,RW-9324,mtb,M,base,1,2299,true,2026-08-25
WEB-110157,2026-08-15,C009331,AZ,RW-4418,mtb,M,carbon,1,4899,false,
WEB-110183,2026-08-15,C009355,MA,RW-4418,mtb,M,carbon,1,4899,false,
WEB-110184,2026-08-15,C009356,VT,RW-4418,mtb,M,carbon,1,4899,false,
WEB-110185,2026-08-15,C009357,PA,RW-4418,mtb,M,carbon,1,4899,false,
WEB-110196,2026-08-15,C009367,MT,RW-9901,mtb,L,base,1,2299,false,
WEB-110198,2026-08-15,C009369,MN,RW-9901,mtb,L,base,1,2299,false,
WEB-110203,2026-08-15,C009374,WA,RW-6416,mtb,L,carbon,1,4899,false,
WEB-110211,2026-08-15,C009382,AZ,RW-6416,mtb,L,carbon,1,4899,false,
WEB-110218,2026-08-15,C009389,MT,RW-6416,mtb,L,carbon,1,4899,false,
WEB-110220,2026-08-15,C009391,IL,RW-6416,mtb,L,carbon,1,4899,false,
WEB-109993,2026-08-16,C009179,MN,RW-3980,road,S,carbon,1,3999,false,
WEB-110002,2026-08-16,C009187,NC,RW-9835,road,M,base,1,1899,false,
WEB-110003,2026-08-16,C009188,UT,RW-9835,road,M,base,1,1899,false,
WEB-110007,2026-08-16,C009192,MN,RW-9835,road,M,base,1,1899,false,
WEB-110021,2026-08-16,C009206,MA,RW-9835,road,M,base,1,1899,false,
WEB-110037,2026-08-16,C009220,UT,RW-2984,road,M,carbon,1,3999,false,
WEB-110039,2026-08-16,C009222,AZ,RW-2984,road,M,carbon,1,3999,false,
WEB-110046,2026-08-16,C009229,WA,RW-2984,road,M,carbon,1,3999,false,
WEB-110048,2026-08-16,C009231,IL,RW-2984,road,M,carbon,1,3999,false,
WEB-110059,2026-08-16,C009242,FL,RW-2984,road,M,carbon,1,3999,false,
WEB-110071,2026-08-16,C009254,PA,RW-7298,road,L,base,1,1899,false,
WEB-110079,2026-08-16,C009262,MN,RW-7298,road,L,base,1,1899,false,
WEB-110085,2026-08-16,C009267,NM,RW-7298,road,L,base,1,1899,false,
WEB-110086,2026-08-16,C009268,ID,RW-7298,road,L,base,1,1899,false,
WEB-110087,2026-08-16,C009269,UT,RW-7298,road,L,base,1,1899,false,
WEB-110089,2026-08-16,C009271,CA,RW-7298,road,L,base,1,1899,false,
WEB-110090,2026-08-16,C009272,WA,RW-7298,road,L,base,1,1899,false,
WEB-110096,2026-08-16,C009278,WA,RW-1378,road,L,carbon,1,3999,false,
WEB-110097,2026-08-16,C009279,NC,RW-1378,road,L,carbon,1,3999,false,
WEB-110098,2026-08-16,C009280,NY,RW-1378,road,L,carbon,1,3999,false,
WEB-110102,2026-08-16,C009284,TX,RW-9304,mtb,S,carbon,1,4899,false,
WEB-110103,2026-08-16,C009285,VT,RW-9304,mtb,S,carbon,1,4899,false,
WEB-110105,2026-08-16,C009286,OR,RW-9304,mtb,S,carbon,1,4899,false,
WEB-110116,2026-08-16,C009296,CA,RW-9304,mtb,S,carbon,1,4899,false,
WEB-110117,2026-08-16,C009297,MT,RW-9304,mtb,S,carbon,1,4899,false,
WEB-110125,2026-08-16,C009303,NY,RW-9304,mtb,S,carbon,1,4899,false,
WEB-110130,2026-08-16,C009307,TX,RW-9304,mtb,S,carbon,1,4899,false,
WEB-110138,2026-08-16,C009315,CO,RW-9304,mtb,S,carbon,1,4899,false,
WEB-110148,2026-08-16,C009324,TX,RW-9324,mtb,M,base,1,2299,true,2026-08-25
WEB-110159,2026-08-16,C009333,TX,RW-4418,mtb,M,carbon,1,4899,false,
WEB-110163,2026-08-16,C009337,UT,RW-4418,mtb,M,carbon,1,4899,false,
WEB-110171,2026-08-16,C009345,CA,RW-4418,mtb,M,carbon,1,4899,false,
WEB-110172,2026-08-16,C009346,NM,RW-4418,mtb,M,carbon,1,4899,false,
WEB-110173,2026-08-16,C009347,TX,RW-4418,mtb,M,carbon,1,4899,false,
WEB-110190,2026-08-16,C009362,MT,RW-9901,mtb,L,base,1,2299,false,
WEB-110192,2026-08-16,C009364,VT,RW-9901,mtb,L,base,1,2299,false,
WEB-110194,2026-08-16,C009365,WA,RW-9901,mtb,L,base,1,2299,false,
WEB-110201,2026-08-16,C009372,MA,RW-9901,mtb,L,base,1,2299,false,
WEB-110222,2026-08-16,C009393,CO,RW-6416,mtb,L,carbon,1,4899,false,
WEB-110224,2026-08-16,C009395,TX,RW-6416,mtb,L,carbon,1,4899,false,
WEB-110229,2026-08-17,C009400,FL,RW-3980,road,S,carbon,1,3999,false,
WEB-110233,2026-08-17,C009404,MT,RW-3980,road,S,carbon,1,3999,false,
WEB-110237,2026-08-17,C008287,IL,RW-3980,road,S,carbon,1,3999,false,
WEB-110244,2026-08-17,C009412,MI,RW-3980,road,S,carbon,1,3999,false,
WEB-110267,2026-08-17,C009432,NY,RW-9835,road,M,base,1,1899,false,
WEB-110275,2026-08-17,C009440,FL,RW-9835,road,M,base,1,1899,false,
WEB-110276,2026-08-17,C009441,PA,RW-9835,road,M,base,1,1899,false,
WEB-110298,2026-08-17,C009461,GA,RW-2984,road,M,carbon,1,3999,false,
WEB-110308,2026-08-17,C009470,IL,RW-7298,road,L,base,1,1899,false,
WEB-110312,2026-08-17,C009474,MT,RW-7298,road,L,base,1,1899,false,
WEB-110313,2026-08-17,C009475,TX,RW-1378,road,L,carbon,1,3999,false,
WEB-110330,2026-08-17,C009489,MI,RW-9304,mtb,S,carbon,1,4899,false,
WEB-110343,2026-08-17,C009501,CO,RW-9304,mtb,S,carbon,1,4899,false,
WEB-110345,2026-08-17,C009503,MN,RW-9304,mtb,S,carbon,1,4899,false,
WEB-110349,2026-08-17,C009506,NC,RW-9324,mtb,M,base,1,2299,true,2026-08-19
WEB-110351,2026-08-17,C009508,MA,RW-9324,mtb,M,base,1,2299,true,2026-08-27
WEB-110356,2026-08-17,C009512,FL,RW-4418,mtb,M,carbon,1,4899,false,
WEB-110372,2026-08-17,C003126,MA,RW-4418,mtb,M,carbon,1,4899,false,
WEB-110390,2026-08-17,C009545,ID,RW-4418,mtb,M,carbon,1,4899,false,
WEB-110394,2026-08-17,C009549,PA,RW-4418,mtb,M,carbon,1,4899,false,
WEB-110401,2026-08-17,C000003,ID,RW-9901,mtb,L,base,1,2299,false,
WEB-110407,2026-08-17,C009561,AZ,RW-9901,mtb,L,base,1,2299,false,
WEB-110423,2026-08-17,C002547,CO,RW-6416,mtb,L,carbon,1,4899,false,
WEB-110425,2026-08-17,C009578,NY,RW-6416,mtb,L,carbon,1,4899,false,
WEB-110426,2026-08-17,C009579,WA,RW-6416,mtb,L,carbon,1,4899,false,
WEB-110226,2026-08-18,C009397,VT,RW-3980,road,S,carbon,1,3999,false,
WEB-110228,2026-08-18,C009399,MA,RW-3980,road,S,carbon,1,3999,false,
WEB-110234,2026-08-18,C001868,MI,RW-3980,road,S,carbon,1,3999,false,
WEB-110236,2026-08-18,C009406,OR,RW-3980,road,S,carbon,1,3999,false,
WEB-110239,2026-08-18,C009408,ID,RW-3980,road,S,carbon,1,3999,false,
WEB-110241,2026-08-18,C007897,IL,RW-3980,road,S,carbon,1,3999,false,
WEB-110246,2026-08-18,C008983,IL,RW-3980,road,S,carbon,1,3999,false,
WEB-110260,2026-08-18,C004203,FL,RW-9835,road,M,base,1,1899,false,
WEB-110286,2026-08-18,C009449,MN,RW-2984,road,M,carbon,1,3999,false,
WEB-110287,2026-08-18,C009450,MN,RW-2984,road,M,carbon,1,3999,false,
WEB-110292,2026-08-18,C009455,NM,RW-2984,road,M,carbon,1,3999,false,
WEB-110302,2026-08-18,C009465,GA,RW-7298,road,L,base,1,1899,false,
WEB-110310,2026-08-18,C009472,VT,RW-7298,road,L,base,1,1899,false,
WEB-110316,2026-08-18,C009478,MT,RW-1378,road,L,carbon,1,3999,false,
WEB-110319,2026-08-18,C009480,WA,RW-1378,road,L,carbon,1,3999,false,
WEB-110324,2026-08-18,C004683,CO,RW-1378,road,L,carbon,1,3999,false,
WEB-110334,2026-08-18,C009493,NY,RW-9304,mtb,S,carbon,1,4899,false,
WEB-110336,2026-08-18,C009495,MN,RW-9304,mtb,S,carbon,1,4899,false,
WEB-110339,2026-08-18,C009497,AZ,RW-9304,mtb,S,carbon,1,4899,false,
WEB-110353,2026-08-18,C009509,CO,RW-9324,mtb,M,base,1,2299,true,2026-08-24
WEB-110358,2026-08-18,C009514,IL,RW-4418,mtb,M,carbon,1,4899,false,
WEB-110361,2026-08-18,C009517,WA,RW-4418,mtb,M,carbon,1,4899,false,
WEB-110366,2026-08-18,C009522,AZ,RW-4418,mtb,M,carbon,1,4899,false,
WEB-110370,2026-08-18,C009526,NC,RW-4418,mtb,M,carbon,1,4899,false,
WEB-110374,2026-08-18,C009529,CO,RW-4418,mtb,M,carbon,1,4899,false,
WEB-110384,2026-08-18,C009539,IL,RW-4418,mtb,M,carbon,1,4899,false,
WEB-110385,2026-08-18,C009540,MN,RW-4418,mtb,M,carbon,1,4899,false,
WEB-110387,2026-08-18,C009542,OR,RW-4418,mtb,M,carbon,1,4899,false,
WEB-110393,2026-08-18,C009548,WA,RW-4418,mtb,M,carbon,1,4899,false,
WEB-110399,2026-08-18,C009554,ID,RW-9901,mtb,L,base,1,2299,false,
WEB-110409,2026-08-18,C009563,PA,RW-9901,mtb,L,base,1,2299,false,
WEB-110411,2026-08-18,C009565,TX,RW-9901,mtb,L,base,1,2299,false,
WEB-110429,2026-08-18,C009582,UT,RW-6416,mtb,L,carbon,1,4899,false,
WEB-110230,2026-08-19,C009401,VT,RW-3980,road,S,carbon,1,3999,false,
WEB-110232,2026-08-19,C009403,OR,RW-3980,road,S,carbon,1,3999,false,
WEB-110249,2026-08-19,C009416,IL,RW-3980,road,S,carbon,1,3999,false,
WEB-110251,2026-08-19,C009418,WA,RW-3980,road,S,carbon,1,3999,false,
WEB-110252,2026-08-19,C009419,ID,RW-9835,road,M,base,1,1899,false,
WEB-110254,2026-08-19,C009421,VT,RW-9835,road,M,base,1,1899,false,
WEB-110255,2026-08-19,C001410,VT,RW-9835,road,M,base,1,1899,false,
WEB-110262,2026-08-19,C009427,ID,RW-9835,road,M,base,1,1899,false,
WEB-110265,2026-08-19,C009430,MT,RW-9835,road,M,base,1,1899,false,
WEB-110268,2026-08-19,C009433,VT,RW-9835,road,M,base,1,1899,false,
WEB-110270,2026-08-19,C009435,VT,RW-9835,road,M,base,1,1899,false,
WEB-110277,2026-08-19,C008828,IL,RW-9835,road,M,base,1,1899,false,
WEB-110301,2026-08-19,C009464,UT,RW-7298,road,L,base,1,1899,false,
WEB-110304,2026-08-19,C009467,NC,RW-7298,road,L,base,1,1899,false,
WEB-110305,2026-08-19,C009468,IL,RW-7298,road,L,base,1,1899,false,
WEB-110307,2026-08-19,C009469,NM,RW-7298,road,L,base,1,1899,false,
WEB-110314,2026-08-19,C009476,TX,RW-1378,road,L,carbon,1,3999,false,
WEB-110326,2026-08-19,C009486,CA,RW-1378,road,L,carbon,1,3999,false,
WEB-110342,2026-08-19,C009500,TX,RW-9304,mtb,S,carbon,1,4899,false,
WEB-110354,2026-08-19,C009510,ID,RW-9324,mtb,M,base,1,2299,true,2026-08-21
WEB-110357,2026-08-19,C009513,OR,RW-4418,mtb,M,carbon,1,4899,false,
WEB-110359,2026-08-19,C009515,FL,RW-4418,mtb,M,carbon,1,4899,false,
WEB-110363,2026-08-19,C009519,AZ,RW-4418,mtb,M,carbon,1,4899,false,
WEB-110364,2026-08-19,C009520,MI,RW-4418,mtb,M,carbon,1,4899,false,
WEB-110371,2026-08-19,C009527,PA,RW-4418,mtb,M,carbon,1,4899,false,
WEB-110375,2026-08-19,C009530,NM,RW-4418,mtb,M,carbon,1,4899,false,
WEB-110381,2026-08-19,C009536,ID,RW-4418,mtb,M,carbon,1,4899,false,
WEB-110382,2026-08-19,C009537,OR,RW-4418,mtb,M,carbon,1,4899,false,
WEB-110388,2026-08-19,C009543,MA,RW-4418,mtb,M,carbon,1,4899,false,
WEB-110391,2026-08-19,C009546,OR,RW-4418,mtb,M,carbon,1,4899,false,
WEB-110416,2026-08-19,C009570,AZ,RW-6416,mtb,L,carbon,1,4899,false,
WEB-110420,2026-08-19,C009574,ID,RW-6416,mtb,L,carbon,1,4899,false,
WEB-110427,2026-08-19,C009580,GA,RW-6416,mtb,L,carbon,1,4899,false,
WEB-110227,2026-08-20,C009398,WA,RW-3980,road,S,carbon,1,3999,false,
WEB-110231,2026-08-20,C009402,WA,RW-3980,road,S,carbon,1,3999,false,
WEB-110235,2026-08-20,C009405,NM,RW-3980,road,S,carbon,1,3999,false,
WEB-110240,2026-08-20,C009409,MT,RW-3980,road,S,carbon,1,3999,false,
WEB-110242,2026-08-20,C009410,CA,RW-3980,road,S,carbon,1,3999,false,
WEB-110243,2026-08-20,C009411,GA,RW-3980,road,S,carbon,1,3999,false,
WEB-110245,2026-08-20,C009413,MA,RW-3980,road,S,carbon,1,3999,false,
WEB-110250,2026-08-20,C009417,VT,RW-3980,road,S,carbon,1,3999,false,
WEB-110258,2026-08-20,C009424,NY,RW-9835,road,M,base,1,1899,false,
WEB-110271,2026-08-20,C009436,PA,RW-9835,road,M,base,1,1899,false,
WEB-110280,2026-08-20,C009443,ID,RW-2984,road,M,carbon,1,3999,false,
WEB-110284,2026-08-20,C009447,MT,RW-2984,road,M,carbon,1,3999,false,
WEB-110291,2026-08-20,C009454,CA,RW-2984,road,M,carbon,1,3999,false,
WEB-110294,2026-08-20,C009457,NM,RW-2984,road,M,carbon,1,3999,false,
WEB-110300,2026-08-20,C009463,MI,RW-7298,road,L,base,1,1899,false,
WEB-110306,2026-08-20,C008380,OR,RW-7298,road,L,base,1,1899,false,
WEB-110309,2026-08-20,C009471,MA,RW-7298,road,L,base,1,1899,false,
WEB-110315,2026-08-20,C009477,ID,RW-1378,road,L,carbon,1,3999,false,
WEB-110321,2026-08-20,C009482,FL,RW-1378,road,L,carbon,1,3999,false,
WEB-110322,2026-08-20,C009483,VT,RW-1378,road,L,carbon,1,3999,false,
WEB-110355,2026-08-20,C009511,NY,RW-4418,mtb,M,carbon,1,4899,false,
WEB-110360,2026-08-20,C009516,WA,RW-4418,mtb,M,carbon,1,4899,false,
WEB-110383,2026-08-20,C009538,GA,RW-4418,mtb,M,carbon,1,4899,false,
WEB-110397,2026-08-20,C009552,NY,RW-4418,mtb,M,carbon,1,4899,false,
WEB-110400,2026-08-20,C009555,AZ,RW-9901,mtb,L,base,1,2299,false,
WEB-110402,2026-08-20,C009556,NY,RW-9901,mtb,L,base,1,2299,false,
WEB-110410,2026-08-20,C009564,OR,RW-9901,mtb,L,base,1,2299,false,
WEB-110418,2026-08-20,C009572,MN,RW-6416,mtb,L,carbon,1,4899,false,
WEB-110264,2026-08-21,C009429,TX,RW-9835,road,M,base,1,1899,false,
WEB-110266,2026-08-21,C009431,UT,RW-9835,road,M,base,1,1899,false,
WEB-110273,2026-08-21,C009438,CA,RW-9835,road,M,base,1,1899,false,
WEB-110288,2026-08-21,C009451,CA,RW-2984,road,M,carbon,1,3999,false,
WEB-110289,2026-08-21,C009452,IL,RW-2984,road,M,carbon,1,3999,false,
WEB-110296,2026-08-21,C009459,OR,RW-2984,road,M,carbon,1,3999,false,
WEB-110299,2026-08-21,C009462,MN,RW-2984,road,M,carbon,1,3999,false,
WEB-110325,2026-08-21,C009485,NC,RW-1378,road,L,carbon,1,3999,false,
WEB-110327,2026-08-21,C007688,NY,RW-1378,road,L,carbon,1,3999,false,
WEB-110328,2026-08-21,C009487,OR,RW-9304,mtb,S,carbon,1,4899,false,
WEB-110333,2026-08-21,C009492,TX,RW-9304,mtb,S,carbon,1,4899,false,
WEB-110335,2026-08-21,C009494,IL,RW-9304,mtb,S,carbon,1,4899,false,
WEB-110337,2026-08-21,C009496,MI,RW-9304,mtb,S,carbon,1,4899,false,
WEB-110340,2026-08-21,C009498,AZ,RW-9304,mtb,S,carbon,1,4899,false,
WEB-110350,2026-08-21,C009507,NY,RW-9324,mtb,M,base,1,2299,true,2026-08-26
WEB-110362,2026-08-21,C009518,MI,RW-4418,mtb,M,carbon,1,4899,false,
WEB-110368,2026-08-21,C009524,CA,RW-4418,mtb,M,carbon,1,4899,false,
WEB-110369,2026-08-21,C009525,WA,RW-4418,mtb,M,carbon,1,4899,false,
WEB-110378,2026-08-21,C009533,PA,RW-4418,mtb,M,carbon,1,4899,false,
WEB-110379,2026-08-21,C009534,UT,RW-4418,mtb,M,carbon,1,4899,false,
WEB-110380,2026-08-21,C009535,TX,RW-4418,mtb,M,carbon,1,4899,false,
WEB-110395,2026-08-21,C009550,PA,RW-4418,mtb,M,carbon,1,4899,false,
WEB-110396,2026-08-21,C009551,FL,RW-4418,mtb,M,carbon,1,4899,false,
WEB-110405,2026-08-21,C009559,OR,RW-9901,mtb,L,base,1,2299,false,
WEB-110413,2026-08-21,C009567,OR,RW-6416,mtb,L,carbon,1,4899,false,
WEB-110424,2026-08-21,C009577,TX,RW-6416,mtb,L,carbon,1,4899,false,
WEB-110428,2026-08-21,C009581,CO,RW-6416,mtb,L,carbon,1,4899,false,
WEB-110247,2026-08-22,C009414,OR,RW-3980,road,S,carbon,1,3999,false,
WEB-110248,2026-08-22,C009415,CA,RW-3980,road,S,carbon,1,3999,false,
WEB-110253,2026-08-22,C009420,CO,RW-9835,road,M,base,1,1899,false,
WEB-110257,2026-08-22,C009423,NM,RW-9835,road,M,base,1,1899,false,
WEB-110259,2026-08-22,C009425,FL,RW-9835,road,M,base,1,1899,false,
WEB-110269,2026-08-22,C009434,MN,RW-9835,road,M,base,1,1899,false,
WEB-110279,2026-08-22,C009383,AZ,RW-2984,road,M,carbon,1,3999,false,
WEB-110281,2026-08-22,C009444,AZ,RW-2984,road,M,carbon,1,3999,false,
WEB-110290,2026-08-22,C009453,VT,RW-2984,road,M,carbon,1,3999,false,
WEB-110293,2026-08-22,C009456,UT,RW-2984,road,M,carbon,1,3999,false,
WEB-110295,2026-08-22,C009458,NM,RW-2984,road,M,carbon,1,3999,false,
WEB-110303,2026-08-22,C009466,UT,RW-7298,road,L,base,1,1899,false,
WEB-110318,2026-08-22,C001098,CA,RW-1378,road,L,carbon,1,3999,false,
WEB-110320,2026-08-22,C009481,UT,RW-1378,road,L,carbon,1,3999,false,
WEB-110323,2026-08-22,C009484,NC,RW-1378,road,L,carbon,1,3999,false,
WEB-110331,2026-08-22,C009490,MA,RW-9304,mtb,S,carbon,1,4899,false,
WEB-110332,2026-08-22,C009491,OR,RW-9304,mtb,S,carbon,1,4899,false,
WEB-110338,2026-08-22,C006582,MI,RW-9304,mtb,S,carbon,1,4899,false,
WEB-110344,2026-08-22,C009502,PA,RW-9304,mtb,S,carbon,1,4899,false,
WEB-110347,2026-08-22,C009504,PA,RW-9304,mtb,S,carbon,1,4899,false,
WEB-110348,2026-08-22,C009505,FL,RW-9304,mtb,S,carbon,1,4899,false,
WEB-110367,2026-08-22,C009523,CO,RW-4418,mtb,M,carbon,1,4899,false,
WEB-110376,2026-08-22,C009531,GA,RW-4418,mtb,M,carbon,1,4899,false,
WEB-110389,2026-08-22,C009544,TX,RW-4418,mtb,M,carbon,1,4899,false,
WEB-110403,2026-08-22,C009557,UT,RW-9901,mtb,L,base,1,2299,false,
WEB-110408,2026-08-22,C009562,MT,RW-9901,mtb,L,base,1,2299,false,
WEB-110419,2026-08-22,C009573,MT,RW-6416,mtb,L,carbon,1,4899,false,
WEB-110422,2026-08-22,C009576,GA,RW-6416,mtb,L,carbon,1,4899,false,
WEB-110238,2026-08-23,C009407,UT,RW-3980,road,S,carbon,1,3999,false,
WEB-110256,2026-08-23,C009422,WA,RW-9835,road,M,base,1,1899,false,
WEB-110261,2026-08-23,C009426,GA,RW-9835,road,M,base,1,1899,false,
WEB-110263,2026-08-23,C009428,VT,RW-9835,road,M,base,1,1899,false,
WEB-110272,2026-08-23,C009437,NY,RW-9835,road,M,base,1,1899,false,
WEB-110274,2026-08-23,C009439,PA,RW-9835,road,M,base,1,1899,false,
WEB-110278,2026-08-23,C009442,CA,RW-2984,road,M,carbon,1,3999,false,
WEB-110282,2026-08-23,C009445,ID,RW-2984,road,M,carbon,1,3999,false,
WEB-110283,2026-08-23,C009446,IL,RW-2984,road,M,carbon,1,3999,false,
WEB-110285,2026-08-23,C009448,MN,RW-2984,road,M,carbon,1,3999,false,
WEB-110297,2026-08-23,C009460,PA,RW-2984,road,M,carbon,1,3999,false,
WEB-110311,2026-08-23,C009473,GA,RW-7298,road,L,base,1,1899,false,
WEB-110317,2026-08-23,C009479,AZ,RW-1378,road,L,carbon,1,3999,false,
WEB-110329,2026-08-23,C009488,CO,RW-9304,mtb,S,carbon,1,4899,false,
WEB-110341,2026-08-23,C009499,MT,RW-9304,mtb,S,carbon,1,4899,false,
WEB-110346,2026-08-23,C004209,OR,RW-9304,mtb,S,carbon,1,4899,false,
WEB-110352,2026-08-23,C002714,NM,RW-9324,mtb,M,base,1,2299,true,2026-08-26
WEB-110365,2026-08-23,C009521,OR,RW-4418,mtb,M,carbon,1,4899,false,
WEB-110373,2026-08-23,C009528,MI,RW-4418,mtb,M,carbon,1,4899,false,
WEB-110377,2026-08-23,C009532,PA,RW-4418,mtb,M,carbon,1,4899,false,
WEB-110386,2026-08-23,C009541,MI,RW-4418,mtb,M,carbon,1,4899,false,
WEB-110392,2026-08-23,C009547,TX,RW-4418,mtb,M,carbon,1,4899,false,
WEB-110398,2026-08-23,C009553,MT,RW-9901,mtb,L,base,1,2299,false,
WEB-110404,2026-08-23,C009558,CA,RW-9901,mtb,L,base,1,2299,false,
WEB-110406,2026-08-23,C009560,TX,RW-9901,mtb,L,base,1,2299,false,
WEB-110412,2026-08-23,C009566,IL,RW-6416,mtb,L,carbon,1,4899,false,
WEB-110414,2026-08-23,C009568,UT,RW-6416,mtb,L,carbon,1,4899,false,
WEB-110415,2026-08-23,C009569,OR,RW-6416,mtb,L,carbon,1,4899,false,
WEB-110417,2026-08-23,C009571,TX,RW-6416,mtb,L,carbon,1,4899,false,
WEB-110421,2026-08-23,C009575,IL,RW-6416,mtb,L,carbon,1,4899,false,
WEB-110440,2026-08-24,C009592,VT,RW-3980,road,S,carbon,1,3999,false,
WEB-110443,2026-08-24,C009595,MI,RW-3980,road,S,carbon,1,3999,false,
WEB-110448,2026-08-24,C009600,MI,RW-3980,road,S,carbon,1,3999,false,
WEB-110455,2026-08-24,C009607,AZ,RW-3980,road,S,carbon,1,3999,false,
WEB-110476,2026-08-24,C009626,CA,RW-9835,road,M,base,1,1899,false,
WEB-110492,2026-08-24,C009641,UT,RW-2984,road,M,carbon,1,3999,false,
WEB-110494,2026-08-24,C009643,CA,RW-2984,road,M,carbon,1,3999,false,
WEB-110495,2026-08-24,C009644,NY,RW-2984,road,M,carbon,1,3999,false,
WEB-110496,2026-08-24,C009645,MT,RW-2984,road,M,carbon,1,3999,false,
WEB-110499,2026-08-24,C009648,TX,RW-2984,road,M,carbon,1,3999,false,
WEB-110507,2026-08-24,C009656,GA,RW-7298,road,L,base,1,1899,false,
WEB-110510,2026-08-24,C009659,ID,RW-7298,road,L,base,1,1899,false,
WEB-110511,2026-08-24,C009660,GA,RW-7298,road,L,base,1,1899,false,
WEB-110530,2026-08-24,C009677,FL,RW-9304,mtb,S,carbon,1,4899,false,
WEB-110531,2026-08-24,C009678,NY,RW-9304,mtb,S,carbon,1,4899,false,
WEB-110545,2026-08-24,C009689,MN,RW-9304,mtb,S,carbon,1,4899,false,
WEB-110548,2026-08-24,C009692,MT,RW-9304,mtb,S,carbon,1,4899,false,
WEB-110557,2026-08-24,C009698,MN,RW-9304,mtb,S,carbon,1,4899,false,
WEB-110560,2026-08-24,C009700,OR,RW-9304,mtb,S,carbon,1,4899,false,
WEB-110561,2026-08-24,C009701,MN,RW-9304,mtb,S,carbon,1,4899,false,
WEB-110583,2026-08-24,C009723,NY,RW-4418,mtb,M,carbon,1,4899,false,
WEB-110587,2026-08-24,C009727,CO,RW-4418,mtb,M,carbon,1,4899,false,
WEB-110589,2026-08-24,C007048,AZ,RW-4418,mtb,M,carbon,1,4899,false,
WEB-110591,2026-08-24,C009730,IL,RW-4418,mtb,M,carbon,1,4899,false,
WEB-110604,2026-08-24,C009743,WA,RW-4418,mtb,M,carbon,1,4899,false,
WEB-110609,2026-08-24,C009748,MN,RW-9901,mtb,L,base,1,2299,false,
WEB-110622,2026-08-24,C009761,VT,RW-9901,mtb,L,base,1,2299,false,
WEB-110624,2026-08-24,C009763,AZ,RW-9901,mtb,L,base,1,2299,false,
WEB-110438,2026-08-25,C009590,NC,RW-3980,road,S,carbon,1,3999,false,
WEB-110453,2026-08-25,C009605,MN,RW-3980,road,S,carbon,1,3999,false,
WEB-110458,2026-08-25,C009610,MI,RW-3980,road,S,carbon,1,3999,false,
WEB-110470,2026-08-25,C009621,AZ,RW-9835,road,M,base,1,1899,false,
WEB-110473,2026-08-25,C009624,TX,RW-9835,road,M,base,1,1899,false,
WEB-110480,2026-08-25,C009630,MN,RW-9835,road,M,base,1,1899,false,
WEB-110482,2026-08-25,C009632,GA,RW-2984,road,M,carbon,1,3999,false,
WEB-110521,2026-08-25,C005750,NM,RW-1378,road,L,carbon,1,3999,false,
WEB-110523,2026-08-25,C009670,GA,RW-1378,road,L,carbon,1,3999,false,
WEB-110526,2026-08-25,C009673,MT,RW-1378,road,L,carbon,1,3999,false,
WEB-110534,2026-08-25,C009681,NM,RW-9304,mtb,S,carbon,1,4899,false,
WEB-110542,2026-08-25,C009687,FL,RW-9304,mtb,S,carbon,1,4899,false,
WEB-110544,2026-08-25,C009688,GA,RW-9304,mtb,S,carbon,1,4899,false,
WEB-110550,2026-08-25,C009693,GA,RW-9304,mtb,S,carbon,1,4899,false,
WEB-110552,2026-08-25,C003735,IL,RW-9304,mtb,S,carbon,1,4899,false,
WEB-110554,2026-08-25,C005640,CA,RW-9304,mtb,S,carbon,1,4899,false,
WEB-110556,2026-08-25,C009697,ID,RW-9304,mtb,S,carbon,1,4899,false,
WEB-110572,2026-08-25,C009712,IL,RW-9324,mtb,M,base,1,2299,true,2026-09-03
WEB-110582,2026-08-25,C009722,ID,RW-4418,mtb,M,carbon,1,4899,false,
WEB-110584,2026-08-25,C009724,CA,RW-4418,mtb,M,carbon,1,4899,false,
WEB-110588,2026-08-25,C009728,MA,RW-4418,mtb,M,carbon,1,4899,false,
WEB-110598,2026-08-25,C009737,OR,RW-4418,mtb,M,carbon,1,4899,false,
WEB-110601,2026-08-25,C009740,VT,RW-4418,mtb,M,carbon,1,4899,false,
WEB-110617,2026-08-25,C009756,MA,RW-9901,mtb,L,base,1,2299,false,
WEB-110618,2026-08-25,C009757,MI,RW-9901,mtb,L,base,1,2299,false,
WEB-110628,2026-08-25,C007544,VT,RW-9901,mtb,L,base,1,2299,false,
WEB-110636,2026-08-25,C009773,CA,RW-9901,mtb,L,base,1,2299,false,
WEB-110643,2026-08-25,C009780,MN,RW-6416,mtb,L,carbon,1,4899,false,
WEB-110646,2026-08-25,C009783,FL,RW-6416,mtb,L,carbon,1,4899,false,
WEB-110430,2026-08-26,C009583,OR,RW-3980,road,S,carbon,1,3999,false,
WEB-110431,2026-08-26,C009584,NM,RW-3980,road,S,carbon,1,3999,false,
WEB-110447,2026-08-26,C009599,MA,RW-3980,road,S,carbon,1,3999,false,
WEB-110451,2026-08-26,C009603,NC,RW-3980,road,S,carbon,1,3999,false,
WEB-110456,2026-08-26,C009608,FL,RW-3980,road,S,carbon,1,3999,false,
WEB-110460,2026-08-26,C009612,WA,RW-3980,road,S,carbon,1,3999,false,
WEB-110483,2026-08-26,C009633,PA,RW-2984,road,M,carbon,1,3999,false,
WEB-110489,2026-08-26,C008962,MI,RW-2984,road,M,carbon,1,3999,false,
WEB-110490,2026-08-26,C009639,VT,RW-2984,road,M,carbon,1,3999,false,
WEB-110491,2026-08-26,C009640,UT,RW-2984,road,M,carbon,1,3999,false,
WEB-110497,2026-08-26,C009646,CA,RW-2984,road,M,carbon,1,3999,false,
WEB-110503,2026-08-26,C009652,PA,RW-2984,road,M,carbon,1,3999,false,
WEB-110505,2026-08-26,C009654,VT,RW-2984,road,M,carbon,1,3999,false,
WEB-110512,2026-08-26,C009661,FL,RW-7298,road,L,base,1,1899,false,
WEB-110513,2026-08-26,C009662,MA,RW-7298,road,L,base,1,1899,false,
WEB-110519,2026-08-26,C009667,AZ,RW-1378,road,L,carbon,1,3999,false,
WEB-110520,2026-08-26,C009668,IL,RW-1378,road,L,carbon,1,3999,false,
WEB-110524,2026-08-26,C009671,NY,RW-1378,road,L,carbon,1,3999,false,
WEB-110527,2026-08-26,C009674,VT,RW-1378,road,L,carbon,1,3999,false,
WEB-110528,2026-08-26,C009675,NY,RW-9304,mtb,S,carbon,1,4899,false,
WEB-110529,2026-08-26,C009676,TX,RW-9304,mtb,S,carbon,1,4899,false,
WEB-110541,2026-08-26,C006395,CO,RW-9304,mtb,S,carbon,1,4899,false,
WEB-110549,2026-08-26,C009239,FL,RW-9304,mtb,S,carbon,1,4899,false,
WEB-110555,2026-08-26,C009696,PA,RW-9304,mtb,S,carbon,1,4899,false,
WEB-110565,2026-08-26,C009705,GA,RW-9304,mtb,S,carbon,1,4899,false,
WEB-110567,2026-08-26,C009707,CA,RW-9324,mtb,M,base,1,2299,true,2026-08-28
WEB-110569,2026-08-26,C009709,MT,RW-9324,mtb,M,base,1,2299,true,2026-08-31
WEB-110574,2026-08-26,C009714,NY,RW-4418,mtb,M,carbon,1,4899,false,
WEB-110578,2026-08-26,C009718,FL,RW-4418,mtb,M,carbon,1,4899,false,
WEB-110580,2026-08-26,C009720,FL,RW-4418,mtb,M,carbon,1,4899,false,
WEB-110590,2026-08-26,C009729,MI,RW-4418,mtb,M,carbon,1,4899,false,
WEB-110595,2026-08-26,C009734,ID,RW-4418,mtb,M,carbon,1,4899,false,
WEB-110599,2026-08-26,C009738,MA,RW-4418,mtb,M,carbon,1,4899,false,
WEB-110603,2026-08-26,C009742,CA,RW-4418,mtb,M,carbon,1,4899,false,
WEB-110610,2026-08-26,C009749,UT,RW-9901,mtb,L,base,1,2299,false,
WEB-110613,2026-08-26,C009752,ID,RW-9901,mtb,L,base,1,2299,false,
WEB-110619,2026-08-26,C009758,PA,RW-9901,mtb,L,base,1,2299,false,
WEB-110620,2026-08-26,C009759,VT,RW-9901,mtb,L,base,1,2299,false,
WEB-110632,2026-08-26,C009769,VT,RW-9901,mtb,L,base,1,2299,false,
WEB-110641,2026-08-26,C009778,AZ,RW-6416,mtb,L,carbon,1,4899,false,
WEB-110647,2026-08-26,C009784,FL,RW-6416,mtb,L,carbon,1,4899,false,
WEB-110649,2026-08-26,C009786,UT,RW-6416,mtb,L,carbon,1,4899,false,
WEB-110652,2026-08-26,C009789,NM,RW-6416,mtb,L,carbon,1,4899,false,
WEB-110653,2026-08-26,C002126,NY,RW-6416,mtb,L,carbon,1,4899,false,
WEB-110434,2026-08-27,C008961,GA,RW-3980,road,S,carbon,1,3999,false,
WEB-110439,2026-08-27,C009591,NY,RW-3980,road,S,carbon,1,3999,false,
WEB-110441,2026-08-27,C009593,MA,RW-3980,road,S,carbon,1,3999,false,
WEB-110444,2026-08-27,C009596,VT,RW-3980,road,S,carbon,1,3999,false,
WEB-110445,2026-08-27,C009597,IL,RW-3980,road,S,carbon,1,3999,false,
WEB-110461,2026-08-27,C009613,CO,RW-3980,road,S,carbon,1,3999,false,
WEB-110469,2026-08-27,C009620,NC,RW-9835,road,M,base,1,1899,false,
WEB-110471,2026-08-27,C009622,NY,RW-9835,road,M,base,1,1899,false,
WEB-110479,2026-08-27,C009629,MN,RW-9835,road,M,base,1,1899,false,
WEB-110493,2026-08-27,C009642,IL,RW-2984,road,M,carbon,1,3999,false,
WEB-110514,2026-08-27,C009663,NM,RW-7298,road,L,base,1,1899,false,
WEB-110516,2026-08-27,C009665,IL,RW-7298,road,L,base,1,1899,false,
WEB-110518,2026-08-27,C009666,IL,RW-1378,road,L,carbon,1,3999,false,
WEB-110525,2026-08-27,C009672,PA,RW-1378,road,L,carbon,1,3999,false,
WEB-110536,2026-08-27,C009683,CO,RW-9304,mtb,S,carbon,1,4899,false,
WEB-110537,2026-08-27,C009684,CO,RW-9304,mtb,S,carbon,1,4899,false,
WEB-110539,2026-08-27,C009685,NM,RW-9304,mtb,S,carbon,1,4899,false,
WEB-110540,2026-08-27,C009686,TX,RW-9304,mtb,S,carbon,1,4899,false,
WEB-110562,2026-08-27,C009702,NY,RW-9304,mtb,S,carbon,1,4899,false,
WEB-110579,2026-08-27,C009719,CA,RW-4418,mtb,M,carbon,1,4899,false,
WEB-110581,2026-08-27,C009721,OR,RW-4418,mtb,M,carbon,1,4899,false,
WEB-110585,2026-08-27,C009725,AZ,RW-4418,mtb,M,carbon,1,4899,false,
WEB-110586,2026-08-27,C009726,OR,RW-4418,mtb,M,carbon,1,4899,false,
WEB-110592,2026-08-27,C009731,NC,RW-4418,mtb,M,carbon,1,4899,false,
WEB-110594,2026-08-27,C009733,PA,RW-4418,mtb,M,carbon,1,4899,false,
WEB-110597,2026-08-27,C009736,AZ,RW-4418,mtb,M,carbon,1,4899,false,
WEB-110607,2026-08-27,C009746,FL,RW-9901,mtb,L,base,1,2299,false,
WEB-110612,2026-08-27,C009751,PA,RW-9901,mtb,L,base,1,2299,false,
WEB-110614,2026-08-27,C009753,PA,RW-9901,mtb,L,base,1,2299,false,
WEB-110615,2026-08-27,C009754,NY,RW-9901,mtb,L,base,1,2299,false,
WEB-110634,2026-08-27,C009771,CO,RW-9901,mtb,L,base,1,2299,false,
WEB-110642,2026-08-27,C009779,CO,RW-6416,mtb,L,carbon,1,4899,false,
WEB-110656,2026-08-27,C009792,UT,RW-6416,mtb,L,carbon,1,4899,false,
WEB-110435,2026-08-28,C009587,MN,RW-3980,road,S,carbon,1,3999,false,
WEB-110436,2026-08-28,C009588,NC,RW-3980,road,S,carbon,1,3999,false,
WEB-110452,2026-08-28,C009604,WA,RW-3980,road,S,carbon,1,3999,false,
WEB-110459,2026-08-28,C009611,IL,RW-3980,road,S,carbon,1,3999,false,
WEB-110472,2026-08-28,C009623,MI,RW-9835,road,M,base,1,1899,false,
WEB-110474,2026-08-28,C009625,IL,RW-9835,road,M,base,1,1899,false,
WEB-110477,2026-08-28,C009627,FL,RW-9835,road,M,base,1,1899,false,
WEB-110478,2026-08-28,C009628,MI,RW-9835,road,M,base,1,1899,false,
WEB-110485,2026-08-28,C009635,MI,RW-2984,road,M,carbon,1,3999,false,
WEB-110486,2026-08-28,C009636,ID,RW-2984,road,M,carbon,1,3999,false,
WEB-110487,2026-08-28,C009637,MN,RW-2984,road,M,carbon,1,3999,false,
WEB-110506,2026-08-28,C009655,IL,RW-2984,road,M,carbon,1,3999,false,
WEB-110508,2026-08-28,C009657,TX,RW-7298,road,L,base,1,1899,false,
WEB-110517,2026-08-28,C001327,MA,RW-7298,road,L,base,1,1899,false,
WEB-110522,2026-08-28,C009669,WA,RW-1378,road,L,carbon,1,3999,false,
WEB-110533,2026-08-28,C009680,GA,RW-9304,mtb,S,carbon,1,4899,false,
WEB-110535,2026-08-28,C009682,MT,RW-9304,mtb,S,carbon,1,4899,false,
WEB-110538,2026-08-28,C007686,UT,RW-9304,mtb,S,carbon,1,4899,false,
WEB-110543,2026-08-28,C001102,MI,RW-9304,mtb,S,carbon,1,4899,false,
WEB-110563,2026-08-28,C009703,IL,RW-9304,mtb,S,carbon,1,4899,false,
WEB-110564,2026-08-28,C009704,OR,RW-9304,mtb,S,carbon,1,4899,false,
WEB-110571,2026-08-28,C009711,TX,RW-9324,mtb,M,base,1,2299,true,2026-09-07
WEB-110573,2026-08-28,C009713,PA,RW-4418,mtb,M,carbon,1,4899,false,
WEB-110575,2026-08-28,C009715,WA,RW-4418,mtb,M,carbon,1,4899,false,
WEB-110576,2026-08-28,C009716,IL,RW-4418,mtb,M,carbon,1,4899,false,
WEB-110593,2026-08-28,C009732,CA,RW-4418,mtb,M,carbon,1,4899,false,
WEB-110605,2026-08-28,C009744,VT,RW-4418,mtb,M,carbon,1,4899,false,
WEB-110611,2026-08-28,C009750,TX,RW-9901,mtb,L,base,1,2299,false,
WEB-110627,2026-08-28,C009766,PA,RW-9901,mtb,L,base,1,2299,false,
WEB-110630,2026-08-28,C009768,CA,RW-9901,mtb,L,base,1,2299,false,
WEB-110639,2026-08-28,C009776,MI,RW-6416,mtb,L,carbon,1,4899,false,
WEB-110640,2026-08-28,C009777,MT,RW-6416,mtb,L,carbon,1,4899,false,
WEB-110648,2026-08-28,C009785,FL,RW-6416,mtb,L,carbon,1,4899,false,
WEB-110651,2026-08-28,C009788,MI,RW-6416,mtb,L,carbon,1,4899,false,
WEB-110442,2026-08-29,C009594,IL,RW-3980,road,S,carbon,1,3999,false,
WEB-110446,2026-08-29,C009598,AZ,RW-3980,road,S,carbon,1,3999,false,
WEB-110449,2026-08-29,C009601,ID,RW-3980,road,S,carbon,1,3999,false,
WEB-110450,2026-08-29,C009602,NC,RW-3980,road,S,carbon,1,3999,false,
WEB-110462,2026-08-29,C009614,TX,RW-3980,road,S,carbon,1,3999,false,
WEB-110465,2026-08-29,C009617,CO,RW-9835,road,M,base,1,1899,false,
WEB-110466,2026-08-29,C009618,NC,RW-9835,road,M,base,1,1899,false,
WEB-110467,2026-08-29,C008467,NC,RW-9835,road,M,base,1,1899,false,
WEB-110468,2026-08-29,C009619,UT,RW-9835,road,M,base,1,1899,false,
WEB-110481,2026-08-29,C009631,UT,RW-9835,road,M,base,1,1899,false,
WEB-110484,2026-08-29,C009634,MT,RW-2984,road,M,carbon,1,3999,false,
WEB-110488,2026-08-29,C009638,FL,RW-2984,road,M,carbon,1,3999,false,
WEB-110498,2026-08-29,C009647,NY,RW-2984,road,M,carbon,1,3999,false,
WEB-110500,2026-08-29,C009649,CO,RW-2984,road,M,carbon,1,3999,false,
WEB-110502,2026-08-29,C009651,WA,RW-2984,road,M,carbon,1,3999,false,
WEB-110504,2026-08-29,C009653,NM,RW-2984,road,M,carbon,1,3999,false,
WEB-110509,2026-08-29,C009658,FL,RW-7298,road,L,base,1,1899,false,
WEB-110551,2026-08-29,C009694,ID,RW-9304,mtb,S,carbon,1,4899,false,
WEB-110553,2026-08-29,C009695,WA,RW-9304,mtb,S,carbon,1,4899,false,
WEB-110558,2026-08-29,C008090,FL,RW-9304,mtb,S,carbon,1,4899,false,
WEB-110570,2026-08-29,C009710,NM,RW-9324,mtb,M,base,1,2299,true,2026-09-05
WEB-110577,2026-08-29,C009717,NM,RW-4418,mtb,M,carbon,1,4899,false,
WEB-110600,2026-08-29,C009739,NC,RW-4418,mtb,M,carbon,1,4899,false,
WEB-110608,2026-08-29,C009747,NY,RW-9901,mtb,L,base,1,2299,false,
WEB-110623,2026-08-29,C009762,OR,RW-9901,mtb,L,base,1,2299,false,
WEB-110626,2026-08-29,C009765,WA,RW-9901,mtb,L,base,1,2299,false,
WEB-110629,2026-08-29,C009767,TX,RW-9901,mtb,L,base,1,2299,false,
WEB-110631,2026-08-29,C009168,IL,RW-9901,mtb,L,base,1,2299,false,
WEB-110633,2026-08-29,C009770,VT,RW-9901,mtb,L,base,1,2299,false,
WEB-110645,2026-08-29,C009782,ID,RW-6416,mtb,L,carbon,1,4899,false,
WEB-110650,2026-08-29,C009787,OR,RW-6416,mtb,L,carbon,1,4899,false,
WEB-110654,2026-08-29,C009790,GA,RW-6416,mtb,L,carbon,1,4899,false,
WEB-110432,2026-08-30,C009585,MA,RW-3980,road,S,carbon,1,3999,false,
WEB-110433,2026-08-30,C009586,ID,RW-3980,road,S,carbon,1,3999,false,
WEB-110437,2026-08-30,C009589,PA,RW-3980,road,S,carbon,1,3999,false,
WEB-110454,2026-08-30,C009606,CA,RW-3980,road,S,carbon,1,3999,false,
WEB-110457,2026-08-30,C009609,MI,RW-3980,road,S,carbon,1,3999,false,
WEB-110463,2026-08-30,C009615,FL,RW-9835,road,M,base,1,1899,false,
WEB-110464,2026-08-30,C009616,VT,RW-9835,road,M,base,1,1899,false,
WEB-110475,2026-08-30,C004230,MA,RW-9835,road,M,base,1,1899,false,
WEB-110501,2026-08-30,C009650,VT,RW-2984,road,M,carbon,1,3999,false,
WEB-110515,2026-08-30,C009664,WA,RW-7298,road,L,base,1,1899,false,
WEB-110532,2026-08-30,C009679,ID,RW-9304,mtb,S,carbon,1,4899,false,
WEB-110546,2026-08-30,C009690,MI,RW-9304,mtb,S,carbon,1,4899,false,
WEB-110547,2026-08-30,C009691,FL,RW-9304,mtb,S,carbon,1,4899,false,
WEB-110559,2026-08-30,C009699,CO,RW-9304,mtb,S,carbon,1,4899,false,
WEB-110566,2026-08-30,C009706,PA,RW-9304,mtb,S,carbon,1,4899,false,
WEB-110568,2026-08-30,C009708,WA,RW-9324,mtb,M,base,1,2299,true,2026-09-02
WEB-110596,2026-08-30,C009735,GA,RW-4418,mtb,M,carbon,1,4899,false,
WEB-110602,2026-08-30,C009741,OR,RW-4418,mtb,M,carbon,1,4899,false,
WEB-110606,2026-08-30,C009745,AZ,RW-4418,mtb,M,carbon,1,4899,false,
WEB-110616,2026-08-30,C009755,TX,RW-9901,mtb,L,base,1,2299,false,
WEB-110621,2026-08-30,C009760,MI,RW-9901,mtb,L,base,1,2299,false,
WEB-110625,2026-08-30,C009764,UT,RW-9901,mtb,L,base,1,2299,false,
WEB-110635,2026-08-30,C009772,NM,RW-9901,mtb,L,base,1,2299,false,
WEB-110637,2026-08-30,C009774,CA,RW-6416,mtb,L,carbon,1,4899,false,
WEB-110638,2026-08-30,C009775,NC,RW-6416,mtb,L,carbon,1,4899,false,
WEB-110644,2026-08-30,C009781,WA,RW-6416,mtb,L,carbon,1,4899,false,
WEB-110655,2026-08-30,C009791,IL,RW-6416,mtb,L,carbon,1,4899,false,
WEB-110663,2026-08-31,C009799,VT,RW-3980,road,S,carbon,1,3999,false,
WEB-110669,2026-08-31,C009805,MI,RW-3980,road,S,carbon,1,3999,false,
WEB-110689,2026-08-31,C009823,GA,RW-9835,road,M,base,1,1899,false,
WEB-110691,2026-08-31,C009825,MT,RW-9835,road,M,base,1,1899,false,
WEB-110695,2026-08-31,C009829,TX,RW-9835,road,M,base,1,1899,false,
WEB-110697,2026-08-31,C009831,VT,RW-9835,road,M,base,1,1899,false,
WEB-110698,2026-08-31,C009832,MT,RW-9835,road,M,base,1,1899,false,
WEB-110723,2026-08-31,C009854,ID,RW-2984,road,M,carbon,1,3999,false,
WEB-110724,2026-08-31,C009855,OR,RW-2984,road,M,carbon,1,3999,false,
WEB-110725,2026-08-31,C009856,FL,RW-2984,road,M,carbon,1,3999,false,
WEB-110727,2026-08-31,C009857,MT,RW-2984,road,M,carbon,1,3999,false,
WEB-110729,2026-08-31,C009859,CA,RW-2984,road,M,carbon,1,3999,false,
WEB-110746,2026-08-31,C009873,MT,RW-7298,road,L,base,1,1899,false,
WEB-110748,2026-08-31,C009875,GA,RW-7298,road,L,base,1,1899,false,
WEB-110749,2026-08-31,C009876,CO,RW-7298,road,L,base,1,1899,false,
WEB-110751,2026-08-31,C009878,AZ,RW-7298,road,L,base,1,1899,false,
WEB-110760,2026-08-31,C009886,IL,RW-1378,road,L,carbon,1,3999,false,
WEB-110763,2026-08-31,C009889,ID,RW-1378,road,L,carbon,1,3999,false,
WEB-110767,2026-08-31,C009893,NY,RW-1378,road,L,carbon,1,3999,false,
WEB-110777,2026-08-31,C009901,AZ,RW-9304,mtb,S,carbon,1,4899,false,
WEB-110781,2026-08-31,C009905,MA,RW-9304,mtb,S,carbon,1,4899,false,
WEB-110783,2026-08-31,C009907,ID,RW-9304,mtb,S,carbon,1,4899,false,
WEB-110784,2026-08-31,C009908,GA,RW-9304,mtb,S,carbon,1,4899,false,
WEB-110788,2026-08-31,C009911,AZ,RW-9304,mtb,S,carbon,1,4899,false,
WEB-110802,2026-08-31,C009924,MT,RW-4418,mtb,M,carbon,1,4899,false,
WEB-110812,2026-08-31,C009933,OR,RW-4418,mtb,M,carbon,1,4899,false,
WEB-110816,2026-08-31,C009936,GA,RW-4418,mtb,M,carbon,1,4899,false,
WEB-110817,2026-08-31,C009937,ID,RW-4418,mtb,M,carbon,1,4899,false,
WEB-110836,2026-08-31,C009955,MI,RW-9901,mtb,L,base,1,2299,false,
WEB-110861,2026-08-31,C009976,MA,RW-6416,mtb,L,carbon,1,4899,false,
WEB-110863,2026-08-31,C009977,ID,RW-6416,mtb,L,carbon,1,4899,false,
WEB-110864,2026-08-31,C009305,NM,RW-6416,mtb,L,carbon,1,4899,false,
WEB-110871,2026-08-31,C009984,MN,RW-6416,mtb,L,carbon,1,4899,false,
WEB-110659,2026-09-01,C009795,MI,RW-3980,road,S,carbon,1,3999,false,
WEB-110667,2026-09-01,C009803,NC,RW-3980,road,S,carbon,1,3999,false,
WEB-110679,2026-09-01,C009814,PA,RW-3980,road,S,carbon,1,3999,false,
WEB-110681,2026-09-01,C009816,PA,RW-3980,road,S,carbon,1,3999,false,
WEB-110686,2026-09-01,C004084,GA,RW-9835,road,M,base,1,1899,false,
WEB-110694,2026-09-01,C009828,MA,RW-9835,road,M,base,1,1899,false,
WEB-110704,2026-09-01,C009837,NC,RW-2984,road,M,carbon,1,3999,false,
WEB-110713,2026-09-01,C009846,UT,RW-2984,road,M,carbon,1,3999,false,
WEB-110717,2026-09-01,C009849,TX,RW-2984,road,M,carbon,1,3999,false,
WEB-110732,2026-09-01,C009862,WA,RW-2984,road,M,carbon,1,3999,false,
WEB-110736,2026-09-01,C000710,MI,RW-2984,road,M,carbon,1,3999,false,
WEB-110758,2026-09-01,C009884,VT,RW-1378,road,L,carbon,1,3999,false,
WEB-110761,2026-09-01,C009887,TX,RW-1378,road,L,carbon,1,3999,false,
WEB-110766,2026-09-01,C009892,CA,RW-1378,road,L,carbon,1,3999,false,
WEB-110769,2026-09-01,C005813,UT,RW-1378,road,L,carbon,1,3999,false,
WEB-110770,2026-09-01,C009895,CA,RW-1378,road,L,carbon,1,3999,false,
WEB-110780,2026-09-01,C009904,GA,RW-9304,mtb,S,carbon,1,4899,false,
WEB-110794,2026-09-01,C009917,GA,RW-9304,mtb,S,carbon,1,4899,false,
WEB-110811,2026-09-01,C000165,NY,RW-4418,mtb,M,carbon,1,4899,false,
WEB-110814,2026-09-01,C006287,CA,RW-4418,mtb,M,carbon,1,4899,false,
WEB-110815,2026-09-01,C009935,WA,RW-4418,mtb,M,carbon,1,4899,false,
WEB-110820,2026-09-01,C009940,IL,RW-4418,mtb,M,carbon,1,4899,false,
WEB-110825,2026-09-01,C009944,OR,RW-4418,mtb,M,carbon,1,4899,false,
WEB-110833,2026-09-01,C009952,CO,RW-9901,mtb,L,base,1,2299,false,
WEB-110834,2026-09-01,C009953,WA,RW-9901,mtb,L,base,1,2299,false,
WEB-110844,2026-09-01,C009961,AZ,RW-9901,mtb,L,base,1,2299,false,
WEB-110858,2026-09-01,C009973,ID,RW-6416,mtb,L,carbon,1,4899,false,
WEB-110865,2026-09-01,C009978,WA,RW-6416,mtb,L,carbon,1,4899,false,
WEB-110657,2026-09-02,C009793,NY,RW-3980,road,S,carbon,1,3999,false,
WEB-110661,2026-09-02,C009797,MI,RW-3980,road,S,carbon,1,3999,false,
WEB-110662,2026-09-02,C009798,ID,RW-3980,road,S,carbon,1,3999,false,
WEB-110670,2026-09-02,C001972,WA,RW-3980,road,S,carbon,1,3999,false,
WEB-110672,2026-09-02,C009807,CO,RW-3980,road,S,carbon,1,3999,false,
WEB-110675,2026-09-02,C009810,OR,RW-3980,road,S,carbon,1,3999,false,
WEB-110682,2026-09-02,C009817,OR,RW-9835,road,M,base,1,1899,false,
WEB-110690,2026-09-02,C009824,VT,RW-9835,road,M,base,1,1899,false,
WEB-110696,2026-09-02,C009830,NM,RW-9835,road,M,base,1,1899,false,
WEB-110699,2026-09-02,C003259,PA,RW-9835,road,M,base,1,1899,false,
WEB-110702,2026-09-02,C009835,IL,RW-9835,road,M,base,1,1899,false,
WEB-110703,2026-09-02,C009836,WA,RW-2984,road,M,carbon,1,3999,false,
WEB-110714,2026-09-02,C005218,FL,RW-2984,road,M,carbon,1,3999,false,
WEB-110716,2026-09-02,C009848,FL,RW-2984,road,M,carbon,1,3999,false,
WEB-110730,2026-09-02,C009860,CO,RW-2984,road,M,carbon,1,3999,false,
WEB-110734,2026-09-02,C009864,TX,RW-2984,road,M,carbon,1,3999,false,
WEB-110743,2026-09-02,C000935,ID,RW-2984,road,M,carbon,1,3999,false,
WEB-110744,2026-09-02,C009871,UT,RW-2984,road,M,carbon,1,3999,false,
WEB-110753,2026-09-02,C006228,OR,RW-7298,road,L,base,1,1899,false,
WEB-110756,2026-09-02,C009882,MI,RW-1378,road,L,carbon,1,3999,false,
WEB-110757,2026-09-02,C009883,MT,RW-1378,road,L,carbon,1,3999,false,
WEB-110771,2026-09-02,C009896,UT,RW-1378,road,L,carbon,1,3999,false,
WEB-110772,2026-09-02,C001914,UT,RW-1378,road,L,carbon,1,3999,false,
WEB-110806,2026-09-02,C009928,VT,RW-4418,mtb,M,carbon,1,4899,false,
WEB-110819,2026-09-02,C009939,OR,RW-4418,mtb,M,carbon,1,4899,false,
WEB-110823,2026-09-02,C009943,VT,RW-4418,mtb,M,carbon,1,4899,false,
WEB-110828,2026-09-02,C009947,CO,RW-4418,mtb,M,carbon,1,4899,false,
WEB-110843,2026-09-02,C005719,WA,RW-9901,mtb,L,base,1,2299,false,
WEB-110851,2026-09-02,C009967,NM,RW-9901,mtb,L,base,1,2299,false,
WEB-110852,2026-09-02,C009968,CA,RW-9901,mtb,L,base,1,2299,false,
WEB-110853,2026-09-02,C009969,ID,RW-9901,mtb,L,base,1,2299,false,
WEB-110854,2026-09-02,C006579,MI,RW-9901,mtb,L,base,1,2299,false,
WEB-110868,2026-09-02,C009981,IL,RW-6416,mtb,L,carbon,1,4899,false,
WEB-110666,2026-09-03,C009802,NY,RW-3980,road,S,carbon,1,3999,false,
WEB-110677,2026-09-03,C009812,CA,RW-3980,road,S,carbon,1,3999,false,
WEB-110692,2026-09-03,C009826,AZ,RW-9835,road,M,base,1,1899,false,
WEB-110701,2026-09-03,C009834,CO,RW-9835,road,M,base,1,1899,false,
WEB-110708,2026-09-03,C009841,PA,RW-2984,road,M,carbon,1,3999,false,
WEB-110712,2026-09-03,C009845,FL,RW-2984,road,M,carbon,1,3999,false,
WEB-110715,2026-09-03,C009847,NC,RW-2984,road,M,carbon,1,3999,false,
WEB-110718,2026-09-03,C009850,TX,RW-2984,road,M,carbon,1,3999,false,
WEB-110719,2026-09-03,C009851,WA,RW-2984,road,M,carbon,1,3999,false,
WEB-110738,2026-09-03,C002033,NC,RW-2984,road,M,carbon,1,3999,false,
WEB-110747,2026-09-03,C009874,MA,RW-7298,road,L,base,1,1899,false,
WEB-110755,2026-09-03,C009881,ID,RW-7298,road,L,base,1,1899,false,
WEB-110773,2026-09-03,C009897,AZ,RW-9304,mtb,S,carbon,1,4899,false,
WEB-110778,2026-09-03,C009902,MT,RW-9304,mtb,S,carbon,1,4899,false,
WEB-110782,2026-09-03,C009906,MI,RW-9304,mtb,S,carbon,1,4899,false,
WEB-110787,2026-09-03,C009910,MI,RW-9304,mtb,S,carbon,1,4899,false,
WEB-110789,2026-09-03,C009912,AZ,RW-9304,mtb,S,carbon,1,4899,false,
WEB-110796,2026-09-03,C005910,CA,RW-9304,mtb,S,carbon,1,4899,false,
WEB-110797,2026-09-03,C009919,GA,RW-9304,mtb,S,carbon,1,4899,false,
WEB-110798,2026-09-03,C009920,MT,RW-9324,mtb,M,base,1,2299,true,2026-09-09
WEB-110803,2026-09-03,C009925,MA,RW-4418,mtb,M,carbon,1,4899,false,
WEB-110807,2026-09-03,C009929,ID,RW-4418,mtb,M,carbon,1,4899,false,
WEB-110829,2026-09-03,C009948,MN,RW-4418,mtb,M,carbon,1,4899,false,
WEB-110830,2026-09-03,C009949,FL,RW-4418,mtb,M,carbon,1,4899,false,
WEB-110832,2026-09-03,C009951,GA,RW-9901,mtb,L,base,1,2299,false,
WEB-110839,2026-09-03,C001977,UT,RW-9901,mtb,L,base,1,2299,false,
WEB-110840,2026-09-03,C009958,UT,RW-9901,mtb,L,base,1,2299,false,
WEB-110665,2026-09-04,C009801,MI,RW-3980,road,S,carbon,1,3999,false,
WEB-110674,2026-09-04,C009809,MA,RW-3980,road,S,carbon,1,3999,false,
WEB-110680,2026-09-04,C009815,GA,RW-3980,road,S,carbon,1,3999,false,
WEB-110693,2026-09-04,C009827,MN,RW-9835,road,M,base,1,1899,false,
WEB-110710,2026-09-04,C009843,CA,RW-2984,road,M,carbon,1,3999,false,
WEB-110711,2026-09-04,C009844,WA,RW-2984,road,M,carbon,1,3999,false,
WEB-110731,2026-09-04,C009861,ID,RW-2984,road,M,carbon,1,3999,false,
WEB-110741,2026-09-04,C009869,MN,RW-2984,road,M,carbon,1,3999,false,
WEB-110754,2026-09-04,C009880,MT,RW-7298,road,L,base,1,1899,false,
WEB-110759,2026-09-04,C009885,TX,RW-1378,road,L,carbon,1,3999,false,
WEB-110762,2026-09-04,C009888,NM,RW-1378,road,L,carbon,1,3999,false,
WEB-110765,2026-09-04,C009891,AZ,RW-1378,road,L,carbon,1,3999,false,
WEB-110768,2026-09-04,C009894,NY,RW-1378,road,L,carbon,1,3999,false,
WEB-110800,2026-09-04,C009922,MA,RW-9324,mtb,M,base,1,2299,true,2026-09-11
WEB-110805,2026-09-04,C009927,NY,RW-4418,mtb,M,carbon,1,4899,false,
WEB-110822,2026-09-04,C009942,MI,RW-4418,mtb,M,carbon,1,4899,false,
WEB-110841,2026-09-04,C009959,NM,RW-9901,mtb,L,base,1,2299,false,
WEB-110842,2026-09-04,C009960,MN,RW-9901,mtb,L,base,1,2299,false,
WEB-110849,2026-09-04,C009965,CO,RW-9901,mtb,L,base,1,2299,false,
WEB-110856,2026-09-04,C009971,OR,RW-6416,mtb,L,carbon,1,4899,false,
WEB-110658,2026-09-05,C009794,UT,RW-3980,road,S,carbon,1,3999,false,
WEB-110660,2026-09-05,C009796,ID,RW-3980,road,S,carbon,1,3999,false,
WEB-110664,2026-09-05,C009800,OR,RW-3980,road,S,carbon,1,3999,false,
WEB-110668,2026-09-05,C009804,WA,RW-3980,road,S,carbon,1,3999,false,
WEB-110671,2026-09-05,C009806,WA,RW-3980,road,S,carbon,1,3999,false,
WEB-110673,2026-09-05,C009808,AZ,RW-3980,road,S,carbon,1,3999,false,
WEB-110684,2026-09-05,C009819,MA,RW-9835,road,M,base,1,1899,false,
WEB-110688,2026-09-05,C009822,WA,RW-9835,road,M,base,1,1899,false,
WEB-110700,2026-09-05,C009833,MI,RW-9835,road,M,base,1,1899,false,
WEB-110709,2026-09-05,C009842,OR,RW-2984,road,M,carbon,1,3999,false,
WEB-110721,2026-09-05,C009852,OR,RW-2984,road,M,carbon,1,3999,false,
WEB-110722,2026-09-05,C009853,CO,RW-2984,road,M,carbon,1,3999,false,
WEB-110728,2026-09-05,C009858,TX,RW-2984,road,M,carbon,1,3999,false,
WEB-110735,2026-09-05,C009865,MT,RW-2984,road,M,carbon,1,3999,false,
WEB-110737,2026-09-05,C009866,NC,RW-2984,road,M,carbon,1,3999,false,
WEB-110739,2026-09-05,C009867,CO,RW-2984,road,M,carbon,1,3999,false,
WEB-110742,2026-09-05,C009870,GA,RW-2984,road,M,carbon,1,3999,false,
WEB-110745,2026-09-05,C009872,GA,RW-2984,road,M,carbon,1,3999,false,
WEB-110752,2026-09-05,C009879,MN,RW-7298,road,L,base,1,1899,false,
WEB-110764,2026-09-05,C009890,CA,RW-1378,road,L,carbon,1,3999,false,
WEB-110785,2026-09-05,C009909,IL,RW-9304,mtb,S,carbon,1,4899,false,
WEB-110786,2026-09-05,C004190,AZ,RW-9304,mtb,S,carbon,1,4899,false,
WEB-110790,2026-09-05,C009913,PA,RW-9304,mtb,S,carbon,1,4899,false,
WEB-110792,2026-09-05,C009915,PA,RW-9304,mtb,S,carbon,1,4899,false,
WEB-110795,2026-09-05,C009918,IL,RW-9304,mtb,S,carbon,1,4899,false,
WEB-110804,2026-09-05,C009926,VT,RW-4418,mtb,M,carbon,1,4899,false,
WEB-110818,2026-09-05,C009938,OR,RW-4418,mtb,M,carbon,1,4899,false,
WEB-110824,2026-09-05,C000149,PA,RW-4418,mtb,M,carbon,1,4899,false,
WEB-110837,2026-09-05,C009956,NY,RW-9901,mtb,L,base,1,2299,false,
WEB-110838,2026-09-05,C009957,MI,RW-9901,mtb,L,base,1,2299,false,
WEB-110847,2026-09-05,C002348,MT,RW-9901,mtb,L,base,1,2299,false,
WEB-110855,2026-09-05,C009970,ID,RW-6416,mtb,L,carbon,1,4899,false,
WEB-110869,2026-09-05,C009982,MT,RW-6416,mtb,L,carbon,1,4899,false,
WEB-110676,2026-09-06,C009811,TX,RW-3980,road,S,carbon,1,3999,false,
WEB-110678,2026-09-06,C009813,NY,RW-3980,road,S,carbon,1,3999,false,
WEB-110683,2026-09-06,C009818,CA,RW-9835,road,M,base,1,1899,false,
WEB-110685,2026-09-06,C009820,AZ,RW-9835,road,M,base,1,1899,false,
WEB-110687,2026-09-06,C009821,PA,RW-9835,road,M,base,1,1899,false,
WEB-110705,2026-09-06,C009838,OR,RW-2984,road,M,carbon,1,3999,false,
WEB-110706,2026-09-06,C009839,MT,RW-2984,road,M,carbon,1,3999,false,
WEB-110707,2026-09-06,C009840,GA,RW-2984,road,M,carbon,1,3999,false,
WEB-110720,2026-09-06,C004117,GA,RW-2984,road,M,carbon,1,3999,false,
WEB-110726,2026-09-06,C008451,NC,RW-2984,road,M,carbon,1,3999,false,
WEB-110733,2026-09-06,C009863,NM,RW-2984,road,M,carbon,1,3999,false,
WEB-110740,2026-09-06,C009868,MA,RW-2984,road,M,carbon,1,3999,false,
WEB-110750,2026-09-06,C009877,CO,RW-7298,road,L,base,1,1899,false,
WEB-110774,2026-09-06,C009898,OR,RW-9304,mtb,S,carbon,1,4899,false,
WEB-110775,2026-09-06,C009899,AZ,RW-9304,mtb,S,carbon,1,4899,false,
WEB-110776,2026-09-06,C009900,WA,RW-9304,mtb,S,carbon,1,4899,false,
WEB-110779,2026-09-06,C009903,FL,RW-9304,mtb,S,carbon,1,4899,false,
WEB-110791,2026-09-06,C009914,OR,RW-9304,mtb,S,carbon,1,4899,false,
WEB-110793,2026-09-06,C009916,WA,RW-9304,mtb,S,carbon,1,4899,false,
WEB-110799,2026-09-06,C009921,MA,RW-9324,mtb,M,base,1,2299,true,2026-09-15
WEB-110801,2026-09-06,C009923,NM,RW-4418,mtb,M,carbon,1,4899,false,
WEB-110808,2026-09-06,C009930,UT,RW-4418,mtb,M,carbon,1,4899,false,
WEB-110809,2026-09-06,C009931,VT,RW-4418,mtb,M,carbon,1,4899,false,
WEB-110810,2026-09-06,C009932,NM,RW-4418,mtb,M,carbon,1,4899,false,
WEB-110813,2026-09-06,C009934,MA,RW-4418,mtb,M,carbon,1,4899,false,
WEB-110821,2026-09-06,C009941,WA,RW-4418,mtb,M,carbon,1,4899,false,
WEB-110826,2026-09-06,C009945,CA,RW-4418,mtb,M,carbon,1,4899,false,
WEB-110827,2026-09-06,C009946,NY,RW-4418,mtb,M,carbon,1,4899,false,
WEB-110831,2026-09-06,C009950,PA,RW-9901,mtb,L,base,1,2299,false,
WEB-110835,2026-09-06,C009954,FL,RW-9901,mtb,L,base,1,2299,false,
WEB-110845,2026-09-06,C009962,CA,RW-9901,mtb,L,base,1,2299,false,
WEB-110846,2026-09-06,C009963,MA,RW-9901,mtb,L,base,1,2299,false,
WEB-110848,2026-09-06,C009964,MA,RW-9901,mtb,L,base,1,2299,false,
WEB-110850,2026-09-06,C009966,NC,RW-9901,mtb,L,base,1,2299,false,
WEB-110857,2026-09-06,C009972,OR,RW-6416,mtb,L,carbon,1,4899,false,
WEB-110859,2026-09-06,C009974,VT,RW-6416,mtb,L,carbon,1,4899,false,
WEB-110860,2026-09-06,C009975,FL,RW-6416,mtb,L,carbon,1,4899,false,
WEB-110862,2026-09-06,C003932,NC,RW-6416,mtb,L,carbon,1,4899,false,
WEB-110866,2026-09-06,C009979,FL,RW-6416,mtb,L,carbon,1,4899,false,
WEB-110867,2026-09-06,C009980,MN,RW-6416,mtb,L,carbon,1,4899,false,
WEB-110870,2026-09-06,C009983,PA,RW-6416,mtb,L,carbon,1,4899,false,
WEB-110872,2026-09-06,C009985,TX,RW-6416,mtb,L,carbon,1,4899,false,
